seed,system,environment_family,current_task_success,future_task_success,joint_success,rfs_auc,final_rfs,wrong_commitment,irreversible_failure,probe_count,node_expansions,environment_interactions,wall_clock_seconds
3101,C-immediateCommit,Hidden-Irreversible,0.9,0.445,0.445,0.7575,0.515,0.72,0.555,0.0,144.0,6.0,0.0003106475399999395
3101,C-immediateCommit,Hidden-Irreversible-Shift,0.9,0.445,0.445,0.7575,0.515,0.72,0.555,0.0,144.0,6.0,0.000261185865001562
3101,C-immediateCommit,Hidden-Reversible,0.9,0.9,0.9,1.0,1.0,0.72,0.1,0.0,144.0,6.0,0.0002156184399927455
3101,C-immediateCommit,Stable-Reversible,0.9,0.9,0.9,1.0,1.0,0.72,0.1,0.0,144.0,6.0,0.00023549463002832348
3101,C-noBranchMemory,Hidden-Irreversible,0.91,0.91,0.91,1.0,1.0,0.0,0.0,5.0,144.0,6.0,0.0012066148700000156
3101,C-noBranchMemory,Hidden-Irreversible-Shift,0.91,0.91,0.91,1.0,1.0,0.0,0.0,5.0,144.0,6.0,0.0012225666650169335
3101,C-noBranchMemory,Hidden-Reversible,0.92,0.92,0.92,1.0,1.0,0.63,0.08,0.0,144.0,6.0,0.0002186583550087055
3101,C-noBranchMemory,Stable-Reversible,0.92,0.92,0.92,1.0,1.0,0.63,0.08,0.0,144.0,6.0,0.00025047116498166553
3101,C-noProbe,Hidden-Irreversible,0.88,0.88,0.88,1.0,1.0,0.0,0.0,0.0,144.0,6.0,0.0002612601550048955
3101,C-noProbe,Hidden-Irreversible-Shift,0.88,0.88,0.88,1.0,1.0,0.0,0.0,0.0,144.0,6.0,0.00024166017999045048
3101,C-noProbe,Hidden-Reversible,0.92,0.92,0.92,1.0,1.0,0.63,0.08,0.0,144.0,6.0,0.000251998449994011
3101,C-noProbe,Stable-Reversible,0.92,0.92,0.92,1.0,1.0,0.63,0.08,0.0,144.0,6.0,0.0002443653100135175
3101,C-noReversibility,Hidden-Irreversible,0.9,0.445,0.445,0.7575,0.515,0.72,0.555,0.0,144.0,6.0,0.00023170110500126952
3101,C-noReversibility,Hidden-Irreversible-Shift,0.9,0.445,0.445,0.7575,0.515,0.72,0.555,0.0,144.0,6.0,0.00023193584502446098
3101,C-noReversibility,Hidden-Reversible,0.9,0.9,0.9,1.0,1.0,0.72,0.1,0.0,144.0,6.0,0.00024627805996937447
3101,C-noReversibility,Stable-Reversible,0.9,0.9,0.9,1.0,1.0,0.72,0.1,0.0,144.0,6.0,0.00022084175001050002
3101,C-scalarized,Hidden-Irreversible,0.9,0.445,0.445,0.7575,0.515,0.72,0.555,0.0,144.0,6.0,0.000241552260022166
3101,C-scalarized,Hidden-Irreversible-Shift,0.9,0.445,0.445,0.7575,0.515,0.72,0.555,0.0,144.0,6.0,0.0002342816400095635
3101,C-scalarized,Hidden-Reversible,0.9,0.9,0.9,1.0,1.0,0.72,0.1,0.0,144.0,6.0,0.000242958050005151
3101,C-scalarized,Stable-Reversible,0.9,0.9,0.9,1.0,1.0,0.72,0.1,0.0,144.0,6.0,0.0003769599350129665
3101,ChoiceMap,Hidden-Irreversible,0.97,0.87,0.87,0.9810729166666667,0.8675,0.04,0.12,2.965,144.0,6.0,0.0010272640649963654
3101,ChoiceMap,Hidden-Irreversible-Shift,0.96,0.795,0.795,0.9787395833333333,0.8375,0.14,0.18,4.045,144.0,6.0,0.001101447704991139
3101,ChoiceMap,Hidden-Reversible,0.92,0.92,0.92,1.0,1.0,0.63,0.08,0.0,144.0,6.0,0.0002613358999973975
3101,ChoiceMap,Stable-Reversible,0.92,0.92,0.92,1.0,1.0,0.63,0.08,0.0,144.0,6.0,0.0002267903300161795
3101,Greedy,Hidden-Irreversible,0.92,0.55,0.55,0.78,0.56,0.63,0.45,0.0,144.0,6.0,0.000250842474981659
3101,Greedy,Hidden-Irreversible-Shift,0.92,0.55,0.55,0.78,0.56,0.63,0.45,0.0,144.0,6.0,0.00022878047501530749
3101,Greedy,Hidden-Reversible,0.92,0.92,0.92,1.0,1.0,0.63,0.08,0.0,144.0,6.0,0.0002965392700002185
3101,Greedy,Stable-Reversible,0.92,0.92,0.92,1.0,1.0,0.63,0.08,0.0,144.0,6.0,0.000383057324997884
3101,OptionScalar,Hidden-Irreversible,0.9,0.445,0.445,0.7575,0.515,0.72,0.555,0.0,144.0,6.0,0.000228738139987806
3101,OptionScalar,Hidden-Irreversible-Shift,0.9,0.445,0.445,0.7575,0.515,0.72,0.555,0.0,144.0,6.0,0.00023587175499864901
3101,OptionScalar,Hidden-Reversible,0.9,0.9,0.9,1.0,1.0,0.72,0.1,0.0,144.0,6.0,0.00022092545001436948
3101,OptionScalar,Stable-Reversible,0.9,0.9,0.9,1.0,1.0,0.72,0.1,0.0,144.0,6.0,0.000217796344991208
3101,Search,Hidden-Irreversible,0.9,0.445,0.445,0.7575,0.515,0.72,0.555,0.0,144.0,6.0,0.000219991865028486
3101,Search,Hidden-Irreversible-Shift,0.9,0.445,0.445,0.7575,0.515,0.72,0.555,0.0,144.0,6.0,0.000240225865006723
3101,Search,Hidden-Reversible,0.9,0.9,0.9,1.0,1.0,0.72,0.1,0.0,144.0,6.0,0.00037538232501214855
3101,Search,Stable-Reversible,0.9,0.9,0.9,1.0,1.0,0.72,0.1,0.0,144.0,6.0,0.0002274220050230235
3102,C-immediateCommit,Hidden-Irreversible,0.905,0.485,0.485,0.77375,0.5475,0.655,0.515,0.0,144.0,6.0,0.0002261798699941615
3102,C-immediateCommit,Hidden-Irreversible-Shift,0.905,0.485,0.485,0.77375,0.5475,0.655,0.515,0.0,144.0,6.0,0.00025394898001872854
3102,C-immediateCommit,Hidden-Reversible,0.905,0.905,0.905,1.0,1.0,0.655,0.095,0.0,144.0,6.0,0.00021895934000208152
3102,C-immediateCommit,Stable-Reversible,0.905,0.905,0.905,1.0,1.0,0.655,0.095,0.0,144.0,6.0,0.00022439975499986752
3102,C-noBranchMemory,Hidden-Irreversible,0.895,0.895,0.895,1.0,1.0,0.0,0.0,5.0,144.0,6.0,0.0014206058700028245
3102,C-noBranchMemory,Hidden-Irreversible-Shift,0.895,0.895,0.895,1.0,1.0,0.0,0.0,5.0,144.0,6.0,0.0013362174199982716
3102,C-noBranchMemory,Hidden-Reversible,0.89,0.89,0.89,1.0,1.0,0.665,0.11,0.0,144.0,6.0,0.000330992860010561
3102,C-noBranchMemory,Stable-Reversible,0.89,0.89,0.89,1.0,1.0,0.665,0.11,0.0,144.0,6.0,0.0002340097599880605
3102,C-noProbe,Hidden-Irreversible,0.905,0.905,0.905,1.0,1.0,0.0,0.0,0.0,144.0,6.0,0.000259856620016257
3102,C-noProbe,Hidden-Irreversible-Shift,0.905,0.905,0.905,1.0,1.0,0.0,0.0,0.0,144.0,6.0,0.000257414595000633
3102,C-noProbe,Hidden-Reversible,0.89,0.89,0.89,1.0,1.0,0.665,0.11,0.0,144.0,6.0,0.000221024999993864
3102,C-noProbe,Stable-Reversible,0.89,0.89,0.89,1.0,1.0,0.665,0.11,0.0,144.0,6.0,0.0002370146300062925
3102,C-noReversibility,Hidden-Irreversible,0.905,0.485,0.485,0.77375,0.5475,0.655,0.515,0.0,144.0,6.0,0.0002557231349987385
3102,C-noReversibility,Hidden-Irreversible-Shift,0.905,0.485,0.485,0.77375,0.5475,0.655,0.515,0.0,144.0,6.0,0.00031125593999144647
3102,C-noReversibility,Hidden-Reversible,0.905,0.905,0.905,1.0,1.0,0.655,0.095,0.0,144.0,6.0,0.0002323249450045705
3102,C-noReversibility,Stable-Reversible,0.905,0.905,0.905,1.0,1.0,0.655,0.095,0.0,144.0,6.0,0.0002176190549993835
3102,C-scalarized,Hidden-Irreversible,0.905,0.485,0.485,0.77375,0.5475,0.655,0.515,0.0,144.0,6.0,0.000243060385018859
3102,C-scalarized,Hidden-Irreversible-Shift,0.905,0.485,0.485,0.77375,0.5475,0.655,0.515,0.0,144.0,6.0,0.00024124033499214748
3102,C-scalarized,Hidden-Reversible,0.905,0.905,0.905,1.0,1.0,0.655,0.095,0.0,144.0,6.0,0.0002303102549989845
3102,C-scalarized,Stable-Reversible,0.905,0.905,0.905,1.0,1.0,0.655,0.095,0.0,144.0,6.0,0.000256993330012797
3102,ChoiceMap,Hidden-Irreversible,0.975,0.865,0.865,0.9829270833333333,0.88375,0.02,0.125,2.985,144.0,6.0,0.0009627813799874679
3102,ChoiceMap,Hidden-Irreversible-Shift,0.96,0.795,0.795,0.9788333333333334,0.83625,0.135,0.185,3.95,144.0,6.0,0.001012143105026508
3102,ChoiceMap,Hidden-Reversible,0.89,0.89,0.89,1.0,1.0,0.665,0.11,0.0,144.0,6.0,0.000228673415003816
3102,ChoiceMap,Stable-Reversible,0.89,0.89,0.89,1.0,1.0,0.665,0.11,0.0,144.0,6.0,0.000247671404999841
3102,Greedy,Hidden-Irreversible,0.89,0.4,0.4,0.77125,0.5425,0.665,0.6,0.0,144.0,6.0,0.0002439590249900385
3102,Greedy,Hidden-Irreversible-Shift,0.89,0.4,0.4,0.77125,0.5425,0.665,0.6,0.0,144.0,6.0,0.00023508415498322053
3102,Greedy,Hidden-Reversible,0.89,0.89,0.89,1.0,1.0,0.665,0.11,0.0,144.0,6.0,0.0002288925799893575
3102,Greedy,Stable-Reversible,0.89,0.89,0.89,1.0,1.0,0.665,0.11,0.0,144.0,6.0,0.000220139699993019
3102,OptionScalar,Hidden-Irreversible,0.905,0.485,0.485,0.77375,0.5475,0.655,0.515,0.0,144.0,6.0,0.0002478291299984875
3102,OptionScalar,Hidden-Irreversible-Shift,0.905,0.485,0.485,0.77375,0.5475,0.655,0.515,0.0,144.0,6.0,0.000209880895015381
3102,OptionScalar,Hidden-Reversible,0.905,0.905,0.905,1.0,1.0,0.655,0.095,0.0,144.0,6.0,0.000259351159986586
3102,OptionScalar,Stable-Reversible,0.905,0.905,0.905,1.0,1.0,0.655,0.095,0.0,144.0,6.0,0.00031831190500038203
3102,Search,Hidden-Irreversible,0.905,0.485,0.485,0.77375,0.5475,0.655,0.515,0.0,144.0,6.0,0.0002375348549753165
3102,Search,Hidden-Irreversible-Shift,0.905,0.485,0.485,0.77375,0.5475,0.655,0.515,0.0,144.0,6.0,0.000217803990008128
3102,Search,Hidden-Reversible,0.905,0.905,0.905,1.0,1.0,0.655,0.095,0.0,144.0,6.0,0.0003080731000113195
3102,Search,Stable-Reversible,0.905,0.905,0.905,1.0,1.0,0.655,0.095,0.0,144.0,6.0,0.0002384839350110655
3103,C-immediateCommit,Hidden-Irreversible,0.9,0.49,0.49,0.76375,0.5275,0.695,0.51,0.0,144.0,6.0,0.000263057064992105
3103,C-immediateCommit,Hidden-Irreversible-Shift,0.9,0.49,0.49,0.76375,0.5275,0.695,0.51,0.0,144.0,6.0,0.000210937720000804
3103,C-immediateCommit,Hidden-Reversible,0.9,0.9,0.9,1.0,1.0,0.695,0.1,0.0,144.0,6.0,0.00025979461999663204
3103,C-immediateCommit,Stable-Reversible,0.9,0.9,0.9,1.0,1.0,0.695,0.1,0.0,144.0,6.0,0.00033866784499645753
3103,C-noBranchMemory,Hidden-Irreversible,0.895,0.895,0.895,1.0,1.0,0.0,0.0,5.0,144.0,6.0,0.0011242813000216728
3103,C-noBranchMemory,Hidden-Irreversible-Shift,0.895,0.895,0.895,1.0,1.0,0.0,0.0,5.0,144.0,6.0,0.001475937845000268
3103,C-noBranchMemory,Hidden-Reversible,0.895,0.895,0.895,1.0,1.0,0.685,0.105,0.0,144.0,6.0,0.000252805530010345
3103,C-noBranchMemory,Stable-Reversible,0.895,0.895,0.895,1.0,1.0,0.685,0.105,0.0,144.0,6.0,0.000406109290006447
3103,C-noProbe,Hidden-Irreversible,0.875,0.875,0.875,1.0,1.0,0.0,0.0,0.0,144.0,6.0,0.000249341504982066
3103,C-noProbe,Hidden-Irreversible-Shift,0.875,0.875,0.875,1.0,1.0,0.0,0.0,0.0,144.0,6.0,0.000349833974994403
3103,C-noProbe,Hidden-Reversible,0.895,0.895,0.895,1.0,1.0,0.685,0.105,0.0,144.0,6.0,0.000264142439982555
3103,C-noProbe,Stable-Reversible,0.895,0.895,0.895,1.0,1.0,0.685,0.105,0.0,144.0,6.0,0.000234814129994395
3103,C-noReversibility,Hidden-Irreversible,0.9,0.49,0.49,0.76375,0.5275,0.695,0.51,0.0,144.0,6.0,0.00022868478997674702
3103,C-noReversibility,Hidden-Irreversible-Shift,0.9,0.49,0.49,0.76375,0.5275,0.695,0.51,0.0,144.0,6.0,0.000280836369990943
3103,C-noReversibility,Hidden-Reversible,0.9,0.9,0.9,1.0,1.0,0.695,0.1,0.0,144.0,6.0,0.000233937019997889
3103,C-noReversibility,Stable-Reversible,0.9,0.9,0.9,1.0,1.0,0.695,0.1,0.0,144.0,6.0,0.0003109005549958475
3103,C-scalarized,Hidden-Irreversible,0.9,0.49,0.49,0.76375,0.5275,0.695,0.51,0.0,144.0,6.0,0.0002982307249907975
3103,C-scalarized,Hidden-Irreversible-Shift,0.9,0.49,0.49,0.76375,0.5275,0.695,0.51,0.0,144.0,6.0,0.00023722039999933347
3103,C-scalarized,Hidden-Reversible,0.9,0.9,0.9,1.0,1.0,0.695,0.1,0.0,144.0,6.0,0.0003241017599952475
3103,C-scalarized,Stable-Reversible,0.9,0.9,0.9,1.0,1.0,0.695,0.1,0.0,144.0,6.0,0.0003264270400154105
3103,ChoiceMap,Hidden-Irreversible,0.985,0.83,0.83,0.9784375,0.855,0.055,0.17,2.79,144.0,6.0,0.000776110185022339
3103,ChoiceMap,Hidden-Irreversible-Shift,0.97,0.835,0.835,0.9807916666666666,0.845,0.105,0.16,4.0,144.0,6.0,0.000979347755019214
3103,ChoiceMap,Hidden-Reversible,0.895,0.895,0.895,1.0,1.0,0.685,0.105,0.0,144.0,6.0,0.000333503220031114
3103,ChoiceMap,Stable-Reversible,0.895,0.895,0.895,1.0,1.0,0.685,0.105,0.0,144.0,6.0,0.000240371564991572
3103,Greedy,Hidden-Irreversible,0.895,0.44,0.44,0.76625,0.5325,0.685,0.56,0.0,144.0,6.0,0.0002659415550237515
3103,Greedy,Hidden-Irreversible-Shift,0.895,0.44,0.44,0.76625,0.5325,0.685,0.56,0.0,144.0,6.0,0.0002521891000196275
3103,Greedy,Hidden-Reversible,0.895,0.895,0.895,1.0,1.0,0.685,0.105,0.0,144.0,6.0,0.000291563645000627
3103,Greedy,Stable-Reversible,0.895,0.895,0.895,1.0,1.0,0.685,0.105,0.0,144.0,6.0,0.00023217256000174699
3103,OptionScalar,Hidden-Irreversible,0.9,0.49,0.49,0.76375,0.5275,0.695,0.51,0.0,144.0,6.0,0.0002422445100136825
3103,OptionScalar,Hidden-Irreversible-Shift,0.9,0.49,0.49,0.76375,0.5275,0.695,0.51,0.0,144.0,6.0,0.0002125004349931665
3103,OptionScalar,Hidden-Reversible,0.9,0.9,0.9,1.0,1.0,0.695,0.1,0.0,144.0,6.0,0.0002418644599924355
3103,OptionScalar,Stable-Reversible,0.9,0.9,0.9,1.0,1.0,0.695,0.1,0.0,144.0,6.0,0.0002220780700008105
3103,Search,Hidden-Irreversible,0.9,0.49,0.49,0.76375,0.5275,0.695,0.51,0.0,144.0,6.0,0.00026080707499427
3103,Search,Hidden-Irreversible-Shift,0.9,0.49,0.49,0.76375,0.5275,0.695,0.51,0.0,144.0,6.0,0.0002194096900029275
3103,Search,Hidden-Reversible,0.9,0.9,0.9,1.0,1.0,0.695,0.1,0.0,144.0,6.0,0.000231635585007504
3103,Search,Stable-Reversible,0.9,0.9,0.9,1.0,1.0,0.695,0.1,0.0,144.0,6.0,0.00022438024499701802
3104,C-immediateCommit,Hidden-Irreversible,0.885,0.5,0.5,0.77375,0.5475,0.655,0.5,0.0,144.0,6.0,0.000253790605022411
3104,C-immediateCommit,Hidden-Irreversible-Shift,0.885,0.5,0.5,0.77375,0.5475,0.655,0.5,0.0,144.0,6.0,0.00023532577503142
3104,C-immediateCommit,Hidden-Reversible,0.885,0.885,0.885,1.0,1.0,0.655,0.115,0.0,144.0,6.0,0.00023014575499923502
3104,C-immediateCommit,Stable-Reversible,0.885,0.885,0.885,1.0,1.0,0.655,0.115,0.0,144.0,6.0,0.00022393968501541498
3104,C-noBranchMemory,Hidden-Irreversible,0.915,0.915,0.915,1.0,1.0,0.0,0.0,5.0,144.0,6.0,0.001253821744990041
3104,C-noBranchMemory,Hidden-Irreversible-Shift,0.915,0.915,0.915,1.0,1.0,0.0,0.0,5.0,144.0,6.0,0.001361570569970304
3104,C-noBranchMemory,Hidden-Reversible,0.895,0.895,0.895,1.0,1.0,0.695,0.105,0.0,144.0,6.0,0.0002331065450197865
3104,C-noBranchMemory,Stable-Reversible,0.895,0.895,0.895,1.0,1.0,0.695,0.105,0.0,144.0,6.0,0.000246870939990863
3104,C-noProbe,Hidden-Irreversible,0.855,0.855,0.855,1.0,1.0,0.0,0.0,0.0,144.0,6.0,0.0002534474900107335
3104,C-noProbe,Hidden-Irreversible-Shift,0.855,0.855,0.855,1.0,1.0,0.0,0.0,0.0,144.0,6.0,0.000263160190017921
3104,C-noProbe,Hidden-Reversible,0.895,0.895,0.895,1.0,1.0,0.695,0.105,0.0,144.0,6.0,0.00024351077000114502
3104,C-noProbe,Stable-Reversible,0.895,0.895,0.895,1.0,1.0,0.695,0.105,0.0,144.0,6.0,0.000261524609979864
3104,C-noReversibility,Hidden-Irreversible,0.885,0.5,0.5,0.77375,0.5475,0.655,0.5,0.0,144.0,6.0,0.000250925049997424
3104,C-noReversibility,Hidden-Irreversible-Shift,0.885,0.5,0.5,0.77375,0.5475,0.655,0.5,0.0,144.0,6.0,0.00024786810999780003
3104,C-noReversibility,Hidden-Reversible,0.885,0.885,0.885,1.0,1.0,0.655,0.115,0.0,144.0,6.0,0.0002367057149967395
3104,C-noReversibility,Stable-Reversible,0.885,0.885,0.885,1.0,1.0,0.655,0.115,0.0,144.0,6.0,0.0002263579999998355
3104,C-scalarized,Hidden-Irreversible,0.885,0.5,0.5,0.77375,0.5475,0.655,0.5,0.0,144.0,6.0,0.000267915010010661
3104,C-scalarized,Hidden-Irreversible-Shift,0.885,0.5,0.5,0.77375,0.5475,0.655,0.5,0.0,144.0,6.0,0.00026641564999403954
3104,C-scalarized,Hidden-Reversible,0.885,0.885,0.885,1.0,1.0,0.655,0.115,0.0,144.0,6.0,0.0002494325799943415
3104,C-scalarized,Stable-Reversible,0.885,0.885,0.885,1.0,1.0,0.655,0.115,0.0,144.0,6.0,0.0002584787249974795
3104,ChoiceMap,Hidden-Irreversible,0.965,0.815,0.815,0.9821458333333334,0.87625,0.02,0.175,2.96,144.0,6.0,0.000963366940018153
3104,ChoiceMap,Hidden-Irreversible-Shift,0.97,0.82,0.82,0.9793229166666667,0.840625,0.135,0.175,4.01,144.0,6.0,0.0011578716600001335
3104,ChoiceMap,Hidden-Reversible,0.895,0.895,0.895,1.0,1.0,0.695,0.105,0.0,144.0,6.0,0.0002455760600059365
3104,ChoiceMap,Stable-Reversible,0.895,0.895,0.895,1.0,1.0,0.695,0.105,0.0,144.0,6.0,0.00024181720498286
3104,Greedy,Hidden-Irreversible,0.895,0.47,0.47,0.76375,0.5275,0.695,0.53,0.0,144.0,6.0,0.00023007849000345848
3104,Greedy,Hidden-Irreversible-Shift,0.895,0.47,0.47,0.76375,0.5275,0.695,0.53,0.0,144.0,6.0,0.0002614616500022275
3104,Greedy,Hidden-Reversible,0.895,0.895,0.895,1.0,1.0,0.695,0.105,0.0,144.0,6.0,0.000262237310007499
3104,Greedy,Stable-Reversible,0.895,0.895,0.895,1.0,1.0,0.695,0.105,0.0,144.0,6.0,0.000333498134998488
3104,OptionScalar,Hidden-Irreversible,0.885,0.5,0.5,0.77375,0.5475,0.655,0.5,0.0,144.0,6.0,0.000231241265007559
3104,OptionScalar,Hidden-Irreversible-Shift,0.885,0.5,0.5,0.77375,0.5475,0.655,0.5,0.0,144.0,6.0,0.000285436644985513
3104,OptionScalar,Hidden-Reversible,0.885,0.885,0.885,1.0,1.0,0.655,0.115,0.0,144.0,6.0,0.0002123057299967935
3104,OptionScalar,Stable-Reversible,0.885,0.885,0.885,1.0,1.0,0.655,0.115,0.0,144.0,6.0,0.0002087939600027705
3104,Search,Hidden-Irreversible,0.885,0.5,0.5,0.77375,0.5475,0.655,0.5,0.0,144.0,6.0,0.00023018077499495652
3104,Search,Hidden-Irreversible-Shift,0.885,0.5,0.5,0.77375,0.5475,0.655,0.5,0.0,144.0,6.0,0.00029053522001954097
3104,Search,Hidden-Reversible,0.885,0.885,0.885,1.0,1.0,0.655,0.115,0.0,144.0,6.0,0.00022865585500762503
3104,Search,Stable-Reversible,0.885,0.885,0.885,1.0,1.0,0.655,0.115,0.0,144.0,6.0,0.00029836903498784947
3105,C-immediateCommit,Hidden-Irreversible,0.92,0.575,0.575,0.78,0.56,0.63,0.425,0.0,144.0,6.0,0.00028739713500267
3105,C-immediateCommit,Hidden-Irreversible-Shift,0.92,0.575,0.575,0.78,0.56,0.63,0.425,0.0,144.0,6.0,0.0002190360050166805
3105,C-immediateCommit,Hidden-Reversible,0.92,0.92,0.92,1.0,1.0,0.63,0.08,0.0,144.0,6.0,0.00021758101002200748
3105,C-immediateCommit,Stable-Reversible,0.92,0.92,0.92,1.0,1.0,0.63,0.08,0.0,144.0,6.0,0.0002143077250093
3105,C-noBranchMemory,Hidden-Irreversible,0.885,0.885,0.885,1.0,1.0,0.0,0.0,5.0,144.0,6.0,0.001328342959993685
3105,C-noBranchMemory,Hidden-Irreversible-Shift,0.885,0.885,0.885,1.0,1.0,0.0,0.0,5.0,144.0,6.0,0.0011752772449949084
3105,C-noBranchMemory,Hidden-Reversible,0.905,0.905,0.905,1.0,1.0,0.72,0.095,0.0,144.0,6.0,0.00024228227000316698
3105,C-noBranchMemory,Stable-Reversible,0.905,0.905,0.905,1.0,1.0,0.72,0.095,0.0,144.0,6.0,0.000230174614996434
3105,C-noProbe,Hidden-Irreversible,0.895,0.895,0.895,1.0,1.0,0.0,0.0,0.0,144.0,6.0,0.0002510929200047425
3105,C-noProbe,Hidden-Irreversible-Shift,0.895,0.895,0.895,1.0,1.0,0.0,0.0,0.0,144.0,6.0,0.000271497049980047
3105,C-noProbe,Hidden-Reversible,0.905,0.905,0.905,1.0,1.0,0.72,0.095,0.0,144.0,6.0,0.0003492609800013695
3105,C-noProbe,Stable-Reversible,0.905,0.905,0.905,1.0,1.0,0.72,0.095,0.0,144.0,6.0,0.0002910263149987645
3105,C-noReversibility,Hidden-Irreversible,0.92,0.575,0.575,0.78,0.56,0.63,0.425,0.0,144.0,6.0,0.00023056840002477148
3105,C-noReversibility,Hidden-Irreversible-Shift,0.92,0.575,0.575,0.78,0.56,0.63,0.425,0.0,144.0,6.0,0.000293109334997957
3105,C-noReversibility,Hidden-Reversible,0.92,0.92,0.92,1.0,1.0,0.63,0.08,0.0,144.0,6.0,0.0002242637950166175
3105,C-noReversibility,Stable-Reversible,0.92,0.92,0.92,1.0,1.0,0.63,0.08,0.0,144.0,6.0,0.00022517038998780302
3105,C-scalarized,Hidden-Irreversible,0.92,0.575,0.575,0.78,0.56,0.63,0.425,0.0,144.0,6.0,0.00023776098998946
3105,C-scalarized,Hidden-Irreversible-Shift,0.92,0.575,0.575,0.78,0.56,0.63,0.425,0.0,144.0,6.0,0.00023865448999908851
3105,C-scalarized,Hidden-Reversible,0.92,0.92,0.92,1.0,1.0,0.63,0.08,0.0,144.0,6.0,0.00023953040500595448
3105,C-scalarized,Stable-Reversible,0.92,0.92,0.92,1.0,1.0,0.63,0.08,0.0,144.0,6.0,0.00021280100999997251
3105,ChoiceMap,Hidden-Irreversible,0.985,0.85,0.85,0.9816666666666667,0.87375,0.02,0.15,2.9,144.0,6.0,0.0008343495600069625
3105,ChoiceMap,Hidden-Irreversible-Shift,0.965,0.74,0.74,0.9806979166666667,0.849375,0.105,0.24,4.05,144.0,6.0,0.0010503452650049876
3105,ChoiceMap,Hidden-Reversible,0.905,0.905,0.905,1.0,1.0,0.72,0.095,0.0,144.0,6.0,0.000229806775016594
3105,ChoiceMap,Stable-Reversible,0.905,0.905,0.905,1.0,1.0,0.72,0.095,0.0,144.0,6.0,0.00028622902000274153
3105,Greedy,Hidden-Irreversible,0.905,0.48,0.48,0.7575,0.515,0.72,0.52,0.0,144.0,6.0,0.000222611804970207
3105,Greedy,Hidden-Irreversible-Shift,0.905,0.48,0.48,0.7575,0.515,0.72,0.52,0.0,144.0,6.0,0.0002296340549969035
3105,Greedy,Hidden-Reversible,0.905,0.905,0.905,1.0,1.0,0.72,0.095,0.0,144.0,6.0,0.00022214657999479
3105,Greedy,Stable-Reversible,0.905,0.905,0.905,1.0,1.0,0.72,0.095,0.0,144.0,6.0,0.00033132155998595955
3105,OptionScalar,Hidden-Irreversible,0.92,0.575,0.575,0.78,0.56,0.63,0.425,0.0,144.0,6.0,0.0002494024399993055
3105,OptionScalar,Hidden-Irreversible-Shift,0.92,0.575,0.575,0.78,0.56,0.63,0.425,0.0,144.0,6.0,0.00022684070996996998
3105,OptionScalar,Hidden-Reversible,0.92,0.92,0.92,1.0,1.0,0.63,0.08,0.0,144.0,6.0,0.000229516810013542
3105,OptionScalar,Stable-Reversible,0.92,0.92,0.92,1.0,1.0,0.63,0.08,0.0,144.0,6.0,0.0002421705049777715
3105,Search,Hidden-Irreversible,0.92,0.575,0.575,0.78,0.56,0.63,0.425,0.0,144.0,6.0,0.00023020047999802398
3105,Search,Hidden-Irreversible-Shift,0.92,0.575,0.575,0.78,0.56,0.63,0.425,0.0,144.0,6.0,0.000210841185016711
3105,Search,Hidden-Reversible,0.92,0.92,0.92,1.0,1.0,0.63,0.08,0.0,144.0,6.0,0.0002231675049824325
3105,Search,Stable-Reversible,0.92,0.92,0.92,1.0,1.0,0.63,0.08,0.0,144.0,6.0,0.0002353064049634215
3106,C-immediateCommit,Hidden-Irreversible,0.895,0.465,0.465,0.75375,0.5075,0.735,0.535,0.0,144.0,6.0,0.000223862194989072
3106,C-immediateCommit,Hidden-Irreversible-Shift,0.895,0.465,0.465,0.75375,0.5075,0.735,0.535,0.0,144.0,6.0,0.00032195867499917153
3106,C-immediateCommit,Hidden-Reversible,0.895,0.895,0.895,1.0,1.0,0.735,0.105,0.0,144.0,6.0,0.000253233244993631
3106,C-immediateCommit,Stable-Reversible,0.895,0.895,0.895,1.0,1.0,0.735,0.105,0.0,144.0,6.0,0.00023029136998725197
3106,C-noBranchMemory,Hidden-Irreversible,0.885,0.885,0.885,1.0,1.0,0.0,0.0,5.0,144.0,6.0,0.001182540564996038
3106,C-noBranchMemory,Hidden-Irreversible-Shift,0.885,0.885,0.885,1.0,1.0,0.0,0.0,5.0,144.0,6.0,0.0011978807999843805
3106,C-noBranchMemory,Hidden-Reversible,0.905,0.905,0.905,1.0,1.0,0.655,0.095,0.0,144.0,6.0,0.000243650895006288
3106,C-noBranchMemory,Stable-Reversible,0.905,0.905,0.905,1.0,1.0,0.655,0.095,0.0,144.0,6.0,0.000327037545002845
3106,C-noProbe,Hidden-Irreversible,0.87,0.87,0.87,1.0,1.0,0.0,0.0,0.0,144.0,6.0,0.0002372141849991235
3106,C-noProbe,Hidden-Irreversible-Shift,0.87,0.87,0.87,1.0,1.0,0.0,0.0,0.0,144.0,6.0,0.0002593029150147645
3106,C-noProbe,Hidden-Reversible,0.905,0.905,0.905,1.0,1.0,0.655,0.095,0.0,144.0,6.0,0.00024290640996918502
3106,C-noProbe,Stable-Reversible,0.905,0.905,0.905,1.0,1.0,0.655,0.095,0.0,144.0,6.0,0.0002515643849869245
3106,C-noReversibility,Hidden-Irreversible,0.895,0.465,0.465,0.75375,0.5075,0.735,0.535,0.0,144.0,6.0,0.000216783234998225
3106,C-noReversibility,Hidden-Irreversible-Shift,0.895,0.465,0.465,0.75375,0.5075,0.735,0.535,0.0,144.0,6.0,0.0002344489900041925
3106,C-noReversibility,Hidden-Reversible,0.895,0.895,0.895,1.0,1.0,0.735,0.105,0.0,144.0,6.0,0.000222399690001065
3106,C-noReversibility,Stable-Reversible,0.895,0.895,0.895,1.0,1.0,0.735,0.105,0.0,144.0,6.0,0.00023483995000555952
3106,C-scalarized,Hidden-Irreversible,0.895,0.465,0.465,0.75375,0.5075,0.735,0.535,0.0,144.0,6.0,0.00023193228499616899
3106,C-scalarized,Hidden-Irreversible-Shift,0.895,0.465,0.465,0.75375,0.5075,0.735,0.535,0.0,144.0,6.0,0.00022898122500686802
3106,C-scalarized,Hidden-Reversible,0.895,0.895,0.895,1.0,1.0,0.735,0.105,0.0,144.0,6.0,0.000252355465017851
3106,C-scalarized,Stable-Reversible,0.895,0.895,0.895,1.0,1.0,0.735,0.105,0.0,144.0,6.0,0.000237808860017544
3106,ChoiceMap,Hidden-Irreversible,0.98,0.85,0.85,0.9827083333333333,0.880625,0.01,0.14,2.875,144.0,6.0,0.000829855384981734
3106,ChoiceMap,Hidden-Irreversible-Shift,0.95,0.83,0.83,0.981125,0.85,0.105,0.14,4.03,144.0,6.0,0.0011039573000015874
3106,ChoiceMap,Hidden-Reversible,0.905,0.905,0.905,1.0,1.0,0.655,0.095,0.0,144.0,6.0,0.0002269948849993355
3106,ChoiceMap,Stable-Reversible,0.905,0.905,0.905,1.0,1.0,0.655,0.095,0.0,144.0,6.0,0.000238239195014049
3106,Greedy,Hidden-Irreversible,0.905,0.48,0.48,0.77375,0.5475,0.655,0.52,0.0,144.0,6.0,0.0002730787799827775
3106,Greedy,Hidden-Irreversible-Shift,0.905,0.48,0.48,0.77375,0.5475,0.655,0.52,0.0,144.0,6.0,0.0003201093549909665
3106,Greedy,Hidden-Reversible,0.905,0.905,0.905,1.0,1.0,0.655,0.095,0.0,144.0,6.0,0.0002127443049743705
3106,Greedy,Stable-Reversible,0.905,0.905,0.905,1.0,1.0,0.655,0.095,0.0,144.0,6.0,0.000225263740003309
3106,OptionScalar,Hidden-Irreversible,0.895,0.465,0.465,0.75375,0.5075,0.735,0.535,0.0,144.0,6.0,0.0002152037799964505
3106,OptionScalar,Hidden-Irreversible-Shift,0.895,0.465,0.465,0.75375,0.5075,0.735,0.535,0.0,144.0,6.0,0.000275666305026285
3106,OptionScalar,Hidden-Reversible,0.895,0.895,0.895,1.0,1.0,0.735,0.105,0.0,144.0,6.0,0.0002122759150051405
3106,OptionScalar,Stable-Reversible,0.895,0.895,0.895,1.0,1.0,0.735,0.105,0.0,144.0,6.0,0.000216267060013654
3106,Search,Hidden-Irreversible,0.895,0.465,0.465,0.75375,0.5075,0.735,0.535,0.0,144.0,6.0,0.0003485607349943595
3106,Search,Hidden-Irreversible-Shift,0.895,0.465,0.465,0.75375,0.5075,0.735,0.535,0.0,144.0,6.0,0.000268654549990919
3106,Search,Hidden-Reversible,0.895,0.895,0.895,1.0,1.0,0.735,0.105,0.0,144.0,6.0,0.0002153073650014865
3106,Search,Stable-Reversible,0.895,0.895,0.895,1.0,1.0,0.735,0.105,0.0,144.0,6.0,0.000221126335006782
3107,C-immediateCommit,Hidden-Irreversible,0.89,0.535,0.535,0.7775,0.555,0.64,0.465,0.0,144.0,6.0,0.0002351613300083445
3107,C-immediateCommit,Hidden-Irreversible-Shift,0.89,0.535,0.535,0.7775,0.555,0.64,0.465,0.0,144.0,6.0,0.000245495079993764
3107,C-immediateCommit,Hidden-Reversible,0.89,0.89,0.89,1.0,1.0,0.64,0.11,0.0,144.0,6.0,0.000233813384984339
3107,C-immediateCommit,Stable-Reversible,0.89,0.89,0.89,1.0,1.0,0.64,0.11,0.0,144.0,6.0,0.00023086807499334502
3107,C-noBranchMemory,Hidden-Irreversible,0.885,0.885,0.885,1.0,1.0,0.0,0.0,5.0,144.0,6.0,0.001229676135005726
3107,C-noBranchMemory,Hidden-Irreversible-Shift,0.885,0.885,0.885,1.0,1.0,0.0,0.0,5.0,144.0,6.0,0.001170098490003915
3107,C-noBranchMemory,Hidden-Reversible,0.91,0.91,0.91,1.0,1.0,0.69,0.09,0.0,144.0,6.0,0.0002217013649919395
3107,C-noBranchMemory,Stable-Reversible,0.91,0.91,0.91,1.0,1.0,0.69,0.09,0.0,144.0,6.0,0.00024708195501029346
3107,C-noProbe,Hidden-Irreversible,0.88,0.88,0.88,1.0,1.0,0.0,0.0,0.0,144.0,6.0,0.000303734409990231
3107,C-noProbe,Hidden-Irreversible-Shift,0.88,0.88,0.88,1.0,1.0,0.0,0.0,0.0,144.0,6.0,0.00023995579498882447
3107,C-noProbe,Hidden-Reversible,0.91,0.91,0.91,1.0,1.0,0.69,0.09,0.0,144.0,6.0,0.00027019165501537297
3107,C-noProbe,Stable-Reversible,0.91,0.91,0.91,1.0,1.0,0.69,0.09,0.0,144.0,6.0,0.000258247950014213
3107,C-noReversibility,Hidden-Irreversible,0.89,0.535,0.535,0.7775,0.555,0.64,0.465,0.0,144.0,6.0,0.00024208456498167648
3107,C-noReversibility,Hidden-Irreversible-Shift,0.89,0.535,0.535,0.7775,0.555,0.64,0.465,0.0,144.0,6.0,0.000239829709989814
3107,C-noReversibility,Hidden-Reversible,0.89,0.89,0.89,1.0,1.0,0.64,0.11,0.0,144.0,6.0,0.000213111275020261
3107,C-noReversibility,Stable-Reversible,0.89,0.89,0.89,1.0,1.0,0.64,0.11,0.0,144.0,6.0,0.0002408083250156285
3107,C-scalarized,Hidden-Irreversible,0.89,0.535,0.535,0.7775,0.555,0.64,0.465,0.0,144.0,6.0,0.0002147598700161735
3107,C-scalarized,Hidden-Irreversible-Shift,0.89,0.535,0.535,0.7775,0.555,0.64,0.465,0.0,144.0,6.0,0.00024545430499524053
3107,C-scalarized,Hidden-Reversible,0.89,0.89,0.89,1.0,1.0,0.64,0.11,0.0,144.0,6.0,0.0002350746850106085
3107,C-scalarized,Stable-Reversible,0.89,0.89,0.89,1.0,1.0,0.64,0.11,0.0,144.0,6.0,0.00022941750500644401
3107,ChoiceMap,Hidden-Irreversible,0.975,0.845,0.845,0.9814791666666666,0.875,0.025,0.145,2.88,144.0,6.0,0.000808396115007732
3107,ChoiceMap,Hidden-Irreversible-Shift,0.975,0.83,0.83,0.9790104166666667,0.84,0.125,0.15,4.025,144.0,6.0,0.0012042428450103595
3107,ChoiceMap,Hidden-Reversible,0.91,0.91,0.91,1.0,1.0,0.69,0.09,0.0,144.0,6.0,0.0002700848850167375
3107,ChoiceMap,Stable-Reversible,0.91,0.91,0.91,1.0,1.0,0.69,0.09,0.0,144.0,6.0,0.00024011826998498
3107,Greedy,Hidden-Irreversible,0.91,0.475,0.475,0.765,0.53,0.69,0.525,0.0,144.0,6.0,0.0002221780600074855
3107,Greedy,Hidden-Irreversible-Shift,0.91,0.475,0.475,0.765,0.53,0.69,0.525,0.0,144.0,6.0,0.00023734221502076902
3107,Greedy,Hidden-Reversible,0.91,0.91,0.91,1.0,1.0,0.69,0.09,0.0,144.0,6.0,0.000217636889988119
3107,Greedy,Stable-Reversible,0.91,0.91,0.91,1.0,1.0,0.69,0.09,0.0,144.0,6.0,0.00023243320001933453
3107,OptionScalar,Hidden-Irreversible,0.89,0.535,0.535,0.7775,0.555,0.64,0.465,0.0,144.0,6.0,0.000218889939985677
3107,OptionScalar,Hidden-Irreversible-Shift,0.89,0.535,0.535,0.7775,0.555,0.64,0.465,0.0,144.0,6.0,0.000245280064977982
3107,OptionScalar,Hidden-Reversible,0.89,0.89,0.89,1.0,1.0,0.64,0.11,0.0,144.0,6.0,0.0003337143000293915
3107,OptionScalar,Stable-Reversible,0.89,0.89,0.89,1.0,1.0,0.64,0.11,0.0,144.0,6.0,0.00022020577001735352
3107,Search,Hidden-Irreversible,0.89,0.535,0.535,0.7775,0.555,0.64,0.465,0.0,144.0,6.0,0.00023247536498724401
3107,Search,Hidden-Irreversible-Shift,0.89,0.535,0.535,0.7775,0.555,0.64,0.465,0.0,144.0,6.0,0.0002309326400063105
3107,Search,Hidden-Reversible,0.89,0.89,0.89,1.0,1.0,0.64,0.11,0.0,144.0,6.0,0.0001984569450041325
3107,Search,Stable-Reversible,0.89,0.89,0.89,1.0,1.0,0.64,0.11,0.0,144.0,6.0,0.00022408097000602248
3108,C-immediateCommit,Hidden-Irreversible,0.93,0.505,0.505,0.775,0.55,0.65,0.495,0.0,144.0,6.0,0.0002394556600028815
3108,C-immediateCommit,Hidden-Irreversible-Shift,0.93,0.505,0.505,0.775,0.55,0.65,0.495,0.0,144.0,6.0,0.000217580870007576
3108,C-immediateCommit,Hidden-Reversible,0.93,0.93,0.93,1.0,1.0,0.65,0.07,0.0,144.0,6.0,0.000232562019984877
3108,C-immediateCommit,Stable-Reversible,0.93,0.93,0.93,1.0,1.0,0.65,0.07,0.0,144.0,6.0,0.0002673655749981165
3108,C-noBranchMemory,Hidden-Irreversible,0.87,0.87,0.87,1.0,1.0,0.0,0.0,5.0,144.0,6.0,0.001329765240002367
3108,C-noBranchMemory,Hidden-Irreversible-Shift,0.87,0.87,0.87,1.0,1.0,0.0,0.0,5.0,144.0,6.0,0.001238444564976309
3108,C-noBranchMemory,Hidden-Reversible,0.93,0.93,0.93,1.0,1.0,0.66,0.07,0.0,144.0,6.0,0.000344031425022373
3108,C-noBranchMemory,Stable-Reversible,0.93,0.93,0.93,1.0,1.0,0.66,0.07,0.0,144.0,6.0,0.0003006742750016615
3108,C-noProbe,Hidden-Irreversible,0.915,0.915,0.915,1.0,1.0,0.0,0.0,0.0,144.0,6.0,0.00025229568999515453
3108,C-noProbe,Hidden-Irreversible-Shift,0.915,0.915,0.915,1.0,1.0,0.0,0.0,0.0,144.0,6.0,0.00023960021499756348
3108,C-noProbe,Hidden-Reversible,0.93,0.93,0.93,1.0,1.0,0.66,0.07,0.0,144.0,6.0,0.000233738239996864
3108,C-noProbe,Stable-Reversible,0.93,0.93,0.93,1.0,1.0,0.66,0.07,0.0,144.0,6.0,0.0004015337000236665
3108,C-noReversibility,Hidden-Irreversible,0.93,0.505,0.505,0.775,0.55,0.65,0.495,0.0,144.0,6.0,0.00023085158499038249
3108,C-noReversibility,Hidden-Irreversible-Shift,0.93,0.505,0.505,0.775,0.55,0.65,0.495,0.0,144.0,6.0,0.0002646343999844655
3108,C-noReversibility,Hidden-Reversible,0.93,0.93,0.93,1.0,1.0,0.65,0.07,0.0,144.0,6.0,0.00021517802501416002
3108,C-noReversibility,Stable-Reversible,0.93,0.93,0.93,1.0,1.0,0.65,0.07,0.0,144.0,6.0,0.0003282703749868615
3108,C-scalarized,Hidden-Irreversible,0.93,0.505,0.505,0.775,0.55,0.65,0.495,0.0,144.0,6.0,0.00022977998500659202
3108,C-scalarized,Hidden-Irreversible-Shift,0.93,0.505,0.505,0.775,0.55,0.65,0.495,0.0,144.0,6.0,0.00021528377500312502
3108,C-scalarized,Hidden-Reversible,0.93,0.93,0.93,1.0,1.0,0.65,0.07,0.0,144.0,6.0,0.00024082914998866197
3108,C-scalarized,Stable-Reversible,0.93,0.93,0.93,1.0,1.0,0.65,0.07,0.0,144.0,6.0,0.0002464054899700775
3108,ChoiceMap,Hidden-Irreversible,0.97,0.86,0.86,0.9796250000000001,0.860625,0.05,0.135,2.945,144.0,6.0,0.0008719641650099615
3108,ChoiceMap,Hidden-Irreversible-Shift,0.93,0.78,0.78,0.9752291666666667,0.81875,0.17,0.185,3.94,144.0,6.0,0.0012273085500350534
3108,ChoiceMap,Hidden-Reversible,0.93,0.93,0.93,1.0,1.0,0.66,0.07,0.0,144.0,6.0,0.00022845324501299401
3108,ChoiceMap,Stable-Reversible,0.93,0.93,0.93,1.0,1.0,0.66,0.07,0.0,144.0,6.0,0.00031285426001426803
3108,Greedy,Hidden-Irreversible,0.93,0.545,0.545,0.7725,0.545,0.66,0.455,0.0,144.0,6.0,0.00022543959499666752
3108,Greedy,Hidden-Irreversible-Shift,0.93,0.545,0.545,0.7725,0.545,0.66,0.455,0.0,144.0,6.0,0.0002556024799923265
3108,Greedy,Hidden-Reversible,0.93,0.93,0.93,1.0,1.0,0.66,0.07,0.0,144.0,6.0,0.00022979328501373147
3108,Greedy,Stable-Reversible,0.93,0.93,0.93,1.0,1.0,0.66,0.07,0.0,144.0,6.0,0.000230744675000044
3108,OptionScalar,Hidden-Irreversible,0.93,0.505,0.505,0.775,0.55,0.65,0.495,0.0,144.0,6.0,0.0002418300200224125
3108,OptionScalar,Hidden-Irreversible-Shift,0.93,0.505,0.505,0.775,0.55,0.65,0.495,0.0,144.0,6.0,0.0002342207650166945
3108,OptionScalar,Hidden-Reversible,0.93,0.93,0.93,1.0,1.0,0.65,0.07,0.0,144.0,6.0,0.00022440537998358749
3108,OptionScalar,Stable-Reversible,0.93,0.93,0.93,1.0,1.0,0.65,0.07,0.0,144.0,6.0,0.00022732673001878148
3108,Search,Hidden-Irreversible,0.93,0.505,0.505,0.775,0.55,0.65,0.495,0.0,144.0,6.0,0.000218105104995578
3108,Search,Hidden-Irreversible-Shift,0.93,0.505,0.505,0.775,0.55,0.65,0.495,0.0,144.0,6.0,0.000243446299989453
3108,Search,Hidden-Reversible,0.93,0.93,0.93,1.0,1.0,0.65,0.07,0.0,144.0,6.0,0.000226860249983877
3108,Search,Stable-Reversible,0.93,0.93,0.93,1.0,1.0,0.65,0.07,0.0,144.0,6.0,0.000222951125022012
3109,C-immediateCommit,Hidden-Irreversible,0.9,0.435,0.435,0.765,0.53,0.69,0.565,0.0,144.0,6.0,0.0002139492449941345
3109,C-immediateCommit,Hidden-Irreversible-Shift,0.9,0.435,0.435,0.765,0.53,0.69,0.565,0.0,144.0,6.0,0.00025964492001088953
3109,C-immediateCommit,Hidden-Reversible,0.9,0.9,0.9,1.0,1.0,0.69,0.1,0.0,144.0,6.0,0.00029215112501101097
3109,C-immediateCommit,Stable-Reversible,0.9,0.9,0.9,1.0,1.0,0.69,0.1,0.0,144.0,6.0,0.000290923125014566
3109,C-noBranchMemory,Hidden-Irreversible,0.85,0.85,0.85,1.0,1.0,0.0,0.0,5.0,144.0,6.0,0.0011335610949935885
3109,C-noBranchMemory,Hidden-Irreversible-Shift,0.85,0.85,0.85,1.0,1.0,0.0,0.0,5.0,144.0,6.0,0.0013424057699921372
3109,C-noBranchMemory,Hidden-Reversible,0.91,0.91,0.91,1.0,1.0,0.645,0.09,0.0,144.0,6.0,0.00029462239000617446
3109,C-noBranchMemory,Stable-Reversible,0.91,0.91,0.91,1.0,1.0,0.645,0.09,0.0,144.0,6.0,0.0002501224349929985
3109,C-noProbe,Hidden-Irreversible,0.895,0.895,0.895,1.0,1.0,0.0,0.0,0.0,144.0,6.0,0.0002814050399887875
3109,C-noProbe,Hidden-Irreversible-Shift,0.895,0.895,0.895,1.0,1.0,0.0,0.0,0.0,144.0,6.0,0.0002499965949822975
3109,C-noProbe,Hidden-Reversible,0.91,0.91,0.91,1.0,1.0,0.645,0.09,0.0,144.0,6.0,0.000244658414987901
3109,C-noProbe,Stable-Reversible,0.91,0.91,0.91,1.0,1.0,0.645,0.09,0.0,144.0,6.0,0.00023297558000872
3109,C-noReversibility,Hidden-Irreversible,0.9,0.435,0.435,0.765,0.53,0.69,0.565,0.0,144.0,6.0,0.000247358355004456
3109,C-noReversibility,Hidden-Irreversible-Shift,0.9,0.435,0.435,0.765,0.53,0.69,0.565,0.0,144.0,6.0,0.00025659509498832003
3109,C-noReversibility,Hidden-Reversible,0.9,0.9,0.9,1.0,1.0,0.69,0.1,0.0,144.0,6.0,0.00022681757001914198
3109,C-noReversibility,Stable-Reversible,0.9,0.9,0.9,1.0,1.0,0.69,0.1,0.0,144.0,6.0,0.0002233622149946705
3109,C-scalarized,Hidden-Irreversible,0.9,0.435,0.435,0.765,0.53,0.69,0.565,0.0,144.0,6.0,0.000295549874983814
3109,C-scalarized,Hidden-Irreversible-Shift,0.9,0.435,0.435,0.765,0.53,0.69,0.565,0.0,144.0,6.0,0.000223835150009057
3109,C-scalarized,Hidden-Reversible,0.9,0.9,0.9,1.0,1.0,0.69,0.1,0.0,144.0,6.0,0.000247426334992675
3109,C-scalarized,Stable-Reversible,0.9,0.9,0.9,1.0,1.0,0.69,0.1,0.0,144.0,6.0,0.00022773047498726148
3109,ChoiceMap,Hidden-Irreversible,0.97,0.845,0.845,0.9813333333333333,0.87375,0.025,0.135,2.87,144.0,6.0,0.000849656495015503
3109,ChoiceMap,Hidden-Irreversible-Shift,0.95,0.81,0.81,0.9802708333333334,0.845,0.11,0.165,4.0,144.0,6.0,0.0011090230750005015
3109,ChoiceMap,Hidden-Reversible,0.91,0.91,0.91,1.0,1.0,0.645,0.09,0.0,144.0,6.0,0.0002371836949964265
3109,ChoiceMap,Stable-Reversible,0.91,0.91,0.91,1.0,1.0,0.645,0.09,0.0,144.0,6.0,0.000238041135014507
3109,Greedy,Hidden-Irreversible,0.91,0.515,0.515,0.77625,0.5525,0.645,0.485,0.0,144.0,6.0,0.0002523733799852765
3109,Greedy,Hidden-Irreversible-Shift,0.91,0.515,0.515,0.77625,0.5525,0.645,0.485,0.0,144.0,6.0,0.000431061125013862
3109,Greedy,Hidden-Reversible,0.91,0.91,0.91,1.0,1.0,0.645,0.09,0.0,144.0,6.0,0.000217500120015704
3109,Greedy,Stable-Reversible,0.91,0.91,0.91,1.0,1.0,0.645,0.09,0.0,144.0,6.0,0.00022246842501767153
3109,OptionScalar,Hidden-Irreversible,0.9,0.435,0.435,0.765,0.53,0.69,0.565,0.0,144.0,6.0,0.0002833099299709285
3109,OptionScalar,Hidden-Irreversible-Shift,0.9,0.435,0.435,0.765,0.53,0.69,0.565,0.0,144.0,6.0,0.00027770099499998353
3109,OptionScalar,Hidden-Reversible,0.9,0.9,0.9,1.0,1.0,0.69,0.1,0.0,144.0,6.0,0.0002182257800086015
3109,OptionScalar,Stable-Reversible,0.9,0.9,0.9,1.0,1.0,0.69,0.1,0.0,144.0,6.0,0.00022030292999256198
3109,Search,Hidden-Irreversible,0.9,0.435,0.435,0.765,0.53,0.69,0.565,0.0,144.0,6.0,0.00027104991002711203
3109,Search,Hidden-Irreversible-Shift,0.9,0.435,0.435,0.765,0.53,0.69,0.565,0.0,144.0,6.0,0.0003545559400049055
3109,Search,Hidden-Reversible,0.9,0.9,0.9,1.0,1.0,0.69,0.1,0.0,144.0,6.0,0.000222698440020343
3109,Search,Stable-Reversible,0.9,0.9,0.9,1.0,1.0,0.69,0.1,0.0,144.0,6.0,0.00023014153502567448
3110,C-immediateCommit,Hidden-Irreversible,0.89,0.485,0.485,0.755,0.51,0.73,0.515,0.0,144.0,6.0,0.00022353221999533
3110,C-immediateCommit,Hidden-Irreversible-Shift,0.89,0.485,0.485,0.755,0.51,0.73,0.515,0.0,144.0,6.0,0.00036545232999964897
3110,C-immediateCommit,Hidden-Reversible,0.89,0.89,0.89,1.0,1.0,0.73,0.11,0.0,144.0,6.0,0.0002589317600017635
3110,C-immediateCommit,Stable-Reversible,0.89,0.89,0.89,1.0,1.0,0.73,0.11,0.0,144.0,6.0,0.00023097927499288453
3110,C-noBranchMemory,Hidden-Irreversible,0.87,0.87,0.87,1.0,1.0,0.0,0.0,5.0,144.0,6.0,0.0011717418600232536
3110,C-noBranchMemory,Hidden-Irreversible-Shift,0.87,0.87,0.87,1.0,1.0,0.0,0.0,5.0,144.0,6.0,0.0015744623199679564
3110,C-noBranchMemory,Hidden-Reversible,0.925,0.925,0.925,1.0,1.0,0.59,0.075,0.0,144.0,6.0,0.00021582176500709851
3110,C-noBranchMemory,Stable-Reversible,0.925,0.925,0.925,1.0,1.0,0.59,0.075,0.0,144.0,6.0,0.000225469535007453
3110,C-noProbe,Hidden-Irreversible,0.88,0.88,0.88,1.0,1.0,0.0,0.0,0.0,144.0,6.0,0.0002384202699794945
3110,C-noProbe,Hidden-Irreversible-Shift,0.88,0.88,0.88,1.0,1.0,0.0,0.0,0.0,144.0,6.0,0.0003393317599920435
3110,C-noProbe,Hidden-Reversible,0.925,0.925,0.925,1.0,1.0,0.59,0.075,0.0,144.0,6.0,0.000229175725016778
3110,C-noProbe,Stable-Reversible,0.925,0.925,0.925,1.0,1.0,0.59,0.075,0.0,144.0,6.0,0.000241830699992487
3110,C-noReversibility,Hidden-Irreversible,0.89,0.485,0.485,0.755,0.51,0.73,0.515,0.0,144.0,6.0,0.000226860659990906
3110,C-noReversibility,Hidden-Irreversible-Shift,0.89,0.485,0.485,0.755,0.51,0.73,0.515,0.0,144.0,6.0,0.0002994708700293325
3110,C-noReversibility,Hidden-Reversible,0.89,0.89,0.89,1.0,1.0,0.73,0.11,0.0,144.0,6.0,0.000213160175010166
3110,C-noReversibility,Stable-Reversible,0.89,0.89,0.89,1.0,1.0,0.73,0.11,0.0,144.0,6.0,0.000221188220016253
3110,C-scalarized,Hidden-Irreversible,0.89,0.485,0.485,0.755,0.51,0.73,0.515,0.0,144.0,6.0,0.0002442282900119145
3110,C-scalarized,Hidden-Irreversible-Shift,0.89,0.485,0.485,0.755,0.51,0.73,0.515,0.0,144.0,6.0,0.000341057820005468
3110,C-scalarized,Hidden-Reversible,0.89,0.89,0.89,1.0,1.0,0.73,0.11,0.0,144.0,6.0,0.000243978755004215
3110,C-scalarized,Stable-Reversible,0.89,0.89,0.89,1.0,1.0,0.73,0.11,0.0,144.0,6.0,0.0002326072049867835
3110,ChoiceMap,Hidden-Irreversible,0.975,0.865,0.865,0.9803854166666666,0.866875,0.04,0.12,2.94,144.0,6.0,0.0010549359749847489
3110,ChoiceMap,Hidden-Irreversible-Shift,0.95,0.835,0.835,0.9825104166666666,0.86125,0.09,0.135,4.095,144.0,6.0,0.0015679161949901266
3110,ChoiceMap,Hidden-Reversible,0.925,0.925,0.925,1.0,1.0,0.59,0.075,0.0,144.0,6.0,0.0002343522850173405
3110,ChoiceMap,Stable-Reversible,0.925,0.925,0.925,1.0,1.0,0.59,0.075,0.0,144.0,6.0,0.000320161595009219
3110,Greedy,Hidden-Irreversible,0.925,0.535,0.535,0.79,0.58,0.59,0.465,0.0,144.0,6.0,0.000239777420015295
3110,Greedy,Hidden-Irreversible-Shift,0.925,0.535,0.535,0.79,0.58,0.59,0.465,0.0,144.0,6.0,0.000259512819993637
3110,Greedy,Hidden-Reversible,0.925,0.925,0.925,1.0,1.0,0.59,0.075,0.0,144.0,6.0,0.00028909863499388603
3110,Greedy,Stable-Reversible,0.925,0.925,0.925,1.0,1.0,0.59,0.075,0.0,144.0,6.0,0.00022652830502005949
3110,OptionScalar,Hidden-Irreversible,0.89,0.485,0.485,0.755,0.51,0.73,0.515,0.0,144.0,6.0,0.00024754466001008504
3110,OptionScalar,Hidden-Irreversible-Shift,0.89,0.485,0.485,0.755,0.51,0.73,0.515,0.0,144.0,6.0,0.0003107236450000015
3110,OptionScalar,Hidden-Reversible,0.89,0.89,0.89,1.0,1.0,0.73,0.11,0.0,144.0,6.0,0.0002111283000157915
3110,OptionScalar,Stable-Reversible,0.89,0.89,0.89,1.0,1.0,0.73,0.11,0.0,144.0,6.0,0.000283268829998581
3110,Search,Hidden-Irreversible,0.89,0.485,0.485,0.755,0.51,0.73,0.515,0.0,144.0,6.0,0.0002631352100069715
3110,Search,Hidden-Irreversible-Shift,0.89,0.485,0.485,0.755,0.51,0.73,0.515,0.0,144.0,6.0,0.000236028619979099
3110,Search,Hidden-Reversible,0.89,0.89,0.89,1.0,1.0,0.73,0.11,0.0,144.0,6.0,0.000327413135014417
3110,Search,Stable-Reversible,0.89,0.89,0.89,1.0,1.0,0.73,0.11,0.0,144.0,6.0,0.000269508449996412
3111,C-immediateCommit,Hidden-Irreversible,0.87,0.505,0.505,0.76,0.52,0.71,0.495,0.0,144.0,6.0,0.0002333729949827505
3111,C-immediateCommit,Hidden-Irreversible-Shift,0.87,0.505,0.505,0.76,0.52,0.71,0.495,0.0,144.0,6.0,0.000217786864973228
3111,C-immediateCommit,Hidden-Reversible,0.87,0.87,0.87,1.0,1.0,0.71,0.13,0.0,144.0,6.0,0.000234502599987489
3111,C-immediateCommit,Stable-Reversible,0.87,0.87,0.87,1.0,1.0,0.71,0.13,0.0,144.0,6.0,0.00023739362997498399
3111,C-noBranchMemory,Hidden-Irreversible,0.88,0.88,0.88,1.0,1.0,0.0,0.0,5.0,144.0,6.0,0.0011951161949991232
3111,C-noBranchMemory,Hidden-Irreversible-Shift,0.88,0.88,0.88,1.0,1.0,0.0,0.0,5.0,144.0,6.0,0.0011977314000227524
3111,C-noBranchMemory,Hidden-Reversible,0.87,0.87,0.87,1.0,1.0,0.65,0.13,0.0,144.0,6.0,0.0002491975499810395
3111,C-noBranchMemory,Stable-Reversible,0.87,0.87,0.87,1.0,1.0,0.65,0.13,0.0,144.0,6.0,0.000249713579992154
3111,C-noProbe,Hidden-Irreversible,0.855,0.855,0.855,1.0,1.0,0.0,0.0,0.0,144.0,6.0,0.000289893470014655
3111,C-noProbe,Hidden-Irreversible-Shift,0.855,0.855,0.855,1.0,1.0,0.0,0.0,0.0,144.0,6.0,0.000238704810003533
3111,C-noProbe,Hidden-Reversible,0.87,0.87,0.87,1.0,1.0,0.65,0.13,0.0,144.0,6.0,0.000232489344994018
3111,C-noProbe,Stable-Reversible,0.87,0.87,0.87,1.0,1.0,0.65,0.13,0.0,144.0,6.0,0.0002439647599953265
3111,C-noReversibility,Hidden-Irreversible,0.87,0.505,0.505,0.76,0.52,0.71,0.495,0.0,144.0,6.0,0.00022972160999638148
3111,C-noReversibility,Hidden-Irreversible-Shift,0.87,0.505,0.505,0.76,0.52,0.71,0.495,0.0,144.0,6.0,0.00021869888498935402
3111,C-noReversibility,Hidden-Reversible,0.87,0.87,0.87,1.0,1.0,0.71,0.13,0.0,144.0,6.0,0.0002639720299884585
3111,C-noReversibility,Stable-Reversible,0.87,0.87,0.87,1.0,1.0,0.71,0.13,0.0,144.0,6.0,0.0002550572750009885
3111,C-scalarized,Hidden-Irreversible,0.87,0.505,0.505,0.76,0.52,0.71,0.495,0.0,144.0,6.0,0.000231773070011009
3111,C-scalarized,Hidden-Irreversible-Shift,0.87,0.505,0.505,0.76,0.52,0.71,0.495,0.0,144.0,6.0,0.000234056980011648
3111,C-scalarized,Hidden-Reversible,0.87,0.87,0.87,1.0,1.0,0.71,0.13,0.0,144.0,6.0,0.0002192062749781555
3111,C-scalarized,Stable-Reversible,0.87,0.87,0.87,1.0,1.0,0.71,0.13,0.0,144.0,6.0,0.000239702435023854
3111,ChoiceMap,Hidden-Irreversible,0.975,0.805,0.805,0.98034375,0.865,0.045,0.18,2.945,144.0,6.0,0.0009211739899955709
3111,ChoiceMap,Hidden-Irreversible-Shift,0.95,0.835,0.835,0.9786458333333333,0.835625,0.13,0.135,3.915,144.0,6.0,0.0011439639549962008
3111,ChoiceMap,Hidden-Reversible,0.87,0.87,0.87,1.0,1.0,0.65,0.13,0.0,144.0,6.0,0.0002277264649955645
3111,ChoiceMap,Stable-Reversible,0.87,0.87,0.87,1.0,1.0,0.65,0.13,0.0,144.0,6.0,0.00022566684999896397
3111,Greedy,Hidden-Irreversible,0.87,0.505,0.505,0.775,0.55,0.65,0.495,0.0,144.0,6.0,0.0002440582000030625
3111,Greedy,Hidden-Irreversible-Shift,0.87,0.505,0.505,0.775,0.55,0.65,0.495,0.0,144.0,6.0,0.0002270813699964925
3111,Greedy,Hidden-Reversible,0.87,0.87,0.87,1.0,1.0,0.65,0.13,0.0,144.0,6.0,0.0002355282099937965
3111,Greedy,Stable-Reversible,0.87,0.87,0.87,1.0,1.0,0.65,0.13,0.0,144.0,6.0,0.0002635734950103555
3111,OptionScalar,Hidden-Irreversible,0.87,0.505,0.505,0.76,0.52,0.71,0.495,0.0,144.0,6.0,0.0002432503750127995
3111,OptionScalar,Hidden-Irreversible-Shift,0.87,0.505,0.505,0.76,0.52,0.71,0.495,0.0,144.0,6.0,0.000220878725012831
3111,OptionScalar,Hidden-Reversible,0.87,0.87,0.87,1.0,1.0,0.71,0.13,0.0,144.0,6.0,0.000271688400014178
3111,OptionScalar,Stable-Reversible,0.87,0.87,0.87,1.0,1.0,0.71,0.13,0.0,144.0,6.0,0.000230552155007847
3111,Search,Hidden-Irreversible,0.87,0.505,0.505,0.76,0.52,0.71,0.495,0.0,144.0,6.0,0.00024307924998988152
3111,Search,Hidden-Irreversible-Shift,0.87,0.505,0.505,0.76,0.52,0.71,0.495,0.0,144.0,6.0,0.00023489257499018
3111,Search,Hidden-Reversible,0.87,0.87,0.87,1.0,1.0,0.71,0.13,0.0,144.0,6.0,0.000274811250007996
3111,Search,Stable-Reversible,0.87,0.87,0.87,1.0,1.0,0.71,0.13,0.0,144.0,6.0,0.00027848060000219203
3112,C-immediateCommit,Hidden-Irreversible,0.89,0.535,0.535,0.7675,0.535,0.68,0.465,0.0,144.0,6.0,0.000226069680006681
3112,C-immediateCommit,Hidden-Irreversible-Shift,0.89,0.535,0.535,0.7675,0.535,0.68,0.465,0.0,144.0,6.0,0.0002745428999969105
3112,C-immediateCommit,Hidden-Reversible,0.89,0.89,0.89,1.0,1.0,0.68,0.11,0.0,144.0,6.0,0.0003698558299901795
3112,C-immediateCommit,Stable-Reversible,0.89,0.89,0.89,1.0,1.0,0.68,0.11,0.0,144.0,6.0,0.0002257997050127825
3112,C-noBranchMemory,Hidden-Irreversible,0.885,0.885,0.885,1.0,1.0,0.0,0.0,5.0,144.0,6.0,0.0013705832300046925
3112,C-noBranchMemory,Hidden-Irreversible-Shift,0.885,0.885,0.885,1.0,1.0,0.0,0.0,5.0,144.0,6.0,0.0013089088700098234
3112,C-noBranchMemory,Hidden-Reversible,0.88,0.88,0.88,1.0,1.0,0.705,0.12,0.0,144.0,6.0,0.0002757714100016015
3112,C-noBranchMemory,Stable-Reversible,0.88,0.88,0.88,1.0,1.0,0.705,0.12,0.0,144.0,6.0,0.000240360390002885
3112,C-noProbe,Hidden-Irreversible,0.875,0.875,0.875,1.0,1.0,0.0,0.0,0.0,144.0,6.0,0.0002530484800012765
3112,C-noProbe,Hidden-Irreversible-Shift,0.875,0.875,0.875,1.0,1.0,0.0,0.0,0.0,144.0,6.0,0.000260223820014238
3112,C-noProbe,Hidden-Reversible,0.88,0.88,0.88,1.0,1.0,0.705,0.12,0.0,144.0,6.0,0.000298126359998554
3112,C-noProbe,Stable-Reversible,0.88,0.88,0.88,1.0,1.0,0.705,0.12,0.0,144.0,6.0,0.0002282664599942515
3112,C-noReversibility,Hidden-Irreversible,0.89,0.535,0.535,0.7675,0.535,0.68,0.465,0.0,144.0,6.0,0.0002481093450068745
3112,C-noReversibility,Hidden-Irreversible-Shift,0.89,0.535,0.535,0.7675,0.535,0.68,0.465,0.0,144.0,6.0,0.000281352070003269
3112,C-noReversibility,Hidden-Reversible,0.89,0.89,0.89,1.0,1.0,0.68,0.11,0.0,144.0,6.0,0.00025141262998654103
3112,C-noReversibility,Stable-Reversible,0.89,0.89,0.89,1.0,1.0,0.68,0.11,0.0,144.0,6.0,0.00023619444496257298
3112,C-scalarized,Hidden-Irreversible,0.89,0.535,0.535,0.7675,0.535,0.68,0.465,0.0,144.0,6.0,0.00024151551498784749
3112,C-scalarized,Hidden-Irreversible-Shift,0.89,0.535,0.535,0.7675,0.535,0.68,0.465,0.0,144.0,6.0,0.000283425755007959
3112,C-scalarized,Hidden-Reversible,0.89,0.89,0.89,1.0,1.0,0.68,0.11,0.0,144.0,6.0,0.0002187355449881975
3112,C-scalarized,Stable-Reversible,0.89,0.89,0.89,1.0,1.0,0.68,0.11,0.0,144.0,6.0,0.00026776706499726297
3112,ChoiceMap,Hidden-Irreversible,0.97,0.835,0.835,0.9820208333333333,0.875625,0.025,0.155,2.915,144.0,6.0,0.000996499434993391
3112,ChoiceMap,Hidden-Irreversible-Shift,0.955,0.825,0.825,0.9831666666666666,0.86125,0.075,0.155,4.08,144.0,6.0,0.0010579018149996465
3112,ChoiceMap,Hidden-Reversible,0.88,0.88,0.88,1.0,1.0,0.705,0.12,0.0,144.0,6.0,0.0002628458549883775
3112,ChoiceMap,Stable-Reversible,0.88,0.88,0.88,1.0,1.0,0.705,0.12,0.0,144.0,6.0,0.0003782137200073035
3112,Greedy,Hidden-Irreversible,0.88,0.47,0.47,0.76125,0.5225,0.705,0.53,0.0,144.0,6.0,0.0002495633800185205
3112,Greedy,Hidden-Irreversible-Shift,0.88,0.47,0.47,0.76125,0.5225,0.705,0.53,0.0,144.0,6.0,0.00022665663999754698
3112,Greedy,Hidden-Reversible,0.88,0.88,0.88,1.0,1.0,0.705,0.12,0.0,144.0,6.0,0.00023627154001128152
3112,Greedy,Stable-Reversible,0.88,0.88,0.88,1.0,1.0,0.705,0.12,0.0,144.0,6.0,0.0002333433099965505
3112,OptionScalar,Hidden-Irreversible,0.89,0.535,0.535,0.7675,0.535,0.68,0.465,0.0,144.0,6.0,0.00022764013998307302
3112,OptionScalar,Hidden-Irreversible-Shift,0.89,0.535,0.535,0.7675,0.535,0.68,0.465,0.0,144.0,6.0,0.000244215829986794
3112,OptionScalar,Hidden-Reversible,0.89,0.89,0.89,1.0,1.0,0.68,0.11,0.0,144.0,6.0,0.0002237542000033935
3112,OptionScalar,Stable-Reversible,0.89,0.89,0.89,1.0,1.0,0.68,0.11,0.0,144.0,6.0,0.000221850339994439
3112,Search,Hidden-Irreversible,0.89,0.535,0.535,0.7675,0.535,0.68,0.465,0.0,144.0,6.0,0.000284436815002158
3112,Search,Hidden-Irreversible-Shift,0.89,0.535,0.535,0.7675,0.535,0.68,0.465,0.0,144.0,6.0,0.0002339566249883725
3112,Search,Hidden-Reversible,0.89,0.89,0.89,1.0,1.0,0.68,0.11,0.0,144.0,6.0,0.000268474274998826
3112,Search,Stable-Reversible,0.89,0.89,0.89,1.0,1.0,0.68,0.11,0.0,144.0,6.0,0.000229489859998418
3113,C-immediateCommit,Hidden-Irreversible,0.89,0.545,0.545,0.77625,0.5525,0.645,0.455,0.0,144.0,6.0,0.0002396929450014315
3113,C-immediateCommit,Hidden-Irreversible-Shift,0.89,0.545,0.545,0.77625,0.5525,0.645,0.455,0.0,144.0,6.0,0.00031452158501674203
3113,C-immediateCommit,Hidden-Reversible,0.89,0.89,0.89,1.0,1.0,0.645,0.11,0.0,144.0,6.0,0.00021104548000716703
3113,C-immediateCommit,Stable-Reversible,0.89,0.89,0.89,1.0,1.0,0.645,0.11,0.0,144.0,6.0,0.000250542860007906
3113,C-noBranchMemory,Hidden-Irreversible,0.9,0.9,0.9,1.0,1.0,0.0,0.0,5.0,144.0,6.0,0.001206916809996934
3113,C-noBranchMemory,Hidden-Irreversible-Shift,0.9,0.9,0.9,1.0,1.0,0.0,0.0,5.0,144.0,6.0,0.0011917404749919524
3113,C-noBranchMemory,Hidden-Reversible,0.875,0.875,0.875,1.0,1.0,0.62,0.125,0.0,144.0,6.0,0.000227887500025142
3113,C-noBranchMemory,Stable-Reversible,0.875,0.875,0.875,1.0,1.0,0.62,0.125,0.0,144.0,6.0,0.00028541399001819697
3113,C-noProbe,Hidden-Irreversible,0.85,0.85,0.85,1.0,1.0,0.0,0.0,0.0,144.0,6.0,0.0002748718649786005
3113,C-noProbe,Hidden-Irreversible-Shift,0.85,0.85,0.85,1.0,1.0,0.0,0.0,0.0,144.0,6.0,0.0002532997650086535
3113,C-noProbe,Hidden-Reversible,0.875,0.875,0.875,1.0,1.0,0.62,0.125,0.0,144.0,6.0,0.0002546445949973945
3113,C-noProbe,Stable-Reversible,0.875,0.875,0.875,1.0,1.0,0.62,0.125,0.0,144.0,6.0,0.000238328600009888
3113,C-noReversibility,Hidden-Irreversible,0.89,0.545,0.545,0.77625,0.5525,0.645,0.455,0.0,144.0,6.0,0.00027234011997502203
3113,C-noReversibility,Hidden-Irreversible-Shift,0.89,0.545,0.545,0.77625,0.5525,0.645,0.455,0.0,144.0,6.0,0.00023112408000083197
3113,C-noReversibility,Hidden-Reversible,0.89,0.89,0.89,1.0,1.0,0.645,0.11,0.0,144.0,6.0,0.00027721087501271903
3113,C-noReversibility,Stable-Reversible,0.89,0.89,0.89,1.0,1.0,0.645,0.11,0.0,144.0,6.0,0.000224274715007997
3113,C-scalarized,Hidden-Irreversible,0.89,0.545,0.545,0.77625,0.5525,0.645,0.455,0.0,144.0,6.0,0.000230817770004655
3113,C-scalarized,Hidden-Irreversible-Shift,0.89,0.545,0.545,0.77625,0.5525,0.645,0.455,0.0,144.0,6.0,0.000235750575009155
3113,C-scalarized,Hidden-Reversible,0.89,0.89,0.89,1.0,1.0,0.645,0.11,0.0,144.0,6.0,0.00021810562998093248
3113,C-scalarized,Stable-Reversible,0.89,0.89,0.89,1.0,1.0,0.645,0.11,0.0,144.0,6.0,0.0002202640000245485
3113,ChoiceMap,Hidden-Irreversible,0.985,0.865,0.865,0.9792604166666666,0.858125,0.05,0.125,2.89,144.0,6.0,0.0007955053349837235
3113,ChoiceMap,Hidden-Irreversible-Shift,0.94,0.825,0.825,0.9787187500000001,0.835,0.135,0.15,3.935,144.0,6.0,0.0011010853499828445
3113,ChoiceMap,Hidden-Reversible,0.875,0.875,0.875,1.0,1.0,0.62,0.125,0.0,144.0,6.0,0.0002377532600075455
3113,ChoiceMap,Stable-Reversible,0.875,0.875,0.875,1.0,1.0,0.62,0.125,0.0,144.0,6.0,0.000247581565013156
3113,Greedy,Hidden-Irreversible,0.875,0.52,0.52,0.7825,0.565,0.62,0.48,0.0,144.0,6.0,0.00025122587502204847
3113,Greedy,Hidden-Irreversible-Shift,0.875,0.52,0.52,0.7825,0.565,0.62,0.48,0.0,144.0,6.0,0.000400284844984023
3113,Greedy,Hidden-Reversible,0.875,0.875,0.875,1.0,1.0,0.62,0.125,0.0,144.0,6.0,0.000216420925012195
3113,Greedy,Stable-Reversible,0.875,0.875,0.875,1.0,1.0,0.62,0.125,0.0,144.0,6.0,0.000244358639988549
3113,OptionScalar,Hidden-Irreversible,0.89,0.545,0.545,0.77625,0.5525,0.645,0.455,0.0,144.0,6.0,0.0002295809150040805
3113,OptionScalar,Hidden-Irreversible-Shift,0.89,0.545,0.545,0.77625,0.5525,0.645,0.455,0.0,144.0,6.0,0.000260097069981333
3113,OptionScalar,Hidden-Reversible,0.89,0.89,0.89,1.0,1.0,0.645,0.11,0.0,144.0,6.0,0.000271313390016934
3113,OptionScalar,Stable-Reversible,0.89,0.89,0.89,1.0,1.0,0.645,0.11,0.0,144.0,6.0,0.0002649140100037975
3113,Search,Hidden-Irreversible,0.89,0.545,0.545,0.77625,0.5525,0.645,0.455,0.0,144.0,6.0,0.0003438110449951095
3113,Search,Hidden-Irreversible-Shift,0.89,0.545,0.545,0.77625,0.5525,0.645,0.455,0.0,144.0,6.0,0.0002668497750027625
3113,Search,Hidden-Reversible,0.89,0.89,0.89,1.0,1.0,0.645,0.11,0.0,144.0,6.0,0.000251852569997431
3113,Search,Stable-Reversible,0.89,0.89,0.89,1.0,1.0,0.645,0.11,0.0,144.0,6.0,0.00023784526999174352
3114,C-immediateCommit,Hidden-Irreversible,0.9,0.505,0.505,0.77125,0.5425,0.665,0.495,0.0,144.0,6.0,0.000241349360005594
3114,C-immediateCommit,Hidden-Irreversible-Shift,0.9,0.505,0.505,0.77125,0.5425,0.665,0.495,0.0,144.0,6.0,0.00024374706500561598
3114,C-immediateCommit,Hidden-Reversible,0.9,0.9,0.9,1.0,1.0,0.665,0.1,0.0,144.0,6.0,0.000228051810010992
3114,C-immediateCommit,Stable-Reversible,0.9,0.9,0.9,1.0,1.0,0.665,0.1,0.0,144.0,6.0,0.0002249066050193915
3114,C-noBranchMemory,Hidden-Irreversible,0.8,0.8,0.8,1.0,1.0,0.0,0.0,5.0,144.0,6.0,0.0013240032000089255
3114,C-noBranchMemory,Hidden-Irreversible-Shift,0.8,0.8,0.8,1.0,1.0,0.0,0.0,5.0,144.0,6.0,0.0012272130299970229
3114,C-noBranchMemory,Hidden-Reversible,0.865,0.865,0.865,1.0,1.0,0.68,0.135,0.0,144.0,6.0,0.0002449022250038445
3114,C-noBranchMemory,Stable-Reversible,0.865,0.865,0.865,1.0,1.0,0.68,0.135,0.0,144.0,6.0,0.00022824519998489152
3114,C-noProbe,Hidden-Irreversible,0.87,0.87,0.87,1.0,1.0,0.0,0.0,0.0,144.0,6.0,0.000274441595015515
3114,C-noProbe,Hidden-Irreversible-Shift,0.87,0.87,0.87,1.0,1.0,0.0,0.0,0.0,144.0,6.0,0.000265152464980879
3114,C-noProbe,Hidden-Reversible,0.865,0.865,0.865,1.0,1.0,0.68,0.135,0.0,144.0,6.0,0.00023464018001954651
3114,C-noProbe,Stable-Reversible,0.865,0.865,0.865,1.0,1.0,0.68,0.135,0.0,144.0,6.0,0.0002714310049986525
3114,C-noReversibility,Hidden-Irreversible,0.9,0.505,0.505,0.77125,0.5425,0.665,0.495,0.0,144.0,6.0,0.000295348244983367
3114,C-noReversibility,Hidden-Irreversible-Shift,0.9,0.505,0.505,0.77125,0.5425,0.665,0.495,0.0,144.0,6.0,0.000254219550010885
3114,C-noReversibility,Hidden-Reversible,0.9,0.9,0.9,1.0,1.0,0.665,0.1,0.0,144.0,6.0,0.0002055776700216895
3114,C-noReversibility,Stable-Reversible,0.9,0.9,0.9,1.0,1.0,0.665,0.1,0.0,144.0,6.0,0.0002152372499676345
3114,C-scalarized,Hidden-Irreversible,0.9,0.505,0.505,0.77125,0.5425,0.665,0.495,0.0,144.0,6.0,0.00023686670998354048
3114,C-scalarized,Hidden-Irreversible-Shift,0.9,0.505,0.505,0.77125,0.5425,0.665,0.495,0.0,144.0,6.0,0.0002355525549909935
3114,C-scalarized,Hidden-Reversible,0.9,0.9,0.9,1.0,1.0,0.665,0.1,0.0,144.0,6.0,0.0002122316899953575
3114,C-scalarized,Stable-Reversible,0.9,0.9,0.9,1.0,1.0,0.665,0.1,0.0,144.0,6.0,0.0002188690700017525
3114,ChoiceMap,Hidden-Irreversible,0.99,0.88,0.88,0.98059375,0.865,0.04,0.11,2.985,144.0,6.0,0.000798935709994969
3114,ChoiceMap,Hidden-Irreversible-Shift,0.94,0.795,0.795,0.9808229166666667,0.854375,0.1,0.16,3.93,144.0,6.0,0.001227556760020385
3114,ChoiceMap,Hidden-Reversible,0.865,0.865,0.865,1.0,1.0,0.68,0.135,0.0,144.0,6.0,0.00024229273000168702
3114,ChoiceMap,Stable-Reversible,0.865,0.865,0.865,1.0,1.0,0.68,0.135,0.0,144.0,6.0,0.00025091014501408
3114,Greedy,Hidden-Irreversible,0.865,0.46,0.46,0.7675,0.535,0.68,0.54,0.0,144.0,6.0,0.0002411314750133375
3114,Greedy,Hidden-Irreversible-Shift,0.865,0.46,0.46,0.7675,0.535,0.68,0.54,0.0,144.0,6.0,0.00028804564497017347
3114,Greedy,Hidden-Reversible,0.865,0.865,0.865,1.0,1.0,0.68,0.135,0.0,144.0,6.0,0.000223649090007659
3114,Greedy,Stable-Reversible,0.865,0.865,0.865,1.0,1.0,0.68,0.135,0.0,144.0,6.0,0.00023620591500043303
3114,OptionScalar,Hidden-Irreversible,0.9,0.505,0.505,0.77125,0.5425,0.665,0.495,0.0,144.0,6.0,0.0002295289349694415
3114,OptionScalar,Hidden-Irreversible-Shift,0.9,0.505,0.505,0.77125,0.5425,0.665,0.495,0.0,144.0,6.0,0.00025810738000468
3114,OptionScalar,Hidden-Reversible,0.9,0.9,0.9,1.0,1.0,0.665,0.1,0.0,144.0,6.0,0.0003050255000016005
3114,OptionScalar,Stable-Reversible,0.9,0.9,0.9,1.0,1.0,0.665,0.1,0.0,144.0,6.0,0.0002303489450400265
3114,Search,Hidden-Irreversible,0.9,0.505,0.505,0.77125,0.5425,0.665,0.495,0.0,144.0,6.0,0.000232352134996698
3114,Search,Hidden-Irreversible-Shift,0.9,0.505,0.505,0.77125,0.5425,0.665,0.495,0.0,144.0,6.0,0.0002327055600198505
3114,Search,Hidden-Reversible,0.9,0.9,0.9,1.0,1.0,0.665,0.1,0.0,144.0,6.0,0.00022582417999723902
3114,Search,Stable-Reversible,0.9,0.9,0.9,1.0,1.0,0.665,0.1,0.0,144.0,6.0,0.000217974534987154
3115,C-immediateCommit,Hidden-Irreversible,0.875,0.54,0.54,0.77625,0.5525,0.645,0.46,0.0,144.0,6.0,0.00024644852500154747
3115,C-immediateCommit,Hidden-Irreversible-Shift,0.875,0.54,0.54,0.77625,0.5525,0.645,0.46,0.0,144.0,6.0,0.000228150779971605
3115,C-immediateCommit,Hidden-Reversible,0.875,0.875,0.875,1.0,1.0,0.645,0.125,0.0,144.0,6.0,0.00032422725499823
3115,C-immediateCommit,Stable-Reversible,0.875,0.875,0.875,1.0,1.0,0.645,0.125,0.0,144.0,6.0,0.00021292782000722848
3115,C-noBranchMemory,Hidden-Irreversible,0.845,0.845,0.845,1.0,1.0,0.0,0.0,5.0,144.0,6.0,0.0014353207649832674
3115,C-noBranchMemory,Hidden-Irreversible-Shift,0.845,0.845,0.845,1.0,1.0,0.0,0.0,5.0,144.0,6.0,0.001370099840012193
3115,C-noBranchMemory,Hidden-Reversible,0.89,0.89,0.89,1.0,1.0,0.67,0.11,0.0,144.0,6.0,0.00022941090000353553
3115,C-noBranchMemory,Stable-Reversible,0.89,0.89,0.89,1.0,1.0,0.67,0.11,0.0,144.0,6.0,0.0002475239650106605
3115,C-noProbe,Hidden-Irreversible,0.87,0.87,0.87,1.0,1.0,0.0,0.0,0.0,144.0,6.0,0.000279692704982561
3115,C-noProbe,Hidden-Irreversible-Shift,0.87,0.87,0.87,1.0,1.0,0.0,0.0,0.0,144.0,6.0,0.000247244039994664
3115,C-noProbe,Hidden-Reversible,0.89,0.89,0.89,1.0,1.0,0.67,0.11,0.0,144.0,6.0,0.0002255472150090515
3115,C-noProbe,Stable-Reversible,0.89,0.89,0.89,1.0,1.0,0.67,0.11,0.0,144.0,6.0,0.000235600599996763
3115,C-noReversibility,Hidden-Irreversible,0.875,0.54,0.54,0.77625,0.5525,0.645,0.46,0.0,144.0,6.0,0.00023205627001056652
3115,C-noReversibility,Hidden-Irreversible-Shift,0.875,0.54,0.54,0.77625,0.5525,0.645,0.46,0.0,144.0,6.0,0.000232136039999154
3115,C-noReversibility,Hidden-Reversible,0.875,0.875,0.875,1.0,1.0,0.645,0.125,0.0,144.0,6.0,0.00020921168998933748
3115,C-noReversibility,Stable-Reversible,0.875,0.875,0.875,1.0,1.0,0.645,0.125,0.0,144.0,6.0,0.000211010880013825
3115,C-scalarized,Hidden-Irreversible,0.875,0.54,0.54,0.77625,0.5525,0.645,0.46,0.0,144.0,6.0,0.00023241037000156653
3115,C-scalarized,Hidden-Irreversible-Shift,0.875,0.54,0.54,0.77625,0.5525,0.645,0.46,0.0,144.0,6.0,0.0002436675799799055
3115,C-scalarized,Hidden-Reversible,0.875,0.875,0.875,1.0,1.0,0.645,0.125,0.0,144.0,6.0,0.0002371000599986885
3115,C-scalarized,Stable-Reversible,0.875,0.875,0.875,1.0,1.0,0.645,0.125,0.0,144.0,6.0,0.0002273051449742065
3115,ChoiceMap,Hidden-Irreversible,0.965,0.815,0.815,0.9804479166666666,0.865625,0.04,0.16,2.88,144.0,6.0,0.00101250103500656
3115,ChoiceMap,Hidden-Irreversible-Shift,0.94,0.79,0.79,0.9801145833333333,0.840625,0.11,0.18,3.9,144.0,6.0,0.00105081675495962
3115,ChoiceMap,Hidden-Reversible,0.89,0.89,0.89,1.0,1.0,0.67,0.11,0.0,144.0,6.0,0.0002654624049932375
3115,ChoiceMap,Stable-Reversible,0.89,0.89,0.89,1.0,1.0,0.67,0.11,0.0,144.0,6.0,0.0002954805100079685
3115,Greedy,Hidden-Irreversible,0.89,0.525,0.525,0.77,0.54,0.67,0.475,0.0,144.0,6.0,0.0002570361149968845
3115,Greedy,Hidden-Irreversible-Shift,0.89,0.525,0.525,0.77,0.54,0.67,0.475,0.0,144.0,6.0,0.00022924187497660152
3115,Greedy,Hidden-Reversible,0.89,0.89,0.89,1.0,1.0,0.67,0.11,0.0,144.0,6.0,0.0002191341050046865
3115,Greedy,Stable-Reversible,0.89,0.89,0.89,1.0,1.0,0.67,0.11,0.0,144.0,6.0,0.0002220677999593525
3115,OptionScalar,Hidden-Irreversible,0.875,0.54,0.54,0.77625,0.5525,0.645,0.46,0.0,144.0,6.0,0.000235746990026607
3115,OptionScalar,Hidden-Irreversible-Shift,0.875,0.54,0.54,0.77625,0.5525,0.645,0.46,0.0,144.0,6.0,0.0002124209600173775
3115,OptionScalar,Hidden-Reversible,0.875,0.875,0.875,1.0,1.0,0.645,0.125,0.0,144.0,6.0,0.00022872810999837752
3115,OptionScalar,Stable-Reversible,0.875,0.875,0.875,1.0,1.0,0.645,0.125,0.0,144.0,6.0,0.00030049798001750247
3115,Search,Hidden-Irreversible,0.875,0.54,0.54,0.77625,0.5525,0.645,0.46,0.0,144.0,6.0,0.00023965488001517098
3115,Search,Hidden-Irreversible-Shift,0.875,0.54,0.54,0.77625,0.5525,0.645,0.46,0.0,144.0,6.0,0.0002302793000034765
3115,Search,Hidden-Reversible,0.875,0.875,0.875,1.0,1.0,0.645,0.125,0.0,144.0,6.0,0.000243552425001732
3115,Search,Stable-Reversible,0.875,0.875,0.875,1.0,1.0,0.645,0.125,0.0,144.0,6.0,0.000248106269978003
3116,C-immediateCommit,Hidden-Irreversible,0.93,0.495,0.495,0.77,0.54,0.67,0.505,0.0,144.0,6.0,0.00022501211499725048
3116,C-immediateCommit,Hidden-Irreversible-Shift,0.93,0.495,0.495,0.77,0.54,0.67,0.505,0.0,144.0,6.0,0.000236529720004858
3116,C-immediateCommit,Hidden-Reversible,0.93,0.93,0.93,1.0,1.0,0.67,0.07,0.0,144.0,6.0,0.000223831984978866
3116,C-immediateCommit,Stable-Reversible,0.93,0.93,0.93,1.0,1.0,0.67,0.07,0.0,144.0,6.0,0.000261313705009292
3116,C-noBranchMemory,Hidden-Irreversible,0.855,0.855,0.855,1.0,1.0,0.0,0.0,5.0,144.0,6.0,0.001141196555004122
3116,C-noBranchMemory,Hidden-Irreversible-Shift,0.855,0.855,0.855,1.0,1.0,0.0,0.0,5.0,144.0,6.0,0.0012166140600037986
3116,C-noBranchMemory,Hidden-Reversible,0.885,0.885,0.885,1.0,1.0,0.665,0.115,0.0,144.0,6.0,0.0002291221249879025
3116,C-noBranchMemory,Stable-Reversible,0.885,0.885,0.885,1.0,1.0,0.665,0.115,0.0,144.0,6.0,0.0002745952350073325
3116,C-noProbe,Hidden-Irreversible,0.88,0.88,0.88,1.0,1.0,0.0,0.0,0.0,144.0,6.0,0.00024650995501583053
3116,C-noProbe,Hidden-Irreversible-Shift,0.88,0.88,0.88,1.0,1.0,0.0,0.0,0.0,144.0,6.0,0.000276856779987558
3116,C-noProbe,Hidden-Reversible,0.885,0.885,0.885,1.0,1.0,0.665,0.115,0.0,144.0,6.0,0.00024165814498696252
3116,C-noProbe,Stable-Reversible,0.885,0.885,0.885,1.0,1.0,0.665,0.115,0.0,144.0,6.0,0.000214303459977095
3116,C-noReversibility,Hidden-Irreversible,0.93,0.495,0.495,0.77,0.54,0.67,0.505,0.0,144.0,6.0,0.00025110307498375653
3116,C-noReversibility,Hidden-Irreversible-Shift,0.93,0.495,0.495,0.77,0.54,0.67,0.505,0.0,144.0,6.0,0.0002804724000065485
3116,C-noReversibility,Hidden-Reversible,0.93,0.93,0.93,1.0,1.0,0.67,0.07,0.0,144.0,6.0,0.00021363094498833002
3116,C-noReversibility,Stable-Reversible,0.93,0.93,0.93,1.0,1.0,0.67,0.07,0.0,144.0,6.0,0.0002331891899847925
3116,C-scalarized,Hidden-Irreversible,0.93,0.495,0.495,0.77,0.54,0.67,0.505,0.0,144.0,6.0,0.0002295566449879045
3116,C-scalarized,Hidden-Irreversible-Shift,0.93,0.495,0.495,0.77,0.54,0.67,0.505,0.0,144.0,6.0,0.000316862990011891
3116,C-scalarized,Hidden-Reversible,0.93,0.93,0.93,1.0,1.0,0.67,0.07,0.0,144.0,6.0,0.0002230213399865945
3116,C-scalarized,Stable-Reversible,0.93,0.93,0.93,1.0,1.0,0.67,0.07,0.0,144.0,6.0,0.000212497884992849
3116,ChoiceMap,Hidden-Irreversible,0.98,0.845,0.845,0.9798749999999999,0.86375,0.045,0.15,2.87,144.0,6.0,0.000824103440006589
3116,ChoiceMap,Hidden-Irreversible-Shift,0.925,0.74,0.74,0.9798333333333333,0.8475,0.12,0.215,4.03,144.0,6.0,0.001157415734992305
3116,ChoiceMap,Hidden-Reversible,0.885,0.885,0.885,1.0,1.0,0.665,0.115,0.0,144.0,6.0,0.000237655370012767
3116,ChoiceMap,Stable-Reversible,0.885,0.885,0.885,1.0,1.0,0.665,0.115,0.0,144.0,6.0,0.00024280490999439752
3116,Greedy,Hidden-Irreversible,0.885,0.52,0.52,0.77125,0.5425,0.665,0.48,0.0,144.0,6.0,0.000228444034996704
3116,Greedy,Hidden-Irreversible-Shift,0.885,0.52,0.52,0.77125,0.5425,0.665,0.48,0.0,144.0,6.0,0.0002532955799869775
3116,Greedy,Hidden-Reversible,0.885,0.885,0.885,1.0,1.0,0.665,0.115,0.0,144.0,6.0,0.0002263617399853005
3116,Greedy,Stable-Reversible,0.885,0.885,0.885,1.0,1.0,0.665,0.115,0.0,144.0,6.0,0.00025103886498068
3116,OptionScalar,Hidden-Irreversible,0.93,0.495,0.495,0.77,0.54,0.67,0.505,0.0,144.0,6.0,0.000301995099980507
3116,OptionScalar,Hidden-Irreversible-Shift,0.93,0.495,0.495,0.77,0.54,0.67,0.505,0.0,144.0,6.0,0.00027749512500799397
3116,OptionScalar,Hidden-Reversible,0.93,0.93,0.93,1.0,1.0,0.67,0.07,0.0,144.0,6.0,0.00022261141500389052
3116,OptionScalar,Stable-Reversible,0.93,0.93,0.93,1.0,1.0,0.67,0.07,0.0,144.0,6.0,0.0002475122049963315
3116,Search,Hidden-Irreversible,0.93,0.495,0.495,0.77,0.54,0.67,0.505,0.0,144.0,6.0,0.00023179957999668152
3116,Search,Hidden-Irreversible-Shift,0.93,0.495,0.495,0.77,0.54,0.67,0.505,0.0,144.0,6.0,0.00030032799000986854
3116,Search,Hidden-Reversible,0.93,0.93,0.93,1.0,1.0,0.67,0.07,0.0,144.0,6.0,0.000222009910005403
3116,Search,Stable-Reversible,0.93,0.93,0.93,1.0,1.0,0.67,0.07,0.0,144.0,6.0,0.0003354439300027915
3117,C-immediateCommit,Hidden-Irreversible,0.85,0.425,0.425,0.75,0.5,0.75,0.575,0.0,144.0,6.0,0.0002510730999983425
3117,C-immediateCommit,Hidden-Irreversible-Shift,0.85,0.425,0.425,0.75,0.5,0.75,0.575,0.0,144.0,6.0,0.00023192015000172351
3117,C-immediateCommit,Hidden-Reversible,0.85,0.85,0.85,1.0,1.0,0.75,0.15,0.0,144.0,6.0,0.00022416873999641051
3117,C-immediateCommit,Stable-Reversible,0.85,0.85,0.85,1.0,1.0,0.75,0.15,0.0,144.0,6.0,0.00020674063501241647
3117,C-noBranchMemory,Hidden-Irreversible,0.895,0.895,0.895,1.0,1.0,0.0,0.0,5.0,144.0,6.0,0.0013285535349882118
3117,C-noBranchMemory,Hidden-Irreversible-Shift,0.895,0.895,0.895,1.0,1.0,0.0,0.0,5.0,144.0,6.0,0.0012391835799962295
3117,C-noBranchMemory,Hidden-Reversible,0.915,0.915,0.915,1.0,1.0,0.62,0.085,0.0,144.0,6.0,0.00023193349000161652
3117,C-noBranchMemory,Stable-Reversible,0.915,0.915,0.915,1.0,1.0,0.62,0.085,0.0,144.0,6.0,0.0002373739749691085
3117,C-noProbe,Hidden-Irreversible,0.855,0.855,0.855,1.0,1.0,0.0,0.0,0.0,144.0,6.0,0.0003213856850015405
3117,C-noProbe,Hidden-Irreversible-Shift,0.855,0.855,0.855,1.0,1.0,0.0,0.0,0.0,144.0,6.0,0.00025798972501884
3117,C-noProbe,Hidden-Reversible,0.915,0.915,0.915,1.0,1.0,0.62,0.085,0.0,144.0,6.0,0.0002903651099995345
3117,C-noProbe,Stable-Reversible,0.915,0.915,0.915,1.0,1.0,0.62,0.085,0.0,144.0,6.0,0.000257744709997445
3117,C-noReversibility,Hidden-Irreversible,0.85,0.425,0.425,0.75,0.5,0.75,0.575,0.0,144.0,6.0,0.0002573141749939595
3117,C-noReversibility,Hidden-Irreversible-Shift,0.85,0.425,0.425,0.75,0.5,0.75,0.575,0.0,144.0,6.0,0.00024011196500163849
3117,C-noReversibility,Hidden-Reversible,0.85,0.85,0.85,1.0,1.0,0.75,0.15,0.0,144.0,6.0,0.000207803694997844
3117,C-noReversibility,Stable-Reversible,0.85,0.85,0.85,1.0,1.0,0.75,0.15,0.0,144.0,6.0,0.000249481774969758
3117,C-scalarized,Hidden-Irreversible,0.85,0.425,0.425,0.75,0.5,0.75,0.575,0.0,144.0,6.0,0.0002648588549845485
3117,C-scalarized,Hidden-Irreversible-Shift,0.85,0.425,0.425,0.75,0.5,0.75,0.575,0.0,144.0,6.0,0.000225876385009036
3117,C-scalarized,Hidden-Reversible,0.85,0.85,0.85,1.0,1.0,0.75,0.15,0.0,144.0,6.0,0.0003295575750098085
3117,C-scalarized,Stable-Reversible,0.85,0.85,0.85,1.0,1.0,0.75,0.15,0.0,144.0,6.0,0.0002319848900037345
3117,ChoiceMap,Hidden-Irreversible,0.975,0.855,0.855,0.9833020833333334,0.885,0.02,0.135,3.095,144.0,6.0,0.0008970747749867284
3117,ChoiceMap,Hidden-Irreversible-Shift,0.93,0.785,0.785,0.98,0.84375,0.115,0.185,3.98,144.0,6.0,0.0012101241650293055
3117,ChoiceMap,Hidden-Reversible,0.915,0.915,0.915,1.0,1.0,0.62,0.085,0.0,144.0,6.0,0.000292247500008163
3117,ChoiceMap,Stable-Reversible,0.915,0.915,0.915,1.0,1.0,0.62,0.085,0.0,144.0,6.0,0.00024992431501908997
3117,Greedy,Hidden-Irreversible,0.915,0.47,0.47,0.7825,0.565,0.62,0.53,0.0,144.0,6.0,0.000356506989994564
3117,Greedy,Hidden-Irreversible-Shift,0.915,0.47,0.47,0.7825,0.565,0.62,0.53,0.0,144.0,6.0,0.00026412658499788547
3117,Greedy,Hidden-Reversible,0.915,0.915,0.915,1.0,1.0,0.62,0.085,0.0,144.0,6.0,0.000232586065021628
3117,Greedy,Stable-Reversible,0.915,0.915,0.915,1.0,1.0,0.62,0.085,0.0,144.0,6.0,0.0002180626850099035
3117,OptionScalar,Hidden-Irreversible,0.85,0.425,0.425,0.75,0.5,0.75,0.575,0.0,144.0,6.0,0.000259334760019051
3117,OptionScalar,Hidden-Irreversible-Shift,0.85,0.425,0.425,0.75,0.5,0.75,0.575,0.0,144.0,6.0,0.00025017956002325
3117,OptionScalar,Hidden-Reversible,0.85,0.85,0.85,1.0,1.0,0.75,0.15,0.0,144.0,6.0,0.00022782087501122602
3117,OptionScalar,Stable-Reversible,0.85,0.85,0.85,1.0,1.0,0.75,0.15,0.0,144.0,6.0,0.0002275950399961815
3117,Search,Hidden-Irreversible,0.85,0.425,0.425,0.75,0.5,0.75,0.575,0.0,144.0,6.0,0.000268972120006715
3117,Search,Hidden-Irreversible-Shift,0.85,0.425,0.425,0.75,0.5,0.75,0.575,0.0,144.0,6.0,0.0002481251399967235
3117,Search,Hidden-Reversible,0.85,0.85,0.85,1.0,1.0,0.75,0.15,0.0,144.0,6.0,0.000207174135027747
3117,Search,Stable-Reversible,0.85,0.85,0.85,1.0,1.0,0.75,0.15,0.0,144.0,6.0,0.0002131171549944565
3118,C-immediateCommit,Hidden-Irreversible,0.905,0.445,0.445,0.7575,0.515,0.72,0.555,0.0,144.0,6.0,0.0002545749350019305
3118,C-immediateCommit,Hidden-Irreversible-Shift,0.905,0.445,0.445,0.7575,0.515,0.72,0.555,0.0,144.0,6.0,0.00022525258500304249
3118,C-immediateCommit,Hidden-Reversible,0.905,0.905,0.905,1.0,1.0,0.72,0.095,0.0,144.0,6.0,0.00024805330501289204
3118,C-immediateCommit,Stable-Reversible,0.905,0.905,0.905,1.0,1.0,0.72,0.095,0.0,144.0,6.0,0.00025395851501793453
3118,C-noBranchMemory,Hidden-Irreversible,0.9,0.9,0.9,1.0,1.0,0.0,0.0,5.0,144.0,6.0,0.001678594044992632
3118,C-noBranchMemory,Hidden-Irreversible-Shift,0.9,0.9,0.9,1.0,1.0,0.0,0.0,5.0,144.0,6.0,0.0011869871749854125
3118,C-noBranchMemory,Hidden-Reversible,0.92,0.92,0.92,1.0,1.0,0.68,0.08,0.0,144.0,6.0,0.000368857320013325
3118,C-noBranchMemory,Stable-Reversible,0.92,0.92,0.92,1.0,1.0,0.68,0.08,0.0,144.0,6.0,0.000214718755003054
3118,C-noProbe,Hidden-Irreversible,0.885,0.885,0.885,1.0,1.0,0.0,0.0,0.0,144.0,6.0,0.0002489747700041805
3118,C-noProbe,Hidden-Irreversible-Shift,0.885,0.885,0.885,1.0,1.0,0.0,0.0,0.0,144.0,6.0,0.000253195690006527
3118,C-noProbe,Hidden-Reversible,0.92,0.92,0.92,1.0,1.0,0.68,0.08,0.0,144.0,6.0,0.000261473604984937
3118,C-noProbe,Stable-Reversible,0.92,0.92,0.92,1.0,1.0,0.68,0.08,0.0,144.0,6.0,0.0002616870349742785
3118,C-noReversibility,Hidden-Irreversible,0.905,0.445,0.445,0.7575,0.515,0.72,0.555,0.0,144.0,6.0,0.000230350995018349
3118,C-noReversibility,Hidden-Irreversible-Shift,0.905,0.445,0.445,0.7575,0.515,0.72,0.555,0.0,144.0,6.0,0.000226406980041198
3118,C-noReversibility,Hidden-Reversible,0.905,0.905,0.905,1.0,1.0,0.72,0.095,0.0,144.0,6.0,0.0002311158049928505
3118,C-noReversibility,Stable-Reversible,0.905,0.905,0.905,1.0,1.0,0.72,0.095,0.0,144.0,6.0,0.000219789354980501
3118,C-scalarized,Hidden-Irreversible,0.905,0.445,0.445,0.7575,0.515,0.72,0.555,0.0,144.0,6.0,0.0002446562250019655
3118,C-scalarized,Hidden-Irreversible-Shift,0.905,0.445,0.445,0.7575,0.515,0.72,0.555,0.0,144.0,6.0,0.00025374641501225
3118,C-scalarized,Hidden-Reversible,0.905,0.905,0.905,1.0,1.0,0.72,0.095,0.0,144.0,6.0,0.00024821697499641303
3118,C-scalarized,Stable-Reversible,0.905,0.905,0.905,1.0,1.0,0.72,0.095,0.0,144.0,6.0,0.0002336020400002255
3118,ChoiceMap,Hidden-Irreversible,0.98,0.845,0.845,0.98225,0.87875,0.01,0.14,2.83,144.0,6.0,0.0008309487199971476
3118,ChoiceMap,Hidden-Irreversible-Shift,0.94,0.795,0.795,0.9801354166666667,0.845,0.125,0.17,4.065,144.0,6.0,0.0014757809750153156
3118,ChoiceMap,Hidden-Reversible,0.92,0.92,0.92,1.0,1.0,0.68,0.08,0.0,144.0,6.0,0.000262292130007557
3118,ChoiceMap,Stable-Reversible,0.92,0.92,0.92,1.0,1.0,0.68,0.08,0.0,144.0,6.0,0.0002844834600181895
3118,Greedy,Hidden-Irreversible,0.92,0.47,0.47,0.7675,0.535,0.68,0.53,0.0,144.0,6.0,0.0002363689900038875
3118,Greedy,Hidden-Irreversible-Shift,0.92,0.47,0.47,0.7675,0.535,0.68,0.53,0.0,144.0,6.0,0.0002575463000084225
3118,Greedy,Hidden-Reversible,0.92,0.92,0.92,1.0,1.0,0.68,0.08,0.0,144.0,6.0,0.0002316070249980325
3118,Greedy,Stable-Reversible,0.92,0.92,0.92,1.0,1.0,0.68,0.08,0.0,144.0,6.0,0.000234316745002116
3118,OptionScalar,Hidden-Irreversible,0.905,0.445,0.445,0.7575,0.515,0.72,0.555,0.0,144.0,6.0,0.0002447864000213905
3118,OptionScalar,Hidden-Irreversible-Shift,0.905,0.445,0.445,0.7575,0.515,0.72,0.555,0.0,144.0,6.0,0.0003174365099880115
3118,OptionScalar,Hidden-Reversible,0.905,0.905,0.905,1.0,1.0,0.72,0.095,0.0,144.0,6.0,0.0002399673100102905
3118,OptionScalar,Stable-Reversible,0.905,0.905,0.905,1.0,1.0,0.72,0.095,0.0,144.0,6.0,0.0003157969149810435
3118,Search,Hidden-Irreversible,0.905,0.445,0.445,0.7575,0.515,0.72,0.555,0.0,144.0,6.0,0.0002540677300020865
3118,Search,Hidden-Irreversible-Shift,0.905,0.445,0.445,0.7575,0.515,0.72,0.555,0.0,144.0,6.0,0.00034386904999787
3118,Search,Hidden-Reversible,0.905,0.905,0.905,1.0,1.0,0.72,0.095,0.0,144.0,6.0,0.000243520794995171
3118,Search,Stable-Reversible,0.905,0.905,0.905,1.0,1.0,0.72,0.095,0.0,144.0,6.0,0.000224307415007794
3119,C-immediateCommit,Hidden-Irreversible,0.935,0.535,0.535,0.7775,0.555,0.64,0.465,0.0,144.0,6.0,0.0002253960549932775
3119,C-immediateCommit,Hidden-Irreversible-Shift,0.935,0.535,0.535,0.7775,0.555,0.64,0.465,0.0,144.0,6.0,0.00023235135502767902
3119,C-immediateCommit,Hidden-Reversible,0.935,0.935,0.935,1.0,1.0,0.64,0.065,0.0,144.0,6.0,0.0002966577249935115
3119,C-immediateCommit,Stable-Reversible,0.935,0.935,0.935,1.0,1.0,0.64,0.065,0.0,144.0,6.0,0.000234731764992326
3119,C-noBranchMemory,Hidden-Irreversible,0.865,0.865,0.865,1.0,1.0,0.0,0.0,5.0,144.0,6.0,0.001345743295023516
3119,C-noBranchMemory,Hidden-Irreversible-Shift,0.865,0.865,0.865,1.0,1.0,0.0,0.0,5.0,144.0,6.0,0.001260015719972164
3119,C-noBranchMemory,Hidden-Reversible,0.92,0.92,0.92,1.0,1.0,0.705,0.08,0.0,144.0,6.0,0.0002501614599827395
3119,C-noBranchMemory,Stable-Reversible,0.92,0.92,0.92,1.0,1.0,0.705,0.08,0.0,144.0,6.0,0.00024399476500088199
3119,C-noProbe,Hidden-Irreversible,0.905,0.905,0.905,1.0,1.0,0.0,0.0,0.0,144.0,6.0,0.0002418495449910055
3119,C-noProbe,Hidden-Irreversible-Shift,0.905,0.905,0.905,1.0,1.0,0.0,0.0,0.0,144.0,6.0,0.0002479876149959125
3119,C-noProbe,Hidden-Reversible,0.92,0.92,0.92,1.0,1.0,0.705,0.08,0.0,144.0,6.0,0.000273526965022434
3119,C-noProbe,Stable-Reversible,0.92,0.92,0.92,1.0,1.0,0.705,0.08,0.0,144.0,6.0,0.0003050843250070555
3119,C-noReversibility,Hidden-Irreversible,0.935,0.535,0.535,0.7775,0.555,0.64,0.465,0.0,144.0,6.0,0.0002329820449949225
3119,C-noReversibility,Hidden-Irreversible-Shift,0.935,0.535,0.535,0.7775,0.555,0.64,0.465,0.0,144.0,6.0,0.00022902122503178
3119,C-noReversibility,Hidden-Reversible,0.935,0.935,0.935,1.0,1.0,0.64,0.065,0.0,144.0,6.0,0.0002184387249826125
3119,C-noReversibility,Stable-Reversible,0.935,0.935,0.935,1.0,1.0,0.64,0.065,0.0,144.0,6.0,0.0002927904249804185
3119,C-scalarized,Hidden-Irreversible,0.935,0.535,0.535,0.7775,0.555,0.64,0.465,0.0,144.0,6.0,0.00023817881997497
3119,C-scalarized,Hidden-Irreversible-Shift,0.935,0.535,0.535,0.7775,0.555,0.64,0.465,0.0,144.0,6.0,0.0002252625100185905
3119,C-scalarized,Hidden-Reversible,0.935,0.935,0.935,1.0,1.0,0.64,0.065,0.0,144.0,6.0,0.0002711769349797985
3119,C-scalarized,Stable-Reversible,0.935,0.935,0.935,1.0,1.0,0.64,0.065,0.0,144.0,6.0,0.00023559860000199498
3119,ChoiceMap,Hidden-Irreversible,0.98,0.78,0.78,0.98040625,0.863125,0.035,0.21,2.82,144.0,6.0,0.0008277268399910511
3119,ChoiceMap,Hidden-Irreversible-Shift,0.945,0.8,0.8,0.9808020833333333,0.848125,0.105,0.17,3.99,144.0,6.0,0.0009921113049972006
3119,ChoiceMap,Hidden-Reversible,0.92,0.92,0.92,1.0,1.0,0.705,0.08,0.0,144.0,6.0,0.000274464594997379
3119,ChoiceMap,Stable-Reversible,0.92,0.92,0.92,1.0,1.0,0.705,0.08,0.0,144.0,6.0,0.000276843070000676
3119,Greedy,Hidden-Irreversible,0.92,0.45,0.45,0.76125,0.5225,0.705,0.55,0.0,144.0,6.0,0.000245827239984869
3119,Greedy,Hidden-Irreversible-Shift,0.92,0.45,0.45,0.76125,0.5225,0.705,0.55,0.0,144.0,6.0,0.0002257588500014605
3119,Greedy,Hidden-Reversible,0.92,0.92,0.92,1.0,1.0,0.705,0.08,0.0,144.0,6.0,0.000211931515007059
3119,Greedy,Stable-Reversible,0.92,0.92,0.92,1.0,1.0,0.705,0.08,0.0,144.0,6.0,0.000229957219994452
3119,OptionScalar,Hidden-Irreversible,0.935,0.535,0.535,0.7775,0.555,0.64,0.465,0.0,144.0,6.0,0.0002410222050070345
3119,OptionScalar,Hidden-Irreversible-Shift,0.935,0.535,0.535,0.7775,0.555,0.64,0.465,0.0,144.0,6.0,0.000234942559995897
3119,OptionScalar,Hidden-Reversible,0.935,0.935,0.935,1.0,1.0,0.64,0.065,0.0,144.0,6.0,0.00023606882000189798
3119,OptionScalar,Stable-Reversible,0.935,0.935,0.935,1.0,1.0,0.64,0.065,0.0,144.0,6.0,0.000243650534989635
3119,Search,Hidden-Irreversible,0.935,0.535,0.535,0.7775,0.555,0.64,0.465,0.0,144.0,6.0,0.0002295876649872695
3119,Search,Hidden-Irreversible-Shift,0.935,0.535,0.535,0.7775,0.555,0.64,0.465,0.0,144.0,6.0,0.000323752019992248
3119,Search,Hidden-Reversible,0.935,0.935,0.935,1.0,1.0,0.64,0.065,0.0,144.0,6.0,0.00022074606501514002
3119,Search,Stable-Reversible,0.935,0.935,0.935,1.0,1.0,0.64,0.065,0.0,144.0,6.0,0.00022663835999760102
3120,C-immediateCommit,Hidden-Irreversible,0.89,0.515,0.515,0.77375,0.5475,0.655,0.485,0.0,144.0,6.0,0.0002374334000045955
3120,C-immediateCommit,Hidden-Irreversible-Shift,0.89,0.515,0.515,0.77375,0.5475,0.655,0.485,0.0,144.0,6.0,0.0002262218099985595
3120,C-immediateCommit,Hidden-Reversible,0.89,0.89,0.89,1.0,1.0,0.655,0.11,0.0,144.0,6.0,0.00020657738000631398
3120,C-immediateCommit,Stable-Reversible,0.89,0.89,0.89,1.0,1.0,0.655,0.11,0.0,144.0,6.0,0.00022411943999936501
3120,C-noBranchMemory,Hidden-Irreversible,0.89,0.89,0.89,1.0,1.0,0.0,0.0,5.0,144.0,6.0,0.0011849993099985535
3120,C-noBranchMemory,Hidden-Irreversible-Shift,0.89,0.89,0.89,1.0,1.0,0.0,0.0,5.0,144.0,6.0,0.0011019081899825735
3120,C-noBranchMemory,Hidden-Reversible,0.885,0.885,0.885,1.0,1.0,0.69,0.115,0.0,144.0,6.0,0.00021580087996876
3120,C-noBranchMemory,Stable-Reversible,0.885,0.885,0.885,1.0,1.0,0.69,0.115,0.0,144.0,6.0,0.0002295030400204675
3120,C-noProbe,Hidden-Irreversible,0.865,0.865,0.865,1.0,1.0,0.0,0.0,0.0,144.0,6.0,0.00023479358000253798
3120,C-noProbe,Hidden-Irreversible-Shift,0.865,0.865,0.865,1.0,1.0,0.0,0.0,0.0,144.0,6.0,0.0002220465799700315
3120,C-noProbe,Hidden-Reversible,0.885,0.885,0.885,1.0,1.0,0.69,0.115,0.0,144.0,6.0,0.00023333662501494649
3120,C-noProbe,Stable-Reversible,0.885,0.885,0.885,1.0,1.0,0.69,0.115,0.0,144.0,6.0,0.0002246270299951435
3120,C-noReversibility,Hidden-Irreversible,0.89,0.515,0.515,0.77375,0.5475,0.655,0.485,0.0,144.0,6.0,0.000214787024995025
3120,C-noReversibility,Hidden-Irreversible-Shift,0.89,0.515,0.515,0.77375,0.5475,0.655,0.485,0.0,144.0,6.0,0.0002263292049860385
3120,C-noReversibility,Hidden-Reversible,0.89,0.89,0.89,1.0,1.0,0.655,0.11,0.0,144.0,6.0,0.000213576720013812
3120,C-noReversibility,Stable-Reversible,0.89,0.89,0.89,1.0,1.0,0.655,0.11,0.0,144.0,6.0,0.00021455168997358098
3120,C-scalarized,Hidden-Irreversible,0.89,0.515,0.515,0.77375,0.5475,0.655,0.485,0.0,144.0,6.0,0.0002281622199893235
3120,C-scalarized,Hidden-Irreversible-Shift,0.89,0.515,0.515,0.77375,0.5475,0.655,0.485,0.0,144.0,6.0,0.000269202725021335
3120,C-scalarized,Hidden-Reversible,0.89,0.89,0.89,1.0,1.0,0.655,0.11,0.0,144.0,6.0,0.000207726649989535
3120,C-scalarized,Stable-Reversible,0.89,0.89,0.89,1.0,1.0,0.655,0.11,0.0,144.0,6.0,0.0002935934150104395
3120,ChoiceMap,Hidden-Irreversible,0.97,0.885,0.885,0.98103125,0.87125,0.03,0.105,2.865,144.0,6.0,0.0008838935299922399
3120,ChoiceMap,Hidden-Irreversible-Shift,0.98,0.835,0.835,0.9827604166666667,0.863125,0.09,0.15,4.11,144.0,6.0,0.001137921155011505
3120,ChoiceMap,Hidden-Reversible,0.885,0.885,0.885,1.0,1.0,0.69,0.115,0.0,144.0,6.0,0.0002274549550269925
3120,ChoiceMap,Stable-Reversible,0.885,0.885,0.885,1.0,1.0,0.69,0.115,0.0,144.0,6.0,0.000222053160009587
3120,Greedy,Hidden-Irreversible,0.885,0.52,0.52,0.765,0.53,0.69,0.48,0.0,144.0,6.0,0.00022301610999870498
3120,Greedy,Hidden-Irreversible-Shift,0.885,0.52,0.52,0.765,0.53,0.69,0.48,0.0,144.0,6.0,0.0002189661050123895
3120,Greedy,Hidden-Reversible,0.885,0.885,0.885,1.0,1.0,0.69,0.115,0.0,144.0,6.0,0.00024131928999845349
3120,Greedy,Stable-Reversible,0.885,0.885,0.885,1.0,1.0,0.69,0.115,0.0,144.0,6.0,0.00020847766998708249
3120,OptionScalar,Hidden-Irreversible,0.89,0.515,0.515,0.77375,0.5475,0.655,0.485,0.0,144.0,6.0,0.0002353490749851015
3120,OptionScalar,Hidden-Irreversible-Shift,0.89,0.515,0.515,0.77375,0.5475,0.655,0.485,0.0,144.0,6.0,0.0002529445850131615
3120,OptionScalar,Hidden-Reversible,0.89,0.89,0.89,1.0,1.0,0.655,0.11,0.0,144.0,6.0,0.0002172257849974295
3120,OptionScalar,Stable-Reversible,0.89,0.89,0.89,1.0,1.0,0.655,0.11,0.0,144.0,6.0,0.000201554310001435
3120,Search,Hidden-Irreversible,0.89,0.515,0.515,0.77375,0.5475,0.655,0.485,0.0,144.0,6.0,0.00022655360499579302
3120,Search,Hidden-Irreversible-Shift,0.89,0.515,0.515,0.77375,0.5475,0.655,0.485,0.0,144.0,6.0,0.00024070667999917048
3120,Search,Hidden-Reversible,0.89,0.89,0.89,1.0,1.0,0.655,0.11,0.0,144.0,6.0,0.0002302762750172835
3120,Search,Stable-Reversible,0.89,0.89,0.89,1.0,1.0,0.655,0.11,0.0,144.0,6.0,0.000224690090008103
3121,C-immediateCommit,Hidden-Irreversible,0.9,0.555,0.555,0.77375,0.5475,0.655,0.445,0.0,144.0,6.0,0.00021611716999354598
3121,C-immediateCommit,Hidden-Irreversible-Shift,0.9,0.555,0.555,0.77375,0.5475,0.655,0.445,0.0,144.0,6.0,0.0002165899500004755
3121,C-immediateCommit,Hidden-Reversible,0.9,0.9,0.9,1.0,1.0,0.655,0.1,0.0,144.0,6.0,0.00021122558999644902
3121,C-immediateCommit,Stable-Reversible,0.9,0.9,0.9,1.0,1.0,0.655,0.1,0.0,144.0,6.0,0.0002094998900019555
3121,C-noBranchMemory,Hidden-Irreversible,0.88,0.88,0.88,1.0,1.0,0.0,0.0,5.0,144.0,6.0,0.001288606969992494
3121,C-noBranchMemory,Hidden-Irreversible-Shift,0.88,0.88,0.88,1.0,1.0,0.0,0.0,5.0,144.0,6.0,0.001186568800005666
3121,C-noBranchMemory,Hidden-Reversible,0.905,0.905,0.905,1.0,1.0,0.695,0.095,0.0,144.0,6.0,0.000274343169976371
3121,C-noBranchMemory,Stable-Reversible,0.905,0.905,0.905,1.0,1.0,0.695,0.095,0.0,144.0,6.0,0.00021994304501044899
3121,C-noProbe,Hidden-Irreversible,0.885,0.885,0.885,1.0,1.0,0.0,0.0,0.0,144.0,6.0,0.00032894612498234104
3121,C-noProbe,Hidden-Irreversible-Shift,0.885,0.885,0.885,1.0,1.0,0.0,0.0,0.0,144.0,6.0,0.000250911470013714
3121,C-noProbe,Hidden-Reversible,0.905,0.905,0.905,1.0,1.0,0.695,0.095,0.0,144.0,6.0,0.000318524689998812
3121,C-noProbe,Stable-Reversible,0.905,0.905,0.905,1.0,1.0,0.695,0.095,0.0,144.0,6.0,0.00023008709501477298
3121,C-noReversibility,Hidden-Irreversible,0.9,0.555,0.555,0.77375,0.5475,0.655,0.445,0.0,144.0,6.0,0.000238510745007207
3121,C-noReversibility,Hidden-Irreversible-Shift,0.9,0.555,0.555,0.77375,0.5475,0.655,0.445,0.0,144.0,6.0,0.0003831504599951975
3121,C-noReversibility,Hidden-Reversible,0.9,0.9,0.9,1.0,1.0,0.655,0.1,0.0,144.0,6.0,0.000305045900020055
3121,C-noReversibility,Stable-Reversible,0.9,0.9,0.9,1.0,1.0,0.655,0.1,0.0,144.0,6.0,0.000201858275006493
3121,C-scalarized,Hidden-Irreversible,0.9,0.555,0.555,0.77375,0.5475,0.655,0.445,0.0,144.0,6.0,0.0002772223450141995
3121,C-scalarized,Hidden-Irreversible-Shift,0.9,0.555,0.555,0.77375,0.5475,0.655,0.445,0.0,144.0,6.0,0.0002362361699919745
3121,C-scalarized,Hidden-Reversible,0.9,0.9,0.9,1.0,1.0,0.655,0.1,0.0,144.0,6.0,0.0002079674549917755
3121,C-scalarized,Stable-Reversible,0.9,0.9,0.9,1.0,1.0,0.655,0.1,0.0,144.0,6.0,0.0002260306349898615
3121,ChoiceMap,Hidden-Irreversible,0.965,0.88,0.88,0.9838541666666667,0.889375,0.0,0.105,2.925,144.0,6.0,0.0008498403099951685
3121,ChoiceMap,Hidden-Irreversible-Shift,0.96,0.825,0.825,0.9803333333333333,0.845625,0.12,0.15,4.085,144.0,6.0,0.0010650395749962134
3121,ChoiceMap,Hidden-Reversible,0.905,0.905,0.905,1.0,1.0,0.695,0.095,0.0,144.0,6.0,0.0002805837399909665
3121,ChoiceMap,Stable-Reversible,0.905,0.905,0.905,1.0,1.0,0.695,0.095,0.0,144.0,6.0,0.00023222293501016448
3121,Greedy,Hidden-Irreversible,0.905,0.485,0.485,0.76375,0.5275,0.695,0.515,0.0,144.0,6.0,0.0002367408450049395
3121,Greedy,Hidden-Irreversible-Shift,0.905,0.485,0.485,0.76375,0.5275,0.695,0.515,0.0,144.0,6.0,0.00021738645499903652
3121,Greedy,Hidden-Reversible,0.905,0.905,0.905,1.0,1.0,0.695,0.095,0.0,144.0,6.0,0.000216989450000203
3121,Greedy,Stable-Reversible,0.905,0.905,0.905,1.0,1.0,0.695,0.095,0.0,144.0,6.0,0.000216003379998659
3121,OptionScalar,Hidden-Irreversible,0.9,0.555,0.555,0.77375,0.5475,0.655,0.445,0.0,144.0,6.0,0.0002258312950015755
3121,OptionScalar,Hidden-Irreversible-Shift,0.9,0.555,0.555,0.77375,0.5475,0.655,0.445,0.0,144.0,6.0,0.00022729547000603398
3121,OptionScalar,Hidden-Reversible,0.9,0.9,0.9,1.0,1.0,0.655,0.1,0.0,144.0,6.0,0.000223607520028913
3121,OptionScalar,Stable-Reversible,0.9,0.9,0.9,1.0,1.0,0.655,0.1,0.0,144.0,6.0,0.0002477954750178875
3121,Search,Hidden-Irreversible,0.9,0.555,0.555,0.77375,0.5475,0.655,0.445,0.0,144.0,6.0,0.00024190276501253152
3121,Search,Hidden-Irreversible-Shift,0.9,0.555,0.555,0.77375,0.5475,0.655,0.445,0.0,144.0,6.0,0.0002539694750407235
3121,Search,Hidden-Reversible,0.9,0.9,0.9,1.0,1.0,0.655,0.1,0.0,144.0,6.0,0.0002216259400028745
3121,Search,Stable-Reversible,0.9,0.9,0.9,1.0,1.0,0.655,0.1,0.0,144.0,6.0,0.0002690643250047695
3122,C-immediateCommit,Hidden-Irreversible,0.905,0.505,0.505,0.7625,0.525,0.7,0.495,0.0,144.0,6.0,0.000292727114992834
3122,C-immediateCommit,Hidden-Irreversible-Shift,0.905,0.505,0.505,0.7625,0.525,0.7,0.495,0.0,144.0,6.0,0.000260322160038361
3122,C-immediateCommit,Hidden-Reversible,0.905,0.905,0.905,1.0,1.0,0.7,0.095,0.0,144.0,6.0,0.0002158738100092215
3122,C-immediateCommit,Stable-Reversible,0.905,0.905,0.905,1.0,1.0,0.7,0.095,0.0,144.0,6.0,0.00024750647999093647
3122,C-noBranchMemory,Hidden-Irreversible,0.91,0.91,0.91,1.0,1.0,0.0,0.0,5.0,144.0,6.0,0.001225788824988235
3122,C-noBranchMemory,Hidden-Irreversible-Shift,0.91,0.91,0.91,1.0,1.0,0.0,0.0,5.0,144.0,6.0,0.0014071772449983175
3122,C-noBranchMemory,Hidden-Reversible,0.88,0.88,0.88,1.0,1.0,0.655,0.12,0.0,144.0,6.0,0.0002305613449993395
3122,C-noBranchMemory,Stable-Reversible,0.88,0.88,0.88,1.0,1.0,0.655,0.12,0.0,144.0,6.0,0.0003739461350118705
3122,C-noProbe,Hidden-Irreversible,0.875,0.875,0.875,1.0,1.0,0.0,0.0,0.0,144.0,6.0,0.000241073169984196
3122,C-noProbe,Hidden-Irreversible-Shift,0.875,0.875,0.875,1.0,1.0,0.0,0.0,0.0,144.0,6.0,0.000233764774979997
3122,C-noProbe,Hidden-Reversible,0.88,0.88,0.88,1.0,1.0,0.655,0.12,0.0,144.0,6.0,0.000221877284993704
3122,C-noProbe,Stable-Reversible,0.88,0.88,0.88,1.0,1.0,0.655,0.12,0.0,144.0,6.0,0.0002329369000153265
3122,C-noReversibility,Hidden-Irreversible,0.905,0.505,0.505,0.7625,0.525,0.7,0.495,0.0,144.0,6.0,0.00023829133499016
3122,C-noReversibility,Hidden-Irreversible-Shift,0.905,0.505,0.505,0.7625,0.525,0.7,0.495,0.0,144.0,6.0,0.000223121714980101
3122,C-noReversibility,Hidden-Reversible,0.905,0.905,0.905,1.0,1.0,0.7,0.095,0.0,144.0,6.0,0.000272082275007453
3122,C-noReversibility,Stable-Reversible,0.905,0.905,0.905,1.0,1.0,0.7,0.095,0.0,144.0,6.0,0.000221067580007407
3122,C-scalarized,Hidden-Irreversible,0.905,0.505,0.505,0.7625,0.525,0.7,0.495,0.0,144.0,6.0,0.0003076622450066185
3122,C-scalarized,Hidden-Irreversible-Shift,0.905,0.505,0.505,0.7625,0.525,0.7,0.495,0.0,144.0,6.0,0.000245085059989329
3122,C-scalarized,Hidden-Reversible,0.905,0.905,0.905,1.0,1.0,0.7,0.095,0.0,144.0,6.0,0.0002338577350087195
3122,C-scalarized,Stable-Reversible,0.905,0.905,0.905,1.0,1.0,0.7,0.095,0.0,144.0,6.0,0.00024802961998370303
3122,ChoiceMap,Hidden-Irreversible,0.97,0.83,0.83,0.9794062499999999,0.854375,0.055,0.165,2.87,144.0,6.0,0.0008082148500124644
3122,ChoiceMap,Hidden-Irreversible-Shift,0.97,0.845,0.845,0.9805625,0.844375,0.11,0.135,3.975,144.0,6.0,0.0009873626499961074
3122,ChoiceMap,Hidden-Reversible,0.88,0.88,0.88,1.0,1.0,0.655,0.12,0.0,144.0,6.0,0.0002245375549977715
3122,ChoiceMap,Stable-Reversible,0.88,0.88,0.88,1.0,1.0,0.655,0.12,0.0,144.0,6.0,0.0002422492600021045
3122,Greedy,Hidden-Irreversible,0.88,0.48,0.48,0.77375,0.5475,0.655,0.52,0.0,144.0,6.0,0.00032002990498990246
3122,Greedy,Hidden-Irreversible-Shift,0.88,0.48,0.48,0.77375,0.5475,0.655,0.52,0.0,144.0,6.0,0.00023262232498604652
3122,Greedy,Hidden-Reversible,0.88,0.88,0.88,1.0,1.0,0.655,0.12,0.0,144.0,6.0,0.00031403354500065997
3122,Greedy,Stable-Reversible,0.88,0.88,0.88,1.0,1.0,0.655,0.12,0.0,144.0,6.0,0.000226024430014554
3122,OptionScalar,Hidden-Irreversible,0.905,0.505,0.505,0.7625,0.525,0.7,0.495,0.0,144.0,6.0,0.00027820498998830704
3122,OptionScalar,Hidden-Irreversible-Shift,0.905,0.505,0.505,0.7625,0.525,0.7,0.495,0.0,144.0,6.0,0.0002134926049574865
3122,OptionScalar,Hidden-Reversible,0.905,0.905,0.905,1.0,1.0,0.7,0.095,0.0,144.0,6.0,0.000260002094987564
3122,OptionScalar,Stable-Reversible,0.905,0.905,0.905,1.0,1.0,0.7,0.095,0.0,144.0,6.0,0.00021303063000226998
3122,Search,Hidden-Irreversible,0.905,0.505,0.505,0.7625,0.525,0.7,0.495,0.0,144.0,6.0,0.0002490239650000575
3122,Search,Hidden-Irreversible-Shift,0.905,0.505,0.505,0.7625,0.525,0.7,0.495,0.0,144.0,6.0,0.00021160319996392453
3122,Search,Hidden-Reversible,0.905,0.905,0.905,1.0,1.0,0.7,0.095,0.0,144.0,6.0,0.0002553643550026615
3122,Search,Stable-Reversible,0.905,0.905,0.905,1.0,1.0,0.7,0.095,0.0,144.0,6.0,0.0002188968150175645
3123,C-immediateCommit,Hidden-Irreversible,0.885,0.435,0.435,0.75125,0.5025,0.745,0.565,0.0,144.0,6.0,0.00023237856003101398
3123,C-immediateCommit,Hidden-Irreversible-Shift,0.885,0.435,0.435,0.75125,0.5025,0.745,0.565,0.0,144.0,6.0,0.0002147152500219325
3123,C-immediateCommit,Hidden-Reversible,0.885,0.885,0.885,1.0,1.0,0.745,0.115,0.0,144.0,6.0,0.000211101940005797
3123,C-immediateCommit,Stable-Reversible,0.885,0.885,0.885,1.0,1.0,0.745,0.115,0.0,144.0,6.0,0.00022753280499950652
3123,C-noBranchMemory,Hidden-Irreversible,0.87,0.87,0.87,1.0,1.0,0.0,0.0,5.0,144.0,6.0,0.0011534248549878116
3123,C-noBranchMemory,Hidden-Irreversible-Shift,0.87,0.87,0.87,1.0,1.0,0.0,0.0,5.0,144.0,6.0,0.0013261265350001362
3123,C-noBranchMemory,Hidden-Reversible,0.905,0.905,0.905,1.0,1.0,0.605,0.095,0.0,144.0,6.0,0.000255429255007534
3123,C-noBranchMemory,Stable-Reversible,0.905,0.905,0.905,1.0,1.0,0.605,0.095,0.0,144.0,6.0,0.000240206135013018
3123,C-noProbe,Hidden-Irreversible,0.865,0.865,0.865,1.0,1.0,0.0,0.0,0.0,144.0,6.0,0.000241591650021698
3123,C-noProbe,Hidden-Irreversible-Shift,0.865,0.865,0.865,1.0,1.0,0.0,0.0,0.0,144.0,6.0,0.0002350312550219735
3123,C-noProbe,Hidden-Reversible,0.905,0.905,0.905,1.0,1.0,0.605,0.095,0.0,144.0,6.0,0.000273690790015686
3123,C-noProbe,Stable-Reversible,0.905,0.905,0.905,1.0,1.0,0.605,0.095,0.0,144.0,6.0,0.000243244859989271
3123,C-noReversibility,Hidden-Irreversible,0.885,0.435,0.435,0.75125,0.5025,0.745,0.565,0.0,144.0,6.0,0.000234859049990014
3123,C-noReversibility,Hidden-Irreversible-Shift,0.885,0.435,0.435,0.75125,0.5025,0.745,0.565,0.0,144.0,6.0,0.0002348533249937125
3123,C-noReversibility,Hidden-Reversible,0.885,0.885,0.885,1.0,1.0,0.745,0.115,0.0,144.0,6.0,0.0002473067550021775
3123,C-noReversibility,Stable-Reversible,0.885,0.885,0.885,1.0,1.0,0.745,0.115,0.0,144.0,6.0,0.000233035940009307
3123,C-scalarized,Hidden-Irreversible,0.885,0.435,0.435,0.75125,0.5025,0.745,0.565,0.0,144.0,6.0,0.000257894289986733
3123,C-scalarized,Hidden-Irreversible-Shift,0.885,0.435,0.435,0.75125,0.5025,0.745,0.565,0.0,144.0,6.0,0.000230004580018831
3123,C-scalarized,Hidden-Reversible,0.885,0.885,0.885,1.0,1.0,0.745,0.115,0.0,144.0,6.0,0.0002161035550011045
3123,C-scalarized,Stable-Reversible,0.885,0.885,0.885,1.0,1.0,0.745,0.115,0.0,144.0,6.0,0.000262513749992144
3123,ChoiceMap,Hidden-Irreversible,0.98,0.84,0.84,0.9798645833333333,0.861875,0.045,0.145,2.86,144.0,6.0,0.0009832536950033894
3123,ChoiceMap,Hidden-Irreversible-Shift,0.96,0.875,0.875,0.9812083333333333,0.848125,0.105,0.1,4.085,144.0,6.0,0.001135375780011094
3123,ChoiceMap,Hidden-Reversible,0.905,0.905,0.905,1.0,1.0,0.605,0.095,0.0,144.0,6.0,0.0002347609149978265
3123,ChoiceMap,Stable-Reversible,0.905,0.905,0.905,1.0,1.0,0.605,0.095,0.0,144.0,6.0,0.000243665475008992
3123,Greedy,Hidden-Irreversible,0.905,0.55,0.55,0.78625,0.5725,0.605,0.45,0.0,144.0,6.0,0.0002455229600172485
3123,Greedy,Hidden-Irreversible-Shift,0.905,0.55,0.55,0.78625,0.5725,0.605,0.45,0.0,144.0,6.0,0.000314512100007904
3123,Greedy,Hidden-Reversible,0.905,0.905,0.905,1.0,1.0,0.605,0.095,0.0,144.0,6.0,0.0002724600849978245
3123,Greedy,Stable-Reversible,0.905,0.905,0.905,1.0,1.0,0.605,0.095,0.0,144.0,6.0,0.000223525940009445
3123,OptionScalar,Hidden-Irreversible,0.885,0.435,0.435,0.75125,0.5025,0.745,0.565,0.0,144.0,6.0,0.00027623411999452103
3123,OptionScalar,Hidden-Irreversible-Shift,0.885,0.435,0.435,0.75125,0.5025,0.745,0.565,0.0,144.0,6.0,0.0002891233899822005
3123,OptionScalar,Hidden-Reversible,0.885,0.885,0.885,1.0,1.0,0.745,0.115,0.0,144.0,6.0,0.000226389765002703
3123,OptionScalar,Stable-Reversible,0.885,0.885,0.885,1.0,1.0,0.745,0.115,0.0,144.0,6.0,0.0002313003499988945
3123,Search,Hidden-Irreversible,0.885,0.435,0.435,0.75125,0.5025,0.745,0.565,0.0,144.0,6.0,0.000248213809973043
3123,Search,Hidden-Irreversible-Shift,0.885,0.435,0.435,0.75125,0.5025,0.745,0.565,0.0,144.0,6.0,0.00028257275001801246
3123,Search,Hidden-Reversible,0.885,0.885,0.885,1.0,1.0,0.745,0.115,0.0,144.0,6.0,0.00025336710498545154
3123,Search,Stable-Reversible,0.885,0.885,0.885,1.0,1.0,0.745,0.115,0.0,144.0,6.0,0.00021214656001343149
3124,C-immediateCommit,Hidden-Irreversible,0.905,0.435,0.435,0.76375,0.5275,0.695,0.565,0.0,144.0,6.0,0.0002434308650048905
3124,C-immediateCommit,Hidden-Irreversible-Shift,0.905,0.435,0.435,0.76375,0.5275,0.695,0.565,0.0,144.0,6.0,0.000235889519994954
3124,C-immediateCommit,Hidden-Reversible,0.905,0.905,0.905,1.0,1.0,0.695,0.095,0.0,144.0,6.0,0.00022982238500384952
3124,C-immediateCommit,Stable-Reversible,0.905,0.905,0.905,1.0,1.0,0.695,0.095,0.0,144.0,6.0,0.00023622428499943198
3124,C-noBranchMemory,Hidden-Irreversible,0.91,0.91,0.91,1.0,1.0,0.0,0.0,5.0,144.0,6.0,0.0012536613499968974
3124,C-noBranchMemory,Hidden-Irreversible-Shift,0.91,0.91,0.91,1.0,1.0,0.0,0.0,5.0,144.0,6.0,0.0012366883600156526
3124,C-noBranchMemory,Hidden-Reversible,0.905,0.905,0.905,1.0,1.0,0.665,0.095,0.0,144.0,6.0,0.0002501265250088555
3124,C-noBranchMemory,Stable-Reversible,0.905,0.905,0.905,1.0,1.0,0.665,0.095,0.0,144.0,6.0,0.0002468244699820785
3124,C-noProbe,Hidden-Irreversible,0.88,0.88,0.88,1.0,1.0,0.0,0.0,0.0,144.0,6.0,0.000249657924987279
3124,C-noProbe,Hidden-Irreversible-Shift,0.88,0.88,0.88,1.0,1.0,0.0,0.0,0.0,144.0,6.0,0.00033662087501393104
3124,C-noProbe,Hidden-Reversible,0.905,0.905,0.905,1.0,1.0,0.665,0.095,0.0,144.0,6.0,0.0002966185099944085
3124,C-noProbe,Stable-Reversible,0.905,0.905,0.905,1.0,1.0,0.665,0.095,0.0,144.0,6.0,0.0002328908749950165
3124,C-noReversibility,Hidden-Irreversible,0.905,0.435,0.435,0.76375,0.5275,0.695,0.565,0.0,144.0,6.0,0.00023729948997465298
3124,C-noReversibility,Hidden-Irreversible-Shift,0.905,0.435,0.435,0.76375,0.5275,0.695,0.565,0.0,144.0,6.0,0.00024736731501201497
3124,C-noReversibility,Hidden-Reversible,0.905,0.905,0.905,1.0,1.0,0.695,0.095,0.0,144.0,6.0,0.0002227259550044845
3124,C-noReversibility,Stable-Reversible,0.905,0.905,0.905,1.0,1.0,0.695,0.095,0.0,144.0,6.0,0.00022344089000848302
3124,C-scalarized,Hidden-Irreversible,0.905,0.435,0.435,0.76375,0.5275,0.695,0.565,0.0,144.0,6.0,0.000251789020001019
3124,C-scalarized,Hidden-Irreversible-Shift,0.905,0.435,0.435,0.76375,0.5275,0.695,0.565,0.0,144.0,6.0,0.00022871043499430698
3124,C-scalarized,Hidden-Reversible,0.905,0.905,0.905,1.0,1.0,0.695,0.095,0.0,144.0,6.0,0.0002388511050093695
3124,C-scalarized,Stable-Reversible,0.905,0.905,0.905,1.0,1.0,0.695,0.095,0.0,144.0,6.0,0.0002387195449977695
3124,ChoiceMap,Hidden-Irreversible,0.98,0.83,0.83,0.9807708333333334,0.8675,0.04,0.165,2.92,144.0,6.0,0.0008424056650027935
3124,ChoiceMap,Hidden-Irreversible-Shift,0.96,0.87,0.87,0.9803125,0.845625,0.11,0.115,4.065,144.0,6.0,0.0010818079649811295
3124,ChoiceMap,Hidden-Reversible,0.905,0.905,0.905,1.0,1.0,0.665,0.095,0.0,144.0,6.0,0.0002489965049789545
3124,ChoiceMap,Stable-Reversible,0.905,0.905,0.905,1.0,1.0,0.665,0.095,0.0,144.0,6.0,0.00024159574498748549
3124,Greedy,Hidden-Irreversible,0.905,0.485,0.485,0.77125,0.5425,0.665,0.515,0.0,144.0,6.0,0.0002502607399969255
3124,Greedy,Hidden-Irreversible-Shift,0.905,0.485,0.485,0.77125,0.5425,0.665,0.515,0.0,144.0,6.0,0.0002227047599967125
3124,Greedy,Hidden-Reversible,0.905,0.905,0.905,1.0,1.0,0.665,0.095,0.0,144.0,6.0,0.00022928929002086302
3124,Greedy,Stable-Reversible,0.905,0.905,0.905,1.0,1.0,0.665,0.095,0.0,144.0,6.0,0.00031459152498877795
3124,OptionScalar,Hidden-Irreversible,0.905,0.435,0.435,0.76375,0.5275,0.695,0.565,0.0,144.0,6.0,0.000219472755015836
3124,OptionScalar,Hidden-Irreversible-Shift,0.905,0.435,0.435,0.76375,0.5275,0.695,0.565,0.0,144.0,6.0,0.0002212075100305315
3124,OptionScalar,Hidden-Reversible,0.905,0.905,0.905,1.0,1.0,0.695,0.095,0.0,144.0,6.0,0.000238807340001535
3124,OptionScalar,Stable-Reversible,0.905,0.905,0.905,1.0,1.0,0.695,0.095,0.0,144.0,6.0,0.000242571704975444
3124,Search,Hidden-Irreversible,0.905,0.435,0.435,0.76375,0.5275,0.695,0.565,0.0,144.0,6.0,0.00024038154501562902
3124,Search,Hidden-Irreversible-Shift,0.905,0.435,0.435,0.76375,0.5275,0.695,0.565,0.0,144.0,6.0,0.00021857490498173053
3124,Search,Hidden-Reversible,0.905,0.905,0.905,1.0,1.0,0.695,0.095,0.0,144.0,6.0,0.00022139640000427602
3124,Search,Stable-Reversible,0.905,0.905,0.905,1.0,1.0,0.695,0.095,0.0,144.0,6.0,0.000224420645017693
3125,C-immediateCommit,Hidden-Irreversible,0.91,0.5,0.5,0.7525,0.505,0.74,0.5,0.0,144.0,6.0,0.00023241514998966698
3125,C-immediateCommit,Hidden-Irreversible-Shift,0.91,0.5,0.5,0.7525,0.505,0.74,0.5,0.0,144.0,6.0,0.00023980084000408902
3125,C-immediateCommit,Hidden-Reversible,0.91,0.91,0.91,1.0,1.0,0.74,0.09,0.0,144.0,6.0,0.0002104864349939335
3125,C-immediateCommit,Stable-Reversible,0.91,0.91,0.91,1.0,1.0,0.74,0.09,0.0,144.0,6.0,0.0002009122649723835
3125,C-noBranchMemory,Hidden-Irreversible,0.855,0.855,0.855,1.0,1.0,0.0,0.0,5.0,144.0,6.0,0.0013895762249876015
3125,C-noBranchMemory,Hidden-Irreversible-Shift,0.855,0.855,0.855,1.0,1.0,0.0,0.0,5.0,144.0,6.0,0.0013824667999824181
3125,C-noBranchMemory,Hidden-Reversible,0.91,0.91,0.91,1.0,1.0,0.69,0.09,0.0,144.0,6.0,0.000234339660009888
3125,C-noBranchMemory,Stable-Reversible,0.91,0.91,0.91,1.0,1.0,0.69,0.09,0.0,144.0,6.0,0.00022889565998406852
3125,C-noProbe,Hidden-Irreversible,0.88,0.88,0.88,1.0,1.0,0.0,0.0,0.0,144.0,6.0,0.0002315689199712765
3125,C-noProbe,Hidden-Irreversible-Shift,0.88,0.88,0.88,1.0,1.0,0.0,0.0,0.0,144.0,6.0,0.00023450564500758
3125,C-noProbe,Hidden-Reversible,0.91,0.91,0.91,1.0,1.0,0.69,0.09,0.0,144.0,6.0,0.00023590662500732148
3125,C-noProbe,Stable-Reversible,0.91,0.91,0.91,1.0,1.0,0.69,0.09,0.0,144.0,6.0,0.0003438809999851815
3125,C-noReversibility,Hidden-Irreversible,0.91,0.5,0.5,0.7525,0.505,0.74,0.5,0.0,144.0,6.0,0.00024055186501295198
3125,C-noReversibility,Hidden-Irreversible-Shift,0.91,0.5,0.5,0.7525,0.505,0.74,0.5,0.0,144.0,6.0,0.0002360211350241565
3125,C-noReversibility,Hidden-Reversible,0.91,0.91,0.91,1.0,1.0,0.74,0.09,0.0,144.0,6.0,0.0002433963499879075
3125,C-noReversibility,Stable-Reversible,0.91,0.91,0.91,1.0,1.0,0.74,0.09,0.0,144.0,6.0,0.000223945679992942
3125,C-scalarized,Hidden-Irreversible,0.91,0.5,0.5,0.7525,0.505,0.74,0.5,0.0,144.0,6.0,0.0002308001099981475
3125,C-scalarized,Hidden-Irreversible-Shift,0.91,0.5,0.5,0.7525,0.505,0.74,0.5,0.0,144.0,6.0,0.0002615720199923485
3125,C-scalarized,Hidden-Reversible,0.91,0.91,0.91,1.0,1.0,0.74,0.09,0.0,144.0,6.0,0.0003009141549977785
3125,C-scalarized,Stable-Reversible,0.91,0.91,0.91,1.0,1.0,0.74,0.09,0.0,144.0,6.0,0.000224686354988483
3125,ChoiceMap,Hidden-Irreversible,0.955,0.845,0.845,0.9821875,0.878125,0.02,0.115,2.895,144.0,6.0,0.0008137579649746294
3125,ChoiceMap,Hidden-Irreversible-Shift,0.92,0.79,0.79,0.9795,0.839375,0.125,0.155,4.085,144.0,6.0,0.0011674911550039226
3125,ChoiceMap,Hidden-Reversible,0.91,0.91,0.91,1.0,1.0,0.69,0.09,0.0,144.0,6.0,0.0002214429800005235
3125,ChoiceMap,Stable-Reversible,0.91,0.91,0.91,1.0,1.0,0.69,0.09,0.0,144.0,6.0,0.00036244638000193703
3125,Greedy,Hidden-Irreversible,0.91,0.465,0.465,0.765,0.53,0.69,0.535,0.0,144.0,6.0,0.0002261825999789295
3125,Greedy,Hidden-Irreversible-Shift,0.91,0.465,0.465,0.765,0.53,0.69,0.535,0.0,144.0,6.0,0.0002593657849956275
3125,Greedy,Hidden-Reversible,0.91,0.91,0.91,1.0,1.0,0.69,0.09,0.0,144.0,6.0,0.00021595935000045152
3125,Greedy,Stable-Reversible,0.91,0.91,0.91,1.0,1.0,0.69,0.09,0.0,144.0,6.0,0.000246420279981928
3125,OptionScalar,Hidden-Irreversible,0.91,0.5,0.5,0.7525,0.505,0.74,0.5,0.0,144.0,6.0,0.0002537594950058015
3125,OptionScalar,Hidden-Irreversible-Shift,0.91,0.5,0.5,0.7525,0.505,0.74,0.5,0.0,144.0,6.0,0.0002836714249928695
3125,OptionScalar,Hidden-Reversible,0.91,0.91,0.91,1.0,1.0,0.74,0.09,0.0,144.0,6.0,0.00021205403001426902
3125,OptionScalar,Stable-Reversible,0.91,0.91,0.91,1.0,1.0,0.74,0.09,0.0,144.0,6.0,0.0002789171900075835
3125,Search,Hidden-Irreversible,0.91,0.5,0.5,0.7525,0.505,0.74,0.5,0.0,144.0,6.0,0.0002495750800062045
3125,Search,Hidden-Irreversible-Shift,0.91,0.5,0.5,0.7525,0.505,0.74,0.5,0.0,144.0,6.0,0.0002674600149975455
3125,Search,Hidden-Reversible,0.91,0.91,0.91,1.0,1.0,0.74,0.09,0.0,144.0,6.0,0.00021882842999724952
3125,Search,Stable-Reversible,0.91,0.91,0.91,1.0,1.0,0.74,0.09,0.0,144.0,6.0,0.0002714028899935745
3126,C-immediateCommit,Hidden-Irreversible,0.885,0.48,0.48,0.77,0.54,0.67,0.52,0.0,144.0,6.0,0.000271656785002912
3126,C-immediateCommit,Hidden-Irreversible-Shift,0.885,0.48,0.48,0.77,0.54,0.67,0.52,0.0,144.0,6.0,0.000288457910019084
3126,C-immediateCommit,Hidden-Reversible,0.885,0.885,0.885,1.0,1.0,0.67,0.115,0.0,144.0,6.0,0.0002183307999916395
3126,C-immediateCommit,Stable-Reversible,0.885,0.885,0.885,1.0,1.0,0.67,0.115,0.0,144.0,6.0,0.000249714475016792
3126,C-noBranchMemory,Hidden-Irreversible,0.885,0.885,0.885,1.0,1.0,0.0,0.0,5.0,144.0,6.0,0.001200274915020093
3126,C-noBranchMemory,Hidden-Irreversible-Shift,0.885,0.885,0.885,1.0,1.0,0.0,0.0,5.0,144.0,6.0,0.0012108693999698045
3126,C-noBranchMemory,Hidden-Reversible,0.86,0.86,0.86,1.0,1.0,0.675,0.14,0.0,144.0,6.0,0.000247785599994993
3126,C-noBranchMemory,Stable-Reversible,0.86,0.86,0.86,1.0,1.0,0.675,0.14,0.0,144.0,6.0,0.0004082308500050555
3126,C-noProbe,Hidden-Irreversible,0.865,0.865,0.865,1.0,1.0,0.0,0.0,0.0,144.0,6.0,0.000245520209991759
3126,C-noProbe,Hidden-Irreversible-Shift,0.865,0.865,0.865,1.0,1.0,0.0,0.0,0.0,144.0,6.0,0.0002953656700037275
3126,C-noProbe,Hidden-Reversible,0.86,0.86,0.86,1.0,1.0,0.675,0.14,0.0,144.0,6.0,0.0002486174049749415
3126,C-noProbe,Stable-Reversible,0.86,0.86,0.86,1.0,1.0,0.675,0.14,0.0,144.0,6.0,0.000341166959999502
3126,C-noReversibility,Hidden-Irreversible,0.885,0.48,0.48,0.77,0.54,0.67,0.52,0.0,144.0,6.0,0.000237056369992337
3126,C-noReversibility,Hidden-Irreversible-Shift,0.885,0.48,0.48,0.77,0.54,0.67,0.52,0.0,144.0,6.0,0.000238649174991627
3126,C-noReversibility,Hidden-Reversible,0.885,0.885,0.885,1.0,1.0,0.67,0.115,0.0,144.0,6.0,0.000237492865003282
3126,C-noReversibility,Stable-Reversible,0.885,0.885,0.885,1.0,1.0,0.67,0.115,0.0,144.0,6.0,0.0003144949500028325
3126,C-scalarized,Hidden-Irreversible,0.885,0.48,0.48,0.77,0.54,0.67,0.52,0.0,144.0,6.0,0.000258846370006674
3126,C-scalarized,Hidden-Irreversible-Shift,0.885,0.48,0.48,0.77,0.54,0.67,0.52,0.0,144.0,6.0,0.00023323211002884497
3126,C-scalarized,Hidden-Reversible,0.885,0.885,0.885,1.0,1.0,0.67,0.115,0.0,144.0,6.0,0.00026118816999082446
3126,C-scalarized,Stable-Reversible,0.885,0.885,0.885,1.0,1.0,0.67,0.115,0.0,144.0,6.0,0.000246039135038198
3126,ChoiceMap,Hidden-Irreversible,0.965,0.82,0.82,0.98053125,0.865,0.04,0.17,2.965,144.0,6.0,0.000857953955007765
3126,ChoiceMap,Hidden-Irreversible-Shift,0.95,0.79,0.79,0.9801666666666666,0.85,0.11,0.185,3.99,144.0,6.0,0.0011103288850039905
3126,ChoiceMap,Hidden-Reversible,0.86,0.86,0.86,1.0,1.0,0.675,0.14,0.0,144.0,6.0,0.00024218862999982198
3126,ChoiceMap,Stable-Reversible,0.86,0.86,0.86,1.0,1.0,0.675,0.14,0.0,144.0,6.0,0.000257403620025752
3126,Greedy,Hidden-Irreversible,0.86,0.48,0.48,0.76875,0.5375,0.675,0.52,0.0,144.0,6.0,0.000230567635010122
3126,Greedy,Hidden-Irreversible-Shift,0.86,0.48,0.48,0.76875,0.5375,0.675,0.52,0.0,144.0,6.0,0.0003058180899915415
3126,Greedy,Hidden-Reversible,0.86,0.86,0.86,1.0,1.0,0.675,0.14,0.0,144.0,6.0,0.00023544373499130098
3126,Greedy,Stable-Reversible,0.86,0.86,0.86,1.0,1.0,0.675,0.14,0.0,144.0,6.0,0.000234463704994092
3126,OptionScalar,Hidden-Irreversible,0.885,0.48,0.48,0.77,0.54,0.67,0.52,0.0,144.0,6.0,0.00025782396999142953
3126,OptionScalar,Hidden-Irreversible-Shift,0.885,0.48,0.48,0.77,0.54,0.67,0.52,0.0,144.0,6.0,0.000244530975014588
3126,OptionScalar,Hidden-Reversible,0.885,0.885,0.885,1.0,1.0,0.67,0.115,0.0,144.0,6.0,0.0002286369650141245
3126,OptionScalar,Stable-Reversible,0.885,0.885,0.885,1.0,1.0,0.67,0.115,0.0,144.0,6.0,0.000220091629992064
3126,Search,Hidden-Irreversible,0.885,0.48,0.48,0.77,0.54,0.67,0.52,0.0,144.0,6.0,0.00031788274001650995
3126,Search,Hidden-Irreversible-Shift,0.885,0.48,0.48,0.77,0.54,0.67,0.52,0.0,144.0,6.0,0.000239797415010749
3126,Search,Hidden-Reversible,0.885,0.885,0.885,1.0,1.0,0.67,0.115,0.0,144.0,6.0,0.00027581244500192
3126,Search,Stable-Reversible,0.885,0.885,0.885,1.0,1.0,0.67,0.115,0.0,144.0,6.0,0.0002251421099867405
3127,C-immediateCommit,Hidden-Irreversible,0.92,0.475,0.475,0.77625,0.5525,0.645,0.525,0.0,144.0,6.0,0.00025627504003291197
3127,C-immediateCommit,Hidden-Irreversible-Shift,0.92,0.475,0.475,0.77625,0.5525,0.645,0.525,0.0,144.0,6.0,0.000225398050031294
3127,C-immediateCommit,Hidden-Reversible,0.92,0.92,0.92,1.0,1.0,0.645,0.08,0.0,144.0,6.0,0.000224282070002977
3127,C-immediateCommit,Stable-Reversible,0.92,0.92,0.92,1.0,1.0,0.645,0.08,0.0,144.0,6.0,0.0002195956000059085
3127,C-noBranchMemory,Hidden-Irreversible,0.91,0.91,0.91,1.0,1.0,0.0,0.0,5.0,144.0,6.0,0.0011945049650034405
3127,C-noBranchMemory,Hidden-Irreversible-Shift,0.91,0.91,0.91,1.0,1.0,0.0,0.0,5.0,144.0,6.0,0.0012012176699885855
3127,C-noBranchMemory,Hidden-Reversible,0.885,0.885,0.885,1.0,1.0,0.7,0.115,0.0,144.0,6.0,0.00023779301501230602
3127,C-noBranchMemory,Stable-Reversible,0.885,0.885,0.885,1.0,1.0,0.7,0.115,0.0,144.0,6.0,0.000278166015002575
3127,C-noProbe,Hidden-Irreversible,0.865,0.865,0.865,1.0,1.0,0.0,0.0,0.0,144.0,6.0,0.00036304887996943395
3127,C-noProbe,Hidden-Irreversible-Shift,0.865,0.865,0.865,1.0,1.0,0.0,0.0,0.0,144.0,6.0,0.00027521340999550896
3127,C-noProbe,Hidden-Reversible,0.885,0.885,0.885,1.0,1.0,0.7,0.115,0.0,144.0,6.0,0.0002391687000112565
3127,C-noProbe,Stable-Reversible,0.885,0.885,0.885,1.0,1.0,0.7,0.115,0.0,144.0,6.0,0.000251272189984726
3127,C-noReversibility,Hidden-Irreversible,0.92,0.475,0.475,0.77625,0.5525,0.645,0.525,0.0,144.0,6.0,0.000293614134982315
3127,C-noReversibility,Hidden-Irreversible-Shift,0.92,0.475,0.475,0.77625,0.5525,0.645,0.525,0.0,144.0,6.0,0.0002376296699957875
3127,C-noReversibility,Hidden-Reversible,0.92,0.92,0.92,1.0,1.0,0.645,0.08,0.0,144.0,6.0,0.00023585404000636402
3127,C-noReversibility,Stable-Reversible,0.92,0.92,0.92,1.0,1.0,0.645,0.08,0.0,144.0,6.0,0.00023508812502081748
3127,C-scalarized,Hidden-Irreversible,0.92,0.475,0.475,0.77625,0.5525,0.645,0.525,0.0,144.0,6.0,0.000235661779995505
3127,C-scalarized,Hidden-Irreversible-Shift,0.92,0.475,0.475,0.77625,0.5525,0.645,0.525,0.0,144.0,6.0,0.0002313839400175715
3127,C-scalarized,Hidden-Reversible,0.92,0.92,0.92,1.0,1.0,0.645,0.08,0.0,144.0,6.0,0.000227191530004751
3127,C-scalarized,Stable-Reversible,0.92,0.92,0.92,1.0,1.0,0.645,0.08,0.0,144.0,6.0,0.000231311429997684
3127,ChoiceMap,Hidden-Irreversible,0.995,0.87,0.87,0.9805104166666666,0.86625,0.04,0.13,2.955,144.0,6.0,0.0010395314450056025
3127,ChoiceMap,Hidden-Irreversible-Shift,0.955,0.795,0.795,0.9779895833333333,0.834375,0.135,0.185,3.87,144.0,6.0,0.0011149749399987255
3127,ChoiceMap,Hidden-Reversible,0.885,0.885,0.885,1.0,1.0,0.7,0.115,0.0,144.0,6.0,0.00024877388001863553
3127,ChoiceMap,Stable-Reversible,0.885,0.885,0.885,1.0,1.0,0.7,0.115,0.0,144.0,6.0,0.00025398525999430053
3127,Greedy,Hidden-Irreversible,0.885,0.48,0.48,0.7625,0.525,0.7,0.52,0.0,144.0,6.0,0.000229756564995065
3127,Greedy,Hidden-Irreversible-Shift,0.885,0.48,0.48,0.7625,0.525,0.7,0.52,0.0,144.0,6.0,0.00021824213501754
3127,Greedy,Hidden-Reversible,0.885,0.885,0.885,1.0,1.0,0.7,0.115,0.0,144.0,6.0,0.00022700633999415398
3127,Greedy,Stable-Reversible,0.885,0.885,0.885,1.0,1.0,0.7,0.115,0.0,144.0,6.0,0.0002119868700014585
3127,OptionScalar,Hidden-Irreversible,0.92,0.475,0.475,0.77625,0.5525,0.645,0.525,0.0,144.0,6.0,0.000224747780018743
3127,OptionScalar,Hidden-Irreversible-Shift,0.92,0.475,0.475,0.77625,0.5525,0.645,0.525,0.0,144.0,6.0,0.000239233424995242
3127,OptionScalar,Hidden-Reversible,0.92,0.92,0.92,1.0,1.0,0.645,0.08,0.0,144.0,6.0,0.0002245472200069695
3127,OptionScalar,Stable-Reversible,0.92,0.92,0.92,1.0,1.0,0.645,0.08,0.0,144.0,6.0,0.0002399263449887705
3127,Search,Hidden-Irreversible,0.92,0.475,0.475,0.77625,0.5525,0.645,0.525,0.0,144.0,6.0,0.0002432307299886355
3127,Search,Hidden-Irreversible-Shift,0.92,0.475,0.475,0.77625,0.5525,0.645,0.525,0.0,144.0,6.0,0.00022368146000866952
3127,Search,Hidden-Reversible,0.92,0.92,0.92,1.0,1.0,0.645,0.08,0.0,144.0,6.0,0.00031727055499909153
3127,Search,Stable-Reversible,0.92,0.92,0.92,1.0,1.0,0.645,0.08,0.0,144.0,6.0,0.0002349297149975895
3128,C-immediateCommit,Hidden-Irreversible,0.89,0.525,0.525,0.78,0.56,0.63,0.475,0.0,144.0,6.0,0.000241488625019834
3128,C-immediateCommit,Hidden-Irreversible-Shift,0.89,0.525,0.525,0.78,0.56,0.63,0.475,0.0,144.0,6.0,0.0002480662450033725
3128,C-immediateCommit,Hidden-Reversible,0.89,0.89,0.89,1.0,1.0,0.63,0.11,0.0,144.0,6.0,0.0002485925650170855
3128,C-immediateCommit,Stable-Reversible,0.89,0.89,0.89,1.0,1.0,0.63,0.11,0.0,144.0,6.0,0.0002322384349803995
3128,C-noBranchMemory,Hidden-Irreversible,0.885,0.885,0.885,1.0,1.0,0.0,0.0,5.0,144.0,6.0,0.0013027769399990999
3128,C-noBranchMemory,Hidden-Irreversible-Shift,0.885,0.885,0.885,1.0,1.0,0.0,0.0,5.0,144.0,6.0,0.0012999402799959564
3128,C-noBranchMemory,Hidden-Reversible,0.9,0.9,0.9,1.0,1.0,0.68,0.1,0.0,144.0,6.0,0.0002521144650017465
3128,C-noBranchMemory,Stable-Reversible,0.9,0.9,0.9,1.0,1.0,0.68,0.1,0.0,144.0,6.0,0.00023506136501050102
3128,C-noProbe,Hidden-Irreversible,0.855,0.855,0.855,1.0,1.0,0.0,0.0,0.0,144.0,6.0,0.000236619320005451
3128,C-noProbe,Hidden-Irreversible-Shift,0.855,0.855,0.855,1.0,1.0,0.0,0.0,0.0,144.0,6.0,0.000231752599997837
3128,C-noProbe,Hidden-Reversible,0.9,0.9,0.9,1.0,1.0,0.68,0.1,0.0,144.0,6.0,0.000250545314997862
3128,C-noProbe,Stable-Reversible,0.9,0.9,0.9,1.0,1.0,0.68,0.1,0.0,144.0,6.0,0.00025635766495947553
3128,C-noReversibility,Hidden-Irreversible,0.89,0.525,0.525,0.78,0.56,0.63,0.475,0.0,144.0,6.0,0.000239553995006593
3128,C-noReversibility,Hidden-Irreversible-Shift,0.89,0.525,0.525,0.78,0.56,0.63,0.475,0.0,144.0,6.0,0.0002922999100041505
3128,C-noReversibility,Hidden-Reversible,0.89,0.89,0.89,1.0,1.0,0.63,0.11,0.0,144.0,6.0,0.000284089634981176
3128,C-noReversibility,Stable-Reversible,0.89,0.89,0.89,1.0,1.0,0.63,0.11,0.0,144.0,6.0,0.0002343822199872635
3128,C-scalarized,Hidden-Irreversible,0.89,0.525,0.525,0.78,0.56,0.63,0.475,0.0,144.0,6.0,0.00022183977499475298
3128,C-scalarized,Hidden-Irreversible-Shift,0.89,0.525,0.525,0.78,0.56,0.63,0.475,0.0,144.0,6.0,0.00023919986500454252
3128,C-scalarized,Hidden-Reversible,0.89,0.89,0.89,1.0,1.0,0.63,0.11,0.0,144.0,6.0,0.000227357949988746
3128,C-scalarized,Stable-Reversible,0.89,0.89,0.89,1.0,1.0,0.63,0.11,0.0,144.0,6.0,0.00022527454997083848
3128,ChoiceMap,Hidden-Irreversible,0.98,0.845,0.845,0.98396875,0.89125,0.005,0.14,2.975,144.0,6.0,0.0008214845500128321
3128,ChoiceMap,Hidden-Irreversible-Shift,0.935,0.775,0.775,0.97796875,0.835,0.14,0.195,3.915,144.0,6.0,0.001070841060020433
3128,ChoiceMap,Hidden-Reversible,0.9,0.9,0.9,1.0,1.0,0.68,0.1,0.0,144.0,6.0,0.00025867311501764803
3128,ChoiceMap,Stable-Reversible,0.9,0.9,0.9,1.0,1.0,0.68,0.1,0.0,144.0,6.0,0.0002267215800247345
3128,Greedy,Hidden-Irreversible,0.9,0.525,0.525,0.7675,0.535,0.68,0.475,0.0,144.0,6.0,0.00023965179002738952
3128,Greedy,Hidden-Irreversible-Shift,0.9,0.525,0.525,0.7675,0.535,0.68,0.475,0.0,144.0,6.0,0.000223206249988785
3128,Greedy,Hidden-Reversible,0.9,0.9,0.9,1.0,1.0,0.68,0.1,0.0,144.0,6.0,0.000239042204996119
3128,Greedy,Stable-Reversible,0.9,0.9,0.9,1.0,1.0,0.68,0.1,0.0,144.0,6.0,0.000224881269996282
3128,OptionScalar,Hidden-Irreversible,0.89,0.525,0.525,0.78,0.56,0.63,0.475,0.0,144.0,6.0,0.000235229704999205
3128,OptionScalar,Hidden-Irreversible-Shift,0.89,0.525,0.525,0.78,0.56,0.63,0.475,0.0,144.0,6.0,0.00021670832000831499
3128,OptionScalar,Hidden-Reversible,0.89,0.89,0.89,1.0,1.0,0.63,0.11,0.0,144.0,6.0,0.00022107148500021548
3128,OptionScalar,Stable-Reversible,0.89,0.89,0.89,1.0,1.0,0.63,0.11,0.0,144.0,6.0,0.00024372607999334598
3128,Search,Hidden-Irreversible,0.89,0.525,0.525,0.78,0.56,0.63,0.475,0.0,144.0,6.0,0.0002250237750058145
3128,Search,Hidden-Irreversible-Shift,0.89,0.525,0.525,0.78,0.56,0.63,0.475,0.0,144.0,6.0,0.00022509523498451551
3128,Search,Hidden-Reversible,0.89,0.89,0.89,1.0,1.0,0.63,0.11,0.0,144.0,6.0,0.00022656683501958802
3128,Search,Stable-Reversible,0.89,0.89,0.89,1.0,1.0,0.63,0.11,0.0,144.0,6.0,0.000272353014981892
3129,C-immediateCommit,Hidden-Irreversible,0.88,0.465,0.465,0.76375,0.5275,0.695,0.535,0.0,144.0,6.0,0.00032424390497903403
3129,C-immediateCommit,Hidden-Irreversible-Shift,0.88,0.465,0.465,0.76375,0.5275,0.695,0.535,0.0,144.0,6.0,0.000286436294977593
3129,C-immediateCommit,Hidden-Reversible,0.88,0.88,0.88,1.0,1.0,0.695,0.12,0.0,144.0,6.0,0.0002138812899988305
3129,C-immediateCommit,Stable-Reversible,0.88,0.88,0.88,1.0,1.0,0.695,0.12,0.0,144.0,6.0,0.0002178373300147925
3129,C-noBranchMemory,Hidden-Irreversible,0.855,0.855,0.855,1.0,1.0,0.0,0.0,5.0,144.0,6.0,0.0014797591999899354
3129,C-noBranchMemory,Hidden-Irreversible-Shift,0.855,0.855,0.855,1.0,1.0,0.0,0.0,5.0,144.0,6.0,0.0014962040550221389
3129,C-noBranchMemory,Hidden-Reversible,0.875,0.875,0.875,1.0,1.0,0.685,0.125,0.0,144.0,6.0,0.0002513279350068395
3129,C-noBranchMemory,Stable-Reversible,0.875,0.875,0.875,1.0,1.0,0.685,0.125,0.0,144.0,6.0,0.000317893914984725
3129,C-noProbe,Hidden-Irreversible,0.86,0.86,0.86,1.0,1.0,0.0,0.0,0.0,144.0,6.0,0.00026261909499675847
3129,C-noProbe,Hidden-Irreversible-Shift,0.86,0.86,0.86,1.0,1.0,0.0,0.0,0.0,144.0,6.0,0.000245715244980101
3129,C-noProbe,Hidden-Reversible,0.875,0.875,0.875,1.0,1.0,0.685,0.125,0.0,144.0,6.0,0.00022833486500525898
3129,C-noProbe,Stable-Reversible,0.875,0.875,0.875,1.0,1.0,0.685,0.125,0.0,144.0,6.0,0.0002432593699927095
3129,C-noReversibility,Hidden-Irreversible,0.88,0.465,0.465,0.76375,0.5275,0.695,0.535,0.0,144.0,6.0,0.000234116544984266
3129,C-noReversibility,Hidden-Irreversible-Shift,0.88,0.465,0.465,0.76375,0.5275,0.695,0.535,0.0,144.0,6.0,0.0002676662049997925
3129,C-noReversibility,Hidden-Reversible,0.88,0.88,0.88,1.0,1.0,0.695,0.12,0.0,144.0,6.0,0.00021903943499405098
3129,C-noReversibility,Stable-Reversible,0.88,0.88,0.88,1.0,1.0,0.695,0.12,0.0,144.0,6.0,0.000261233234991729
3129,C-scalarized,Hidden-Irreversible,0.88,0.465,0.465,0.76375,0.5275,0.695,0.535,0.0,144.0,6.0,0.0002925978350094215
3129,C-scalarized,Hidden-Irreversible-Shift,0.88,0.465,0.465,0.76375,0.5275,0.695,0.535,0.0,144.0,6.0,0.0002943119949895335
3129,C-scalarized,Hidden-Reversible,0.88,0.88,0.88,1.0,1.0,0.695,0.12,0.0,144.0,6.0,0.00022005483999004702
3129,C-scalarized,Stable-Reversible,0.88,0.88,0.88,1.0,1.0,0.695,0.12,0.0,144.0,6.0,0.000224862405004793
3129,ChoiceMap,Hidden-Irreversible,0.98,0.86,0.86,0.9826041666666667,0.87875,0.025,0.12,3.01,144.0,6.0,0.0008577693050050999
3129,ChoiceMap,Hidden-Irreversible-Shift,0.94,0.73,0.73,0.9758854166666667,0.821875,0.15,0.235,3.86,144.0,6.0,0.001036656394978715
3129,ChoiceMap,Hidden-Reversible,0.875,0.875,0.875,1.0,1.0,0.685,0.125,0.0,144.0,6.0,0.0002466207950146295
3129,ChoiceMap,Stable-Reversible,0.875,0.875,0.875,1.0,1.0,0.685,0.125,0.0,144.0,6.0,0.0002342479250364215
3129,Greedy,Hidden-Irreversible,0.875,0.48,0.48,0.76625,0.5325,0.685,0.52,0.0,144.0,6.0,0.00024122494502075602
3129,Greedy,Hidden-Irreversible-Shift,0.875,0.48,0.48,0.76625,0.5325,0.685,0.52,0.0,144.0,6.0,0.0002274295700135065
3129,Greedy,Hidden-Reversible,0.875,0.875,0.875,1.0,1.0,0.685,0.125,0.0,144.0,6.0,0.000218628239974754
3129,Greedy,Stable-Reversible,0.875,0.875,0.875,1.0,1.0,0.685,0.125,0.0,144.0,6.0,0.0002287939449888145
3129,OptionScalar,Hidden-Irreversible,0.88,0.465,0.465,0.76375,0.5275,0.695,0.535,0.0,144.0,6.0,0.00022875333499082249
3129,OptionScalar,Hidden-Irreversible-Shift,0.88,0.465,0.465,0.76375,0.5275,0.695,0.535,0.0,144.0,6.0,0.0002422111500049555
3129,OptionScalar,Hidden-Reversible,0.88,0.88,0.88,1.0,1.0,0.695,0.12,0.0,144.0,6.0,0.0002245375700067075
3129,OptionScalar,Stable-Reversible,0.88,0.88,0.88,1.0,1.0,0.695,0.12,0.0,144.0,6.0,0.00023305595502046898
3129,Search,Hidden-Irreversible,0.88,0.465,0.465,0.76375,0.5275,0.695,0.535,0.0,144.0,6.0,0.00032803195500259204
3129,Search,Hidden-Irreversible-Shift,0.88,0.465,0.465,0.76375,0.5275,0.695,0.535,0.0,144.0,6.0,0.000255734610009263
3129,Search,Hidden-Reversible,0.88,0.88,0.88,1.0,1.0,0.695,0.12,0.0,144.0,6.0,0.00023669504997765047
3129,Search,Stable-Reversible,0.88,0.88,0.88,1.0,1.0,0.695,0.12,0.0,144.0,6.0,0.00023083087001618
3130,C-immediateCommit,Hidden-Irreversible,0.895,0.515,0.515,0.78125,0.5625,0.625,0.485,0.0,144.0,6.0,0.00022596338997340552
3130,C-immediateCommit,Hidden-Irreversible-Shift,0.895,0.515,0.515,0.78125,0.5625,0.625,0.485,0.0,144.0,6.0,0.0002319697549887165
3130,C-immediateCommit,Hidden-Reversible,0.895,0.895,0.895,1.0,1.0,0.625,0.105,0.0,144.0,6.0,0.000228322155007795
3130,C-immediateCommit,Stable-Reversible,0.895,0.895,0.895,1.0,1.0,0.625,0.105,0.0,144.0,6.0,0.00021419712498295498
3130,C-noBranchMemory,Hidden-Irreversible,0.915,0.915,0.915,1.0,1.0,0.0,0.0,5.0,144.0,6.0,0.0012027163399920418
3130,C-noBranchMemory,Hidden-Irreversible-Shift,0.915,0.915,0.915,1.0,1.0,0.0,0.0,5.0,144.0,6.0,0.0015156245549746439
3130,C-noBranchMemory,Hidden-Reversible,0.895,0.895,0.895,1.0,1.0,0.67,0.105,0.0,144.0,6.0,0.0002308316699895365
3130,C-noBranchMemory,Stable-Reversible,0.895,0.895,0.895,1.0,1.0,0.67,0.105,0.0,144.0,6.0,0.0002305862949924125
3130,C-noProbe,Hidden-Irreversible,0.885,0.885,0.885,1.0,1.0,0.0,0.0,0.0,144.0,6.0,0.00025126263499937
3130,C-noProbe,Hidden-Irreversible-Shift,0.885,0.885,0.885,1.0,1.0,0.0,0.0,0.0,144.0,6.0,0.00025345222999244104
3130,C-noProbe,Hidden-Reversible,0.895,0.895,0.895,1.0,1.0,0.67,0.105,0.0,144.0,6.0,0.00023374529998131398
3130,C-noProbe,Stable-Reversible,0.895,0.895,0.895,1.0,1.0,0.67,0.105,0.0,144.0,6.0,0.00022608600999087048
3130,C-noReversibility,Hidden-Irreversible,0.895,0.515,0.515,0.78125,0.5625,0.625,0.485,0.0,144.0,6.0,0.00021838862499402598
3130,C-noReversibility,Hidden-Irreversible-Shift,0.895,0.515,0.515,0.78125,0.5625,0.625,0.485,0.0,144.0,6.0,0.0002286817700018625
3130,C-noReversibility,Hidden-Reversible,0.895,0.895,0.895,1.0,1.0,0.625,0.105,0.0,144.0,6.0,0.00022145077999079902
3130,C-noReversibility,Stable-Reversible,0.895,0.895,0.895,1.0,1.0,0.625,0.105,0.0,144.0,6.0,0.000210980199992669
3130,C-scalarized,Hidden-Irreversible,0.895,0.515,0.515,0.78125,0.5625,0.625,0.485,0.0,144.0,6.0,0.0002472634450009045
3130,C-scalarized,Hidden-Irreversible-Shift,0.895,0.515,0.515,0.78125,0.5625,0.625,0.485,0.0,144.0,6.0,0.0003237095900134975
3130,C-scalarized,Hidden-Reversible,0.895,0.895,0.895,1.0,1.0,0.625,0.105,0.0,144.0,6.0,0.000236406105020656
3130,C-scalarized,Stable-Reversible,0.895,0.895,0.895,1.0,1.0,0.625,0.105,0.0,144.0,6.0,0.00034699000499126
3130,ChoiceMap,Hidden-Irreversible,0.98,0.88,0.88,0.9825833333333333,0.878125,0.015,0.115,2.985,144.0,6.0,0.0009875577399997824
3130,ChoiceMap,Hidden-Irreversible-Shift,0.975,0.84,0.84,0.98165625,0.855,0.095,0.155,4.005,144.0,6.0,0.0010118679699803056
3130,ChoiceMap,Hidden-Reversible,0.895,0.895,0.895,1.0,1.0,0.67,0.105,0.0,144.0,6.0,0.000228764309977075
3130,ChoiceMap,Stable-Reversible,0.895,0.895,0.895,1.0,1.0,0.67,0.105,0.0,144.0,6.0,0.00024868224501910447
3130,Greedy,Hidden-Irreversible,0.895,0.515,0.515,0.77,0.54,0.67,0.485,0.0,144.0,6.0,0.00022658563999579902
3130,Greedy,Hidden-Irreversible-Shift,0.895,0.515,0.515,0.77,0.54,0.67,0.485,0.0,144.0,6.0,0.000249335965013364
3130,Greedy,Hidden-Reversible,0.895,0.895,0.895,1.0,1.0,0.67,0.105,0.0,144.0,6.0,0.000239988765024413
3130,Greedy,Stable-Reversible,0.895,0.895,0.895,1.0,1.0,0.67,0.105,0.0,144.0,6.0,0.000227977810006853
3130,OptionScalar,Hidden-Irreversible,0.895,0.515,0.515,0.78125,0.5625,0.625,0.485,0.0,144.0,6.0,0.0002241252699968255
3130,OptionScalar,Hidden-Irreversible-Shift,0.895,0.515,0.515,0.78125,0.5625,0.625,0.485,0.0,144.0,6.0,0.0002961114500134895
3130,OptionScalar,Hidden-Reversible,0.895,0.895,0.895,1.0,1.0,0.625,0.105,0.0,144.0,6.0,0.0002198845800057335
3130,OptionScalar,Stable-Reversible,0.895,0.895,0.895,1.0,1.0,0.625,0.105,0.0,144.0,6.0,0.00022144894499883449
3130,Search,Hidden-Irreversible,0.895,0.515,0.515,0.78125,0.5625,0.625,0.485,0.0,144.0,6.0,0.0002434311950127675
3130,Search,Hidden-Irreversible-Shift,0.895,0.515,0.515,0.78125,0.5625,0.625,0.485,0.0,144.0,6.0,0.0002542823700013685
3130,Search,Hidden-Reversible,0.895,0.895,0.895,1.0,1.0,0.625,0.105,0.0,144.0,6.0,0.000218922000024073
3130,Search,Stable-Reversible,0.895,0.895,0.895,1.0,1.0,0.625,0.105,0.0,144.0,6.0,0.000250936014974694
