dataset_id,subject_id,session_id,circuit_id,t_sec,dt_sec,spike_count,x_mtor_proxy,u_observer,condition,split
allen_vcnp,mouse_demo,session_demo_01,unit_000,0.0,0.05,0,,1.0,visual_stim,train
allen_vcnp,mouse_demo,session_demo_01,unit_000,0.05,0.05,2,,1.0,visual_stim,train
allen_vcnp,mouse_demo,session_demo_01,unit_000,0.1,0.05,0,,1.0,visual_stim,train
allen_vcnp,mouse_demo,session_demo_01,unit_000,0.15,0.05,0,,1.0,visual_stim,train
allen_vcnp,mouse_demo,session_demo_01,unit_000,0.2,0.05,1,,1.0,visual_stim,train
allen_vcnp,mouse_demo,session_demo_01,unit_000,0.25,0.05,0,,1.0,visual_stim,train
allen_vcnp,mouse_demo,session_demo_01,unit_000,0.3,0.05,0,,1.0,visual_stim,train
allen_vcnp,mouse_demo,session_demo_01,unit_000,0.35,0.05,1,,1.0,visual_stim,train
allen_vcnp,mouse_demo,session_demo_01,unit_000,0.4,0.05,1,,1.0,visual_stim,train
allen_vcnp,mouse_demo,session_demo_01,unit_000,0.45,0.05,0,,1.0,visual_stim,train
allen_vcnp,mouse_demo,session_demo_01,unit_000,0.5,0.05,1,,1.0,visual_stim,train
allen_vcnp,mouse_demo,session_demo_01,unit_000,0.55,0.05,2,,1.0,visual_stim,train
allen_vcnp,mouse_demo,session_demo_01,unit_000,0.6,0.05,0,,1.0,visual_stim,train
allen_vcnp,mouse_demo,session_demo_01,unit_000,0.65,0.05,0,,1.0,visual_stim,train
allen_vcnp,mouse_demo,session_demo_01,unit_000,0.7,0.05,1,,1.0,visual_stim,train
allen_vcnp,mouse_demo,session_demo_01,unit_000,0.75,0.05,0,,1.0,visual_stim,train
allen_vcnp,mouse_demo,session_demo_01,unit_000,0.8,0.05,0,,1.0,visual_stim,train
allen_vcnp,mouse_demo,session_demo_01,unit_000,0.85,0.05,0,,1.0,visual_stim,train
allen_vcnp,mouse_demo,session_demo_01,unit_000,0.9,0.05,0,,1.0,visual_stim,train
allen_vcnp,mouse_demo,session_demo_01,unit_000,0.95,0.05,0,,1.0,visual_stim,train
allen_vcnp,mouse_demo,session_demo_01,unit_000,1.0,0.05,0,,1.0,visual_stim,train
allen_vcnp,mouse_demo,session_demo_01,unit_000,1.05,0.05,0,,1.0,visual_stim,train
allen_vcnp,mouse_demo,session_demo_01,unit_000,1.1,0.05,0,,1.0,visual_stim,train
allen_vcnp,mouse_demo,session_demo_01,unit_000,1.15,0.05,0,,1.0,visual_stim,train
allen_vcnp,mouse_demo,session_demo_01,unit_000,1.2,0.05,0,,1.0,visual_stim,train
allen_vcnp,mouse_demo,session_demo_01,unit_000,1.25,0.05,0,,1.0,visual_stim,train
allen_vcnp,mouse_demo,session_demo_01,unit_000,1.3,0.05,0,,1.0,visual_stim,train
allen_vcnp,mouse_demo,session_demo_01,unit_000,1.35,0.05,1,,1.0,visual_stim,train
allen_vcnp,mouse_demo,session_demo_01,unit_000,1.4,0.05,1,,1.0,visual_stim,train
allen_vcnp,mouse_demo,session_demo_01,unit_000,1.45,0.05,2,,1.0,visual_stim,train
allen_vcnp,mouse_demo,session_demo_01,unit_000,1.5,0.05,0,,1.0,visual_stim,train
allen_vcnp,mouse_demo,session_demo_01,unit_000,1.55,0.05,1,,1.0,visual_stim,train
allen_vcnp,mouse_demo,session_demo_01,unit_000,1.6,0.05,1,,1.0,visual_stim,train
allen_vcnp,mouse_demo,session_demo_01,unit_000,1.65,0.05,2,,1.0,visual_stim,train
allen_vcnp,mouse_demo,session_demo_01,unit_000,1.7,0.05,1,,1.0,visual_stim,train
allen_vcnp,mouse_demo,session_demo_01,unit_000,1.75,0.05,1,,1.0,visual_stim,train
allen_vcnp,mouse_demo,session_demo_01,unit_000,1.8,0.05,1,,1.0,visual_stim,train
allen_vcnp,mouse_demo,session_demo_01,unit_000,1.85,0.05,0,,1.0,visual_stim,train
allen_vcnp,mouse_demo,session_demo_01,unit_000,1.9,0.05,1,,1.0,visual_stim,train
allen_vcnp,mouse_demo,session_demo_01,unit_000,1.95,0.05,0,,1.0,visual_stim,train
allen_vcnp,mouse_demo,session_demo_01,unit_000,2.0,0.05,0,,0.2,visual_stim,train
allen_vcnp,mouse_demo,session_demo_01,unit_000,2.05,0.05,0,,0.2,visual_stim,train
allen_vcnp,mouse_demo,session_demo_01,unit_000,2.1,0.05,0,,0.2,visual_stim,train
allen_vcnp,mouse_demo,session_demo_01,unit_000,2.15,0.05,0,,0.2,visual_stim,train
allen_vcnp,mouse_demo,session_demo_01,unit_000,2.2,0.05,0,,0.2,visual_stim,train
allen_vcnp,mouse_demo,session_demo_01,unit_000,2.25,0.05,0,,0.2,visual_stim,train
allen_vcnp,mouse_demo,session_demo_01,unit_000,2.3,0.05,1,,0.2,visual_stim,train
allen_vcnp,mouse_demo,session_demo_01,unit_000,2.35,0.05,0,,0.2,visual_stim,train
allen_vcnp,mouse_demo,session_demo_01,unit_000,2.4,0.05,0,,0.2,visual_stim,train
allen_vcnp,mouse_demo,session_demo_01,unit_000,2.45,0.05,0,,0.2,visual_stim,train
allen_vcnp,mouse_demo,session_demo_01,unit_000,2.5,0.05,0,,0.2,visual_stim,train
allen_vcnp,mouse_demo,session_demo_01,unit_000,2.55,0.05,0,,0.2,visual_stim,train
allen_vcnp,mouse_demo,session_demo_01,unit_000,2.6,0.05,1,,0.2,visual_stim,train
allen_vcnp,mouse_demo,session_demo_01,unit_000,2.65,0.05,0,,0.2,visual_stim,train
allen_vcnp,mouse_demo,session_demo_01,unit_000,2.7,0.05,0,,0.2,visual_stim,train
allen_vcnp,mouse_demo,session_demo_01,unit_000,2.75,0.05,0,,0.2,visual_stim,train
allen_vcnp,mouse_demo,session_demo_01,unit_000,2.8,0.05,2,,0.2,visual_stim,train
allen_vcnp,mouse_demo,session_demo_01,unit_000,2.85,0.05,1,,0.2,visual_stim,train
allen_vcnp,mouse_demo,session_demo_01,unit_000,2.9,0.05,0,,0.2,visual_stim,train
allen_vcnp,mouse_demo,session_demo_01,unit_000,2.95,0.05,1,,0.2,visual_stim,train
allen_vcnp,mouse_demo,session_demo_01,unit_000,3.0,0.05,0,,0.2,visual_stim,train
allen_vcnp,mouse_demo,session_demo_01,unit_000,3.05,0.05,0,,0.2,visual_stim,train
allen_vcnp,mouse_demo,session_demo_01,unit_000,3.1,0.05,0,,0.2,visual_stim,train
allen_vcnp,mouse_demo,session_demo_01,unit_000,3.15,0.05,1,,0.2,visual_stim,train
allen_vcnp,mouse_demo,session_demo_01,unit_000,3.2,0.05,1,,0.2,visual_stim,train
allen_vcnp,mouse_demo,session_demo_01,unit_000,3.25,0.05,1,,0.2,visual_stim,train
allen_vcnp,mouse_demo,session_demo_01,unit_000,3.3,0.05,1,,0.2,visual_stim,train
allen_vcnp,mouse_demo,session_demo_01,unit_000,3.35,0.05,0,,0.2,visual_stim,train
allen_vcnp,mouse_demo,session_demo_01,unit_000,3.4,0.05,0,,0.2,visual_stim,train
allen_vcnp,mouse_demo,session_demo_01,unit_000,3.45,0.05,0,,0.2,visual_stim,train
allen_vcnp,mouse_demo,session_demo_01,unit_000,3.5,0.05,1,,0.2,visual_stim,train
allen_vcnp,mouse_demo,session_demo_01,unit_000,3.55,0.05,0,,0.2,visual_stim,train
allen_vcnp,mouse_demo,session_demo_01,unit_000,3.6,0.05,0,,0.2,visual_stim,train
allen_vcnp,mouse_demo,session_demo_01,unit_000,3.65,0.05,0,,0.2,visual_stim,train
allen_vcnp,mouse_demo,session_demo_01,unit_000,3.7,0.05,0,,0.2,visual_stim,train
allen_vcnp,mouse_demo,session_demo_01,unit_000,3.75,0.05,0,,0.2,visual_stim,train
allen_vcnp,mouse_demo,session_demo_01,unit_000,3.8,0.05,0,,0.2,visual_stim,train
allen_vcnp,mouse_demo,session_demo_01,unit_000,3.85,0.05,0,,0.2,visual_stim,train
allen_vcnp,mouse_demo,session_demo_01,unit_000,3.9,0.05,0,,0.2,visual_stim,train
allen_vcnp,mouse_demo,session_demo_01,unit_000,3.95,0.05,0,,0.2,visual_stim,train
allen_vcnp,mouse_demo,session_demo_01,unit_000,4.0,0.05,0,,1.0,visual_stim,train
allen_vcnp,mouse_demo,session_demo_01,unit_000,4.05,0.05,0,,1.0,visual_stim,train
allen_vcnp,mouse_demo,session_demo_01,unit_000,4.1,0.05,0,,1.0,visual_stim,train
allen_vcnp,mouse_demo,session_demo_01,unit_000,4.15,0.05,1,,1.0,visual_stim,train
allen_vcnp,mouse_demo,session_demo_01,unit_000,4.2,0.05,2,,1.0,visual_stim,train
allen_vcnp,mouse_demo,session_demo_01,unit_000,4.25,0.05,0,,1.0,visual_stim,train
allen_vcnp,mouse_demo,session_demo_01,unit_000,4.3,0.05,2,,1.0,visual_stim,train
allen_vcnp,mouse_demo,session_demo_01,unit_000,4.35,0.05,0,,1.0,visual_stim,train
allen_vcnp,mouse_demo,session_demo_01,unit_000,4.4,0.05,0,,1.0,visual_stim,train
allen_vcnp,mouse_demo,session_demo_01,unit_000,4.45,0.05,1,,1.0,visual_stim,train
allen_vcnp,mouse_demo,session_demo_01,unit_000,4.5,0.05,0,,1.0,visual_stim,train
allen_vcnp,mouse_demo,session_demo_01,unit_000,4.55,0.05,1,,1.0,visual_stim,train
allen_vcnp,mouse_demo,session_demo_01,unit_000,4.6,0.05,0,,1.0,visual_stim,train
allen_vcnp,mouse_demo,session_demo_01,unit_000,4.65,0.05,0,,1.0,visual_stim,train
allen_vcnp,mouse_demo,session_demo_01,unit_000,4.7,0.05,0,,1.0,visual_stim,train
allen_vcnp,mouse_demo,session_demo_01,unit_000,4.75,0.05,0,,1.0,visual_stim,train
allen_vcnp,mouse_demo,session_demo_01,unit_000,4.8,0.05,0,,1.0,visual_stim,train
allen_vcnp,mouse_demo,session_demo_01,unit_000,4.85,0.05,1,,1.0,visual_stim,train
allen_vcnp,mouse_demo,session_demo_01,unit_000,4.9,0.05,0,,1.0,visual_stim,train
allen_vcnp,mouse_demo,session_demo_01,unit_000,4.95,0.05,0,,1.0,visual_stim,train
allen_vcnp,mouse_demo,session_demo_01,unit_000,5.0,0.05,0,,1.0,visual_stim,train
allen_vcnp,mouse_demo,session_demo_01,unit_000,5.05,0.05,0,,1.0,visual_stim,train
allen_vcnp,mouse_demo,session_demo_01,unit_000,5.1,0.05,0,,1.0,visual_stim,train
allen_vcnp,mouse_demo,session_demo_01,unit_000,5.15,0.05,0,,1.0,visual_stim,train
allen_vcnp,mouse_demo,session_demo_01,unit_000,5.2,0.05,0,,1.0,visual_stim,train
allen_vcnp,mouse_demo,session_demo_01,unit_000,5.25,0.05,1,,1.0,visual_stim,train
allen_vcnp,mouse_demo,session_demo_01,unit_000,5.3,0.05,0,,1.0,visual_stim,train
allen_vcnp,mouse_demo,session_demo_01,unit_000,5.35,0.05,1,,1.0,visual_stim,train
allen_vcnp,mouse_demo,session_demo_01,unit_000,5.4,0.05,0,,1.0,visual_stim,train
allen_vcnp,mouse_demo,session_demo_01,unit_000,5.45,0.05,0,,1.0,visual_stim,train
allen_vcnp,mouse_demo,session_demo_01,unit_000,5.5,0.05,0,,1.0,visual_stim,train
allen_vcnp,mouse_demo,session_demo_01,unit_000,5.55,0.05,1,,1.0,visual_stim,train
allen_vcnp,mouse_demo,session_demo_01,unit_000,5.6,0.05,1,,1.0,visual_stim,train
allen_vcnp,mouse_demo,session_demo_01,unit_000,5.65,0.05,0,,1.0,visual_stim,train
allen_vcnp,mouse_demo,session_demo_01,unit_000,5.7,0.05,0,,1.0,visual_stim,train
allen_vcnp,mouse_demo,session_demo_01,unit_000,5.75,0.05,2,,1.0,visual_stim,train
allen_vcnp,mouse_demo,session_demo_01,unit_000,5.8,0.05,0,,1.0,visual_stim,train
allen_vcnp,mouse_demo,session_demo_01,unit_000,5.85,0.05,1,,1.0,visual_stim,train
allen_vcnp,mouse_demo,session_demo_01,unit_000,5.9,0.05,1,,1.0,visual_stim,train
allen_vcnp,mouse_demo,session_demo_01,unit_000,5.95,0.05,1,,1.0,visual_stim,train
allen_vcnp,mouse_demo,session_demo_01,unit_000,6.0,0.05,0,,0.2,visual_stim,train
allen_vcnp,mouse_demo,session_demo_01,unit_000,6.05,0.05,2,,0.2,visual_stim,train
allen_vcnp,mouse_demo,session_demo_01,unit_000,6.1,0.05,1,,0.2,visual_stim,train
allen_vcnp,mouse_demo,session_demo_01,unit_000,6.15,0.05,1,,0.2,visual_stim,train
allen_vcnp,mouse_demo,session_demo_01,unit_000,6.2,0.05,0,,0.2,visual_stim,train
allen_vcnp,mouse_demo,session_demo_01,unit_000,6.25,0.05,0,,0.2,visual_stim,train
allen_vcnp,mouse_demo,session_demo_01,unit_000,6.3,0.05,0,,0.2,visual_stim,train
allen_vcnp,mouse_demo,session_demo_01,unit_000,6.35,0.05,1,,0.2,visual_stim,train
allen_vcnp,mouse_demo,session_demo_01,unit_000,6.4,0.05,2,,0.2,visual_stim,train
allen_vcnp,mouse_demo,session_demo_01,unit_000,6.45,0.05,0,,0.2,visual_stim,train
allen_vcnp,mouse_demo,session_demo_01,unit_000,6.5,0.05,2,,0.2,visual_stim,train
allen_vcnp,mouse_demo,session_demo_01,unit_000,6.55,0.05,0,,0.2,visual_stim,train
allen_vcnp,mouse_demo,session_demo_01,unit_000,6.6,0.05,0,,0.2,visual_stim,train
allen_vcnp,mouse_demo,session_demo_01,unit_000,6.65,0.05,0,,0.2,visual_stim,train
allen_vcnp,mouse_demo,session_demo_01,unit_000,6.7,0.05,0,,0.2,visual_stim,train
allen_vcnp,mouse_demo,session_demo_01,unit_000,6.75,0.05,0,,0.2,visual_stim,train
allen_vcnp,mouse_demo,session_demo_01,unit_000,6.8,0.05,0,,0.2,visual_stim,train
allen_vcnp,mouse_demo,session_demo_01,unit_000,6.85,0.05,0,,0.2,visual_stim,train
allen_vcnp,mouse_demo,session_demo_01,unit_000,6.9,0.05,0,,0.2,visual_stim,train
allen_vcnp,mouse_demo,session_demo_01,unit_000,6.95,0.05,0,,0.2,visual_stim,train
allen_vcnp,mouse_demo,session_demo_01,unit_000,7.0,0.05,0,,0.2,visual_stim,train
allen_vcnp,mouse_demo,session_demo_01,unit_000,7.05,0.05,0,,0.2,visual_stim,train
allen_vcnp,mouse_demo,session_demo_01,unit_000,7.1,0.05,0,,0.2,visual_stim,train
allen_vcnp,mouse_demo,session_demo_01,unit_000,7.15,0.05,2,,0.2,visual_stim,train
allen_vcnp,mouse_demo,session_demo_01,unit_000,7.2,0.05,0,,0.2,visual_stim,train
allen_vcnp,mouse_demo,session_demo_01,unit_000,7.25,0.05,0,,0.2,visual_stim,train
allen_vcnp,mouse_demo,session_demo_01,unit_000,7.3,0.05,2,,0.2,visual_stim,train
allen_vcnp,mouse_demo,session_demo_01,unit_000,7.35,0.05,0,,0.2,visual_stim,train
allen_vcnp,mouse_demo,session_demo_01,unit_000,7.4,0.05,0,,0.2,visual_stim,train
allen_vcnp,mouse_demo,session_demo_01,unit_000,7.45,0.05,2,,0.2,visual_stim,train
allen_vcnp,mouse_demo,session_demo_01,unit_000,7.5,0.05,1,,0.2,visual_stim,train
allen_vcnp,mouse_demo,session_demo_01,unit_000,7.55,0.05,0,,0.2,visual_stim,train
allen_vcnp,mouse_demo,session_demo_01,unit_000,7.6,0.05,1,,0.2,visual_stim,train
allen_vcnp,mouse_demo,session_demo_01,unit_000,7.65,0.05,0,,0.2,visual_stim,train
allen_vcnp,mouse_demo,session_demo_01,unit_000,7.7,0.05,0,,0.2,visual_stim,train
allen_vcnp,mouse_demo,session_demo_01,unit_000,7.75,0.05,0,,0.2,visual_stim,train
allen_vcnp,mouse_demo,session_demo_01,unit_000,7.8,0.05,1,,0.2,visual_stim,train
allen_vcnp,mouse_demo,session_demo_01,unit_000,7.85,0.05,1,,0.2,visual_stim,train
allen_vcnp,mouse_demo,session_demo_01,unit_000,7.9,0.05,1,,0.2,visual_stim,train
allen_vcnp,mouse_demo,session_demo_01,unit_000,7.95,0.05,0,,0.2,visual_stim,train
allen_vcnp,mouse_demo,session_demo_01,unit_000,8.0,0.05,0,,1.0,visual_stim,train
allen_vcnp,mouse_demo,session_demo_01,unit_000,8.05,0.05,1,,1.0,visual_stim,train
allen_vcnp,mouse_demo,session_demo_01,unit_000,8.1,0.05,2,,1.0,visual_stim,train
allen_vcnp,mouse_demo,session_demo_01,unit_000,8.15,0.05,1,,1.0,visual_stim,train
allen_vcnp,mouse_demo,session_demo_01,unit_000,8.2,0.05,0,,1.0,visual_stim,train
allen_vcnp,mouse_demo,session_demo_01,unit_000,8.25,0.05,0,,1.0,visual_stim,train
allen_vcnp,mouse_demo,session_demo_01,unit_000,8.3,0.05,3,,1.0,visual_stim,train
allen_vcnp,mouse_demo,session_demo_01,unit_000,8.35,0.05,1,,1.0,visual_stim,train
allen_vcnp,mouse_demo,session_demo_01,unit_000,8.4,0.05,0,,1.0,visual_stim,train
allen_vcnp,mouse_demo,session_demo_01,unit_000,8.45,0.05,1,,1.0,visual_stim,train
allen_vcnp,mouse_demo,session_demo_01,unit_000,8.5,0.05,0,,1.0,visual_stim,train
allen_vcnp,mouse_demo,session_demo_01,unit_000,8.55,0.05,0,,1.0,visual_stim,train
allen_vcnp,mouse_demo,session_demo_01,unit_000,8.6,0.05,1,,1.0,visual_stim,train
allen_vcnp,mouse_demo,session_demo_01,unit_000,8.65,0.05,1,,1.0,visual_stim,train
allen_vcnp,mouse_demo,session_demo_01,unit_000,8.7,0.05,0,,1.0,visual_stim,train
allen_vcnp,mouse_demo,session_demo_01,unit_000,8.75,0.05,2,,1.0,visual_stim,train
allen_vcnp,mouse_demo,session_demo_01,unit_000,8.8,0.05,1,,1.0,visual_stim,train
allen_vcnp,mouse_demo,session_demo_01,unit_000,8.85,0.05,0,,1.0,visual_stim,train
allen_vcnp,mouse_demo,session_demo_01,unit_000,8.9,0.05,1,,1.0,visual_stim,train
allen_vcnp,mouse_demo,session_demo_01,unit_000,8.95,0.05,0,,1.0,visual_stim,train
allen_vcnp,mouse_demo,session_demo_01,unit_000,9.0,0.05,1,,1.0,visual_stim,train
allen_vcnp,mouse_demo,session_demo_01,unit_000,9.05,0.05,0,,1.0,visual_stim,train
allen_vcnp,mouse_demo,session_demo_01,unit_000,9.1,0.05,0,,1.0,visual_stim,train
allen_vcnp,mouse_demo,session_demo_01,unit_000,9.15,0.05,0,,1.0,visual_stim,train
allen_vcnp,mouse_demo,session_demo_01,unit_000,9.2,0.05,1,,1.0,visual_stim,train
allen_vcnp,mouse_demo,session_demo_01,unit_000,9.25,0.05,1,,1.0,visual_stim,train
allen_vcnp,mouse_demo,session_demo_01,unit_000,9.3,0.05,2,,1.0,visual_stim,train
allen_vcnp,mouse_demo,session_demo_01,unit_000,9.35,0.05,0,,1.0,visual_stim,train
allen_vcnp,mouse_demo,session_demo_01,unit_000,9.4,0.05,0,,1.0,visual_stim,train
allen_vcnp,mouse_demo,session_demo_01,unit_000,9.45,0.05,0,,1.0,visual_stim,train
allen_vcnp,mouse_demo,session_demo_01,unit_000,9.5,0.05,1,,1.0,visual_stim,train
allen_vcnp,mouse_demo,session_demo_01,unit_000,9.55,0.05,0,,1.0,visual_stim,train
allen_vcnp,mouse_demo,session_demo_01,unit_000,9.6,0.05,1,,1.0,visual_stim,train
allen_vcnp,mouse_demo,session_demo_01,unit_000,9.65,0.05,1,,1.0,visual_stim,train
allen_vcnp,mouse_demo,session_demo_01,unit_000,9.7,0.05,0,,1.0,visual_stim,train
allen_vcnp,mouse_demo,session_demo_01,unit_000,9.75,0.05,0,,1.0,visual_stim,train
allen_vcnp,mouse_demo,session_demo_01,unit_000,9.8,0.05,3,,1.0,visual_stim,train
allen_vcnp,mouse_demo,session_demo_01,unit_000,9.85,0.05,0,,1.0,visual_stim,train
allen_vcnp,mouse_demo,session_demo_01,unit_000,9.9,0.05,2,,1.0,visual_stim,train
allen_vcnp,mouse_demo,session_demo_01,unit_000,9.95,0.05,1,,1.0,visual_stim,train
allen_vcnp,mouse_demo,session_demo_01,unit_000,10.0,0.05,0,,0.2,visual_stim,train
allen_vcnp,mouse_demo,session_demo_01,unit_000,10.05,0.05,0,,0.2,visual_stim,train
allen_vcnp,mouse_demo,session_demo_01,unit_000,10.1,0.05,0,,0.2,visual_stim,train
allen_vcnp,mouse_demo,session_demo_01,unit_000,10.15,0.05,0,,0.2,visual_stim,train
allen_vcnp,mouse_demo,session_demo_01,unit_000,10.2,0.05,0,,0.2,visual_stim,train
allen_vcnp,mouse_demo,session_demo_01,unit_000,10.25,0.05,0,,0.2,visual_stim,train
allen_vcnp,mouse_demo,session_demo_01,unit_000,10.3,0.05,1,,0.2,visual_stim,train
allen_vcnp,mouse_demo,session_demo_01,unit_000,10.35,0.05,0,,0.2,visual_stim,train
allen_vcnp,mouse_demo,session_demo_01,unit_000,10.4,0.05,0,,0.2,visual_stim,train
allen_vcnp,mouse_demo,session_demo_01,unit_000,10.45,0.05,1,,0.2,visual_stim,train
allen_vcnp,mouse_demo,session_demo_01,unit_000,10.5,0.05,0,,0.2,visual_stim,train
allen_vcnp,mouse_demo,session_demo_01,unit_000,10.55,0.05,0,,0.2,visual_stim,train
allen_vcnp,mouse_demo,session_demo_01,unit_000,10.6,0.05,0,,0.2,visual_stim,train
allen_vcnp,mouse_demo,session_demo_01,unit_000,10.65,0.05,2,,0.2,visual_stim,train
allen_vcnp,mouse_demo,session_demo_01,unit_000,10.7,0.05,0,,0.2,visual_stim,train
allen_vcnp,mouse_demo,session_demo_01,unit_000,10.75,0.05,0,,0.2,visual_stim,train
allen_vcnp,mouse_demo,session_demo_01,unit_000,10.8,0.05,0,,0.2,visual_stim,train
allen_vcnp,mouse_demo,session_demo_01,unit_000,10.85,0.05,0,,0.2,visual_stim,train
allen_vcnp,mouse_demo,session_demo_01,unit_000,10.9,0.05,0,,0.2,visual_stim,train
allen_vcnp,mouse_demo,session_demo_01,unit_000,10.95,0.05,0,,0.2,visual_stim,train
allen_vcnp,mouse_demo,session_demo_01,unit_000,11.0,0.05,0,,0.2,visual_stim,train
allen_vcnp,mouse_demo,session_demo_01,unit_000,11.05,0.05,0,,0.2,visual_stim,train
allen_vcnp,mouse_demo,session_demo_01,unit_000,11.1,0.05,0,,0.2,visual_stim,train
allen_vcnp,mouse_demo,session_demo_01,unit_000,11.15,0.05,0,,0.2,visual_stim,train
allen_vcnp,mouse_demo,session_demo_01,unit_000,11.2,0.05,0,,0.2,visual_stim,train
allen_vcnp,mouse_demo,session_demo_01,unit_000,11.25,0.05,0,,0.2,visual_stim,train
allen_vcnp,mouse_demo,session_demo_01,unit_000,11.3,0.05,0,,0.2,visual_stim,train
allen_vcnp,mouse_demo,session_demo_01,unit_000,11.35,0.05,1,,0.2,visual_stim,train
allen_vcnp,mouse_demo,session_demo_01,unit_000,11.4,0.05,1,,0.2,visual_stim,train
allen_vcnp,mouse_demo,session_demo_01,unit_000,11.45,0.05,0,,0.2,visual_stim,train
allen_vcnp,mouse_demo,session_demo_01,unit_000,11.5,0.05,1,,0.2,visual_stim,train
allen_vcnp,mouse_demo,session_demo_01,unit_000,11.55,0.05,1,,0.2,visual_stim,train
allen_vcnp,mouse_demo,session_demo_01,unit_000,11.6,0.05,2,,0.2,visual_stim,train
allen_vcnp,mouse_demo,session_demo_01,unit_000,11.65,0.05,0,,0.2,visual_stim,train
allen_vcnp,mouse_demo,session_demo_01,unit_000,11.7,0.05,0,,0.2,visual_stim,train
allen_vcnp,mouse_demo,session_demo_01,unit_000,11.75,0.05,0,,0.2,visual_stim,train
allen_vcnp,mouse_demo,session_demo_01,unit_000,11.8,0.05,1,,0.2,visual_stim,train
allen_vcnp,mouse_demo,session_demo_01,unit_000,11.85,0.05,1,,0.2,visual_stim,train
allen_vcnp,mouse_demo,session_demo_01,unit_000,11.9,0.05,1,,0.2,visual_stim,train
allen_vcnp,mouse_demo,session_demo_01,unit_000,11.95,0.05,0,,0.2,visual_stim,train
allen_vcnp,mouse_demo,session_demo_01,unit_000,12.0,0.05,4,,1.0,visual_stim,train
allen_vcnp,mouse_demo,session_demo_01,unit_000,12.05,0.05,1,,1.0,visual_stim,train
allen_vcnp,mouse_demo,session_demo_01,unit_000,12.1,0.05,0,,1.0,visual_stim,train
allen_vcnp,mouse_demo,session_demo_01,unit_000,12.15,0.05,0,,1.0,visual_stim,train
allen_vcnp,mouse_demo,session_demo_01,unit_000,12.2,0.05,1,,1.0,visual_stim,train
allen_vcnp,mouse_demo,session_demo_01,unit_000,12.25,0.05,0,,1.0,visual_stim,train
allen_vcnp,mouse_demo,session_demo_01,unit_000,12.3,0.05,0,,1.0,visual_stim,train
allen_vcnp,mouse_demo,session_demo_01,unit_000,12.35,0.05,2,,1.0,visual_stim,train
allen_vcnp,mouse_demo,session_demo_01,unit_000,12.4,0.05,0,,1.0,visual_stim,train
allen_vcnp,mouse_demo,session_demo_01,unit_000,12.45,0.05,1,,1.0,visual_stim,train
allen_vcnp,mouse_demo,session_demo_01,unit_000,12.5,0.05,0,,1.0,visual_stim,train
allen_vcnp,mouse_demo,session_demo_01,unit_000,12.55,0.05,0,,1.0,visual_stim,train
allen_vcnp,mouse_demo,session_demo_01,unit_000,12.6,0.05,0,,1.0,visual_stim,train
allen_vcnp,mouse_demo,session_demo_01,unit_000,12.65,0.05,0,,1.0,visual_stim,train
allen_vcnp,mouse_demo,session_demo_01,unit_000,12.7,0.05,1,,1.0,visual_stim,train
allen_vcnp,mouse_demo,session_demo_01,unit_000,12.75,0.05,1,,1.0,visual_stim,train
allen_vcnp,mouse_demo,session_demo_01,unit_000,12.8,0.05,0,,1.0,visual_stim,train
allen_vcnp,mouse_demo,session_demo_01,unit_000,12.85,0.05,0,,1.0,visual_stim,train
allen_vcnp,mouse_demo,session_demo_01,unit_000,12.9,0.05,0,,1.0,visual_stim,train
allen_vcnp,mouse_demo,session_demo_01,unit_000,12.95,0.05,0,,1.0,visual_stim,train
allen_vcnp,mouse_demo,session_demo_01,unit_000,13.0,0.05,1,,1.0,visual_stim,train
allen_vcnp,mouse_demo,session_demo_01,unit_000,13.05,0.05,0,,1.0,visual_stim,train
allen_vcnp,mouse_demo,session_demo_01,unit_000,13.1,0.05,1,,1.0,visual_stim,train
allen_vcnp,mouse_demo,session_demo_01,unit_000,13.15,0.05,0,,1.0,visual_stim,train
allen_vcnp,mouse_demo,session_demo_01,unit_000,13.2,0.05,0,,1.0,visual_stim,train
allen_vcnp,mouse_demo,session_demo_01,unit_000,13.25,0.05,0,,1.0,visual_stim,train
allen_vcnp,mouse_demo,session_demo_01,unit_000,13.3,0.05,1,,1.0,visual_stim,train
allen_vcnp,mouse_demo,session_demo_01,unit_000,13.35,0.05,1,,1.0,visual_stim,train
allen_vcnp,mouse_demo,session_demo_01,unit_000,13.4,0.05,0,,1.0,visual_stim,train
allen_vcnp,mouse_demo,session_demo_01,unit_000,13.45,0.05,0,,1.0,visual_stim,train
allen_vcnp,mouse_demo,session_demo_01,unit_000,13.5,0.05,0,,1.0,visual_stim,train
allen_vcnp,mouse_demo,session_demo_01,unit_000,13.55,0.05,0,,1.0,visual_stim,train
allen_vcnp,mouse_demo,session_demo_01,unit_000,13.6,0.05,0,,1.0,visual_stim,train
allen_vcnp,mouse_demo,session_demo_01,unit_000,13.65,0.05,1,,1.0,visual_stim,train
allen_vcnp,mouse_demo,session_demo_01,unit_000,13.7,0.05,1,,1.0,visual_stim,train
allen_vcnp,mouse_demo,session_demo_01,unit_000,13.75,0.05,1,,1.0,visual_stim,train
allen_vcnp,mouse_demo,session_demo_01,unit_000,13.8,0.05,0,,1.0,visual_stim,train
allen_vcnp,mouse_demo,session_demo_01,unit_000,13.85,0.05,0,,1.0,visual_stim,train
allen_vcnp,mouse_demo,session_demo_01,unit_000,13.9,0.05,1,,1.0,visual_stim,train
allen_vcnp,mouse_demo,session_demo_01,unit_000,13.95,0.05,2,,1.0,visual_stim,train
allen_vcnp,mouse_demo,session_demo_01,unit_000,14.0,0.05,0,,0.2,visual_stim,valid
allen_vcnp,mouse_demo,session_demo_01,unit_000,14.05,0.05,1,,0.2,visual_stim,valid
allen_vcnp,mouse_demo,session_demo_01,unit_000,14.1,0.05,0,,0.2,visual_stim,valid
allen_vcnp,mouse_demo,session_demo_01,unit_000,14.15,0.05,0,,0.2,visual_stim,valid
allen_vcnp,mouse_demo,session_demo_01,unit_000,14.2,0.05,0,,0.2,visual_stim,valid
allen_vcnp,mouse_demo,session_demo_01,unit_000,14.25,0.05,2,,0.2,visual_stim,valid
allen_vcnp,mouse_demo,session_demo_01,unit_000,14.3,0.05,0,,0.2,visual_stim,valid
allen_vcnp,mouse_demo,session_demo_01,unit_000,14.35,0.05,0,,0.2,visual_stim,valid
allen_vcnp,mouse_demo,session_demo_01,unit_000,14.4,0.05,0,,0.2,visual_stim,valid
allen_vcnp,mouse_demo,session_demo_01,unit_000,14.45,0.05,0,,0.2,visual_stim,valid
allen_vcnp,mouse_demo,session_demo_01,unit_000,14.5,0.05,0,,0.2,visual_stim,valid
allen_vcnp,mouse_demo,session_demo_01,unit_000,14.55,0.05,1,,0.2,visual_stim,valid
allen_vcnp,mouse_demo,session_demo_01,unit_000,14.6,0.05,0,,0.2,visual_stim,valid
allen_vcnp,mouse_demo,session_demo_01,unit_000,14.65,0.05,0,,0.2,visual_stim,valid
allen_vcnp,mouse_demo,session_demo_01,unit_000,14.7,0.05,0,,0.2,visual_stim,valid
allen_vcnp,mouse_demo,session_demo_01,unit_000,14.75,0.05,0,,0.2,visual_stim,valid
allen_vcnp,mouse_demo,session_demo_01,unit_000,14.8,0.05,0,,0.2,visual_stim,valid
allen_vcnp,mouse_demo,session_demo_01,unit_000,14.85,0.05,0,,0.2,visual_stim,valid
allen_vcnp,mouse_demo,session_demo_01,unit_000,14.9,0.05,0,,0.2,visual_stim,valid
allen_vcnp,mouse_demo,session_demo_01,unit_000,14.95,0.05,2,,0.2,visual_stim,valid
allen_vcnp,mouse_demo,session_demo_01,unit_000,15.0,0.05,0,,0.2,visual_stim,valid
allen_vcnp,mouse_demo,session_demo_01,unit_000,15.05,0.05,2,,0.2,visual_stim,valid
allen_vcnp,mouse_demo,session_demo_01,unit_000,15.1,0.05,1,,0.2,visual_stim,valid
allen_vcnp,mouse_demo,session_demo_01,unit_000,15.15,0.05,0,,0.2,visual_stim,valid
allen_vcnp,mouse_demo,session_demo_01,unit_000,15.2,0.05,0,,0.2,visual_stim,valid
allen_vcnp,mouse_demo,session_demo_01,unit_000,15.25,0.05,0,,0.2,visual_stim,valid
allen_vcnp,mouse_demo,session_demo_01,unit_000,15.3,0.05,2,,0.2,visual_stim,valid
allen_vcnp,mouse_demo,session_demo_01,unit_000,15.35,0.05,1,,0.2,visual_stim,valid
allen_vcnp,mouse_demo,session_demo_01,unit_000,15.4,0.05,0,,0.2,visual_stim,valid
allen_vcnp,mouse_demo,session_demo_01,unit_000,15.45,0.05,0,,0.2,visual_stim,valid
allen_vcnp,mouse_demo,session_demo_01,unit_000,15.5,0.05,0,,0.2,visual_stim,valid
allen_vcnp,mouse_demo,session_demo_01,unit_000,15.55,0.05,2,,0.2,visual_stim,valid
allen_vcnp,mouse_demo,session_demo_01,unit_000,15.6,0.05,0,,0.2,visual_stim,valid
allen_vcnp,mouse_demo,session_demo_01,unit_000,15.65,0.05,0,,0.2,visual_stim,valid
allen_vcnp,mouse_demo,session_demo_01,unit_000,15.7,0.05,0,,0.2,visual_stim,valid
allen_vcnp,mouse_demo,session_demo_01,unit_000,15.75,0.05,0,,0.2,visual_stim,valid
allen_vcnp,mouse_demo,session_demo_01,unit_000,15.8,0.05,0,,0.2,visual_stim,valid
allen_vcnp,mouse_demo,session_demo_01,unit_000,15.85,0.05,0,,0.2,visual_stim,valid
allen_vcnp,mouse_demo,session_demo_01,unit_000,15.9,0.05,0,,0.2,visual_stim,valid
allen_vcnp,mouse_demo,session_demo_01,unit_000,15.95,0.05,0,,0.2,visual_stim,valid
allen_vcnp,mouse_demo,session_demo_01,unit_000,16.0,0.05,0,,1.0,visual_stim,valid
allen_vcnp,mouse_demo,session_demo_01,unit_000,16.05,0.05,0,,1.0,visual_stim,valid
allen_vcnp,mouse_demo,session_demo_01,unit_000,16.1,0.05,1,,1.0,visual_stim,valid
allen_vcnp,mouse_demo,session_demo_01,unit_000,16.15,0.05,1,,1.0,visual_stim,valid
allen_vcnp,mouse_demo,session_demo_01,unit_000,16.2,0.05,0,,1.0,visual_stim,valid
allen_vcnp,mouse_demo,session_demo_01,unit_000,16.25,0.05,0,,1.0,visual_stim,valid
allen_vcnp,mouse_demo,session_demo_01,unit_000,16.3,0.05,0,,1.0,visual_stim,valid
allen_vcnp,mouse_demo,session_demo_01,unit_000,16.35,0.05,1,,1.0,visual_stim,valid
allen_vcnp,mouse_demo,session_demo_01,unit_000,16.4,0.05,1,,1.0,visual_stim,valid
allen_vcnp,mouse_demo,session_demo_01,unit_000,16.45,0.05,2,,1.0,visual_stim,valid
allen_vcnp,mouse_demo,session_demo_01,unit_000,16.5,0.05,0,,1.0,visual_stim,valid
allen_vcnp,mouse_demo,session_demo_01,unit_000,16.55,0.05,2,,1.0,visual_stim,valid
allen_vcnp,mouse_demo,session_demo_01,unit_000,16.6,0.05,0,,1.0,visual_stim,valid
allen_vcnp,mouse_demo,session_demo_01,unit_000,16.65,0.05,0,,1.0,visual_stim,valid
allen_vcnp,mouse_demo,session_demo_01,unit_000,16.7,0.05,0,,1.0,visual_stim,valid
allen_vcnp,mouse_demo,session_demo_01,unit_000,16.75,0.05,1,,1.0,visual_stim,valid
allen_vcnp,mouse_demo,session_demo_01,unit_000,16.8,0.05,1,,1.0,visual_stim,valid
allen_vcnp,mouse_demo,session_demo_01,unit_000,16.85,0.05,3,,1.0,visual_stim,valid
allen_vcnp,mouse_demo,session_demo_01,unit_000,16.9,0.05,0,,1.0,visual_stim,valid
allen_vcnp,mouse_demo,session_demo_01,unit_000,16.95,0.05,1,,1.0,visual_stim,valid
allen_vcnp,mouse_demo,session_demo_01,unit_000,17.0,0.05,0,,1.0,visual_stim,test
allen_vcnp,mouse_demo,session_demo_01,unit_000,17.05,0.05,0,,1.0,visual_stim,test
allen_vcnp,mouse_demo,session_demo_01,unit_000,17.1,0.05,0,,1.0,visual_stim,test
allen_vcnp,mouse_demo,session_demo_01,unit_000,17.15,0.05,0,,1.0,visual_stim,test
allen_vcnp,mouse_demo,session_demo_01,unit_000,17.2,0.05,0,,1.0,visual_stim,test
allen_vcnp,mouse_demo,session_demo_01,unit_000,17.25,0.05,0,,1.0,visual_stim,test
allen_vcnp,mouse_demo,session_demo_01,unit_000,17.3,0.05,0,,1.0,visual_stim,test
allen_vcnp,mouse_demo,session_demo_01,unit_000,17.35,0.05,0,,1.0,visual_stim,test
allen_vcnp,mouse_demo,session_demo_01,unit_000,17.4,0.05,1,,1.0,visual_stim,test
allen_vcnp,mouse_demo,session_demo_01,unit_000,17.45,0.05,0,,1.0,visual_stim,test
allen_vcnp,mouse_demo,session_demo_01,unit_000,17.5,0.05,1,,1.0,visual_stim,test
allen_vcnp,mouse_demo,session_demo_01,unit_000,17.55,0.05,0,,1.0,visual_stim,test
allen_vcnp,mouse_demo,session_demo_01,unit_000,17.6,0.05,0,,1.0,visual_stim,test
allen_vcnp,mouse_demo,session_demo_01,unit_000,17.65,0.05,0,,1.0,visual_stim,test
allen_vcnp,mouse_demo,session_demo_01,unit_000,17.7,0.05,1,,1.0,visual_stim,test
allen_vcnp,mouse_demo,session_demo_01,unit_000,17.75,0.05,1,,1.0,visual_stim,test
allen_vcnp,mouse_demo,session_demo_01,unit_000,17.8,0.05,1,,1.0,visual_stim,test
allen_vcnp,mouse_demo,session_demo_01,unit_000,17.85,0.05,1,,1.0,visual_stim,test
allen_vcnp,mouse_demo,session_demo_01,unit_000,17.9,0.05,2,,1.0,visual_stim,test
allen_vcnp,mouse_demo,session_demo_01,unit_000,17.95,0.05,0,,1.0,visual_stim,test
allen_vcnp,mouse_demo,session_demo_01,unit_000,18.0,0.05,0,,0.2,visual_stim,test
allen_vcnp,mouse_demo,session_demo_01,unit_000,18.05,0.05,0,,0.2,visual_stim,test
allen_vcnp,mouse_demo,session_demo_01,unit_000,18.1,0.05,0,,0.2,visual_stim,test
allen_vcnp,mouse_demo,session_demo_01,unit_000,18.15,0.05,0,,0.2,visual_stim,test
allen_vcnp,mouse_demo,session_demo_01,unit_000,18.2,0.05,0,,0.2,visual_stim,test
allen_vcnp,mouse_demo,session_demo_01,unit_000,18.25,0.05,0,,0.2,visual_stim,test
allen_vcnp,mouse_demo,session_demo_01,unit_000,18.3,0.05,0,,0.2,visual_stim,test
allen_vcnp,mouse_demo,session_demo_01,unit_000,18.35,0.05,1,,0.2,visual_stim,test
allen_vcnp,mouse_demo,session_demo_01,unit_000,18.4,0.05,0,,0.2,visual_stim,test
allen_vcnp,mouse_demo,session_demo_01,unit_000,18.45,0.05,1,,0.2,visual_stim,test
allen_vcnp,mouse_demo,session_demo_01,unit_000,18.5,0.05,0,,0.2,visual_stim,test
allen_vcnp,mouse_demo,session_demo_01,unit_000,18.55,0.05,0,,0.2,visual_stim,test
allen_vcnp,mouse_demo,session_demo_01,unit_000,18.6,0.05,0,,0.2,visual_stim,test
allen_vcnp,mouse_demo,session_demo_01,unit_000,18.65,0.05,0,,0.2,visual_stim,test
allen_vcnp,mouse_demo,session_demo_01,unit_000,18.7,0.05,0,,0.2,visual_stim,test
allen_vcnp,mouse_demo,session_demo_01,unit_000,18.75,0.05,0,,0.2,visual_stim,test
allen_vcnp,mouse_demo,session_demo_01,unit_000,18.8,0.05,0,,0.2,visual_stim,test
allen_vcnp,mouse_demo,session_demo_01,unit_000,18.85,0.05,0,,0.2,visual_stim,test
allen_vcnp,mouse_demo,session_demo_01,unit_000,18.9,0.05,1,,0.2,visual_stim,test
allen_vcnp,mouse_demo,session_demo_01,unit_000,18.95,0.05,1,,0.2,visual_stim,test
allen_vcnp,mouse_demo,session_demo_01,unit_000,19.0,0.05,1,,0.2,visual_stim,test
allen_vcnp,mouse_demo,session_demo_01,unit_000,19.05,0.05,0,,0.2,visual_stim,test
allen_vcnp,mouse_demo,session_demo_01,unit_000,19.1,0.05,0,,0.2,visual_stim,test
allen_vcnp,mouse_demo,session_demo_01,unit_000,19.15,0.05,0,,0.2,visual_stim,test
allen_vcnp,mouse_demo,session_demo_01,unit_000,19.2,0.05,1,,0.2,visual_stim,test
allen_vcnp,mouse_demo,session_demo_01,unit_000,19.25,0.05,0,,0.2,visual_stim,test
allen_vcnp,mouse_demo,session_demo_01,unit_000,19.3,0.05,1,,0.2,visual_stim,test
allen_vcnp,mouse_demo,session_demo_01,unit_000,19.35,0.05,0,,0.2,visual_stim,test
allen_vcnp,mouse_demo,session_demo_01,unit_000,19.4,0.05,0,,0.2,visual_stim,test
allen_vcnp,mouse_demo,session_demo_01,unit_000,19.45,0.05,0,,0.2,visual_stim,test
allen_vcnp,mouse_demo,session_demo_01,unit_000,19.5,0.05,0,,0.2,visual_stim,test
allen_vcnp,mouse_demo,session_demo_01,unit_000,19.55,0.05,0,,0.2,visual_stim,test
allen_vcnp,mouse_demo,session_demo_01,unit_000,19.6,0.05,0,,0.2,visual_stim,test
allen_vcnp,mouse_demo,session_demo_01,unit_000,19.65,0.05,0,,0.2,visual_stim,test
allen_vcnp,mouse_demo,session_demo_01,unit_000,19.7,0.05,0,,0.2,visual_stim,test
allen_vcnp,mouse_demo,session_demo_01,unit_000,19.75,0.05,0,,0.2,visual_stim,test
allen_vcnp,mouse_demo,session_demo_01,unit_000,19.8,0.05,1,,0.2,visual_stim,test
allen_vcnp,mouse_demo,session_demo_01,unit_000,19.85,0.05,0,,0.2,visual_stim,test
allen_vcnp,mouse_demo,session_demo_01,unit_000,19.9,0.05,0,,0.2,visual_stim,test
allen_vcnp,mouse_demo,session_demo_01,unit_000,19.95,0.05,0,,0.2,visual_stim,test
allen_vcnp,mouse_demo,session_demo_01,unit_001,0.0,0.05,0,,0.2,visual_stim,train
allen_vcnp,mouse_demo,session_demo_01,unit_001,0.05,0.05,0,,0.2,visual_stim,train
allen_vcnp,mouse_demo,session_demo_01,unit_001,0.1,0.05,1,,0.2,visual_stim,train
allen_vcnp,mouse_demo,session_demo_01,unit_001,0.15,0.05,0,,0.2,visual_stim,train
allen_vcnp,mouse_demo,session_demo_01,unit_001,0.2,0.05,1,,0.2,visual_stim,train
allen_vcnp,mouse_demo,session_demo_01,unit_001,0.25,0.05,0,,0.2,visual_stim,train
allen_vcnp,mouse_demo,session_demo_01,unit_001,0.3,0.05,0,,0.2,visual_stim,train
allen_vcnp,mouse_demo,session_demo_01,unit_001,0.35,0.05,1,,0.2,visual_stim,train
allen_vcnp,mouse_demo,session_demo_01,unit_001,0.4,0.05,0,,0.2,visual_stim,train
allen_vcnp,mouse_demo,session_demo_01,unit_001,0.45,0.05,0,,0.2,visual_stim,train
allen_vcnp,mouse_demo,session_demo_01,unit_001,0.5,0.05,1,,0.2,visual_stim,train
allen_vcnp,mouse_demo,session_demo_01,unit_001,0.55,0.05,0,,0.2,visual_stim,train
allen_vcnp,mouse_demo,session_demo_01,unit_001,0.6,0.05,0,,0.2,visual_stim,train
allen_vcnp,mouse_demo,session_demo_01,unit_001,0.65,0.05,0,,0.2,visual_stim,train
allen_vcnp,mouse_demo,session_demo_01,unit_001,0.7,0.05,0,,0.2,visual_stim,train
allen_vcnp,mouse_demo,session_demo_01,unit_001,0.75,0.05,1,,0.2,visual_stim,train
allen_vcnp,mouse_demo,session_demo_01,unit_001,0.8,0.05,0,,0.2,visual_stim,train
allen_vcnp,mouse_demo,session_demo_01,unit_001,0.85,0.05,0,,0.2,visual_stim,train
allen_vcnp,mouse_demo,session_demo_01,unit_001,0.9,0.05,1,,0.2,visual_stim,train
allen_vcnp,mouse_demo,session_demo_01,unit_001,0.95,0.05,1,,0.2,visual_stim,train
allen_vcnp,mouse_demo,session_demo_01,unit_001,1.0,0.05,1,,0.2,visual_stim,train
allen_vcnp,mouse_demo,session_demo_01,unit_001,1.05,0.05,0,,0.2,visual_stim,train
allen_vcnp,mouse_demo,session_demo_01,unit_001,1.1,0.05,0,,0.2,visual_stim,train
allen_vcnp,mouse_demo,session_demo_01,unit_001,1.15,0.05,1,,0.2,visual_stim,train
allen_vcnp,mouse_demo,session_demo_01,unit_001,1.2,0.05,0,,0.2,visual_stim,train
allen_vcnp,mouse_demo,session_demo_01,unit_001,1.25,0.05,0,,0.2,visual_stim,train
allen_vcnp,mouse_demo,session_demo_01,unit_001,1.3,0.05,0,,0.2,visual_stim,train
allen_vcnp,mouse_demo,session_demo_01,unit_001,1.35,0.05,1,,0.2,visual_stim,train
allen_vcnp,mouse_demo,session_demo_01,unit_001,1.4,0.05,1,,0.2,visual_stim,train
allen_vcnp,mouse_demo,session_demo_01,unit_001,1.45,0.05,0,,0.2,visual_stim,train
allen_vcnp,mouse_demo,session_demo_01,unit_001,1.5,0.05,0,,0.2,visual_stim,train
allen_vcnp,mouse_demo,session_demo_01,unit_001,1.55,0.05,0,,0.2,visual_stim,train
allen_vcnp,mouse_demo,session_demo_01,unit_001,1.6,0.05,0,,0.2,visual_stim,train
allen_vcnp,mouse_demo,session_demo_01,unit_001,1.65,0.05,0,,0.2,visual_stim,train
allen_vcnp,mouse_demo,session_demo_01,unit_001,1.7,0.05,0,,0.2,visual_stim,train
allen_vcnp,mouse_demo,session_demo_01,unit_001,1.75,0.05,0,,0.2,visual_stim,train
allen_vcnp,mouse_demo,session_demo_01,unit_001,1.8,0.05,1,,0.2,visual_stim,train
allen_vcnp,mouse_demo,session_demo_01,unit_001,1.85,0.05,0,,0.2,visual_stim,train
allen_vcnp,mouse_demo,session_demo_01,unit_001,1.9,0.05,0,,0.2,visual_stim,train
allen_vcnp,mouse_demo,session_demo_01,unit_001,1.95,0.05,0,,0.2,visual_stim,train
allen_vcnp,mouse_demo,session_demo_01,unit_001,2.0,0.05,0,,1.0,visual_stim,train
allen_vcnp,mouse_demo,session_demo_01,unit_001,2.05,0.05,0,,1.0,visual_stim,train
allen_vcnp,mouse_demo,session_demo_01,unit_001,2.1,0.05,0,,1.0,visual_stim,train
allen_vcnp,mouse_demo,session_demo_01,unit_001,2.15,0.05,0,,1.0,visual_stim,train
allen_vcnp,mouse_demo,session_demo_01,unit_001,2.2,0.05,0,,1.0,visual_stim,train
allen_vcnp,mouse_demo,session_demo_01,unit_001,2.25,0.05,0,,1.0,visual_stim,train
allen_vcnp,mouse_demo,session_demo_01,unit_001,2.3,0.05,2,,1.0,visual_stim,train
allen_vcnp,mouse_demo,session_demo_01,unit_001,2.35,0.05,0,,1.0,visual_stim,train
allen_vcnp,mouse_demo,session_demo_01,unit_001,2.4,0.05,3,,1.0,visual_stim,train
allen_vcnp,mouse_demo,session_demo_01,unit_001,2.45,0.05,0,,1.0,visual_stim,train
allen_vcnp,mouse_demo,session_demo_01,unit_001,2.5,0.05,1,,1.0,visual_stim,train
allen_vcnp,mouse_demo,session_demo_01,unit_001,2.55,0.05,1,,1.0,visual_stim,train
allen_vcnp,mouse_demo,session_demo_01,unit_001,2.6,0.05,0,,1.0,visual_stim,train
allen_vcnp,mouse_demo,session_demo_01,unit_001,2.65,0.05,0,,1.0,visual_stim,train
allen_vcnp,mouse_demo,session_demo_01,unit_001,2.7,0.05,0,,1.0,visual_stim,train
allen_vcnp,mouse_demo,session_demo_01,unit_001,2.75,0.05,0,,1.0,visual_stim,train
allen_vcnp,mouse_demo,session_demo_01,unit_001,2.8,0.05,0,,1.0,visual_stim,train
allen_vcnp,mouse_demo,session_demo_01,unit_001,2.85,0.05,1,,1.0,visual_stim,train
allen_vcnp,mouse_demo,session_demo_01,unit_001,2.9,0.05,1,,1.0,visual_stim,train
allen_vcnp,mouse_demo,session_demo_01,unit_001,2.95,0.05,1,,1.0,visual_stim,train
allen_vcnp,mouse_demo,session_demo_01,unit_001,3.0,0.05,3,,1.0,visual_stim,train
allen_vcnp,mouse_demo,session_demo_01,unit_001,3.05,0.05,2,,1.0,visual_stim,train
allen_vcnp,mouse_demo,session_demo_01,unit_001,3.1,0.05,0,,1.0,visual_stim,train
allen_vcnp,mouse_demo,session_demo_01,unit_001,3.15,0.05,2,,1.0,visual_stim,train
allen_vcnp,mouse_demo,session_demo_01,unit_001,3.2,0.05,2,,1.0,visual_stim,train
allen_vcnp,mouse_demo,session_demo_01,unit_001,3.25,0.05,1,,1.0,visual_stim,train
allen_vcnp,mouse_demo,session_demo_01,unit_001,3.3,0.05,0,,1.0,visual_stim,train
allen_vcnp,mouse_demo,session_demo_01,unit_001,3.35,0.05,1,,1.0,visual_stim,train
allen_vcnp,mouse_demo,session_demo_01,unit_001,3.4,0.05,0,,1.0,visual_stim,train
allen_vcnp,mouse_demo,session_demo_01,unit_001,3.45,0.05,0,,1.0,visual_stim,train
allen_vcnp,mouse_demo,session_demo_01,unit_001,3.5,0.05,0,,1.0,visual_stim,train
allen_vcnp,mouse_demo,session_demo_01,unit_001,3.55,0.05,2,,1.0,visual_stim,train
allen_vcnp,mouse_demo,session_demo_01,unit_001,3.6,0.05,0,,1.0,visual_stim,train
allen_vcnp,mouse_demo,session_demo_01,unit_001,3.65,0.05,1,,1.0,visual_stim,train
allen_vcnp,mouse_demo,session_demo_01,unit_001,3.7,0.05,0,,1.0,visual_stim,train
allen_vcnp,mouse_demo,session_demo_01,unit_001,3.75,0.05,0,,1.0,visual_stim,train
allen_vcnp,mouse_demo,session_demo_01,unit_001,3.8,0.05,0,,1.0,visual_stim,train
allen_vcnp,mouse_demo,session_demo_01,unit_001,3.85,0.05,0,,1.0,visual_stim,train
allen_vcnp,mouse_demo,session_demo_01,unit_001,3.9,0.05,1,,1.0,visual_stim,train
allen_vcnp,mouse_demo,session_demo_01,unit_001,3.95,0.05,2,,1.0,visual_stim,train
allen_vcnp,mouse_demo,session_demo_01,unit_001,4.0,0.05,0,,0.2,visual_stim,train
allen_vcnp,mouse_demo,session_demo_01,unit_001,4.05,0.05,0,,0.2,visual_stim,train
allen_vcnp,mouse_demo,session_demo_01,unit_001,4.1,0.05,1,,0.2,visual_stim,train
allen_vcnp,mouse_demo,session_demo_01,unit_001,4.15,0.05,0,,0.2,visual_stim,train
allen_vcnp,mouse_demo,session_demo_01,unit_001,4.2,0.05,0,,0.2,visual_stim,train
allen_vcnp,mouse_demo,session_demo_01,unit_001,4.25,0.05,1,,0.2,visual_stim,train
allen_vcnp,mouse_demo,session_demo_01,unit_001,4.3,0.05,0,,0.2,visual_stim,train
allen_vcnp,mouse_demo,session_demo_01,unit_001,4.35,0.05,0,,0.2,visual_stim,train
allen_vcnp,mouse_demo,session_demo_01,unit_001,4.4,0.05,0,,0.2,visual_stim,train
allen_vcnp,mouse_demo,session_demo_01,unit_001,4.45,0.05,0,,0.2,visual_stim,train
allen_vcnp,mouse_demo,session_demo_01,unit_001,4.5,0.05,0,,0.2,visual_stim,train
allen_vcnp,mouse_demo,session_demo_01,unit_001,4.55,0.05,0,,0.2,visual_stim,train
allen_vcnp,mouse_demo,session_demo_01,unit_001,4.6,0.05,0,,0.2,visual_stim,train
allen_vcnp,mouse_demo,session_demo_01,unit_001,4.65,0.05,0,,0.2,visual_stim,train
allen_vcnp,mouse_demo,session_demo_01,unit_001,4.7,0.05,1,,0.2,visual_stim,train
allen_vcnp,mouse_demo,session_demo_01,unit_001,4.75,0.05,0,,0.2,visual_stim,train
allen_vcnp,mouse_demo,session_demo_01,unit_001,4.8,0.05,0,,0.2,visual_stim,train
allen_vcnp,mouse_demo,session_demo_01,unit_001,4.85,0.05,1,,0.2,visual_stim,train
allen_vcnp,mouse_demo,session_demo_01,unit_001,4.9,0.05,1,,0.2,visual_stim,train
allen_vcnp,mouse_demo,session_demo_01,unit_001,4.95,0.05,1,,0.2,visual_stim,train
allen_vcnp,mouse_demo,session_demo_01,unit_001,5.0,0.05,2,,0.2,visual_stim,train
allen_vcnp,mouse_demo,session_demo_01,unit_001,5.05,0.05,0,,0.2,visual_stim,train
allen_vcnp,mouse_demo,session_demo_01,unit_001,5.1,0.05,0,,0.2,visual_stim,train
allen_vcnp,mouse_demo,session_demo_01,unit_001,5.15,0.05,1,,0.2,visual_stim,train
allen_vcnp,mouse_demo,session_demo_01,unit_001,5.2,0.05,0,,0.2,visual_stim,train
allen_vcnp,mouse_demo,session_demo_01,unit_001,5.25,0.05,1,,0.2,visual_stim,train
allen_vcnp,mouse_demo,session_demo_01,unit_001,5.3,0.05,0,,0.2,visual_stim,train
allen_vcnp,mouse_demo,session_demo_01,unit_001,5.35,0.05,0,,0.2,visual_stim,train
allen_vcnp,mouse_demo,session_demo_01,unit_001,5.4,0.05,0,,0.2,visual_stim,train
allen_vcnp,mouse_demo,session_demo_01,unit_001,5.45,0.05,0,,0.2,visual_stim,train
allen_vcnp,mouse_demo,session_demo_01,unit_001,5.5,0.05,0,,0.2,visual_stim,train
allen_vcnp,mouse_demo,session_demo_01,unit_001,5.55,0.05,1,,0.2,visual_stim,train
allen_vcnp,mouse_demo,session_demo_01,unit_001,5.6,0.05,0,,0.2,visual_stim,train
allen_vcnp,mouse_demo,session_demo_01,unit_001,5.65,0.05,0,,0.2,visual_stim,train
allen_vcnp,mouse_demo,session_demo_01,unit_001,5.7,0.05,1,,0.2,visual_stim,train
allen_vcnp,mouse_demo,session_demo_01,unit_001,5.75,0.05,0,,0.2,visual_stim,train
allen_vcnp,mouse_demo,session_demo_01,unit_001,5.8,0.05,0,,0.2,visual_stim,train
allen_vcnp,mouse_demo,session_demo_01,unit_001,5.85,0.05,1,,0.2,visual_stim,train
allen_vcnp,mouse_demo,session_demo_01,unit_001,5.9,0.05,0,,0.2,visual_stim,train
allen_vcnp,mouse_demo,session_demo_01,unit_001,5.95,0.05,1,,0.2,visual_stim,train
allen_vcnp,mouse_demo,session_demo_01,unit_001,6.0,0.05,1,,1.0,visual_stim,train
allen_vcnp,mouse_demo,session_demo_01,unit_001,6.05,0.05,0,,1.0,visual_stim,train
allen_vcnp,mouse_demo,session_demo_01,unit_001,6.1,0.05,0,,1.0,visual_stim,train
allen_vcnp,mouse_demo,session_demo_01,unit_001,6.15,0.05,1,,1.0,visual_stim,train
allen_vcnp,mouse_demo,session_demo_01,unit_001,6.2,0.05,0,,1.0,visual_stim,train
allen_vcnp,mouse_demo,session_demo_01,unit_001,6.25,0.05,2,,1.0,visual_stim,train
allen_vcnp,mouse_demo,session_demo_01,unit_001,6.3,0.05,0,,1.0,visual_stim,train
allen_vcnp,mouse_demo,session_demo_01,unit_001,6.35,0.05,1,,1.0,visual_stim,train
allen_vcnp,mouse_demo,session_demo_01,unit_001,6.4,0.05,3,,1.0,visual_stim,train
allen_vcnp,mouse_demo,session_demo_01,unit_001,6.45,0.05,1,,1.0,visual_stim,train
allen_vcnp,mouse_demo,session_demo_01,unit_001,6.5,0.05,1,,1.0,visual_stim,train
allen_vcnp,mouse_demo,session_demo_01,unit_001,6.55,0.05,0,,1.0,visual_stim,train
allen_vcnp,mouse_demo,session_demo_01,unit_001,6.6,0.05,0,,1.0,visual_stim,train
allen_vcnp,mouse_demo,session_demo_01,unit_001,6.65,0.05,0,,1.0,visual_stim,train
allen_vcnp,mouse_demo,session_demo_01,unit_001,6.7,0.05,0,,1.0,visual_stim,train
allen_vcnp,mouse_demo,session_demo_01,unit_001,6.75,0.05,0,,1.0,visual_stim,train
allen_vcnp,mouse_demo,session_demo_01,unit_001,6.8,0.05,1,,1.0,visual_stim,train
allen_vcnp,mouse_demo,session_demo_01,unit_001,6.85,0.05,2,,1.0,visual_stim,train
allen_vcnp,mouse_demo,session_demo_01,unit_001,6.9,0.05,0,,1.0,visual_stim,train
allen_vcnp,mouse_demo,session_demo_01,unit_001,6.95,0.05,0,,1.0,visual_stim,train
allen_vcnp,mouse_demo,session_demo_01,unit_001,7.0,0.05,0,,1.0,visual_stim,train
allen_vcnp,mouse_demo,session_demo_01,unit_001,7.05,0.05,1,,1.0,visual_stim,train
allen_vcnp,mouse_demo,session_demo_01,unit_001,7.1,0.05,0,,1.0,visual_stim,train
allen_vcnp,mouse_demo,session_demo_01,unit_001,7.15,0.05,0,,1.0,visual_stim,train
allen_vcnp,mouse_demo,session_demo_01,unit_001,7.2,0.05,1,,1.0,visual_stim,train
allen_vcnp,mouse_demo,session_demo_01,unit_001,7.25,0.05,0,,1.0,visual_stim,train
allen_vcnp,mouse_demo,session_demo_01,unit_001,7.3,0.05,0,,1.0,visual_stim,train
allen_vcnp,mouse_demo,session_demo_01,unit_001,7.35,0.05,1,,1.0,visual_stim,train
allen_vcnp,mouse_demo,session_demo_01,unit_001,7.4,0.05,6,,1.0,visual_stim,train
allen_vcnp,mouse_demo,session_demo_01,unit_001,7.45,0.05,0,,1.0,visual_stim,train
allen_vcnp,mouse_demo,session_demo_01,unit_001,7.5,0.05,0,,1.0,visual_stim,train
allen_vcnp,mouse_demo,session_demo_01,unit_001,7.55,0.05,2,,1.0,visual_stim,train
allen_vcnp,mouse_demo,session_demo_01,unit_001,7.6,0.05,1,,1.0,visual_stim,train
allen_vcnp,mouse_demo,session_demo_01,unit_001,7.65,0.05,0,,1.0,visual_stim,train
allen_vcnp,mouse_demo,session_demo_01,unit_001,7.7,0.05,2,,1.0,visual_stim,train
allen_vcnp,mouse_demo,session_demo_01,unit_001,7.75,0.05,0,,1.0,visual_stim,train
allen_vcnp,mouse_demo,session_demo_01,unit_001,7.8,0.05,1,,1.0,visual_stim,train
allen_vcnp,mouse_demo,session_demo_01,unit_001,7.85,0.05,0,,1.0,visual_stim,train
allen_vcnp,mouse_demo,session_demo_01,unit_001,7.9,0.05,0,,1.0,visual_stim,train
allen_vcnp,mouse_demo,session_demo_01,unit_001,7.95,0.05,1,,1.0,visual_stim,train
allen_vcnp,mouse_demo,session_demo_01,unit_001,8.0,0.05,1,,0.2,visual_stim,train
allen_vcnp,mouse_demo,session_demo_01,unit_001,8.05,0.05,0,,0.2,visual_stim,train
allen_vcnp,mouse_demo,session_demo_01,unit_001,8.1,0.05,0,,0.2,visual_stim,train
allen_vcnp,mouse_demo,session_demo_01,unit_001,8.15,0.05,0,,0.2,visual_stim,train
allen_vcnp,mouse_demo,session_demo_01,unit_001,8.2,0.05,0,,0.2,visual_stim,train
allen_vcnp,mouse_demo,session_demo_01,unit_001,8.25,0.05,0,,0.2,visual_stim,train
allen_vcnp,mouse_demo,session_demo_01,unit_001,8.3,0.05,0,,0.2,visual_stim,train
allen_vcnp,mouse_demo,session_demo_01,unit_001,8.35,0.05,0,,0.2,visual_stim,train
allen_vcnp,mouse_demo,session_demo_01,unit_001,8.4,0.05,0,,0.2,visual_stim,train
allen_vcnp,mouse_demo,session_demo_01,unit_001,8.45,0.05,0,,0.2,visual_stim,train
allen_vcnp,mouse_demo,session_demo_01,unit_001,8.5,0.05,0,,0.2,visual_stim,train
allen_vcnp,mouse_demo,session_demo_01,unit_001,8.55,0.05,0,,0.2,visual_stim,train
allen_vcnp,mouse_demo,session_demo_01,unit_001,8.6,0.05,0,,0.2,visual_stim,train
allen_vcnp,mouse_demo,session_demo_01,unit_001,8.65,0.05,1,,0.2,visual_stim,train
allen_vcnp,mouse_demo,session_demo_01,unit_001,8.7,0.05,0,,0.2,visual_stim,train
allen_vcnp,mouse_demo,session_demo_01,unit_001,8.75,0.05,1,,0.2,visual_stim,train
allen_vcnp,mouse_demo,session_demo_01,unit_001,8.8,0.05,0,,0.2,visual_stim,train
allen_vcnp,mouse_demo,session_demo_01,unit_001,8.85,0.05,1,,0.2,visual_stim,train
allen_vcnp,mouse_demo,session_demo_01,unit_001,8.9,0.05,0,,0.2,visual_stim,train
allen_vcnp,mouse_demo,session_demo_01,unit_001,8.95,0.05,1,,0.2,visual_stim,train
allen_vcnp,mouse_demo,session_demo_01,unit_001,9.0,0.05,2,,0.2,visual_stim,train
allen_vcnp,mouse_demo,session_demo_01,unit_001,9.05,0.05,0,,0.2,visual_stim,train
allen_vcnp,mouse_demo,session_demo_01,unit_001,9.1,0.05,0,,0.2,visual_stim,train
allen_vcnp,mouse_demo,session_demo_01,unit_001,9.15,0.05,2,,0.2,visual_stim,train
allen_vcnp,mouse_demo,session_demo_01,unit_001,9.2,0.05,2,,0.2,visual_stim,train
allen_vcnp,mouse_demo,session_demo_01,unit_001,9.25,0.05,0,,0.2,visual_stim,train
allen_vcnp,mouse_demo,session_demo_01,unit_001,9.3,0.05,1,,0.2,visual_stim,train
allen_vcnp,mouse_demo,session_demo_01,unit_001,9.35,0.05,0,,0.2,visual_stim,train
allen_vcnp,mouse_demo,session_demo_01,unit_001,9.4,0.05,0,,0.2,visual_stim,train
allen_vcnp,mouse_demo,session_demo_01,unit_001,9.45,0.05,0,,0.2,visual_stim,train
allen_vcnp,mouse_demo,session_demo_01,unit_001,9.5,0.05,1,,0.2,visual_stim,train
allen_vcnp,mouse_demo,session_demo_01,unit_001,9.55,0.05,0,,0.2,visual_stim,train
allen_vcnp,mouse_demo,session_demo_01,unit_001,9.6,0.05,0,,0.2,visual_stim,train
allen_vcnp,mouse_demo,session_demo_01,unit_001,9.65,0.05,1,,0.2,visual_stim,train
allen_vcnp,mouse_demo,session_demo_01,unit_001,9.7,0.05,0,,0.2,visual_stim,train
allen_vcnp,mouse_demo,session_demo_01,unit_001,9.75,0.05,0,,0.2,visual_stim,train
allen_vcnp,mouse_demo,session_demo_01,unit_001,9.8,0.05,0,,0.2,visual_stim,train
allen_vcnp,mouse_demo,session_demo_01,unit_001,9.85,0.05,0,,0.2,visual_stim,train
allen_vcnp,mouse_demo,session_demo_01,unit_001,9.9,0.05,0,,0.2,visual_stim,train
allen_vcnp,mouse_demo,session_demo_01,unit_001,9.95,0.05,0,,0.2,visual_stim,train
allen_vcnp,mouse_demo,session_demo_01,unit_001,10.0,0.05,3,,1.0,visual_stim,train
allen_vcnp,mouse_demo,session_demo_01,unit_001,10.05,0.05,1,,1.0,visual_stim,train
allen_vcnp,mouse_demo,session_demo_01,unit_001,10.1,0.05,0,,1.0,visual_stim,train
allen_vcnp,mouse_demo,session_demo_01,unit_001,10.15,0.05,1,,1.0,visual_stim,train
allen_vcnp,mouse_demo,session_demo_01,unit_001,10.2,0.05,1,,1.0,visual_stim,train
allen_vcnp,mouse_demo,session_demo_01,unit_001,10.25,0.05,1,,1.0,visual_stim,train
allen_vcnp,mouse_demo,session_demo_01,unit_001,10.3,0.05,0,,1.0,visual_stim,train
allen_vcnp,mouse_demo,session_demo_01,unit_001,10.35,0.05,0,,1.0,visual_stim,train
allen_vcnp,mouse_demo,session_demo_01,unit_001,10.4,0.05,1,,1.0,visual_stim,train
allen_vcnp,mouse_demo,session_demo_01,unit_001,10.45,0.05,1,,1.0,visual_stim,train
allen_vcnp,mouse_demo,session_demo_01,unit_001,10.5,0.05,2,,1.0,visual_stim,train
allen_vcnp,mouse_demo,session_demo_01,unit_001,10.55,0.05,1,,1.0,visual_stim,train
allen_vcnp,mouse_demo,session_demo_01,unit_001,10.6,0.05,0,,1.0,visual_stim,train
allen_vcnp,mouse_demo,session_demo_01,unit_001,10.65,0.05,3,,1.0,visual_stim,train
allen_vcnp,mouse_demo,session_demo_01,unit_001,10.7,0.05,2,,1.0,visual_stim,train
allen_vcnp,mouse_demo,session_demo_01,unit_001,10.75,0.05,0,,1.0,visual_stim,train
allen_vcnp,mouse_demo,session_demo_01,unit_001,10.8,0.05,1,,1.0,visual_stim,train
allen_vcnp,mouse_demo,session_demo_01,unit_001,10.85,0.05,1,,1.0,visual_stim,train
allen_vcnp,mouse_demo,session_demo_01,unit_001,10.9,0.05,0,,1.0,visual_stim,train
allen_vcnp,mouse_demo,session_demo_01,unit_001,10.95,0.05,0,,1.0,visual_stim,train
allen_vcnp,mouse_demo,session_demo_01,unit_001,11.0,0.05,0,,1.0,visual_stim,train
allen_vcnp,mouse_demo,session_demo_01,unit_001,11.05,0.05,0,,1.0,visual_stim,train
allen_vcnp,mouse_demo,session_demo_01,unit_001,11.1,0.05,0,,1.0,visual_stim,train
allen_vcnp,mouse_demo,session_demo_01,unit_001,11.15,0.05,0,,1.0,visual_stim,train
allen_vcnp,mouse_demo,session_demo_01,unit_001,11.2,0.05,0,,1.0,visual_stim,train
allen_vcnp,mouse_demo,session_demo_01,unit_001,11.25,0.05,0,,1.0,visual_stim,train
allen_vcnp,mouse_demo,session_demo_01,unit_001,11.3,0.05,1,,1.0,visual_stim,train
allen_vcnp,mouse_demo,session_demo_01,unit_001,11.35,0.05,0,,1.0,visual_stim,train
allen_vcnp,mouse_demo,session_demo_01,unit_001,11.4,0.05,1,,1.0,visual_stim,train
allen_vcnp,mouse_demo,session_demo_01,unit_001,11.45,0.05,0,,1.0,visual_stim,train
allen_vcnp,mouse_demo,session_demo_01,unit_001,11.5,0.05,1,,1.0,visual_stim,train
allen_vcnp,mouse_demo,session_demo_01,unit_001,11.55,0.05,0,,1.0,visual_stim,train
allen_vcnp,mouse_demo,session_demo_01,unit_001,11.6,0.05,1,,1.0,visual_stim,train
allen_vcnp,mouse_demo,session_demo_01,unit_001,11.65,0.05,1,,1.0,visual_stim,train
allen_vcnp,mouse_demo,session_demo_01,unit_001,11.7,0.05,2,,1.0,visual_stim,train
allen_vcnp,mouse_demo,session_demo_01,unit_001,11.75,0.05,0,,1.0,visual_stim,train
allen_vcnp,mouse_demo,session_demo_01,unit_001,11.8,0.05,1,,1.0,visual_stim,train
allen_vcnp,mouse_demo,session_demo_01,unit_001,11.85,0.05,0,,1.0,visual_stim,train
allen_vcnp,mouse_demo,session_demo_01,unit_001,11.9,0.05,0,,1.0,visual_stim,train
allen_vcnp,mouse_demo,session_demo_01,unit_001,11.95,0.05,0,,1.0,visual_stim,train
allen_vcnp,mouse_demo,session_demo_01,unit_001,12.0,0.05,1,,0.2,visual_stim,train
allen_vcnp,mouse_demo,session_demo_01,unit_001,12.05,0.05,0,,0.2,visual_stim,train
allen_vcnp,mouse_demo,session_demo_01,unit_001,12.1,0.05,1,,0.2,visual_stim,train
allen_vcnp,mouse_demo,session_demo_01,unit_001,12.15,0.05,0,,0.2,visual_stim,train
allen_vcnp,mouse_demo,session_demo_01,unit_001,12.2,0.05,1,,0.2,visual_stim,train
allen_vcnp,mouse_demo,session_demo_01,unit_001,12.25,0.05,0,,0.2,visual_stim,train
allen_vcnp,mouse_demo,session_demo_01,unit_001,12.3,0.05,0,,0.2,visual_stim,train
allen_vcnp,mouse_demo,session_demo_01,unit_001,12.35,0.05,2,,0.2,visual_stim,train
allen_vcnp,mouse_demo,session_demo_01,unit_001,12.4,0.05,0,,0.2,visual_stim,train
allen_vcnp,mouse_demo,session_demo_01,unit_001,12.45,0.05,0,,0.2,visual_stim,train
allen_vcnp,mouse_demo,session_demo_01,unit_001,12.5,0.05,0,,0.2,visual_stim,train
allen_vcnp,mouse_demo,session_demo_01,unit_001,12.55,0.05,0,,0.2,visual_stim,train
allen_vcnp,mouse_demo,session_demo_01,unit_001,12.6,0.05,0,,0.2,visual_stim,train
allen_vcnp,mouse_demo,session_demo_01,unit_001,12.65,0.05,0,,0.2,visual_stim,train
allen_vcnp,mouse_demo,session_demo_01,unit_001,12.7,0.05,0,,0.2,visual_stim,train
allen_vcnp,mouse_demo,session_demo_01,unit_001,12.75,0.05,1,,0.2,visual_stim,train
allen_vcnp,mouse_demo,session_demo_01,unit_001,12.8,0.05,1,,0.2,visual_stim,train
allen_vcnp,mouse_demo,session_demo_01,unit_001,12.85,0.05,0,,0.2,visual_stim,train
allen_vcnp,mouse_demo,session_demo_01,unit_001,12.9,0.05,0,,0.2,visual_stim,train
allen_vcnp,mouse_demo,session_demo_01,unit_001,12.95,0.05,0,,0.2,visual_stim,train
allen_vcnp,mouse_demo,session_demo_01,unit_001,13.0,0.05,0,,0.2,visual_stim,train
allen_vcnp,mouse_demo,session_demo_01,unit_001,13.05,0.05,0,,0.2,visual_stim,train
allen_vcnp,mouse_demo,session_demo_01,unit_001,13.1,0.05,1,,0.2,visual_stim,train
allen_vcnp,mouse_demo,session_demo_01,unit_001,13.15,0.05,1,,0.2,visual_stim,train
allen_vcnp,mouse_demo,session_demo_01,unit_001,13.2,0.05,0,,0.2,visual_stim,train
allen_vcnp,mouse_demo,session_demo_01,unit_001,13.25,0.05,1,,0.2,visual_stim,train
allen_vcnp,mouse_demo,session_demo_01,unit_001,13.3,0.05,0,,0.2,visual_stim,train
allen_vcnp,mouse_demo,session_demo_01,unit_001,13.35,0.05,0,,0.2,visual_stim,train
allen_vcnp,mouse_demo,session_demo_01,unit_001,13.4,0.05,2,,0.2,visual_stim,train
allen_vcnp,mouse_demo,session_demo_01,unit_001,13.45,0.05,0,,0.2,visual_stim,train
allen_vcnp,mouse_demo,session_demo_01,unit_001,13.5,0.05,1,,0.2,visual_stim,train
allen_vcnp,mouse_demo,session_demo_01,unit_001,13.55,0.05,0,,0.2,visual_stim,train
allen_vcnp,mouse_demo,session_demo_01,unit_001,13.6,0.05,1,,0.2,visual_stim,train
allen_vcnp,mouse_demo,session_demo_01,unit_001,13.65,0.05,0,,0.2,visual_stim,train
allen_vcnp,mouse_demo,session_demo_01,unit_001,13.7,0.05,0,,0.2,visual_stim,train
allen_vcnp,mouse_demo,session_demo_01,unit_001,13.75,0.05,1,,0.2,visual_stim,train
allen_vcnp,mouse_demo,session_demo_01,unit_001,13.8,0.05,2,,0.2,visual_stim,train
allen_vcnp,mouse_demo,session_demo_01,unit_001,13.85,0.05,0,,0.2,visual_stim,train
allen_vcnp,mouse_demo,session_demo_01,unit_001,13.9,0.05,0,,0.2,visual_stim,train
allen_vcnp,mouse_demo,session_demo_01,unit_001,13.95,0.05,1,,0.2,visual_stim,train
allen_vcnp,mouse_demo,session_demo_01,unit_001,14.0,0.05,0,,1.0,visual_stim,valid
allen_vcnp,mouse_demo,session_demo_01,unit_001,14.05,0.05,0,,1.0,visual_stim,valid
allen_vcnp,mouse_demo,session_demo_01,unit_001,14.1,0.05,1,,1.0,visual_stim,valid
allen_vcnp,mouse_demo,session_demo_01,unit_001,14.15,0.05,0,,1.0,visual_stim,valid
allen_vcnp,mouse_demo,session_demo_01,unit_001,14.2,0.05,0,,1.0,visual_stim,valid
allen_vcnp,mouse_demo,session_demo_01,unit_001,14.25,0.05,1,,1.0,visual_stim,valid
allen_vcnp,mouse_demo,session_demo_01,unit_001,14.3,0.05,1,,1.0,visual_stim,valid
allen_vcnp,mouse_demo,session_demo_01,unit_001,14.35,0.05,1,,1.0,visual_stim,valid
allen_vcnp,mouse_demo,session_demo_01,unit_001,14.4,0.05,0,,1.0,visual_stim,valid
allen_vcnp,mouse_demo,session_demo_01,unit_001,14.45,0.05,0,,1.0,visual_stim,valid
allen_vcnp,mouse_demo,session_demo_01,unit_001,14.5,0.05,1,,1.0,visual_stim,valid
allen_vcnp,mouse_demo,session_demo_01,unit_001,14.55,0.05,0,,1.0,visual_stim,valid
allen_vcnp,mouse_demo,session_demo_01,unit_001,14.6,0.05,0,,1.0,visual_stim,valid
allen_vcnp,mouse_demo,session_demo_01,unit_001,14.65,0.05,0,,1.0,visual_stim,valid
allen_vcnp,mouse_demo,session_demo_01,unit_001,14.7,0.05,0,,1.0,visual_stim,valid
allen_vcnp,mouse_demo,session_demo_01,unit_001,14.75,0.05,1,,1.0,visual_stim,valid
allen_vcnp,mouse_demo,session_demo_01,unit_001,14.8,0.05,2,,1.0,visual_stim,valid
allen_vcnp,mouse_demo,session_demo_01,unit_001,14.85,0.05,0,,1.0,visual_stim,valid
allen_vcnp,mouse_demo,session_demo_01,unit_001,14.9,0.05,0,,1.0,visual_stim,valid
allen_vcnp,mouse_demo,session_demo_01,unit_001,14.95,0.05,1,,1.0,visual_stim,valid
allen_vcnp,mouse_demo,session_demo_01,unit_001,15.0,0.05,2,,1.0,visual_stim,valid
allen_vcnp,mouse_demo,session_demo_01,unit_001,15.05,0.05,0,,1.0,visual_stim,valid
allen_vcnp,mouse_demo,session_demo_01,unit_001,15.1,0.05,0,,1.0,visual_stim,valid
allen_vcnp,mouse_demo,session_demo_01,unit_001,15.15,0.05,0,,1.0,visual_stim,valid
allen_vcnp,mouse_demo,session_demo_01,unit_001,15.2,0.05,0,,1.0,visual_stim,valid
allen_vcnp,mouse_demo,session_demo_01,unit_001,15.25,0.05,0,,1.0,visual_stim,valid
allen_vcnp,mouse_demo,session_demo_01,unit_001,15.3,0.05,0,,1.0,visual_stim,valid
allen_vcnp,mouse_demo,session_demo_01,unit_001,15.35,0.05,1,,1.0,visual_stim,valid
allen_vcnp,mouse_demo,session_demo_01,unit_001,15.4,0.05,1,,1.0,visual_stim,valid
allen_vcnp,mouse_demo,session_demo_01,unit_001,15.45,0.05,0,,1.0,visual_stim,valid
allen_vcnp,mouse_demo,session_demo_01,unit_001,15.5,0.05,0,,1.0,visual_stim,valid
allen_vcnp,mouse_demo,session_demo_01,unit_001,15.55,0.05,1,,1.0,visual_stim,valid
allen_vcnp,mouse_demo,session_demo_01,unit_001,15.6,0.05,0,,1.0,visual_stim,valid
allen_vcnp,mouse_demo,session_demo_01,unit_001,15.65,0.05,0,,1.0,visual_stim,valid
allen_vcnp,mouse_demo,session_demo_01,unit_001,15.7,0.05,0,,1.0,visual_stim,valid
allen_vcnp,mouse_demo,session_demo_01,unit_001,15.75,0.05,0,,1.0,visual_stim,valid
allen_vcnp,mouse_demo,session_demo_01,unit_001,15.8,0.05,1,,1.0,visual_stim,valid
allen_vcnp,mouse_demo,session_demo_01,unit_001,15.85,0.05,0,,1.0,visual_stim,valid
allen_vcnp,mouse_demo,session_demo_01,unit_001,15.9,0.05,2,,1.0,visual_stim,valid
allen_vcnp,mouse_demo,session_demo_01,unit_001,15.95,0.05,1,,1.0,visual_stim,valid
allen_vcnp,mouse_demo,session_demo_01,unit_001,16.0,0.05,0,,0.2,visual_stim,valid
allen_vcnp,mouse_demo,session_demo_01,unit_001,16.05,0.05,0,,0.2,visual_stim,valid
allen_vcnp,mouse_demo,session_demo_01,unit_001,16.1,0.05,0,,0.2,visual_stim,valid
allen_vcnp,mouse_demo,session_demo_01,unit_001,16.15,0.05,0,,0.2,visual_stim,valid
allen_vcnp,mouse_demo,session_demo_01,unit_001,16.2,0.05,1,,0.2,visual_stim,valid
allen_vcnp,mouse_demo,session_demo_01,unit_001,16.25,0.05,0,,0.2,visual_stim,valid
allen_vcnp,mouse_demo,session_demo_01,unit_001,16.3,0.05,0,,0.2,visual_stim,valid
allen_vcnp,mouse_demo,session_demo_01,unit_001,16.35,0.05,0,,0.2,visual_stim,valid
allen_vcnp,mouse_demo,session_demo_01,unit_001,16.4,0.05,0,,0.2,visual_stim,valid
allen_vcnp,mouse_demo,session_demo_01,unit_001,16.45,0.05,0,,0.2,visual_stim,valid
allen_vcnp,mouse_demo,session_demo_01,unit_001,16.5,0.05,0,,0.2,visual_stim,valid
allen_vcnp,mouse_demo,session_demo_01,unit_001,16.55,0.05,0,,0.2,visual_stim,valid
allen_vcnp,mouse_demo,session_demo_01,unit_001,16.6,0.05,0,,0.2,visual_stim,valid
allen_vcnp,mouse_demo,session_demo_01,unit_001,16.65,0.05,0,,0.2,visual_stim,valid
allen_vcnp,mouse_demo,session_demo_01,unit_001,16.7,0.05,0,,0.2,visual_stim,valid
allen_vcnp,mouse_demo,session_demo_01,unit_001,16.75,0.05,1,,0.2,visual_stim,valid
allen_vcnp,mouse_demo,session_demo_01,unit_001,16.8,0.05,0,,0.2,visual_stim,valid
allen_vcnp,mouse_demo,session_demo_01,unit_001,16.85,0.05,0,,0.2,visual_stim,valid
allen_vcnp,mouse_demo,session_demo_01,unit_001,16.9,0.05,0,,0.2,visual_stim,valid
allen_vcnp,mouse_demo,session_demo_01,unit_001,16.95,0.05,0,,0.2,visual_stim,valid
allen_vcnp,mouse_demo,session_demo_01,unit_001,17.0,0.05,0,,0.2,visual_stim,test
allen_vcnp,mouse_demo,session_demo_01,unit_001,17.05,0.05,1,,0.2,visual_stim,test
allen_vcnp,mouse_demo,session_demo_01,unit_001,17.1,0.05,1,,0.2,visual_stim,test
allen_vcnp,mouse_demo,session_demo_01,unit_001,17.15,0.05,1,,0.2,visual_stim,test
allen_vcnp,mouse_demo,session_demo_01,unit_001,17.2,0.05,1,,0.2,visual_stim,test
allen_vcnp,mouse_demo,session_demo_01,unit_001,17.25,0.05,0,,0.2,visual_stim,test
allen_vcnp,mouse_demo,session_demo_01,unit_001,17.3,0.05,0,,0.2,visual_stim,test
allen_vcnp,mouse_demo,session_demo_01,unit_001,17.35,0.05,0,,0.2,visual_stim,test
allen_vcnp,mouse_demo,session_demo_01,unit_001,17.4,0.05,0,,0.2,visual_stim,test
allen_vcnp,mouse_demo,session_demo_01,unit_001,17.45,0.05,0,,0.2,visual_stim,test
allen_vcnp,mouse_demo,session_demo_01,unit_001,17.5,0.05,0,,0.2,visual_stim,test
allen_vcnp,mouse_demo,session_demo_01,unit_001,17.55,0.05,1,,0.2,visual_stim,test
allen_vcnp,mouse_demo,session_demo_01,unit_001,17.6,0.05,0,,0.2,visual_stim,test
allen_vcnp,mouse_demo,session_demo_01,unit_001,17.65,0.05,0,,0.2,visual_stim,test
allen_vcnp,mouse_demo,session_demo_01,unit_001,17.7,0.05,0,,0.2,visual_stim,test
allen_vcnp,mouse_demo,session_demo_01,unit_001,17.75,0.05,0,,0.2,visual_stim,test
allen_vcnp,mouse_demo,session_demo_01,unit_001,17.8,0.05,0,,0.2,visual_stim,test
allen_vcnp,mouse_demo,session_demo_01,unit_001,17.85,0.05,0,,0.2,visual_stim,test
allen_vcnp,mouse_demo,session_demo_01,unit_001,17.9,0.05,0,,0.2,visual_stim,test
allen_vcnp,mouse_demo,session_demo_01,unit_001,17.95,0.05,0,,0.2,visual_stim,test
allen_vcnp,mouse_demo,session_demo_01,unit_001,18.0,0.05,0,,1.0,visual_stim,test
allen_vcnp,mouse_demo,session_demo_01,unit_001,18.05,0.05,1,,1.0,visual_stim,test
allen_vcnp,mouse_demo,session_demo_01,unit_001,18.1,0.05,0,,1.0,visual_stim,test
allen_vcnp,mouse_demo,session_demo_01,unit_001,18.15,0.05,0,,1.0,visual_stim,test
allen_vcnp,mouse_demo,session_demo_01,unit_001,18.2,0.05,0,,1.0,visual_stim,test
allen_vcnp,mouse_demo,session_demo_01,unit_001,18.25,0.05,1,,1.0,visual_stim,test
allen_vcnp,mouse_demo,session_demo_01,unit_001,18.3,0.05,1,,1.0,visual_stim,test
allen_vcnp,mouse_demo,session_demo_01,unit_001,18.35,0.05,1,,1.0,visual_stim,test
allen_vcnp,mouse_demo,session_demo_01,unit_001,18.4,0.05,0,,1.0,visual_stim,test
allen_vcnp,mouse_demo,session_demo_01,unit_001,18.45,0.05,0,,1.0,visual_stim,test
allen_vcnp,mouse_demo,session_demo_01,unit_001,18.5,0.05,1,,1.0,visual_stim,test
allen_vcnp,mouse_demo,session_demo_01,unit_001,18.55,0.05,1,,1.0,visual_stim,test
allen_vcnp,mouse_demo,session_demo_01,unit_001,18.6,0.05,1,,1.0,visual_stim,test
allen_vcnp,mouse_demo,session_demo_01,unit_001,18.65,0.05,2,,1.0,visual_stim,test
allen_vcnp,mouse_demo,session_demo_01,unit_001,18.7,0.05,1,,1.0,visual_stim,test
allen_vcnp,mouse_demo,session_demo_01,unit_001,18.75,0.05,1,,1.0,visual_stim,test
allen_vcnp,mouse_demo,session_demo_01,unit_001,18.8,0.05,0,,1.0,visual_stim,test
allen_vcnp,mouse_demo,session_demo_01,unit_001,18.85,0.05,0,,1.0,visual_stim,test
allen_vcnp,mouse_demo,session_demo_01,unit_001,18.9,0.05,1,,1.0,visual_stim,test
allen_vcnp,mouse_demo,session_demo_01,unit_001,18.95,0.05,2,,1.0,visual_stim,test
allen_vcnp,mouse_demo,session_demo_01,unit_001,19.0,0.05,0,,1.0,visual_stim,test
allen_vcnp,mouse_demo,session_demo_01,unit_001,19.05,0.05,3,,1.0,visual_stim,test
allen_vcnp,mouse_demo,session_demo_01,unit_001,19.1,0.05,1,,1.0,visual_stim,test
allen_vcnp,mouse_demo,session_demo_01,unit_001,19.15,0.05,0,,1.0,visual_stim,test
allen_vcnp,mouse_demo,session_demo_01,unit_001,19.2,0.05,1,,1.0,visual_stim,test
allen_vcnp,mouse_demo,session_demo_01,unit_001,19.25,0.05,0,,1.0,visual_stim,test
allen_vcnp,mouse_demo,session_demo_01,unit_001,19.3,0.05,1,,1.0,visual_stim,test
allen_vcnp,mouse_demo,session_demo_01,unit_001,19.35,0.05,1,,1.0,visual_stim,test
allen_vcnp,mouse_demo,session_demo_01,unit_001,19.4,0.05,0,,1.0,visual_stim,test
allen_vcnp,mouse_demo,session_demo_01,unit_001,19.45,0.05,0,,1.0,visual_stim,test
allen_vcnp,mouse_demo,session_demo_01,unit_001,19.5,0.05,1,,1.0,visual_stim,test
allen_vcnp,mouse_demo,session_demo_01,unit_001,19.55,0.05,0,,1.0,visual_stim,test
allen_vcnp,mouse_demo,session_demo_01,unit_001,19.6,0.05,0,,1.0,visual_stim,test
allen_vcnp,mouse_demo,session_demo_01,unit_001,19.65,0.05,0,,1.0,visual_stim,test
allen_vcnp,mouse_demo,session_demo_01,unit_001,19.7,0.05,0,,1.0,visual_stim,test
allen_vcnp,mouse_demo,session_demo_01,unit_001,19.75,0.05,0,,1.0,visual_stim,test
allen_vcnp,mouse_demo,session_demo_01,unit_001,19.8,0.05,0,,1.0,visual_stim,test
allen_vcnp,mouse_demo,session_demo_01,unit_001,19.85,0.05,3,,1.0,visual_stim,test
allen_vcnp,mouse_demo,session_demo_01,unit_001,19.9,0.05,1,,1.0,visual_stim,test
allen_vcnp,mouse_demo,session_demo_01,unit_001,19.95,0.05,1,,1.0,visual_stim,test
allen_vcnp,mouse_demo,session_demo_01,unit_002,0.0,0.05,1,,1.0,visual_stim,train
allen_vcnp,mouse_demo,session_demo_01,unit_002,0.05,0.05,0,,1.0,visual_stim,train
allen_vcnp,mouse_demo,session_demo_01,unit_002,0.1,0.05,2,,1.0,visual_stim,train
allen_vcnp,mouse_demo,session_demo_01,unit_002,0.15,0.05,1,,1.0,visual_stim,train
allen_vcnp,mouse_demo,session_demo_01,unit_002,0.2,0.05,2,,1.0,visual_stim,train
allen_vcnp,mouse_demo,session_demo_01,unit_002,0.25,0.05,0,,1.0,visual_stim,train
allen_vcnp,mouse_demo,session_demo_01,unit_002,0.3,0.05,0,,1.0,visual_stim,train
allen_vcnp,mouse_demo,session_demo_01,unit_002,0.35,0.05,0,,1.0,visual_stim,train
allen_vcnp,mouse_demo,session_demo_01,unit_002,0.4,0.05,0,,1.0,visual_stim,train
allen_vcnp,mouse_demo,session_demo_01,unit_002,0.45,0.05,1,,1.0,visual_stim,train
allen_vcnp,mouse_demo,session_demo_01,unit_002,0.5,0.05,1,,1.0,visual_stim,train
allen_vcnp,mouse_demo,session_demo_01,unit_002,0.55,0.05,1,,1.0,visual_stim,train
allen_vcnp,mouse_demo,session_demo_01,unit_002,0.6,0.05,2,,1.0,visual_stim,train
allen_vcnp,mouse_demo,session_demo_01,unit_002,0.65,0.05,1,,1.0,visual_stim,train
allen_vcnp,mouse_demo,session_demo_01,unit_002,0.7,0.05,0,,1.0,visual_stim,train
allen_vcnp,mouse_demo,session_demo_01,unit_002,0.75,0.05,2,,1.0,visual_stim,train
allen_vcnp,mouse_demo,session_demo_01,unit_002,0.8,0.05,1,,1.0,visual_stim,train
allen_vcnp,mouse_demo,session_demo_01,unit_002,0.85,0.05,1,,1.0,visual_stim,train
allen_vcnp,mouse_demo,session_demo_01,unit_002,0.9,0.05,1,,1.0,visual_stim,train
allen_vcnp,mouse_demo,session_demo_01,unit_002,0.95,0.05,0,,1.0,visual_stim,train
allen_vcnp,mouse_demo,session_demo_01,unit_002,1.0,0.05,2,,1.0,visual_stim,train
allen_vcnp,mouse_demo,session_demo_01,unit_002,1.05,0.05,0,,1.0,visual_stim,train
allen_vcnp,mouse_demo,session_demo_01,unit_002,1.1,0.05,0,,1.0,visual_stim,train
allen_vcnp,mouse_demo,session_demo_01,unit_002,1.15,0.05,0,,1.0,visual_stim,train
allen_vcnp,mouse_demo,session_demo_01,unit_002,1.2,0.05,2,,1.0,visual_stim,train
allen_vcnp,mouse_demo,session_demo_01,unit_002,1.25,0.05,0,,1.0,visual_stim,train
allen_vcnp,mouse_demo,session_demo_01,unit_002,1.3,0.05,1,,1.0,visual_stim,train
allen_vcnp,mouse_demo,session_demo_01,unit_002,1.35,0.05,2,,1.0,visual_stim,train
allen_vcnp,mouse_demo,session_demo_01,unit_002,1.4,0.05,0,,1.0,visual_stim,train
allen_vcnp,mouse_demo,session_demo_01,unit_002,1.45,0.05,0,,1.0,visual_stim,train
allen_vcnp,mouse_demo,session_demo_01,unit_002,1.5,0.05,0,,1.0,visual_stim,train
allen_vcnp,mouse_demo,session_demo_01,unit_002,1.55,0.05,0,,1.0,visual_stim,train
allen_vcnp,mouse_demo,session_demo_01,unit_002,1.6,0.05,0,,1.0,visual_stim,train
allen_vcnp,mouse_demo,session_demo_01,unit_002,1.65,0.05,1,,1.0,visual_stim,train
allen_vcnp,mouse_demo,session_demo_01,unit_002,1.7,0.05,1,,1.0,visual_stim,train
allen_vcnp,mouse_demo,session_demo_01,unit_002,1.75,0.05,0,,1.0,visual_stim,train
allen_vcnp,mouse_demo,session_demo_01,unit_002,1.8,0.05,3,,1.0,visual_stim,train
allen_vcnp,mouse_demo,session_demo_01,unit_002,1.85,0.05,0,,1.0,visual_stim,train
allen_vcnp,mouse_demo,session_demo_01,unit_002,1.9,0.05,1,,1.0,visual_stim,train
allen_vcnp,mouse_demo,session_demo_01,unit_002,1.95,0.05,1,,1.0,visual_stim,train
allen_vcnp,mouse_demo,session_demo_01,unit_002,2.0,0.05,0,,0.2,visual_stim,train
allen_vcnp,mouse_demo,session_demo_01,unit_002,2.05,0.05,0,,0.2,visual_stim,train
allen_vcnp,mouse_demo,session_demo_01,unit_002,2.1,0.05,3,,0.2,visual_stim,train
allen_vcnp,mouse_demo,session_demo_01,unit_002,2.15,0.05,0,,0.2,visual_stim,train
allen_vcnp,mouse_demo,session_demo_01,unit_002,2.2,0.05,0,,0.2,visual_stim,train
allen_vcnp,mouse_demo,session_demo_01,unit_002,2.25,0.05,2,,0.2,visual_stim,train
allen_vcnp,mouse_demo,session_demo_01,unit_002,2.3,0.05,0,,0.2,visual_stim,train
allen_vcnp,mouse_demo,session_demo_01,unit_002,2.35,0.05,0,,0.2,visual_stim,train
allen_vcnp,mouse_demo,session_demo_01,unit_002,2.4,0.05,0,,0.2,visual_stim,train
allen_vcnp,mouse_demo,session_demo_01,unit_002,2.45,0.05,0,,0.2,visual_stim,train
allen_vcnp,mouse_demo,session_demo_01,unit_002,2.5,0.05,2,,0.2,visual_stim,train
allen_vcnp,mouse_demo,session_demo_01,unit_002,2.55,0.05,0,,0.2,visual_stim,train
allen_vcnp,mouse_demo,session_demo_01,unit_002,2.6,0.05,0,,0.2,visual_stim,train
allen_vcnp,mouse_demo,session_demo_01,unit_002,2.65,0.05,0,,0.2,visual_stim,train
allen_vcnp,mouse_demo,session_demo_01,unit_002,2.7,0.05,0,,0.2,visual_stim,train
allen_vcnp,mouse_demo,session_demo_01,unit_002,2.75,0.05,0,,0.2,visual_stim,train
allen_vcnp,mouse_demo,session_demo_01,unit_002,2.8,0.05,1,,0.2,visual_stim,train
allen_vcnp,mouse_demo,session_demo_01,unit_002,2.85,0.05,0,,0.2,visual_stim,train
allen_vcnp,mouse_demo,session_demo_01,unit_002,2.9,0.05,0,,0.2,visual_stim,train
allen_vcnp,mouse_demo,session_demo_01,unit_002,2.95,0.05,0,,0.2,visual_stim,train
allen_vcnp,mouse_demo,session_demo_01,unit_002,3.0,0.05,0,,0.2,visual_stim,train
allen_vcnp,mouse_demo,session_demo_01,unit_002,3.05,0.05,0,,0.2,visual_stim,train
allen_vcnp,mouse_demo,session_demo_01,unit_002,3.1,0.05,1,,0.2,visual_stim,train
allen_vcnp,mouse_demo,session_demo_01,unit_002,3.15,0.05,0,,0.2,visual_stim,train
allen_vcnp,mouse_demo,session_demo_01,unit_002,3.2,0.05,1,,0.2,visual_stim,train
allen_vcnp,mouse_demo,session_demo_01,unit_002,3.25,0.05,0,,0.2,visual_stim,train
allen_vcnp,mouse_demo,session_demo_01,unit_002,3.3,0.05,0,,0.2,visual_stim,train
allen_vcnp,mouse_demo,session_demo_01,unit_002,3.35,0.05,0,,0.2,visual_stim,train
allen_vcnp,mouse_demo,session_demo_01,unit_002,3.4,0.05,1,,0.2,visual_stim,train
allen_vcnp,mouse_demo,session_demo_01,unit_002,3.45,0.05,0,,0.2,visual_stim,train
allen_vcnp,mouse_demo,session_demo_01,unit_002,3.5,0.05,0,,0.2,visual_stim,train
allen_vcnp,mouse_demo,session_demo_01,unit_002,3.55,0.05,0,,0.2,visual_stim,train
allen_vcnp,mouse_demo,session_demo_01,unit_002,3.6,0.05,0,,0.2,visual_stim,train
allen_vcnp,mouse_demo,session_demo_01,unit_002,3.65,0.05,0,,0.2,visual_stim,train
allen_vcnp,mouse_demo,session_demo_01,unit_002,3.7,0.05,0,,0.2,visual_stim,train
allen_vcnp,mouse_demo,session_demo_01,unit_002,3.75,0.05,0,,0.2,visual_stim,train
allen_vcnp,mouse_demo,session_demo_01,unit_002,3.8,0.05,0,,0.2,visual_stim,train
allen_vcnp,mouse_demo,session_demo_01,unit_002,3.85,0.05,0,,0.2,visual_stim,train
allen_vcnp,mouse_demo,session_demo_01,unit_002,3.9,0.05,1,,0.2,visual_stim,train
allen_vcnp,mouse_demo,session_demo_01,unit_002,3.95,0.05,0,,0.2,visual_stim,train
allen_vcnp,mouse_demo,session_demo_01,unit_002,4.0,0.05,1,,1.0,visual_stim,train
allen_vcnp,mouse_demo,session_demo_01,unit_002,4.05,0.05,1,,1.0,visual_stim,train
allen_vcnp,mouse_demo,session_demo_01,unit_002,4.1,0.05,1,,1.0,visual_stim,train
allen_vcnp,mouse_demo,session_demo_01,unit_002,4.15,0.05,0,,1.0,visual_stim,train
allen_vcnp,mouse_demo,session_demo_01,unit_002,4.2,0.05,0,,1.0,visual_stim,train
allen_vcnp,mouse_demo,session_demo_01,unit_002,4.25,0.05,0,,1.0,visual_stim,train
allen_vcnp,mouse_demo,session_demo_01,unit_002,4.3,0.05,0,,1.0,visual_stim,train
allen_vcnp,mouse_demo,session_demo_01,unit_002,4.35,0.05,0,,1.0,visual_stim,train
allen_vcnp,mouse_demo,session_demo_01,unit_002,4.4,0.05,0,,1.0,visual_stim,train
allen_vcnp,mouse_demo,session_demo_01,unit_002,4.45,0.05,0,,1.0,visual_stim,train
allen_vcnp,mouse_demo,session_demo_01,unit_002,4.5,0.05,0,,1.0,visual_stim,train
allen_vcnp,mouse_demo,session_demo_01,unit_002,4.55,0.05,0,,1.0,visual_stim,train
allen_vcnp,mouse_demo,session_demo_01,unit_002,4.6,0.05,1,,1.0,visual_stim,train
allen_vcnp,mouse_demo,session_demo_01,unit_002,4.65,0.05,0,,1.0,visual_stim,train
allen_vcnp,mouse_demo,session_demo_01,unit_002,4.7,0.05,0,,1.0,visual_stim,train
allen_vcnp,mouse_demo,session_demo_01,unit_002,4.75,0.05,1,,1.0,visual_stim,train
allen_vcnp,mouse_demo,session_demo_01,unit_002,4.8,0.05,1,,1.0,visual_stim,train
allen_vcnp,mouse_demo,session_demo_01,unit_002,4.85,0.05,0,,1.0,visual_stim,train
allen_vcnp,mouse_demo,session_demo_01,unit_002,4.9,0.05,1,,1.0,visual_stim,train
allen_vcnp,mouse_demo,session_demo_01,unit_002,4.95,0.05,1,,1.0,visual_stim,train
allen_vcnp,mouse_demo,session_demo_01,unit_002,5.0,0.05,1,,1.0,visual_stim,train
allen_vcnp,mouse_demo,session_demo_01,unit_002,5.05,0.05,1,,1.0,visual_stim,train
allen_vcnp,mouse_demo,session_demo_01,unit_002,5.1,0.05,0,,1.0,visual_stim,train
allen_vcnp,mouse_demo,session_demo_01,unit_002,5.15,0.05,1,,1.0,visual_stim,train
allen_vcnp,mouse_demo,session_demo_01,unit_002,5.2,0.05,0,,1.0,visual_stim,train
allen_vcnp,mouse_demo,session_demo_01,unit_002,5.25,0.05,0,,1.0,visual_stim,train
allen_vcnp,mouse_demo,session_demo_01,unit_002,5.3,0.05,0,,1.0,visual_stim,train
allen_vcnp,mouse_demo,session_demo_01,unit_002,5.35,0.05,2,,1.0,visual_stim,train
allen_vcnp,mouse_demo,session_demo_01,unit_002,5.4,0.05,1,,1.0,visual_stim,train
allen_vcnp,mouse_demo,session_demo_01,unit_002,5.45,0.05,1,,1.0,visual_stim,train
allen_vcnp,mouse_demo,session_demo_01,unit_002,5.5,0.05,1,,1.0,visual_stim,train
allen_vcnp,mouse_demo,session_demo_01,unit_002,5.55,0.05,1,,1.0,visual_stim,train
allen_vcnp,mouse_demo,session_demo_01,unit_002,5.6,0.05,0,,1.0,visual_stim,train
allen_vcnp,mouse_demo,session_demo_01,unit_002,5.65,0.05,0,,1.0,visual_stim,train
allen_vcnp,mouse_demo,session_demo_01,unit_002,5.7,0.05,1,,1.0,visual_stim,train
allen_vcnp,mouse_demo,session_demo_01,unit_002,5.75,0.05,1,,1.0,visual_stim,train
allen_vcnp,mouse_demo,session_demo_01,unit_002,5.8,0.05,0,,1.0,visual_stim,train
allen_vcnp,mouse_demo,session_demo_01,unit_002,5.85,0.05,0,,1.0,visual_stim,train
allen_vcnp,mouse_demo,session_demo_01,unit_002,5.9,0.05,1,,1.0,visual_stim,train
allen_vcnp,mouse_demo,session_demo_01,unit_002,5.95,0.05,2,,1.0,visual_stim,train
allen_vcnp,mouse_demo,session_demo_01,unit_002,6.0,0.05,0,,0.2,visual_stim,train
allen_vcnp,mouse_demo,session_demo_01,unit_002,6.05,0.05,1,,0.2,visual_stim,train
allen_vcnp,mouse_demo,session_demo_01,unit_002,6.1,0.05,0,,0.2,visual_stim,train
allen_vcnp,mouse_demo,session_demo_01,unit_002,6.15,0.05,0,,0.2,visual_stim,train
allen_vcnp,mouse_demo,session_demo_01,unit_002,6.2,0.05,0,,0.2,visual_stim,train
allen_vcnp,mouse_demo,session_demo_01,unit_002,6.25,0.05,0,,0.2,visual_stim,train
allen_vcnp,mouse_demo,session_demo_01,unit_002,6.3,0.05,1,,0.2,visual_stim,train
allen_vcnp,mouse_demo,session_demo_01,unit_002,6.35,0.05,1,,0.2,visual_stim,train
allen_vcnp,mouse_demo,session_demo_01,unit_002,6.4,0.05,1,,0.2,visual_stim,train
allen_vcnp,mouse_demo,session_demo_01,unit_002,6.45,0.05,1,,0.2,visual_stim,train
allen_vcnp,mouse_demo,session_demo_01,unit_002,6.5,0.05,0,,0.2,visual_stim,train
allen_vcnp,mouse_demo,session_demo_01,unit_002,6.55,0.05,0,,0.2,visual_stim,train
allen_vcnp,mouse_demo,session_demo_01,unit_002,6.6,0.05,0,,0.2,visual_stim,train
allen_vcnp,mouse_demo,session_demo_01,unit_002,6.65,0.05,1,,0.2,visual_stim,train
allen_vcnp,mouse_demo,session_demo_01,unit_002,6.7,0.05,0,,0.2,visual_stim,train
allen_vcnp,mouse_demo,session_demo_01,unit_002,6.75,0.05,0,,0.2,visual_stim,train
allen_vcnp,mouse_demo,session_demo_01,unit_002,6.8,0.05,0,,0.2,visual_stim,train
allen_vcnp,mouse_demo,session_demo_01,unit_002,6.85,0.05,0,,0.2,visual_stim,train
allen_vcnp,mouse_demo,session_demo_01,unit_002,6.9,0.05,0,,0.2,visual_stim,train
allen_vcnp,mouse_demo,session_demo_01,unit_002,6.95,0.05,1,,0.2,visual_stim,train
allen_vcnp,mouse_demo,session_demo_01,unit_002,7.0,0.05,2,,0.2,visual_stim,train
allen_vcnp,mouse_demo,session_demo_01,unit_002,7.05,0.05,0,,0.2,visual_stim,train
allen_vcnp,mouse_demo,session_demo_01,unit_002,7.1,0.05,0,,0.2,visual_stim,train
allen_vcnp,mouse_demo,session_demo_01,unit_002,7.15,0.05,0,,0.2,visual_stim,train
allen_vcnp,mouse_demo,session_demo_01,unit_002,7.2,0.05,1,,0.2,visual_stim,train
allen_vcnp,mouse_demo,session_demo_01,unit_002,7.25,0.05,0,,0.2,visual_stim,train
allen_vcnp,mouse_demo,session_demo_01,unit_002,7.3,0.05,0,,0.2,visual_stim,train
allen_vcnp,mouse_demo,session_demo_01,unit_002,7.35,0.05,0,,0.2,visual_stim,train
allen_vcnp,mouse_demo,session_demo_01,unit_002,7.4,0.05,0,,0.2,visual_stim,train
allen_vcnp,mouse_demo,session_demo_01,unit_002,7.45,0.05,1,,0.2,visual_stim,train
allen_vcnp,mouse_demo,session_demo_01,unit_002,7.5,0.05,2,,0.2,visual_stim,train
allen_vcnp,mouse_demo,session_demo_01,unit_002,7.55,0.05,0,,0.2,visual_stim,train
allen_vcnp,mouse_demo,session_demo_01,unit_002,7.6,0.05,0,,0.2,visual_stim,train
allen_vcnp,mouse_demo,session_demo_01,unit_002,7.65,0.05,0,,0.2,visual_stim,train
allen_vcnp,mouse_demo,session_demo_01,unit_002,7.7,0.05,0,,0.2,visual_stim,train
allen_vcnp,mouse_demo,session_demo_01,unit_002,7.75,0.05,1,,0.2,visual_stim,train
allen_vcnp,mouse_demo,session_demo_01,unit_002,7.8,0.05,0,,0.2,visual_stim,train
allen_vcnp,mouse_demo,session_demo_01,unit_002,7.85,0.05,0,,0.2,visual_stim,train
allen_vcnp,mouse_demo,session_demo_01,unit_002,7.9,0.05,0,,0.2,visual_stim,train
allen_vcnp,mouse_demo,session_demo_01,unit_002,7.95,0.05,0,,0.2,visual_stim,train
allen_vcnp,mouse_demo,session_demo_01,unit_002,8.0,0.05,0,,1.0,visual_stim,train
allen_vcnp,mouse_demo,session_demo_01,unit_002,8.05,0.05,3,,1.0,visual_stim,train
allen_vcnp,mouse_demo,session_demo_01,unit_002,8.1,0.05,1,,1.0,visual_stim,train
allen_vcnp,mouse_demo,session_demo_01,unit_002,8.15,0.05,1,,1.0,visual_stim,train
allen_vcnp,mouse_demo,session_demo_01,unit_002,8.2,0.05,0,,1.0,visual_stim,train
allen_vcnp,mouse_demo,session_demo_01,unit_002,8.25,0.05,1,,1.0,visual_stim,train
allen_vcnp,mouse_demo,session_demo_01,unit_002,8.3,0.05,0,,1.0,visual_stim,train
allen_vcnp,mouse_demo,session_demo_01,unit_002,8.35,0.05,0,,1.0,visual_stim,train
allen_vcnp,mouse_demo,session_demo_01,unit_002,8.4,0.05,2,,1.0,visual_stim,train
allen_vcnp,mouse_demo,session_demo_01,unit_002,8.45,0.05,3,,1.0,visual_stim,train
allen_vcnp,mouse_demo,session_demo_01,unit_002,8.5,0.05,0,,1.0,visual_stim,train
allen_vcnp,mouse_demo,session_demo_01,unit_002,8.55,0.05,1,,1.0,visual_stim,train
allen_vcnp,mouse_demo,session_demo_01,unit_002,8.6,0.05,2,,1.0,visual_stim,train
allen_vcnp,mouse_demo,session_demo_01,unit_002,8.65,0.05,0,,1.0,visual_stim,train
allen_vcnp,mouse_demo,session_demo_01,unit_002,8.7,0.05,0,,1.0,visual_stim,train
allen_vcnp,mouse_demo,session_demo_01,unit_002,8.75,0.05,1,,1.0,visual_stim,train
allen_vcnp,mouse_demo,session_demo_01,unit_002,8.8,0.05,0,,1.0,visual_stim,train
allen_vcnp,mouse_demo,session_demo_01,unit_002,8.85,0.05,1,,1.0,visual_stim,train
allen_vcnp,mouse_demo,session_demo_01,unit_002,8.9,0.05,0,,1.0,visual_stim,train
allen_vcnp,mouse_demo,session_demo_01,unit_002,8.95,0.05,3,,1.0,visual_stim,train
allen_vcnp,mouse_demo,session_demo_01,unit_002,9.0,0.05,2,,1.0,visual_stim,train
allen_vcnp,mouse_demo,session_demo_01,unit_002,9.05,0.05,0,,1.0,visual_stim,train
allen_vcnp,mouse_demo,session_demo_01,unit_002,9.1,0.05,1,,1.0,visual_stim,train
allen_vcnp,mouse_demo,session_demo_01,unit_002,9.15,0.05,1,,1.0,visual_stim,train
allen_vcnp,mouse_demo,session_demo_01,unit_002,9.2,0.05,0,,1.0,visual_stim,train
allen_vcnp,mouse_demo,session_demo_01,unit_002,9.25,0.05,1,,1.0,visual_stim,train
allen_vcnp,mouse_demo,session_demo_01,unit_002,9.3,0.05,1,,1.0,visual_stim,train
allen_vcnp,mouse_demo,session_demo_01,unit_002,9.35,0.05,2,,1.0,visual_stim,train
allen_vcnp,mouse_demo,session_demo_01,unit_002,9.4,0.05,0,,1.0,visual_stim,train
allen_vcnp,mouse_demo,session_demo_01,unit_002,9.45,0.05,1,,1.0,visual_stim,train
allen_vcnp,mouse_demo,session_demo_01,unit_002,9.5,0.05,0,,1.0,visual_stim,train
allen_vcnp,mouse_demo,session_demo_01,unit_002,9.55,0.05,0,,1.0,visual_stim,train
allen_vcnp,mouse_demo,session_demo_01,unit_002,9.6,0.05,0,,1.0,visual_stim,train
allen_vcnp,mouse_demo,session_demo_01,unit_002,9.65,0.05,1,,1.0,visual_stim,train
allen_vcnp,mouse_demo,session_demo_01,unit_002,9.7,0.05,0,,1.0,visual_stim,train
allen_vcnp,mouse_demo,session_demo_01,unit_002,9.75,0.05,0,,1.0,visual_stim,train
allen_vcnp,mouse_demo,session_demo_01,unit_002,9.8,0.05,0,,1.0,visual_stim,train
allen_vcnp,mouse_demo,session_demo_01,unit_002,9.85,0.05,3,,1.0,visual_stim,train
allen_vcnp,mouse_demo,session_demo_01,unit_002,9.9,0.05,0,,1.0,visual_stim,train
allen_vcnp,mouse_demo,session_demo_01,unit_002,9.95,0.05,0,,1.0,visual_stim,train
allen_vcnp,mouse_demo,session_demo_01,unit_002,10.0,0.05,0,,0.2,visual_stim,train
allen_vcnp,mouse_demo,session_demo_01,unit_002,10.05,0.05,1,,0.2,visual_stim,train
allen_vcnp,mouse_demo,session_demo_01,unit_002,10.1,0.05,1,,0.2,visual_stim,train
allen_vcnp,mouse_demo,session_demo_01,unit_002,10.15,0.05,0,,0.2,visual_stim,train
allen_vcnp,mouse_demo,session_demo_01,unit_002,10.2,0.05,0,,0.2,visual_stim,train
allen_vcnp,mouse_demo,session_demo_01,unit_002,10.25,0.05,0,,0.2,visual_stim,train
allen_vcnp,mouse_demo,session_demo_01,unit_002,10.3,0.05,0,,0.2,visual_stim,train
allen_vcnp,mouse_demo,session_demo_01,unit_002,10.35,0.05,1,,0.2,visual_stim,train
allen_vcnp,mouse_demo,session_demo_01,unit_002,10.4,0.05,0,,0.2,visual_stim,train
allen_vcnp,mouse_demo,session_demo_01,unit_002,10.45,0.05,0,,0.2,visual_stim,train
allen_vcnp,mouse_demo,session_demo_01,unit_002,10.5,0.05,1,,0.2,visual_stim,train
allen_vcnp,mouse_demo,session_demo_01,unit_002,10.55,0.05,0,,0.2,visual_stim,train
allen_vcnp,mouse_demo,session_demo_01,unit_002,10.6,0.05,0,,0.2,visual_stim,train
allen_vcnp,mouse_demo,session_demo_01,unit_002,10.65,0.05,0,,0.2,visual_stim,train
allen_vcnp,mouse_demo,session_demo_01,unit_002,10.7,0.05,1,,0.2,visual_stim,train
allen_vcnp,mouse_demo,session_demo_01,unit_002,10.75,0.05,2,,0.2,visual_stim,train
allen_vcnp,mouse_demo,session_demo_01,unit_002,10.8,0.05,0,,0.2,visual_stim,train
allen_vcnp,mouse_demo,session_demo_01,unit_002,10.85,0.05,0,,0.2,visual_stim,train
allen_vcnp,mouse_demo,session_demo_01,unit_002,10.9,0.05,2,,0.2,visual_stim,train
allen_vcnp,mouse_demo,session_demo_01,unit_002,10.95,0.05,0,,0.2,visual_stim,train
allen_vcnp,mouse_demo,session_demo_01,unit_002,11.0,0.05,0,,0.2,visual_stim,train
allen_vcnp,mouse_demo,session_demo_01,unit_002,11.05,0.05,1,,0.2,visual_stim,train
allen_vcnp,mouse_demo,session_demo_01,unit_002,11.1,0.05,0,,0.2,visual_stim,train
allen_vcnp,mouse_demo,session_demo_01,unit_002,11.15,0.05,1,,0.2,visual_stim,train
allen_vcnp,mouse_demo,session_demo_01,unit_002,11.2,0.05,0,,0.2,visual_stim,train
allen_vcnp,mouse_demo,session_demo_01,unit_002,11.25,0.05,0,,0.2,visual_stim,train
allen_vcnp,mouse_demo,session_demo_01,unit_002,11.3,0.05,0,,0.2,visual_stim,train
allen_vcnp,mouse_demo,session_demo_01,unit_002,11.35,0.05,1,,0.2,visual_stim,train
allen_vcnp,mouse_demo,session_demo_01,unit_002,11.4,0.05,1,,0.2,visual_stim,train
allen_vcnp,mouse_demo,session_demo_01,unit_002,11.45,0.05,0,,0.2,visual_stim,train
allen_vcnp,mouse_demo,session_demo_01,unit_002,11.5,0.05,0,,0.2,visual_stim,train
allen_vcnp,mouse_demo,session_demo_01,unit_002,11.55,0.05,0,,0.2,visual_stim,train
allen_vcnp,mouse_demo,session_demo_01,unit_002,11.6,0.05,0,,0.2,visual_stim,train
allen_vcnp,mouse_demo,session_demo_01,unit_002,11.65,0.05,0,,0.2,visual_stim,train
allen_vcnp,mouse_demo,session_demo_01,unit_002,11.7,0.05,0,,0.2,visual_stim,train
allen_vcnp,mouse_demo,session_demo_01,unit_002,11.75,0.05,0,,0.2,visual_stim,train
allen_vcnp,mouse_demo,session_demo_01,unit_002,11.8,0.05,1,,0.2,visual_stim,train
allen_vcnp,mouse_demo,session_demo_01,unit_002,11.85,0.05,1,,0.2,visual_stim,train
allen_vcnp,mouse_demo,session_demo_01,unit_002,11.9,0.05,0,,0.2,visual_stim,train
allen_vcnp,mouse_demo,session_demo_01,unit_002,11.95,0.05,1,,0.2,visual_stim,train
allen_vcnp,mouse_demo,session_demo_01,unit_002,12.0,0.05,1,,1.0,visual_stim,train
allen_vcnp,mouse_demo,session_demo_01,unit_002,12.05,0.05,0,,1.0,visual_stim,train
allen_vcnp,mouse_demo,session_demo_01,unit_002,12.1,0.05,1,,1.0,visual_stim,train
allen_vcnp,mouse_demo,session_demo_01,unit_002,12.15,0.05,1,,1.0,visual_stim,train
allen_vcnp,mouse_demo,session_demo_01,unit_002,12.2,0.05,1,,1.0,visual_stim,train
allen_vcnp,mouse_demo,session_demo_01,unit_002,12.25,0.05,1,,1.0,visual_stim,train
allen_vcnp,mouse_demo,session_demo_01,unit_002,12.3,0.05,0,,1.0,visual_stim,train
allen_vcnp,mouse_demo,session_demo_01,unit_002,12.35,0.05,0,,1.0,visual_stim,train
allen_vcnp,mouse_demo,session_demo_01,unit_002,12.4,0.05,0,,1.0,visual_stim,train
allen_vcnp,mouse_demo,session_demo_01,unit_002,12.45,0.05,0,,1.0,visual_stim,train
allen_vcnp,mouse_demo,session_demo_01,unit_002,12.5,0.05,1,,1.0,visual_stim,train
allen_vcnp,mouse_demo,session_demo_01,unit_002,12.55,0.05,0,,1.0,visual_stim,train
allen_vcnp,mouse_demo,session_demo_01,unit_002,12.6,0.05,1,,1.0,visual_stim,train
allen_vcnp,mouse_demo,session_demo_01,unit_002,12.65,0.05,1,,1.0,visual_stim,train
allen_vcnp,mouse_demo,session_demo_01,unit_002,12.7,0.05,0,,1.0,visual_stim,train
allen_vcnp,mouse_demo,session_demo_01,unit_002,12.75,0.05,0,,1.0,visual_stim,train
allen_vcnp,mouse_demo,session_demo_01,unit_002,12.8,0.05,0,,1.0,visual_stim,train
allen_vcnp,mouse_demo,session_demo_01,unit_002,12.85,0.05,0,,1.0,visual_stim,train
allen_vcnp,mouse_demo,session_demo_01,unit_002,12.9,0.05,1,,1.0,visual_stim,train
allen_vcnp,mouse_demo,session_demo_01,unit_002,12.95,0.05,1,,1.0,visual_stim,train
allen_vcnp,mouse_demo,session_demo_01,unit_002,13.0,0.05,1,,1.0,visual_stim,train
allen_vcnp,mouse_demo,session_demo_01,unit_002,13.05,0.05,0,,1.0,visual_stim,train
allen_vcnp,mouse_demo,session_demo_01,unit_002,13.1,0.05,0,,1.0,visual_stim,train
allen_vcnp,mouse_demo,session_demo_01,unit_002,13.15,0.05,3,,1.0,visual_stim,train
allen_vcnp,mouse_demo,session_demo_01,unit_002,13.2,0.05,1,,1.0,visual_stim,train
allen_vcnp,mouse_demo,session_demo_01,unit_002,13.25,0.05,0,,1.0,visual_stim,train
allen_vcnp,mouse_demo,session_demo_01,unit_002,13.3,0.05,0,,1.0,visual_stim,train
allen_vcnp,mouse_demo,session_demo_01,unit_002,13.35,0.05,1,,1.0,visual_stim,train
allen_vcnp,mouse_demo,session_demo_01,unit_002,13.4,0.05,1,,1.0,visual_stim,train
allen_vcnp,mouse_demo,session_demo_01,unit_002,13.45,0.05,0,,1.0,visual_stim,train
allen_vcnp,mouse_demo,session_demo_01,unit_002,13.5,0.05,2,,1.0,visual_stim,train
allen_vcnp,mouse_demo,session_demo_01,unit_002,13.55,0.05,1,,1.0,visual_stim,train
allen_vcnp,mouse_demo,session_demo_01,unit_002,13.6,0.05,1,,1.0,visual_stim,train
allen_vcnp,mouse_demo,session_demo_01,unit_002,13.65,0.05,0,,1.0,visual_stim,train
allen_vcnp,mouse_demo,session_demo_01,unit_002,13.7,0.05,1,,1.0,visual_stim,train
allen_vcnp,mouse_demo,session_demo_01,unit_002,13.75,0.05,0,,1.0,visual_stim,train
allen_vcnp,mouse_demo,session_demo_01,unit_002,13.8,0.05,1,,1.0,visual_stim,train
allen_vcnp,mouse_demo,session_demo_01,unit_002,13.85,0.05,0,,1.0,visual_stim,train
allen_vcnp,mouse_demo,session_demo_01,unit_002,13.9,0.05,2,,1.0,visual_stim,train
allen_vcnp,mouse_demo,session_demo_01,unit_002,13.95,0.05,1,,1.0,visual_stim,train
allen_vcnp,mouse_demo,session_demo_01,unit_002,14.0,0.05,0,,0.2,visual_stim,valid
allen_vcnp,mouse_demo,session_demo_01,unit_002,14.05,0.05,0,,0.2,visual_stim,valid
allen_vcnp,mouse_demo,session_demo_01,unit_002,14.1,0.05,0,,0.2,visual_stim,valid
allen_vcnp,mouse_demo,session_demo_01,unit_002,14.15,0.05,1,,0.2,visual_stim,valid
allen_vcnp,mouse_demo,session_demo_01,unit_002,14.2,0.05,1,,0.2,visual_stim,valid
allen_vcnp,mouse_demo,session_demo_01,unit_002,14.25,0.05,0,,0.2,visual_stim,valid
allen_vcnp,mouse_demo,session_demo_01,unit_002,14.3,0.05,0,,0.2,visual_stim,valid
allen_vcnp,mouse_demo,session_demo_01,unit_002,14.35,0.05,0,,0.2,visual_stim,valid
allen_vcnp,mouse_demo,session_demo_01,unit_002,14.4,0.05,0,,0.2,visual_stim,valid
allen_vcnp,mouse_demo,session_demo_01,unit_002,14.45,0.05,1,,0.2,visual_stim,valid
allen_vcnp,mouse_demo,session_demo_01,unit_002,14.5,0.05,0,,0.2,visual_stim,valid
allen_vcnp,mouse_demo,session_demo_01,unit_002,14.55,0.05,0,,0.2,visual_stim,valid
allen_vcnp,mouse_demo,session_demo_01,unit_002,14.6,0.05,0,,0.2,visual_stim,valid
allen_vcnp,mouse_demo,session_demo_01,unit_002,14.65,0.05,1,,0.2,visual_stim,valid
allen_vcnp,mouse_demo,session_demo_01,unit_002,14.7,0.05,0,,0.2,visual_stim,valid
allen_vcnp,mouse_demo,session_demo_01,unit_002,14.75,0.05,0,,0.2,visual_stim,valid
allen_vcnp,mouse_demo,session_demo_01,unit_002,14.8,0.05,1,,0.2,visual_stim,valid
allen_vcnp,mouse_demo,session_demo_01,unit_002,14.85,0.05,0,,0.2,visual_stim,valid
allen_vcnp,mouse_demo,session_demo_01,unit_002,14.9,0.05,1,,0.2,visual_stim,valid
allen_vcnp,mouse_demo,session_demo_01,unit_002,14.95,0.05,0,,0.2,visual_stim,valid
allen_vcnp,mouse_demo,session_demo_01,unit_002,15.0,0.05,1,,0.2,visual_stim,valid
allen_vcnp,mouse_demo,session_demo_01,unit_002,15.05,0.05,0,,0.2,visual_stim,valid
allen_vcnp,mouse_demo,session_demo_01,unit_002,15.1,0.05,0,,0.2,visual_stim,valid
allen_vcnp,mouse_demo,session_demo_01,unit_002,15.15,0.05,0,,0.2,visual_stim,valid
allen_vcnp,mouse_demo,session_demo_01,unit_002,15.2,0.05,0,,0.2,visual_stim,valid
allen_vcnp,mouse_demo,session_demo_01,unit_002,15.25,0.05,0,,0.2,visual_stim,valid
allen_vcnp,mouse_demo,session_demo_01,unit_002,15.3,0.05,0,,0.2,visual_stim,valid
allen_vcnp,mouse_demo,session_demo_01,unit_002,15.35,0.05,1,,0.2,visual_stim,valid
allen_vcnp,mouse_demo,session_demo_01,unit_002,15.4,0.05,0,,0.2,visual_stim,valid
allen_vcnp,mouse_demo,session_demo_01,unit_002,15.45,0.05,1,,0.2,visual_stim,valid
allen_vcnp,mouse_demo,session_demo_01,unit_002,15.5,0.05,0,,0.2,visual_stim,valid
allen_vcnp,mouse_demo,session_demo_01,unit_002,15.55,0.05,0,,0.2,visual_stim,valid
allen_vcnp,mouse_demo,session_demo_01,unit_002,15.6,0.05,0,,0.2,visual_stim,valid
allen_vcnp,mouse_demo,session_demo_01,unit_002,15.65,0.05,0,,0.2,visual_stim,valid
allen_vcnp,mouse_demo,session_demo_01,unit_002,15.7,0.05,0,,0.2,visual_stim,valid
allen_vcnp,mouse_demo,session_demo_01,unit_002,15.75,0.05,0,,0.2,visual_stim,valid
allen_vcnp,mouse_demo,session_demo_01,unit_002,15.8,0.05,2,,0.2,visual_stim,valid
allen_vcnp,mouse_demo,session_demo_01,unit_002,15.85,0.05,0,,0.2,visual_stim,valid
allen_vcnp,mouse_demo,session_demo_01,unit_002,15.9,0.05,0,,0.2,visual_stim,valid
allen_vcnp,mouse_demo,session_demo_01,unit_002,15.95,0.05,0,,0.2,visual_stim,valid
allen_vcnp,mouse_demo,session_demo_01,unit_002,16.0,0.05,0,,1.0,visual_stim,valid
allen_vcnp,mouse_demo,session_demo_01,unit_002,16.05,0.05,1,,1.0,visual_stim,valid
allen_vcnp,mouse_demo,session_demo_01,unit_002,16.1,0.05,0,,1.0,visual_stim,valid
allen_vcnp,mouse_demo,session_demo_01,unit_002,16.15,0.05,1,,1.0,visual_stim,valid
allen_vcnp,mouse_demo,session_demo_01,unit_002,16.2,0.05,1,,1.0,visual_stim,valid
allen_vcnp,mouse_demo,session_demo_01,unit_002,16.25,0.05,1,,1.0,visual_stim,valid
allen_vcnp,mouse_demo,session_demo_01,unit_002,16.3,0.05,0,,1.0,visual_stim,valid
allen_vcnp,mouse_demo,session_demo_01,unit_002,16.35,0.05,1,,1.0,visual_stim,valid
allen_vcnp,mouse_demo,session_demo_01,unit_002,16.4,0.05,0,,1.0,visual_stim,valid
allen_vcnp,mouse_demo,session_demo_01,unit_002,16.45,0.05,0,,1.0,visual_stim,valid
allen_vcnp,mouse_demo,session_demo_01,unit_002,16.5,0.05,0,,1.0,visual_stim,valid
allen_vcnp,mouse_demo,session_demo_01,unit_002,16.55,0.05,0,,1.0,visual_stim,valid
allen_vcnp,mouse_demo,session_demo_01,unit_002,16.6,0.05,0,,1.0,visual_stim,valid
allen_vcnp,mouse_demo,session_demo_01,unit_002,16.65,0.05,2,,1.0,visual_stim,valid
allen_vcnp,mouse_demo,session_demo_01,unit_002,16.7,0.05,1,,1.0,visual_stim,valid
allen_vcnp,mouse_demo,session_demo_01,unit_002,16.75,0.05,0,,1.0,visual_stim,valid
allen_vcnp,mouse_demo,session_demo_01,unit_002,16.8,0.05,0,,1.0,visual_stim,valid
allen_vcnp,mouse_demo,session_demo_01,unit_002,16.85,0.05,0,,1.0,visual_stim,valid
allen_vcnp,mouse_demo,session_demo_01,unit_002,16.9,0.05,1,,1.0,visual_stim,valid
allen_vcnp,mouse_demo,session_demo_01,unit_002,16.95,0.05,0,,1.0,visual_stim,valid
allen_vcnp,mouse_demo,session_demo_01,unit_002,17.0,0.05,2,,1.0,visual_stim,test
allen_vcnp,mouse_demo,session_demo_01,unit_002,17.05,0.05,0,,1.0,visual_stim,test
allen_vcnp,mouse_demo,session_demo_01,unit_002,17.1,0.05,0,,1.0,visual_stim,test
allen_vcnp,mouse_demo,session_demo_01,unit_002,17.15,0.05,2,,1.0,visual_stim,test
allen_vcnp,mouse_demo,session_demo_01,unit_002,17.2,0.05,0,,1.0,visual_stim,test
allen_vcnp,mouse_demo,session_demo_01,unit_002,17.25,0.05,1,,1.0,visual_stim,test
allen_vcnp,mouse_demo,session_demo_01,unit_002,17.3,0.05,0,,1.0,visual_stim,test
allen_vcnp,mouse_demo,session_demo_01,unit_002,17.35,0.05,0,,1.0,visual_stim,test
allen_vcnp,mouse_demo,session_demo_01,unit_002,17.4,0.05,0,,1.0,visual_stim,test
allen_vcnp,mouse_demo,session_demo_01,unit_002,17.45,0.05,0,,1.0,visual_stim,test
allen_vcnp,mouse_demo,session_demo_01,unit_002,17.5,0.05,0,,1.0,visual_stim,test
allen_vcnp,mouse_demo,session_demo_01,unit_002,17.55,0.05,1,,1.0,visual_stim,test
allen_vcnp,mouse_demo,session_demo_01,unit_002,17.6,0.05,0,,1.0,visual_stim,test
allen_vcnp,mouse_demo,session_demo_01,unit_002,17.65,0.05,0,,1.0,visual_stim,test
allen_vcnp,mouse_demo,session_demo_01,unit_002,17.7,0.05,1,,1.0,visual_stim,test
allen_vcnp,mouse_demo,session_demo_01,unit_002,17.75,0.05,1,,1.0,visual_stim,test
allen_vcnp,mouse_demo,session_demo_01,unit_002,17.8,0.05,0,,1.0,visual_stim,test
allen_vcnp,mouse_demo,session_demo_01,unit_002,17.85,0.05,0,,1.0,visual_stim,test
allen_vcnp,mouse_demo,session_demo_01,unit_002,17.9,0.05,0,,1.0,visual_stim,test
allen_vcnp,mouse_demo,session_demo_01,unit_002,17.95,0.05,0,,1.0,visual_stim,test
allen_vcnp,mouse_demo,session_demo_01,unit_002,18.0,0.05,0,,0.2,visual_stim,test
allen_vcnp,mouse_demo,session_demo_01,unit_002,18.05,0.05,1,,0.2,visual_stim,test
allen_vcnp,mouse_demo,session_demo_01,unit_002,18.1,0.05,0,,0.2,visual_stim,test
allen_vcnp,mouse_demo,session_demo_01,unit_002,18.15,0.05,1,,0.2,visual_stim,test
allen_vcnp,mouse_demo,session_demo_01,unit_002,18.2,0.05,1,,0.2,visual_stim,test
allen_vcnp,mouse_demo,session_demo_01,unit_002,18.25,0.05,0,,0.2,visual_stim,test
allen_vcnp,mouse_demo,session_demo_01,unit_002,18.3,0.05,1,,0.2,visual_stim,test
allen_vcnp,mouse_demo,session_demo_01,unit_002,18.35,0.05,0,,0.2,visual_stim,test
allen_vcnp,mouse_demo,session_demo_01,unit_002,18.4,0.05,0,,0.2,visual_stim,test
allen_vcnp,mouse_demo,session_demo_01,unit_002,18.45,0.05,0,,0.2,visual_stim,test
allen_vcnp,mouse_demo,session_demo_01,unit_002,18.5,0.05,0,,0.2,visual_stim,test
allen_vcnp,mouse_demo,session_demo_01,unit_002,18.55,0.05,0,,0.2,visual_stim,test
allen_vcnp,mouse_demo,session_demo_01,unit_002,18.6,0.05,1,,0.2,visual_stim,test
allen_vcnp,mouse_demo,session_demo_01,unit_002,18.65,0.05,0,,0.2,visual_stim,test
allen_vcnp,mouse_demo,session_demo_01,unit_002,18.7,0.05,0,,0.2,visual_stim,test
allen_vcnp,mouse_demo,session_demo_01,unit_002,18.75,0.05,1,,0.2,visual_stim,test
allen_vcnp,mouse_demo,session_demo_01,unit_002,18.8,0.05,2,,0.2,visual_stim,test
allen_vcnp,mouse_demo,session_demo_01,unit_002,18.85,0.05,0,,0.2,visual_stim,test
allen_vcnp,mouse_demo,session_demo_01,unit_002,18.9,0.05,0,,0.2,visual_stim,test
allen_vcnp,mouse_demo,session_demo_01,unit_002,18.95,0.05,0,,0.2,visual_stim,test
allen_vcnp,mouse_demo,session_demo_01,unit_002,19.0,0.05,0,,0.2,visual_stim,test
allen_vcnp,mouse_demo,session_demo_01,unit_002,19.05,0.05,0,,0.2,visual_stim,test
allen_vcnp,mouse_demo,session_demo_01,unit_002,19.1,0.05,0,,0.2,visual_stim,test
allen_vcnp,mouse_demo,session_demo_01,unit_002,19.15,0.05,0,,0.2,visual_stim,test
allen_vcnp,mouse_demo,session_demo_01,unit_002,19.2,0.05,0,,0.2,visual_stim,test
allen_vcnp,mouse_demo,session_demo_01,unit_002,19.25,0.05,0,,0.2,visual_stim,test
allen_vcnp,mouse_demo,session_demo_01,unit_002,19.3,0.05,1,,0.2,visual_stim,test
allen_vcnp,mouse_demo,session_demo_01,unit_002,19.35,0.05,0,,0.2,visual_stim,test
allen_vcnp,mouse_demo,session_demo_01,unit_002,19.4,0.05,1,,0.2,visual_stim,test
allen_vcnp,mouse_demo,session_demo_01,unit_002,19.45,0.05,0,,0.2,visual_stim,test
allen_vcnp,mouse_demo,session_demo_01,unit_002,19.5,0.05,0,,0.2,visual_stim,test
allen_vcnp,mouse_demo,session_demo_01,unit_002,19.55,0.05,2,,0.2,visual_stim,test
allen_vcnp,mouse_demo,session_demo_01,unit_002,19.6,0.05,0,,0.2,visual_stim,test
allen_vcnp,mouse_demo,session_demo_01,unit_002,19.65,0.05,0,,0.2,visual_stim,test
allen_vcnp,mouse_demo,session_demo_01,unit_002,19.7,0.05,0,,0.2,visual_stim,test
allen_vcnp,mouse_demo,session_demo_01,unit_002,19.75,0.05,2,,0.2,visual_stim,test
allen_vcnp,mouse_demo,session_demo_01,unit_002,19.8,0.05,2,,0.2,visual_stim,test
allen_vcnp,mouse_demo,session_demo_01,unit_002,19.85,0.05,0,,0.2,visual_stim,test
allen_vcnp,mouse_demo,session_demo_01,unit_002,19.9,0.05,0,,0.2,visual_stim,test
allen_vcnp,mouse_demo,session_demo_01,unit_002,19.95,0.05,0,,0.2,visual_stim,test
allen_vcnp,mouse_demo,session_demo_01,unit_003,0.0,0.05,0,,0.2,visual_stim,train
allen_vcnp,mouse_demo,session_demo_01,unit_003,0.05,0.05,0,,0.2,visual_stim,train
allen_vcnp,mouse_demo,session_demo_01,unit_003,0.1,0.05,0,,0.2,visual_stim,train
allen_vcnp,mouse_demo,session_demo_01,unit_003,0.15,0.05,0,,0.2,visual_stim,train
allen_vcnp,mouse_demo,session_demo_01,unit_003,0.2,0.05,0,,0.2,visual_stim,train
allen_vcnp,mouse_demo,session_demo_01,unit_003,0.25,0.05,0,,0.2,visual_stim,train
allen_vcnp,mouse_demo,session_demo_01,unit_003,0.3,0.05,1,,0.2,visual_stim,train
allen_vcnp,mouse_demo,session_demo_01,unit_003,0.35,0.05,0,,0.2,visual_stim,train
allen_vcnp,mouse_demo,session_demo_01,unit_003,0.4,0.05,0,,0.2,visual_stim,train
allen_vcnp,mouse_demo,session_demo_01,unit_003,0.45,0.05,0,,0.2,visual_stim,train
allen_vcnp,mouse_demo,session_demo_01,unit_003,0.5,0.05,0,,0.2,visual_stim,train
allen_vcnp,mouse_demo,session_demo_01,unit_003,0.55,0.05,0,,0.2,visual_stim,train
allen_vcnp,mouse_demo,session_demo_01,unit_003,0.6,0.05,0,,0.2,visual_stim,train
allen_vcnp,mouse_demo,session_demo_01,unit_003,0.65,0.05,0,,0.2,visual_stim,train
allen_vcnp,mouse_demo,session_demo_01,unit_003,0.7,0.05,0,,0.2,visual_stim,train
allen_vcnp,mouse_demo,session_demo_01,unit_003,0.75,0.05,0,,0.2,visual_stim,train
allen_vcnp,mouse_demo,session_demo_01,unit_003,0.8,0.05,1,,0.2,visual_stim,train
allen_vcnp,mouse_demo,session_demo_01,unit_003,0.85,0.05,0,,0.2,visual_stim,train
allen_vcnp,mouse_demo,session_demo_01,unit_003,0.9,0.05,0,,0.2,visual_stim,train
allen_vcnp,mouse_demo,session_demo_01,unit_003,0.95,0.05,3,,0.2,visual_stim,train
allen_vcnp,mouse_demo,session_demo_01,unit_003,1.0,0.05,0,,0.2,visual_stim,train
allen_vcnp,mouse_demo,session_demo_01,unit_003,1.05,0.05,0,,0.2,visual_stim,train
allen_vcnp,mouse_demo,session_demo_01,unit_003,1.1,0.05,0,,0.2,visual_stim,train
allen_vcnp,mouse_demo,session_demo_01,unit_003,1.15,0.05,2,,0.2,visual_stim,train
allen_vcnp,mouse_demo,session_demo_01,unit_003,1.2,0.05,0,,0.2,visual_stim,train
allen_vcnp,mouse_demo,session_demo_01,unit_003,1.25,0.05,1,,0.2,visual_stim,train
allen_vcnp,mouse_demo,session_demo_01,unit_003,1.3,0.05,2,,0.2,visual_stim,train
allen_vcnp,mouse_demo,session_demo_01,unit_003,1.35,0.05,0,,0.2,visual_stim,train
allen_vcnp,mouse_demo,session_demo_01,unit_003,1.4,0.05,0,,0.2,visual_stim,train
allen_vcnp,mouse_demo,session_demo_01,unit_003,1.45,0.05,0,,0.2,visual_stim,train
allen_vcnp,mouse_demo,session_demo_01,unit_003,1.5,0.05,0,,0.2,visual_stim,train
allen_vcnp,mouse_demo,session_demo_01,unit_003,1.55,0.05,1,,0.2,visual_stim,train
allen_vcnp,mouse_demo,session_demo_01,unit_003,1.6,0.05,0,,0.2,visual_stim,train
allen_vcnp,mouse_demo,session_demo_01,unit_003,1.65,0.05,0,,0.2,visual_stim,train
allen_vcnp,mouse_demo,session_demo_01,unit_003,1.7,0.05,1,,0.2,visual_stim,train
allen_vcnp,mouse_demo,session_demo_01,unit_003,1.75,0.05,0,,0.2,visual_stim,train
allen_vcnp,mouse_demo,session_demo_01,unit_003,1.8,0.05,1,,0.2,visual_stim,train
allen_vcnp,mouse_demo,session_demo_01,unit_003,1.85,0.05,0,,0.2,visual_stim,train
allen_vcnp,mouse_demo,session_demo_01,unit_003,1.9,0.05,0,,0.2,visual_stim,train
allen_vcnp,mouse_demo,session_demo_01,unit_003,1.95,0.05,0,,0.2,visual_stim,train
allen_vcnp,mouse_demo,session_demo_01,unit_003,2.0,0.05,2,,1.0,visual_stim,train
allen_vcnp,mouse_demo,session_demo_01,unit_003,2.05,0.05,0,,1.0,visual_stim,train
allen_vcnp,mouse_demo,session_demo_01,unit_003,2.1,0.05,0,,1.0,visual_stim,train
allen_vcnp,mouse_demo,session_demo_01,unit_003,2.15,0.05,0,,1.0,visual_stim,train
allen_vcnp,mouse_demo,session_demo_01,unit_003,2.2,0.05,1,,1.0,visual_stim,train
allen_vcnp,mouse_demo,session_demo_01,unit_003,2.25,0.05,0,,1.0,visual_stim,train
allen_vcnp,mouse_demo,session_demo_01,unit_003,2.3,0.05,0,,1.0,visual_stim,train
allen_vcnp,mouse_demo,session_demo_01,unit_003,2.35,0.05,1,,1.0,visual_stim,train
allen_vcnp,mouse_demo,session_demo_01,unit_003,2.4,0.05,1,,1.0,visual_stim,train
allen_vcnp,mouse_demo,session_demo_01,unit_003,2.45,0.05,1,,1.0,visual_stim,train
allen_vcnp,mouse_demo,session_demo_01,unit_003,2.5,0.05,2,,1.0,visual_stim,train
allen_vcnp,mouse_demo,session_demo_01,unit_003,2.55,0.05,1,,1.0,visual_stim,train
allen_vcnp,mouse_demo,session_demo_01,unit_003,2.6,0.05,0,,1.0,visual_stim,train
allen_vcnp,mouse_demo,session_demo_01,unit_003,2.65,0.05,0,,1.0,visual_stim,train
allen_vcnp,mouse_demo,session_demo_01,unit_003,2.7,0.05,0,,1.0,visual_stim,train
allen_vcnp,mouse_demo,session_demo_01,unit_003,2.75,0.05,1,,1.0,visual_stim,train
allen_vcnp,mouse_demo,session_demo_01,unit_003,2.8,0.05,0,,1.0,visual_stim,train
allen_vcnp,mouse_demo,session_demo_01,unit_003,2.85,0.05,0,,1.0,visual_stim,train
allen_vcnp,mouse_demo,session_demo_01,unit_003,2.9,0.05,0,,1.0,visual_stim,train
allen_vcnp,mouse_demo,session_demo_01,unit_003,2.95,0.05,0,,1.0,visual_stim,train
allen_vcnp,mouse_demo,session_demo_01,unit_003,3.0,0.05,0,,1.0,visual_stim,train
allen_vcnp,mouse_demo,session_demo_01,unit_003,3.05,0.05,1,,1.0,visual_stim,train
allen_vcnp,mouse_demo,session_demo_01,unit_003,3.1,0.05,1,,1.0,visual_stim,train
allen_vcnp,mouse_demo,session_demo_01,unit_003,3.15,0.05,1,,1.0,visual_stim,train
allen_vcnp,mouse_demo,session_demo_01,unit_003,3.2,0.05,0,,1.0,visual_stim,train
allen_vcnp,mouse_demo,session_demo_01,unit_003,3.25,0.05,1,,1.0,visual_stim,train
allen_vcnp,mouse_demo,session_demo_01,unit_003,3.3,0.05,2,,1.0,visual_stim,train
allen_vcnp,mouse_demo,session_demo_01,unit_003,3.35,0.05,0,,1.0,visual_stim,train
allen_vcnp,mouse_demo,session_demo_01,unit_003,3.4,0.05,0,,1.0,visual_stim,train
allen_vcnp,mouse_demo,session_demo_01,unit_003,3.45,0.05,0,,1.0,visual_stim,train
allen_vcnp,mouse_demo,session_demo_01,unit_003,3.5,0.05,0,,1.0,visual_stim,train
allen_vcnp,mouse_demo,session_demo_01,unit_003,3.55,0.05,0,,1.0,visual_stim,train
allen_vcnp,mouse_demo,session_demo_01,unit_003,3.6,0.05,1,,1.0,visual_stim,train
allen_vcnp,mouse_demo,session_demo_01,unit_003,3.65,0.05,0,,1.0,visual_stim,train
allen_vcnp,mouse_demo,session_demo_01,unit_003,3.7,0.05,0,,1.0,visual_stim,train
allen_vcnp,mouse_demo,session_demo_01,unit_003,3.75,0.05,1,,1.0,visual_stim,train
allen_vcnp,mouse_demo,session_demo_01,unit_003,3.8,0.05,3,,1.0,visual_stim,train
allen_vcnp,mouse_demo,session_demo_01,unit_003,3.85,0.05,0,,1.0,visual_stim,train
allen_vcnp,mouse_demo,session_demo_01,unit_003,3.9,0.05,0,,1.0,visual_stim,train
allen_vcnp,mouse_demo,session_demo_01,unit_003,3.95,0.05,0,,1.0,visual_stim,train
allen_vcnp,mouse_demo,session_demo_01,unit_003,4.0,0.05,0,,0.2,visual_stim,train
allen_vcnp,mouse_demo,session_demo_01,unit_003,4.05,0.05,0,,0.2,visual_stim,train
allen_vcnp,mouse_demo,session_demo_01,unit_003,4.1,0.05,1,,0.2,visual_stim,train
allen_vcnp,mouse_demo,session_demo_01,unit_003,4.15,0.05,0,,0.2,visual_stim,train
allen_vcnp,mouse_demo,session_demo_01,unit_003,4.2,0.05,0,,0.2,visual_stim,train
allen_vcnp,mouse_demo,session_demo_01,unit_003,4.25,0.05,0,,0.2,visual_stim,train
allen_vcnp,mouse_demo,session_demo_01,unit_003,4.3,0.05,1,,0.2,visual_stim,train
allen_vcnp,mouse_demo,session_demo_01,unit_003,4.35,0.05,0,,0.2,visual_stim,train
allen_vcnp,mouse_demo,session_demo_01,unit_003,4.4,0.05,0,,0.2,visual_stim,train
allen_vcnp,mouse_demo,session_demo_01,unit_003,4.45,0.05,1,,0.2,visual_stim,train
allen_vcnp,mouse_demo,session_demo_01,unit_003,4.5,0.05,0,,0.2,visual_stim,train
allen_vcnp,mouse_demo,session_demo_01,unit_003,4.55,0.05,0,,0.2,visual_stim,train
allen_vcnp,mouse_demo,session_demo_01,unit_003,4.6,0.05,0,,0.2,visual_stim,train
allen_vcnp,mouse_demo,session_demo_01,unit_003,4.65,0.05,1,,0.2,visual_stim,train
allen_vcnp,mouse_demo,session_demo_01,unit_003,4.7,0.05,0,,0.2,visual_stim,train
allen_vcnp,mouse_demo,session_demo_01,unit_003,4.75,0.05,0,,0.2,visual_stim,train
allen_vcnp,mouse_demo,session_demo_01,unit_003,4.8,0.05,0,,0.2,visual_stim,train
allen_vcnp,mouse_demo,session_demo_01,unit_003,4.85,0.05,0,,0.2,visual_stim,train
allen_vcnp,mouse_demo,session_demo_01,unit_003,4.9,0.05,0,,0.2,visual_stim,train
allen_vcnp,mouse_demo,session_demo_01,unit_003,4.95,0.05,0,,0.2,visual_stim,train
allen_vcnp,mouse_demo,session_demo_01,unit_003,5.0,0.05,0,,0.2,visual_stim,train
allen_vcnp,mouse_demo,session_demo_01,unit_003,5.05,0.05,0,,0.2,visual_stim,train
allen_vcnp,mouse_demo,session_demo_01,unit_003,5.1,0.05,0,,0.2,visual_stim,train
allen_vcnp,mouse_demo,session_demo_01,unit_003,5.15,0.05,0,,0.2,visual_stim,train
allen_vcnp,mouse_demo,session_demo_01,unit_003,5.2,0.05,0,,0.2,visual_stim,train
allen_vcnp,mouse_demo,session_demo_01,unit_003,5.25,0.05,1,,0.2,visual_stim,train
allen_vcnp,mouse_demo,session_demo_01,unit_003,5.3,0.05,0,,0.2,visual_stim,train
allen_vcnp,mouse_demo,session_demo_01,unit_003,5.35,0.05,2,,0.2,visual_stim,train
allen_vcnp,mouse_demo,session_demo_01,unit_003,5.4,0.05,1,,0.2,visual_stim,train
allen_vcnp,mouse_demo,session_demo_01,unit_003,5.45,0.05,1,,0.2,visual_stim,train
allen_vcnp,mouse_demo,session_demo_01,unit_003,5.5,0.05,0,,0.2,visual_stim,train
allen_vcnp,mouse_demo,session_demo_01,unit_003,5.55,0.05,0,,0.2,visual_stim,train
allen_vcnp,mouse_demo,session_demo_01,unit_003,5.6,0.05,1,,0.2,visual_stim,train
allen_vcnp,mouse_demo,session_demo_01,unit_003,5.65,0.05,1,,0.2,visual_stim,train
allen_vcnp,mouse_demo,session_demo_01,unit_003,5.7,0.05,0,,0.2,visual_stim,train
allen_vcnp,mouse_demo,session_demo_01,unit_003,5.75,0.05,0,,0.2,visual_stim,train
allen_vcnp,mouse_demo,session_demo_01,unit_003,5.8,0.05,0,,0.2,visual_stim,train
allen_vcnp,mouse_demo,session_demo_01,unit_003,5.85,0.05,0,,0.2,visual_stim,train
allen_vcnp,mouse_demo,session_demo_01,unit_003,5.9,0.05,1,,0.2,visual_stim,train
allen_vcnp,mouse_demo,session_demo_01,unit_003,5.95,0.05,0,,0.2,visual_stim,train
allen_vcnp,mouse_demo,session_demo_01,unit_003,6.0,0.05,0,,1.0,visual_stim,train
allen_vcnp,mouse_demo,session_demo_01,unit_003,6.05,0.05,2,,1.0,visual_stim,train
allen_vcnp,mouse_demo,session_demo_01,unit_003,6.1,0.05,1,,1.0,visual_stim,train
allen_vcnp,mouse_demo,session_demo_01,unit_003,6.15,0.05,0,,1.0,visual_stim,train
allen_vcnp,mouse_demo,session_demo_01,unit_003,6.2,0.05,0,,1.0,visual_stim,train
allen_vcnp,mouse_demo,session_demo_01,unit_003,6.25,0.05,1,,1.0,visual_stim,train
allen_vcnp,mouse_demo,session_demo_01,unit_003,6.3,0.05,0,,1.0,visual_stim,train
allen_vcnp,mouse_demo,session_demo_01,unit_003,6.35,0.05,0,,1.0,visual_stim,train
allen_vcnp,mouse_demo,session_demo_01,unit_003,6.4,0.05,2,,1.0,visual_stim,train
allen_vcnp,mouse_demo,session_demo_01,unit_003,6.45,0.05,1,,1.0,visual_stim,train
allen_vcnp,mouse_demo,session_demo_01,unit_003,6.5,0.05,0,,1.0,visual_stim,train
allen_vcnp,mouse_demo,session_demo_01,unit_003,6.55,0.05,0,,1.0,visual_stim,train
allen_vcnp,mouse_demo,session_demo_01,unit_003,6.6,0.05,0,,1.0,visual_stim,train
allen_vcnp,mouse_demo,session_demo_01,unit_003,6.65,0.05,1,,1.0,visual_stim,train
allen_vcnp,mouse_demo,session_demo_01,unit_003,6.7,0.05,1,,1.0,visual_stim,train
allen_vcnp,mouse_demo,session_demo_01,unit_003,6.75,0.05,2,,1.0,visual_stim,train
allen_vcnp,mouse_demo,session_demo_01,unit_003,6.8,0.05,0,,1.0,visual_stim,train
allen_vcnp,mouse_demo,session_demo_01,unit_003,6.85,0.05,1,,1.0,visual_stim,train
allen_vcnp,mouse_demo,session_demo_01,unit_003,6.9,0.05,0,,1.0,visual_stim,train
allen_vcnp,mouse_demo,session_demo_01,unit_003,6.95,0.05,2,,1.0,visual_stim,train
allen_vcnp,mouse_demo,session_demo_01,unit_003,7.0,0.05,1,,1.0,visual_stim,train
allen_vcnp,mouse_demo,session_demo_01,unit_003,7.05,0.05,0,,1.0,visual_stim,train
allen_vcnp,mouse_demo,session_demo_01,unit_003,7.1,0.05,1,,1.0,visual_stim,train
allen_vcnp,mouse_demo,session_demo_01,unit_003,7.15,0.05,2,,1.0,visual_stim,train
allen_vcnp,mouse_demo,session_demo_01,unit_003,7.2,0.05,1,,1.0,visual_stim,train
allen_vcnp,mouse_demo,session_demo_01,unit_003,7.25,0.05,0,,1.0,visual_stim,train
allen_vcnp,mouse_demo,session_demo_01,unit_003,7.3,0.05,0,,1.0,visual_stim,train
allen_vcnp,mouse_demo,session_demo_01,unit_003,7.35,0.05,1,,1.0,visual_stim,train
allen_vcnp,mouse_demo,session_demo_01,unit_003,7.4,0.05,0,,1.0,visual_stim,train
allen_vcnp,mouse_demo,session_demo_01,unit_003,7.45,0.05,1,,1.0,visual_stim,train
allen_vcnp,mouse_demo,session_demo_01,unit_003,7.5,0.05,1,,1.0,visual_stim,train
allen_vcnp,mouse_demo,session_demo_01,unit_003,7.55,0.05,1,,1.0,visual_stim,train
allen_vcnp,mouse_demo,session_demo_01,unit_003,7.6,0.05,1,,1.0,visual_stim,train
allen_vcnp,mouse_demo,session_demo_01,unit_003,7.65,0.05,1,,1.0,visual_stim,train
allen_vcnp,mouse_demo,session_demo_01,unit_003,7.7,0.05,0,,1.0,visual_stim,train
allen_vcnp,mouse_demo,session_demo_01,unit_003,7.75,0.05,0,,1.0,visual_stim,train
allen_vcnp,mouse_demo,session_demo_01,unit_003,7.8,0.05,0,,1.0,visual_stim,train
allen_vcnp,mouse_demo,session_demo_01,unit_003,7.85,0.05,0,,1.0,visual_stim,train
allen_vcnp,mouse_demo,session_demo_01,unit_003,7.9,0.05,1,,1.0,visual_stim,train
allen_vcnp,mouse_demo,session_demo_01,unit_003,7.95,0.05,0,,1.0,visual_stim,train
allen_vcnp,mouse_demo,session_demo_01,unit_003,8.0,0.05,1,,0.2,visual_stim,train
allen_vcnp,mouse_demo,session_demo_01,unit_003,8.05,0.05,0,,0.2,visual_stim,train
allen_vcnp,mouse_demo,session_demo_01,unit_003,8.1,0.05,2,,0.2,visual_stim,train
allen_vcnp,mouse_demo,session_demo_01,unit_003,8.15,0.05,0,,0.2,visual_stim,train
allen_vcnp,mouse_demo,session_demo_01,unit_003,8.2,0.05,0,,0.2,visual_stim,train
allen_vcnp,mouse_demo,session_demo_01,unit_003,8.25,0.05,1,,0.2,visual_stim,train
allen_vcnp,mouse_demo,session_demo_01,unit_003,8.3,0.05,1,,0.2,visual_stim,train
allen_vcnp,mouse_demo,session_demo_01,unit_003,8.35,0.05,1,,0.2,visual_stim,train
allen_vcnp,mouse_demo,session_demo_01,unit_003,8.4,0.05,1,,0.2,visual_stim,train
allen_vcnp,mouse_demo,session_demo_01,unit_003,8.45,0.05,1,,0.2,visual_stim,train
allen_vcnp,mouse_demo,session_demo_01,unit_003,8.5,0.05,0,,0.2,visual_stim,train
allen_vcnp,mouse_demo,session_demo_01,unit_003,8.55,0.05,0,,0.2,visual_stim,train
allen_vcnp,mouse_demo,session_demo_01,unit_003,8.6,0.05,1,,0.2,visual_stim,train
allen_vcnp,mouse_demo,session_demo_01,unit_003,8.65,0.05,0,,0.2,visual_stim,train
allen_vcnp,mouse_demo,session_demo_01,unit_003,8.7,0.05,0,,0.2,visual_stim,train
allen_vcnp,mouse_demo,session_demo_01,unit_003,8.75,0.05,0,,0.2,visual_stim,train
allen_vcnp,mouse_demo,session_demo_01,unit_003,8.8,0.05,0,,0.2,visual_stim,train
allen_vcnp,mouse_demo,session_demo_01,unit_003,8.85,0.05,1,,0.2,visual_stim,train
allen_vcnp,mouse_demo,session_demo_01,unit_003,8.9,0.05,0,,0.2,visual_stim,train
allen_vcnp,mouse_demo,session_demo_01,unit_003,8.95,0.05,0,,0.2,visual_stim,train
allen_vcnp,mouse_demo,session_demo_01,unit_003,9.0,0.05,0,,0.2,visual_stim,train
allen_vcnp,mouse_demo,session_demo_01,unit_003,9.05,0.05,1,,0.2,visual_stim,train
allen_vcnp,mouse_demo,session_demo_01,unit_003,9.1,0.05,0,,0.2,visual_stim,train
allen_vcnp,mouse_demo,session_demo_01,unit_003,9.15,0.05,1,,0.2,visual_stim,train
allen_vcnp,mouse_demo,session_demo_01,unit_003,9.2,0.05,0,,0.2,visual_stim,train
allen_vcnp,mouse_demo,session_demo_01,unit_003,9.25,0.05,1,,0.2,visual_stim,train
allen_vcnp,mouse_demo,session_demo_01,unit_003,9.3,0.05,0,,0.2,visual_stim,train
allen_vcnp,mouse_demo,session_demo_01,unit_003,9.35,0.05,0,,0.2,visual_stim,train
allen_vcnp,mouse_demo,session_demo_01,unit_003,9.4,0.05,0,,0.2,visual_stim,train
allen_vcnp,mouse_demo,session_demo_01,unit_003,9.45,0.05,0,,0.2,visual_stim,train
allen_vcnp,mouse_demo,session_demo_01,unit_003,9.5,0.05,0,,0.2,visual_stim,train
allen_vcnp,mouse_demo,session_demo_01,unit_003,9.55,0.05,0,,0.2,visual_stim,train
allen_vcnp,mouse_demo,session_demo_01,unit_003,9.6,0.05,0,,0.2,visual_stim,train
allen_vcnp,mouse_demo,session_demo_01,unit_003,9.65,0.05,0,,0.2,visual_stim,train
allen_vcnp,mouse_demo,session_demo_01,unit_003,9.7,0.05,0,,0.2,visual_stim,train
allen_vcnp,mouse_demo,session_demo_01,unit_003,9.75,0.05,1,,0.2,visual_stim,train
allen_vcnp,mouse_demo,session_demo_01,unit_003,9.8,0.05,0,,0.2,visual_stim,train
allen_vcnp,mouse_demo,session_demo_01,unit_003,9.85,0.05,0,,0.2,visual_stim,train
allen_vcnp,mouse_demo,session_demo_01,unit_003,9.9,0.05,1,,0.2,visual_stim,train
allen_vcnp,mouse_demo,session_demo_01,unit_003,9.95,0.05,0,,0.2,visual_stim,train
allen_vcnp,mouse_demo,session_demo_01,unit_003,10.0,0.05,0,,1.0,visual_stim,train
allen_vcnp,mouse_demo,session_demo_01,unit_003,10.05,0.05,0,,1.0,visual_stim,train
allen_vcnp,mouse_demo,session_demo_01,unit_003,10.1,0.05,1,,1.0,visual_stim,train
allen_vcnp,mouse_demo,session_demo_01,unit_003,10.15,0.05,0,,1.0,visual_stim,train
allen_vcnp,mouse_demo,session_demo_01,unit_003,10.2,0.05,2,,1.0,visual_stim,train
allen_vcnp,mouse_demo,session_demo_01,unit_003,10.25,0.05,1,,1.0,visual_stim,train
allen_vcnp,mouse_demo,session_demo_01,unit_003,10.3,0.05,0,,1.0,visual_stim,train
allen_vcnp,mouse_demo,session_demo_01,unit_003,10.35,0.05,1,,1.0,visual_stim,train
allen_vcnp,mouse_demo,session_demo_01,unit_003,10.4,0.05,0,,1.0,visual_stim,train
allen_vcnp,mouse_demo,session_demo_01,unit_003,10.45,0.05,0,,1.0,visual_stim,train
allen_vcnp,mouse_demo,session_demo_01,unit_003,10.5,0.05,1,,1.0,visual_stim,train
allen_vcnp,mouse_demo,session_demo_01,unit_003,10.55,0.05,0,,1.0,visual_stim,train
allen_vcnp,mouse_demo,session_demo_01,unit_003,10.6,0.05,0,,1.0,visual_stim,train
allen_vcnp,mouse_demo,session_demo_01,unit_003,10.65,0.05,1,,1.0,visual_stim,train
allen_vcnp,mouse_demo,session_demo_01,unit_003,10.7,0.05,3,,1.0,visual_stim,train
allen_vcnp,mouse_demo,session_demo_01,unit_003,10.75,0.05,1,,1.0,visual_stim,train
allen_vcnp,mouse_demo,session_demo_01,unit_003,10.8,0.05,0,,1.0,visual_stim,train
allen_vcnp,mouse_demo,session_demo_01,unit_003,10.85,0.05,1,,1.0,visual_stim,train
allen_vcnp,mouse_demo,session_demo_01,unit_003,10.9,0.05,0,,1.0,visual_stim,train
allen_vcnp,mouse_demo,session_demo_01,unit_003,10.95,0.05,2,,1.0,visual_stim,train
allen_vcnp,mouse_demo,session_demo_01,unit_003,11.0,0.05,0,,1.0,visual_stim,train
allen_vcnp,mouse_demo,session_demo_01,unit_003,11.05,0.05,0,,1.0,visual_stim,train
allen_vcnp,mouse_demo,session_demo_01,unit_003,11.1,0.05,1,,1.0,visual_stim,train
allen_vcnp,mouse_demo,session_demo_01,unit_003,11.15,0.05,0,,1.0,visual_stim,train
allen_vcnp,mouse_demo,session_demo_01,unit_003,11.2,0.05,0,,1.0,visual_stim,train
allen_vcnp,mouse_demo,session_demo_01,unit_003,11.25,0.05,3,,1.0,visual_stim,train
allen_vcnp,mouse_demo,session_demo_01,unit_003,11.3,0.05,1,,1.0,visual_stim,train
allen_vcnp,mouse_demo,session_demo_01,unit_003,11.35,0.05,0,,1.0,visual_stim,train
allen_vcnp,mouse_demo,session_demo_01,unit_003,11.4,0.05,1,,1.0,visual_stim,train
allen_vcnp,mouse_demo,session_demo_01,unit_003,11.45,0.05,1,,1.0,visual_stim,train
allen_vcnp,mouse_demo,session_demo_01,unit_003,11.5,0.05,0,,1.0,visual_stim,train
allen_vcnp,mouse_demo,session_demo_01,unit_003,11.55,0.05,1,,1.0,visual_stim,train
allen_vcnp,mouse_demo,session_demo_01,unit_003,11.6,0.05,0,,1.0,visual_stim,train
allen_vcnp,mouse_demo,session_demo_01,unit_003,11.65,0.05,0,,1.0,visual_stim,train
allen_vcnp,mouse_demo,session_demo_01,unit_003,11.7,0.05,1,,1.0,visual_stim,train
allen_vcnp,mouse_demo,session_demo_01,unit_003,11.75,0.05,2,,1.0,visual_stim,train
allen_vcnp,mouse_demo,session_demo_01,unit_003,11.8,0.05,0,,1.0,visual_stim,train
allen_vcnp,mouse_demo,session_demo_01,unit_003,11.85,0.05,1,,1.0,visual_stim,train
allen_vcnp,mouse_demo,session_demo_01,unit_003,11.9,0.05,3,,1.0,visual_stim,train
allen_vcnp,mouse_demo,session_demo_01,unit_003,11.95,0.05,0,,1.0,visual_stim,train
allen_vcnp,mouse_demo,session_demo_01,unit_003,12.0,0.05,1,,0.2,visual_stim,train
allen_vcnp,mouse_demo,session_demo_01,unit_003,12.05,0.05,1,,0.2,visual_stim,train
allen_vcnp,mouse_demo,session_demo_01,unit_003,12.1,0.05,0,,0.2,visual_stim,train
allen_vcnp,mouse_demo,session_demo_01,unit_003,12.15,0.05,0,,0.2,visual_stim,train
allen_vcnp,mouse_demo,session_demo_01,unit_003,12.2,0.05,0,,0.2,visual_stim,train
allen_vcnp,mouse_demo,session_demo_01,unit_003,12.25,0.05,0,,0.2,visual_stim,train
allen_vcnp,mouse_demo,session_demo_01,unit_003,12.3,0.05,1,,0.2,visual_stim,train
allen_vcnp,mouse_demo,session_demo_01,unit_003,12.35,0.05,0,,0.2,visual_stim,train
allen_vcnp,mouse_demo,session_demo_01,unit_003,12.4,0.05,0,,0.2,visual_stim,train
allen_vcnp,mouse_demo,session_demo_01,unit_003,12.45,0.05,0,,0.2,visual_stim,train
allen_vcnp,mouse_demo,session_demo_01,unit_003,12.5,0.05,0,,0.2,visual_stim,train
allen_vcnp,mouse_demo,session_demo_01,unit_003,12.55,0.05,0,,0.2,visual_stim,train
allen_vcnp,mouse_demo,session_demo_01,unit_003,12.6,0.05,0,,0.2,visual_stim,train
allen_vcnp,mouse_demo,session_demo_01,unit_003,12.65,0.05,0,,0.2,visual_stim,train
allen_vcnp,mouse_demo,session_demo_01,unit_003,12.7,0.05,1,,0.2,visual_stim,train
allen_vcnp,mouse_demo,session_demo_01,unit_003,12.75,0.05,0,,0.2,visual_stim,train
allen_vcnp,mouse_demo,session_demo_01,unit_003,12.8,0.05,0,,0.2,visual_stim,train
allen_vcnp,mouse_demo,session_demo_01,unit_003,12.85,0.05,0,,0.2,visual_stim,train
allen_vcnp,mouse_demo,session_demo_01,unit_003,12.9,0.05,0,,0.2,visual_stim,train
allen_vcnp,mouse_demo,session_demo_01,unit_003,12.95,0.05,0,,0.2,visual_stim,train
allen_vcnp,mouse_demo,session_demo_01,unit_003,13.0,0.05,1,,0.2,visual_stim,train
allen_vcnp,mouse_demo,session_demo_01,unit_003,13.05,0.05,0,,0.2,visual_stim,train
allen_vcnp,mouse_demo,session_demo_01,unit_003,13.1,0.05,0,,0.2,visual_stim,train
allen_vcnp,mouse_demo,session_demo_01,unit_003,13.15,0.05,0,,0.2,visual_stim,train
allen_vcnp,mouse_demo,session_demo_01,unit_003,13.2,0.05,1,,0.2,visual_stim,train
allen_vcnp,mouse_demo,session_demo_01,unit_003,13.25,0.05,0,,0.2,visual_stim,train
allen_vcnp,mouse_demo,session_demo_01,unit_003,13.3,0.05,1,,0.2,visual_stim,train
allen_vcnp,mouse_demo,session_demo_01,unit_003,13.35,0.05,1,,0.2,visual_stim,train
allen_vcnp,mouse_demo,session_demo_01,unit_003,13.4,0.05,1,,0.2,visual_stim,train
allen_vcnp,mouse_demo,session_demo_01,unit_003,13.45,0.05,1,,0.2,visual_stim,train
allen_vcnp,mouse_demo,session_demo_01,unit_003,13.5,0.05,1,,0.2,visual_stim,train
allen_vcnp,mouse_demo,session_demo_01,unit_003,13.55,0.05,0,,0.2,visual_stim,train
allen_vcnp,mouse_demo,session_demo_01,unit_003,13.6,0.05,0,,0.2,visual_stim,train
allen_vcnp,mouse_demo,session_demo_01,unit_003,13.65,0.05,2,,0.2,visual_stim,train
allen_vcnp,mouse_demo,session_demo_01,unit_003,13.7,0.05,0,,0.2,visual_stim,train
allen_vcnp,mouse_demo,session_demo_01,unit_003,13.75,0.05,0,,0.2,visual_stim,train
allen_vcnp,mouse_demo,session_demo_01,unit_003,13.8,0.05,0,,0.2,visual_stim,train
allen_vcnp,mouse_demo,session_demo_01,unit_003,13.85,0.05,0,,0.2,visual_stim,train
allen_vcnp,mouse_demo,session_demo_01,unit_003,13.9,0.05,0,,0.2,visual_stim,train
allen_vcnp,mouse_demo,session_demo_01,unit_003,13.95,0.05,1,,0.2,visual_stim,train
allen_vcnp,mouse_demo,session_demo_01,unit_003,14.0,0.05,0,,1.0,visual_stim,valid
allen_vcnp,mouse_demo,session_demo_01,unit_003,14.05,0.05,1,,1.0,visual_stim,valid
allen_vcnp,mouse_demo,session_demo_01,unit_003,14.1,0.05,0,,1.0,visual_stim,valid
allen_vcnp,mouse_demo,session_demo_01,unit_003,14.15,0.05,0,,1.0,visual_stim,valid
allen_vcnp,mouse_demo,session_demo_01,unit_003,14.2,0.05,0,,1.0,visual_stim,valid
allen_vcnp,mouse_demo,session_demo_01,unit_003,14.25,0.05,1,,1.0,visual_stim,valid
allen_vcnp,mouse_demo,session_demo_01,unit_003,14.3,0.05,1,,1.0,visual_stim,valid
allen_vcnp,mouse_demo,session_demo_01,unit_003,14.35,0.05,0,,1.0,visual_stim,valid
allen_vcnp,mouse_demo,session_demo_01,unit_003,14.4,0.05,2,,1.0,visual_stim,valid
allen_vcnp,mouse_demo,session_demo_01,unit_003,14.45,0.05,0,,1.0,visual_stim,valid
allen_vcnp,mouse_demo,session_demo_01,unit_003,14.5,0.05,1,,1.0,visual_stim,valid
allen_vcnp,mouse_demo,session_demo_01,unit_003,14.55,0.05,2,,1.0,visual_stim,valid
allen_vcnp,mouse_demo,session_demo_01,unit_003,14.6,0.05,2,,1.0,visual_stim,valid
allen_vcnp,mouse_demo,session_demo_01,unit_003,14.65,0.05,0,,1.0,visual_stim,valid
allen_vcnp,mouse_demo,session_demo_01,unit_003,14.7,0.05,0,,1.0,visual_stim,valid
allen_vcnp,mouse_demo,session_demo_01,unit_003,14.75,0.05,1,,1.0,visual_stim,valid
allen_vcnp,mouse_demo,session_demo_01,unit_003,14.8,0.05,1,,1.0,visual_stim,valid
allen_vcnp,mouse_demo,session_demo_01,unit_003,14.85,0.05,1,,1.0,visual_stim,valid
allen_vcnp,mouse_demo,session_demo_01,unit_003,14.9,0.05,1,,1.0,visual_stim,valid
allen_vcnp,mouse_demo,session_demo_01,unit_003,14.95,0.05,0,,1.0,visual_stim,valid
allen_vcnp,mouse_demo,session_demo_01,unit_003,15.0,0.05,0,,1.0,visual_stim,valid
allen_vcnp,mouse_demo,session_demo_01,unit_003,15.05,0.05,0,,1.0,visual_stim,valid
allen_vcnp,mouse_demo,session_demo_01,unit_003,15.1,0.05,0,,1.0,visual_stim,valid
allen_vcnp,mouse_demo,session_demo_01,unit_003,15.15,0.05,0,,1.0,visual_stim,valid
allen_vcnp,mouse_demo,session_demo_01,unit_003,15.2,0.05,0,,1.0,visual_stim,valid
allen_vcnp,mouse_demo,session_demo_01,unit_003,15.25,0.05,0,,1.0,visual_stim,valid
allen_vcnp,mouse_demo,session_demo_01,unit_003,15.3,0.05,2,,1.0,visual_stim,valid
allen_vcnp,mouse_demo,session_demo_01,unit_003,15.35,0.05,0,,1.0,visual_stim,valid
allen_vcnp,mouse_demo,session_demo_01,unit_003,15.4,0.05,1,,1.0,visual_stim,valid
allen_vcnp,mouse_demo,session_demo_01,unit_003,15.45,0.05,1,,1.0,visual_stim,valid
allen_vcnp,mouse_demo,session_demo_01,unit_003,15.5,0.05,2,,1.0,visual_stim,valid
allen_vcnp,mouse_demo,session_demo_01,unit_003,15.55,0.05,0,,1.0,visual_stim,valid
allen_vcnp,mouse_demo,session_demo_01,unit_003,15.6,0.05,1,,1.0,visual_stim,valid
allen_vcnp,mouse_demo,session_demo_01,unit_003,15.65,0.05,0,,1.0,visual_stim,valid
allen_vcnp,mouse_demo,session_demo_01,unit_003,15.7,0.05,1,,1.0,visual_stim,valid
allen_vcnp,mouse_demo,session_demo_01,unit_003,15.75,0.05,0,,1.0,visual_stim,valid
allen_vcnp,mouse_demo,session_demo_01,unit_003,15.8,0.05,2,,1.0,visual_stim,valid
allen_vcnp,mouse_demo,session_demo_01,unit_003,15.85,0.05,0,,1.0,visual_stim,valid
allen_vcnp,mouse_demo,session_demo_01,unit_003,15.9,0.05,0,,1.0,visual_stim,valid
allen_vcnp,mouse_demo,session_demo_01,unit_003,15.95,0.05,1,,1.0,visual_stim,valid
allen_vcnp,mouse_demo,session_demo_01,unit_003,16.0,0.05,0,,0.2,visual_stim,valid
allen_vcnp,mouse_demo,session_demo_01,unit_003,16.05,0.05,0,,0.2,visual_stim,valid
allen_vcnp,mouse_demo,session_demo_01,unit_003,16.1,0.05,0,,0.2,visual_stim,valid
allen_vcnp,mouse_demo,session_demo_01,unit_003,16.15,0.05,1,,0.2,visual_stim,valid
allen_vcnp,mouse_demo,session_demo_01,unit_003,16.2,0.05,0,,0.2,visual_stim,valid
allen_vcnp,mouse_demo,session_demo_01,unit_003,16.25,0.05,0,,0.2,visual_stim,valid
allen_vcnp,mouse_demo,session_demo_01,unit_003,16.3,0.05,0,,0.2,visual_stim,valid
allen_vcnp,mouse_demo,session_demo_01,unit_003,16.35,0.05,0,,0.2,visual_stim,valid
allen_vcnp,mouse_demo,session_demo_01,unit_003,16.4,0.05,0,,0.2,visual_stim,valid
allen_vcnp,mouse_demo,session_demo_01,unit_003,16.45,0.05,0,,0.2,visual_stim,valid
allen_vcnp,mouse_demo,session_demo_01,unit_003,16.5,0.05,0,,0.2,visual_stim,valid
allen_vcnp,mouse_demo,session_demo_01,unit_003,16.55,0.05,0,,0.2,visual_stim,valid
allen_vcnp,mouse_demo,session_demo_01,unit_003,16.6,0.05,0,,0.2,visual_stim,valid
allen_vcnp,mouse_demo,session_demo_01,unit_003,16.65,0.05,0,,0.2,visual_stim,valid
allen_vcnp,mouse_demo,session_demo_01,unit_003,16.7,0.05,0,,0.2,visual_stim,valid
allen_vcnp,mouse_demo,session_demo_01,unit_003,16.75,0.05,1,,0.2,visual_stim,valid
allen_vcnp,mouse_demo,session_demo_01,unit_003,16.8,0.05,1,,0.2,visual_stim,valid
allen_vcnp,mouse_demo,session_demo_01,unit_003,16.85,0.05,0,,0.2,visual_stim,valid
allen_vcnp,mouse_demo,session_demo_01,unit_003,16.9,0.05,0,,0.2,visual_stim,valid
allen_vcnp,mouse_demo,session_demo_01,unit_003,16.95,0.05,0,,0.2,visual_stim,valid
allen_vcnp,mouse_demo,session_demo_01,unit_003,17.0,0.05,1,,0.2,visual_stim,test
allen_vcnp,mouse_demo,session_demo_01,unit_003,17.05,0.05,0,,0.2,visual_stim,test
allen_vcnp,mouse_demo,session_demo_01,unit_003,17.1,0.05,0,,0.2,visual_stim,test
allen_vcnp,mouse_demo,session_demo_01,unit_003,17.15,0.05,0,,0.2,visual_stim,test
allen_vcnp,mouse_demo,session_demo_01,unit_003,17.2,0.05,0,,0.2,visual_stim,test
allen_vcnp,mouse_demo,session_demo_01,unit_003,17.25,0.05,1,,0.2,visual_stim,test
allen_vcnp,mouse_demo,session_demo_01,unit_003,17.3,0.05,0,,0.2,visual_stim,test
allen_vcnp,mouse_demo,session_demo_01,unit_003,17.35,0.05,1,,0.2,visual_stim,test
allen_vcnp,mouse_demo,session_demo_01,unit_003,17.4,0.05,0,,0.2,visual_stim,test
allen_vcnp,mouse_demo,session_demo_01,unit_003,17.45,0.05,0,,0.2,visual_stim,test
allen_vcnp,mouse_demo,session_demo_01,unit_003,17.5,0.05,0,,0.2,visual_stim,test
allen_vcnp,mouse_demo,session_demo_01,unit_003,17.55,0.05,0,,0.2,visual_stim,test
allen_vcnp,mouse_demo,session_demo_01,unit_003,17.6,0.05,0,,0.2,visual_stim,test
allen_vcnp,mouse_demo,session_demo_01,unit_003,17.65,0.05,3,,0.2,visual_stim,test
allen_vcnp,mouse_demo,session_demo_01,unit_003,17.7,0.05,1,,0.2,visual_stim,test
allen_vcnp,mouse_demo,session_demo_01,unit_003,17.75,0.05,0,,0.2,visual_stim,test
allen_vcnp,mouse_demo,session_demo_01,unit_003,17.8,0.05,0,,0.2,visual_stim,test
allen_vcnp,mouse_demo,session_demo_01,unit_003,17.85,0.05,0,,0.2,visual_stim,test
allen_vcnp,mouse_demo,session_demo_01,unit_003,17.9,0.05,3,,0.2,visual_stim,test
allen_vcnp,mouse_demo,session_demo_01,unit_003,17.95,0.05,1,,0.2,visual_stim,test
allen_vcnp,mouse_demo,session_demo_01,unit_003,18.0,0.05,1,,1.0,visual_stim,test
allen_vcnp,mouse_demo,session_demo_01,unit_003,18.05,0.05,2,,1.0,visual_stim,test
allen_vcnp,mouse_demo,session_demo_01,unit_003,18.1,0.05,1,,1.0,visual_stim,test
allen_vcnp,mouse_demo,session_demo_01,unit_003,18.15,0.05,0,,1.0,visual_stim,test
allen_vcnp,mouse_demo,session_demo_01,unit_003,18.2,0.05,0,,1.0,visual_stim,test
allen_vcnp,mouse_demo,session_demo_01,unit_003,18.25,0.05,0,,1.0,visual_stim,test
allen_vcnp,mouse_demo,session_demo_01,unit_003,18.3,0.05,2,,1.0,visual_stim,test
allen_vcnp,mouse_demo,session_demo_01,unit_003,18.35,0.05,0,,1.0,visual_stim,test
allen_vcnp,mouse_demo,session_demo_01,unit_003,18.4,0.05,1,,1.0,visual_stim,test
allen_vcnp,mouse_demo,session_demo_01,unit_003,18.45,0.05,1,,1.0,visual_stim,test
allen_vcnp,mouse_demo,session_demo_01,unit_003,18.5,0.05,1,,1.0,visual_stim,test
allen_vcnp,mouse_demo,session_demo_01,unit_003,18.55,0.05,1,,1.0,visual_stim,test
allen_vcnp,mouse_demo,session_demo_01,unit_003,18.6,0.05,1,,1.0,visual_stim,test
allen_vcnp,mouse_demo,session_demo_01,unit_003,18.65,0.05,0,,1.0,visual_stim,test
allen_vcnp,mouse_demo,session_demo_01,unit_003,18.7,0.05,0,,1.0,visual_stim,test
allen_vcnp,mouse_demo,session_demo_01,unit_003,18.75,0.05,0,,1.0,visual_stim,test
allen_vcnp,mouse_demo,session_demo_01,unit_003,18.8,0.05,0,,1.0,visual_stim,test
allen_vcnp,mouse_demo,session_demo_01,unit_003,18.85,0.05,1,,1.0,visual_stim,test
allen_vcnp,mouse_demo,session_demo_01,unit_003,18.9,0.05,1,,1.0,visual_stim,test
allen_vcnp,mouse_demo,session_demo_01,unit_003,18.95,0.05,0,,1.0,visual_stim,test
allen_vcnp,mouse_demo,session_demo_01,unit_003,19.0,0.05,1,,1.0,visual_stim,test
allen_vcnp,mouse_demo,session_demo_01,unit_003,19.05,0.05,0,,1.0,visual_stim,test
allen_vcnp,mouse_demo,session_demo_01,unit_003,19.1,0.05,1,,1.0,visual_stim,test
allen_vcnp,mouse_demo,session_demo_01,unit_003,19.15,0.05,0,,1.0,visual_stim,test
allen_vcnp,mouse_demo,session_demo_01,unit_003,19.2,0.05,0,,1.0,visual_stim,test
allen_vcnp,mouse_demo,session_demo_01,unit_003,19.25,0.05,1,,1.0,visual_stim,test
allen_vcnp,mouse_demo,session_demo_01,unit_003,19.3,0.05,1,,1.0,visual_stim,test
allen_vcnp,mouse_demo,session_demo_01,unit_003,19.35,0.05,1,,1.0,visual_stim,test
allen_vcnp,mouse_demo,session_demo_01,unit_003,19.4,0.05,1,,1.0,visual_stim,test
allen_vcnp,mouse_demo,session_demo_01,unit_003,19.45,0.05,0,,1.0,visual_stim,test
allen_vcnp,mouse_demo,session_demo_01,unit_003,19.5,0.05,0,,1.0,visual_stim,test
allen_vcnp,mouse_demo,session_demo_01,unit_003,19.55,0.05,1,,1.0,visual_stim,test
allen_vcnp,mouse_demo,session_demo_01,unit_003,19.6,0.05,1,,1.0,visual_stim,test
allen_vcnp,mouse_demo,session_demo_01,unit_003,19.65,0.05,2,,1.0,visual_stim,test
allen_vcnp,mouse_demo,session_demo_01,unit_003,19.7,0.05,1,,1.0,visual_stim,test
allen_vcnp,mouse_demo,session_demo_01,unit_003,19.75,0.05,0,,1.0,visual_stim,test
allen_vcnp,mouse_demo,session_demo_01,unit_003,19.8,0.05,3,,1.0,visual_stim,test
allen_vcnp,mouse_demo,session_demo_01,unit_003,19.85,0.05,1,,1.0,visual_stim,test
allen_vcnp,mouse_demo,session_demo_01,unit_003,19.9,0.05,1,,1.0,visual_stim,test
allen_vcnp,mouse_demo,session_demo_01,unit_003,19.95,0.05,0,,1.0,visual_stim,test
GSE286175,sample_000,GSE286175_batch_01,bulk,0.0,1.0,,0.4295,0.2436,control,train
GSE286175,sample_001,GSE286175_batch_01,bulk,1.0,1.0,,0.4909,0.2927,control,train
GSE286175,sample_002,GSE286175_batch_01,bulk,2.0,1.0,,0.4319,0.2455,control,train
GSE286175,sample_003,GSE286175_batch_01,bulk,3.0,1.0,,0.4248,0.2398,control,train
GSE286175,sample_004,GSE286175_batch_01,bulk,4.0,1.0,,0.3756,0.2005,control,train
GSE286175,sample_005,GSE286175_batch_01,bulk,5.0,1.0,,0.4329,0.2463,control,train
GSE286175,sample_006,GSE286175_batch_01,bulk,6.0,1.0,,0.539,0.3312,control,train
GSE286175,sample_007,GSE286175_batch_01,bulk,7.0,1.0,,0.4839,0.2871,control,train
GSE286175,sample_008,GSE286175_batch_01,bulk,8.0,1.0,,0.533,0.3264,control,train
GSE286175,sample_009,GSE286175_batch_01,bulk,9.0,1.0,,0.4699,0.2759,control,train
GSE286175,sample_010,GSE286175_batch_01,bulk,10.0,1.0,,0.4816,0.2853,control,train
GSE286175,sample_011,GSE286175_batch_01,bulk,11.0,1.0,,0.4648,0.2719,control,train
GSE286175,sample_012,GSE286175_batch_01,bulk,12.0,1.0,,0.3167,0.1534,control,train
GSE286175,sample_013,GSE286175_batch_01,bulk,13.0,1.0,,0.5184,0.3147,control,train
GSE286175,sample_014,GSE286175_batch_01,bulk,14.0,1.0,,0.4905,0.2924,control,train
GSE286175,sample_015,GSE286175_batch_01,bulk,15.0,1.0,,0.4899,0.2919,control,train
GSE286175,sample_016,GSE286175_batch_01,bulk,16.0,1.0,,0.3147,0.1518,control,train
GSE286175,sample_017,GSE286175_batch_01,bulk,17.0,1.0,,0.3105,0.1484,control,train
GSE286175,sample_018,GSE286175_batch_01,bulk,18.0,1.0,,0.3788,0.2031,control,train
GSE286175,sample_019,GSE286175_batch_01,bulk,19.0,1.0,,0.4125,0.23,control,train
GSE286175,sample_020,GSE286175_batch_01,bulk,20.0,1.0,,0.7105,0.4684,mTOR_perturb,train
GSE286175,sample_021,GSE286175_batch_01,bulk,21.0,1.0,,0.6754,0.4403,mTOR_perturb,train
GSE286175,sample_022,GSE286175_batch_01,bulk,22.0,1.0,,0.7321,0.4857,mTOR_perturb,train
GSE286175,sample_023,GSE286175_batch_01,bulk,23.0,1.0,,0.6158,0.3926,mTOR_perturb,train
GSE286175,sample_024,GSE286175_batch_01,bulk,24.0,1.0,,0.7109,0.4687,mTOR_perturb,train
GSE286175,sample_025,GSE286175_batch_01,bulk,25.0,1.0,,0.7194,0.4755,mTOR_perturb,train
GSE286175,sample_026,GSE286175_batch_01,bulk,26.0,1.0,,0.6139,0.3911,mTOR_perturb,train
GSE286175,sample_027,GSE286175_batch_01,bulk,27.0,1.0,,0.8518,0.5814,mTOR_perturb,train
GSE286175,sample_028,GSE286175_batch_01,bulk,28.0,1.0,,0.7357,0.4885,mTOR_perturb,valid
GSE286175,sample_029,GSE286175_batch_01,bulk,29.0,1.0,,0.7997,0.5398,mTOR_perturb,valid
GSE286175,sample_030,GSE286175_batch_01,bulk,30.0,1.0,,0.618,0.3944,mTOR_perturb,valid
GSE286175,sample_031,GSE286175_batch_01,bulk,31.0,1.0,,0.606,0.3848,mTOR_perturb,valid
GSE286175,sample_032,GSE286175_batch_01,bulk,32.0,1.0,,0.6456,0.4165,mTOR_perturb,valid
GSE286175,sample_033,GSE286175_batch_01,bulk,33.0,1.0,,0.6694,0.4355,mTOR_perturb,valid
GSE286175,sample_034,GSE286175_batch_01,bulk,34.0,1.0,,0.7432,0.4946,mTOR_perturb,test
GSE286175,sample_035,GSE286175_batch_01,bulk,35.0,1.0,,0.7048,0.4639,mTOR_perturb,test
GSE286175,sample_036,GSE286175_batch_01,bulk,36.0,1.0,,0.6353,0.4082,mTOR_perturb,test
GSE286175,sample_037,GSE286175_batch_01,bulk,37.0,1.0,,0.5843,0.3674,mTOR_perturb,test
GSE286175,sample_038,GSE286175_batch_01,bulk,38.0,1.0,,0.6279,0.4024,mTOR_perturb,test
GSE286175,sample_039,GSE286175_batch_01,bulk,39.0,1.0,,0.8021,0.5417,mTOR_perturb,test
GSE247367,sample_000,GSE247367_batch_01,bulk,0.0,1.0,,0.3747,0.1998,WT,train
GSE247367,sample_001,GSE247367_batch_01,bulk,1.0,1.0,,0.4678,0.2743,WT,train
GSE247367,sample_002,GSE247367_batch_01,bulk,2.0,1.0,,0.5535,0.3428,WT,train
GSE247367,sample_003,GSE247367_batch_01,bulk,3.0,1.0,,0.5728,0.3582,WT,train
GSE247367,sample_004,GSE247367_batch_01,bulk,4.0,1.0,,0.5445,0.3356,WT,train
GSE247367,sample_005,GSE247367_batch_01,bulk,5.0,1.0,,0.4538,0.2631,WT,train
GSE247367,sample_006,GSE247367_batch_01,bulk,6.0,1.0,,0.4764,0.2811,WT,train
GSE247367,sample_007,GSE247367_batch_01,bulk,7.0,1.0,,0.4304,0.2443,WT,train
GSE247367,sample_008,GSE247367_batch_01,bulk,8.0,1.0,,0.3456,0.1765,WT,train
GSE247367,sample_009,GSE247367_batch_01,bulk,9.0,1.0,,0.413,0.2304,WT,train
GSE247367,sample_010,GSE247367_batch_01,bulk,10.0,1.0,,0.5255,0.3204,WT,train
GSE247367,sample_011,GSE247367_batch_01,bulk,11.0,1.0,,0.4698,0.2759,WT,train
GSE247367,sample_012,GSE247367_batch_01,bulk,12.0,1.0,,0.4247,0.2398,WT,train
GSE247367,sample_013,GSE247367_batch_01,bulk,13.0,1.0,,0.366,0.1928,WT,train
GSE247367,sample_014,GSE247367_batch_01,bulk,14.0,1.0,,0.4427,0.2542,WT,train
GSE247367,sample_015,GSE247367_batch_01,bulk,15.0,1.0,,0.4038,0.223,WT,train
GSE247367,sample_016,GSE247367_batch_01,bulk,16.0,1.0,,0.4529,0.2623,WT,train
GSE247367,sample_017,GSE247367_batch_01,bulk,17.0,1.0,,0.4887,0.291,WT,train
GSE247367,sample_018,GSE247367_batch_01,bulk,18.0,1.0,,0.2686,0.1149,WT,train
GSE247367,sample_019,GSE247367_batch_01,bulk,19.0,1.0,,0.4429,0.2543,WT,train
GSE247367,sample_020,GSE247367_batch_01,bulk,20.0,1.0,,0.5346,0.3277,TSC2_variant,train
GSE247367,sample_021,GSE247367_batch_01,bulk,21.0,1.0,,0.5872,0.3697,TSC2_variant,train
GSE247367,sample_022,GSE247367_batch_01,bulk,22.0,1.0,,0.5567,0.3454,TSC2_variant,train
GSE247367,sample_023,GSE247367_batch_01,bulk,23.0,1.0,,0.7905,0.5324,TSC2_variant,train
GSE247367,sample_024,GSE247367_batch_01,bulk,24.0,1.0,,0.7466,0.4973,TSC2_variant,train
GSE247367,sample_025,GSE247367_batch_01,bulk,25.0,1.0,,0.7295,0.4836,TSC2_variant,train
GSE247367,sample_026,GSE247367_batch_01,bulk,26.0,1.0,,0.6063,0.385,TSC2_variant,train
GSE247367,sample_027,GSE247367_batch_01,bulk,27.0,1.0,,0.537,0.3296,TSC2_variant,train
GSE247367,sample_028,GSE247367_batch_01,bulk,28.0,1.0,,0.6422,0.4138,TSC2_variant,valid
GSE247367,sample_029,GSE247367_batch_01,bulk,29.0,1.0,,0.7002,0.4602,TSC2_variant,valid
GSE247367,sample_030,GSE247367_batch_01,bulk,30.0,1.0,,0.6728,0.4382,TSC2_variant,valid
GSE247367,sample_031,GSE247367_batch_01,bulk,31.0,1.0,,0.7483,0.4986,TSC2_variant,valid
GSE247367,sample_032,GSE247367_batch_01,bulk,32.0,1.0,,0.6445,0.4156,TSC2_variant,valid
GSE247367,sample_033,GSE247367_batch_01,bulk,33.0,1.0,,0.8586,0.5869,TSC2_variant,valid
GSE247367,sample_034,GSE247367_batch_01,bulk,34.0,1.0,,0.7451,0.4961,TSC2_variant,test
GSE247367,sample_035,GSE247367_batch_01,bulk,35.0,1.0,,0.8782,0.6025,TSC2_variant,test
GSE247367,sample_036,GSE247367_batch_01,bulk,36.0,1.0,,0.7044,0.4635,TSC2_variant,test
GSE247367,sample_037,GSE247367_batch_01,bulk,37.0,1.0,,0.6569,0.4255,TSC2_variant,test
GSE247367,sample_038,GSE247367_batch_01,bulk,38.0,1.0,,0.5958,0.3766,TSC2_variant,test
GSE247367,sample_039,GSE247367_batch_01,bulk,39.0,1.0,,0.7603,0.5082,TSC2_variant,test
