dataset_id,subject_id,session_id,circuit_id,t_sec,dt_sec,spike_count,x_mtor_proxy,u_observer,condition,split
allen_vcnp_v2,mouse_demo,session_demo_02,unit_000,0.0,0.05,0,,0.2,visual_stim,train
allen_vcnp_v2,mouse_demo,session_demo_02,unit_000,0.05,0.05,0,,0.284697,visual_stim,train
allen_vcnp_v2,mouse_demo,session_demo_02,unit_000,0.1,0.05,0,,0.368643,visual_stim,train
allen_vcnp_v2,mouse_demo,session_demo_02,unit_000,0.15,0.05,0,,0.451092,visual_stim,train
allen_vcnp_v2,mouse_demo,session_demo_02,unit_000,0.2,0.05,1,,0.531312,visual_stim,train
allen_vcnp_v2,mouse_demo,session_demo_02,unit_000,0.25,0.05,0,,0.608591,visual_stim,train
allen_vcnp_v2,mouse_demo,session_demo_02,unit_000,0.3,0.05,0,,0.682244,visual_stim,train
allen_vcnp_v2,mouse_demo,session_demo_02,unit_000,0.35,0.05,1,,0.751616,visual_stim,train
allen_vcnp_v2,mouse_demo,session_demo_02,unit_000,0.4,0.05,0,,0.816092,visual_stim,train
allen_vcnp_v2,mouse_demo,session_demo_02,unit_000,0.45,0.05,0,,0.8751,visual_stim,train
allen_vcnp_v2,mouse_demo,session_demo_02,unit_000,0.5,0.05,0,,0.928115,visual_stim,train
allen_vcnp_v2,mouse_demo,session_demo_02,unit_000,0.55,0.05,0,,0.974668,visual_stim,train
allen_vcnp_v2,mouse_demo,session_demo_02,unit_000,0.6,0.05,0,,1.014344,visual_stim,train
allen_vcnp_v2,mouse_demo,session_demo_02,unit_000,0.65,0.05,0,,1.046793,visual_stim,train
allen_vcnp_v2,mouse_demo,session_demo_02,unit_000,0.7,0.05,1,,1.071725,visual_stim,train
allen_vcnp_v2,mouse_demo,session_demo_02,unit_000,0.75,0.05,0,,1.08892,visual_stim,train
allen_vcnp_v2,mouse_demo,session_demo_02,unit_000,0.8,0.05,0,,1.098224,visual_stim,train
allen_vcnp_v2,mouse_demo,session_demo_02,unit_000,0.85,0.05,1,,1.099556,visual_stim,train
allen_vcnp_v2,mouse_demo,session_demo_02,unit_000,0.9,0.05,0,,1.092903,visual_stim,train
allen_vcnp_v2,mouse_demo,session_demo_02,unit_000,0.95,0.05,1,,1.078325,visual_stim,train
allen_vcnp_v2,mouse_demo,session_demo_02,unit_000,1.0,0.05,1,,1.055951,visual_stim,train
allen_vcnp_v2,mouse_demo,session_demo_02,unit_000,1.05,0.05,0,,1.025979,visual_stim,train
allen_vcnp_v2,mouse_demo,session_demo_02,unit_000,1.1,0.05,2,,0.988676,visual_stim,train
allen_vcnp_v2,mouse_demo,session_demo_02,unit_000,1.15,0.05,1,,0.944373,visual_stim,train
allen_vcnp_v2,mouse_demo,session_demo_02,unit_000,1.2,0.05,0,,0.893462,visual_stim,train
allen_vcnp_v2,mouse_demo,session_demo_02,unit_000,1.25,0.05,0,,0.836396,visual_stim,train
allen_vcnp_v2,mouse_demo,session_demo_02,unit_000,1.3,0.05,1,,0.773682,visual_stim,train
allen_vcnp_v2,mouse_demo,session_demo_02,unit_000,1.35,0.05,0,,0.705875,visual_stim,train
allen_vcnp_v2,mouse_demo,session_demo_02,unit_000,1.4,0.05,1,,0.633578,visual_stim,train
allen_vcnp_v2,mouse_demo,session_demo_02,unit_000,1.45,0.05,1,,0.557433,visual_stim,train
allen_vcnp_v2,mouse_demo,session_demo_02,unit_000,1.5,0.05,1,,0.478115,visual_stim,train
allen_vcnp_v2,mouse_demo,session_demo_02,unit_000,1.55,0.05,0,,0.396329,visual_stim,train
allen_vcnp_v2,mouse_demo,session_demo_02,unit_000,1.6,0.05,0,,0.3128,visual_stim,train
allen_vcnp_v2,mouse_demo,session_demo_02,unit_000,1.65,0.05,0,,0.22827,visual_stim,train
allen_vcnp_v2,mouse_demo,session_demo_02,unit_000,1.7,0.05,0,,0.143489,visual_stim,train
allen_vcnp_v2,mouse_demo,session_demo_02,unit_000,1.75,0.05,1,,0.059209,visual_stim,train
allen_vcnp_v2,mouse_demo,session_demo_02,unit_000,1.8,0.05,2,,-0.023821,visual_stim,train
allen_vcnp_v2,mouse_demo,session_demo_02,unit_000,1.85,0.05,0,,-0.104864,visual_stim,train
allen_vcnp_v2,mouse_demo,session_demo_02,unit_000,1.9,0.05,0,,-0.183201,visual_stim,train
allen_vcnp_v2,mouse_demo,session_demo_02,unit_000,1.95,0.05,0,,-0.258137,visual_stim,train
allen_vcnp_v2,mouse_demo,session_demo_02,unit_000,2.0,0.05,0,,-0.329007,visual_stim,train
allen_vcnp_v2,mouse_demo,session_demo_02,unit_000,2.05,0.05,0,,-0.395181,visual_stim,train
allen_vcnp_v2,mouse_demo,session_demo_02,unit_000,2.1,0.05,0,,-0.456072,visual_stim,train
allen_vcnp_v2,mouse_demo,session_demo_02,unit_000,2.15,0.05,0,,-0.51114,visual_stim,train
allen_vcnp_v2,mouse_demo,session_demo_02,unit_000,2.2,0.05,0,,-0.559895,visual_stim,train
allen_vcnp_v2,mouse_demo,session_demo_02,unit_000,2.25,0.05,0,,-0.601906,visual_stim,train
allen_vcnp_v2,mouse_demo,session_demo_02,unit_000,2.3,0.05,0,,-0.636799,visual_stim,train
allen_vcnp_v2,mouse_demo,session_demo_02,unit_000,2.35,0.05,0,,-0.664264,visual_stim,train
allen_vcnp_v2,mouse_demo,session_demo_02,unit_000,2.4,0.05,0,,-0.684059,visual_stim,train
allen_vcnp_v2,mouse_demo,session_demo_02,unit_000,2.45,0.05,0,,-0.696006,visual_stim,train
allen_vcnp_v2,mouse_demo,session_demo_02,unit_000,2.5,0.05,0,,-0.7,visual_stim,train
allen_vcnp_v2,mouse_demo,session_demo_02,unit_000,2.55,0.05,0,,-0.696006,visual_stim,train
allen_vcnp_v2,mouse_demo,session_demo_02,unit_000,2.6,0.05,1,,-0.684059,visual_stim,train
allen_vcnp_v2,mouse_demo,session_demo_02,unit_000,2.65,0.05,2,,-0.664264,visual_stim,train
allen_vcnp_v2,mouse_demo,session_demo_02,unit_000,2.7,0.05,0,,-0.636799,visual_stim,train
allen_vcnp_v2,mouse_demo,session_demo_02,unit_000,2.75,0.05,0,,-0.601906,visual_stim,train
allen_vcnp_v2,mouse_demo,session_demo_02,unit_000,2.8,0.05,0,,-0.559895,visual_stim,train
allen_vcnp_v2,mouse_demo,session_demo_02,unit_000,2.85,0.05,1,,-0.51114,visual_stim,train
allen_vcnp_v2,mouse_demo,session_demo_02,unit_000,2.9,0.05,1,,-0.456072,visual_stim,train
allen_vcnp_v2,mouse_demo,session_demo_02,unit_000,2.95,0.05,0,,-0.395181,visual_stim,train
allen_vcnp_v2,mouse_demo,session_demo_02,unit_000,3.0,0.05,0,,-0.329007,visual_stim,train
allen_vcnp_v2,mouse_demo,session_demo_02,unit_000,3.05,0.05,0,,-0.258137,visual_stim,train
allen_vcnp_v2,mouse_demo,session_demo_02,unit_000,3.1,0.05,0,,-0.183201,visual_stim,train
allen_vcnp_v2,mouse_demo,session_demo_02,unit_000,3.15,0.05,0,,-0.104864,visual_stim,train
allen_vcnp_v2,mouse_demo,session_demo_02,unit_000,3.2,0.05,0,,-0.023821,visual_stim,train
allen_vcnp_v2,mouse_demo,session_demo_02,unit_000,3.25,0.05,0,,0.059209,visual_stim,train
allen_vcnp_v2,mouse_demo,session_demo_02,unit_000,3.3,0.05,0,,0.143489,visual_stim,train
allen_vcnp_v2,mouse_demo,session_demo_02,unit_000,3.35,0.05,0,,0.22827,visual_stim,train
allen_vcnp_v2,mouse_demo,session_demo_02,unit_000,3.4,0.05,0,,0.3128,visual_stim,train
allen_vcnp_v2,mouse_demo,session_demo_02,unit_000,3.45,0.05,0,,0.396329,visual_stim,train
allen_vcnp_v2,mouse_demo,session_demo_02,unit_000,3.5,0.05,0,,0.478115,visual_stim,train
allen_vcnp_v2,mouse_demo,session_demo_02,unit_000,3.55,0.05,0,,0.557433,visual_stim,train
allen_vcnp_v2,mouse_demo,session_demo_02,unit_000,3.6,0.05,0,,0.633578,visual_stim,train
allen_vcnp_v2,mouse_demo,session_demo_02,unit_000,3.65,0.05,0,,0.705875,visual_stim,train
allen_vcnp_v2,mouse_demo,session_demo_02,unit_000,3.7,0.05,1,,0.773682,visual_stim,train
allen_vcnp_v2,mouse_demo,session_demo_02,unit_000,3.75,0.05,1,,0.836396,visual_stim,train
allen_vcnp_v2,mouse_demo,session_demo_02,unit_000,3.8,0.05,0,,0.893462,visual_stim,train
allen_vcnp_v2,mouse_demo,session_demo_02,unit_000,3.85,0.05,1,,0.944373,visual_stim,train
allen_vcnp_v2,mouse_demo,session_demo_02,unit_000,3.9,0.05,0,,0.988676,visual_stim,train
allen_vcnp_v2,mouse_demo,session_demo_02,unit_000,3.95,0.05,2,,1.025979,visual_stim,train
allen_vcnp_v2,mouse_demo,session_demo_02,unit_000,4.0,0.05,0,,1.055951,visual_stim,train
allen_vcnp_v2,mouse_demo,session_demo_02,unit_000,4.05,0.05,1,,1.078325,visual_stim,train
allen_vcnp_v2,mouse_demo,session_demo_02,unit_000,4.1,0.05,0,,1.092903,visual_stim,train
allen_vcnp_v2,mouse_demo,session_demo_02,unit_000,4.15,0.05,0,,1.099556,visual_stim,train
allen_vcnp_v2,mouse_demo,session_demo_02,unit_000,4.2,0.05,0,,1.098224,visual_stim,train
allen_vcnp_v2,mouse_demo,session_demo_02,unit_000,4.25,0.05,1,,1.08892,visual_stim,train
allen_vcnp_v2,mouse_demo,session_demo_02,unit_000,4.3,0.05,0,,1.071725,visual_stim,train
allen_vcnp_v2,mouse_demo,session_demo_02,unit_000,4.35,0.05,0,,1.046793,visual_stim,train
allen_vcnp_v2,mouse_demo,session_demo_02,unit_000,4.4,0.05,0,,1.014344,visual_stim,train
allen_vcnp_v2,mouse_demo,session_demo_02,unit_000,4.45,0.05,1,,0.974668,visual_stim,train
allen_vcnp_v2,mouse_demo,session_demo_02,unit_000,4.5,0.05,1,,0.928115,visual_stim,train
allen_vcnp_v2,mouse_demo,session_demo_02,unit_000,4.55,0.05,0,,0.8751,visual_stim,train
allen_vcnp_v2,mouse_demo,session_demo_02,unit_000,4.6,0.05,1,,0.816092,visual_stim,train
allen_vcnp_v2,mouse_demo,session_demo_02,unit_000,4.65,0.05,0,,0.751616,visual_stim,train
allen_vcnp_v2,mouse_demo,session_demo_02,unit_000,4.7,0.05,1,,0.682244,visual_stim,train
allen_vcnp_v2,mouse_demo,session_demo_02,unit_000,4.75,0.05,0,,0.608591,visual_stim,train
allen_vcnp_v2,mouse_demo,session_demo_02,unit_000,4.8,0.05,0,,0.531312,visual_stim,train
allen_vcnp_v2,mouse_demo,session_demo_02,unit_000,4.85,0.05,1,,0.451092,visual_stim,train
allen_vcnp_v2,mouse_demo,session_demo_02,unit_000,4.9,0.05,1,,0.368643,visual_stim,train
allen_vcnp_v2,mouse_demo,session_demo_02,unit_000,4.95,0.05,1,,0.284697,visual_stim,train
allen_vcnp_v2,mouse_demo,session_demo_02,unit_000,5.0,0.05,0,,-0.1,visual_stim,train
allen_vcnp_v2,mouse_demo,session_demo_02,unit_000,5.05,0.05,1,,-0.184697,visual_stim,train
allen_vcnp_v2,mouse_demo,session_demo_02,unit_000,5.1,0.05,0,,-0.268643,visual_stim,train
allen_vcnp_v2,mouse_demo,session_demo_02,unit_000,5.15,0.05,1,,-0.351092,visual_stim,train
allen_vcnp_v2,mouse_demo,session_demo_02,unit_000,5.2,0.05,0,,-0.431312,visual_stim,train
allen_vcnp_v2,mouse_demo,session_demo_02,unit_000,5.25,0.05,0,,-0.508591,visual_stim,train
allen_vcnp_v2,mouse_demo,session_demo_02,unit_000,5.3,0.05,0,,-0.582244,visual_stim,train
allen_vcnp_v2,mouse_demo,session_demo_02,unit_000,5.35,0.05,0,,-0.651616,visual_stim,train
allen_vcnp_v2,mouse_demo,session_demo_02,unit_000,5.4,0.05,1,,-0.716092,visual_stim,train
allen_vcnp_v2,mouse_demo,session_demo_02,unit_000,5.45,0.05,0,,-0.7751,visual_stim,train
allen_vcnp_v2,mouse_demo,session_demo_02,unit_000,5.5,0.05,0,,-0.828115,visual_stim,train
allen_vcnp_v2,mouse_demo,session_demo_02,unit_000,5.55,0.05,0,,-0.874668,visual_stim,train
allen_vcnp_v2,mouse_demo,session_demo_02,unit_000,5.6,0.05,0,,-0.914344,visual_stim,train
allen_vcnp_v2,mouse_demo,session_demo_02,unit_000,5.65,0.05,0,,-0.946793,visual_stim,train
allen_vcnp_v2,mouse_demo,session_demo_02,unit_000,5.7,0.05,1,,-0.971725,visual_stim,train
allen_vcnp_v2,mouse_demo,session_demo_02,unit_000,5.75,0.05,0,,-0.98892,visual_stim,train
allen_vcnp_v2,mouse_demo,session_demo_02,unit_000,5.8,0.05,0,,-0.998224,visual_stim,train
allen_vcnp_v2,mouse_demo,session_demo_02,unit_000,5.85,0.05,2,,-0.999556,visual_stim,train
allen_vcnp_v2,mouse_demo,session_demo_02,unit_000,5.9,0.05,0,,-0.992903,visual_stim,train
allen_vcnp_v2,mouse_demo,session_demo_02,unit_000,5.95,0.05,0,,-0.978325,visual_stim,train
allen_vcnp_v2,mouse_demo,session_demo_02,unit_000,6.0,0.05,0,,-0.955951,visual_stim,train
allen_vcnp_v2,mouse_demo,session_demo_02,unit_000,6.05,0.05,0,,-0.925979,visual_stim,train
allen_vcnp_v2,mouse_demo,session_demo_02,unit_000,6.1,0.05,0,,-0.888676,visual_stim,train
allen_vcnp_v2,mouse_demo,session_demo_02,unit_000,6.15,0.05,2,,-0.844373,visual_stim,train
allen_vcnp_v2,mouse_demo,session_demo_02,unit_000,6.2,0.05,1,,-0.793462,visual_stim,train
allen_vcnp_v2,mouse_demo,session_demo_02,unit_000,6.25,0.05,0,,-0.736396,visual_stim,train
allen_vcnp_v2,mouse_demo,session_demo_02,unit_000,6.3,0.05,1,,-0.673682,visual_stim,train
allen_vcnp_v2,mouse_demo,session_demo_02,unit_000,6.35,0.05,1,,-0.605875,visual_stim,train
allen_vcnp_v2,mouse_demo,session_demo_02,unit_000,6.4,0.05,0,,-0.533578,visual_stim,train
allen_vcnp_v2,mouse_demo,session_demo_02,unit_000,6.45,0.05,0,,-0.457433,visual_stim,train
allen_vcnp_v2,mouse_demo,session_demo_02,unit_000,6.5,0.05,0,,-0.378115,visual_stim,train
allen_vcnp_v2,mouse_demo,session_demo_02,unit_000,6.55,0.05,0,,-0.296329,visual_stim,train
allen_vcnp_v2,mouse_demo,session_demo_02,unit_000,6.6,0.05,0,,-0.2128,visual_stim,train
allen_vcnp_v2,mouse_demo,session_demo_02,unit_000,6.65,0.05,0,,-0.12827,visual_stim,train
allen_vcnp_v2,mouse_demo,session_demo_02,unit_000,6.7,0.05,2,,-0.043489,visual_stim,train
allen_vcnp_v2,mouse_demo,session_demo_02,unit_000,6.75,0.05,0,,0.040791,visual_stim,train
allen_vcnp_v2,mouse_demo,session_demo_02,unit_000,6.8,0.05,1,,0.123821,visual_stim,train
allen_vcnp_v2,mouse_demo,session_demo_02,unit_000,6.85,0.05,0,,0.204864,visual_stim,train
allen_vcnp_v2,mouse_demo,session_demo_02,unit_000,6.9,0.05,1,,0.283201,visual_stim,train
allen_vcnp_v2,mouse_demo,session_demo_02,unit_000,6.95,0.05,1,,0.358137,visual_stim,train
allen_vcnp_v2,mouse_demo,session_demo_02,unit_000,7.0,0.05,0,,0.429007,visual_stim,train
allen_vcnp_v2,mouse_demo,session_demo_02,unit_000,7.05,0.05,1,,0.495181,visual_stim,train
allen_vcnp_v2,mouse_demo,session_demo_02,unit_000,7.1,0.05,1,,0.556072,visual_stim,train
allen_vcnp_v2,mouse_demo,session_demo_02,unit_000,7.15,0.05,0,,0.61114,visual_stim,train
allen_vcnp_v2,mouse_demo,session_demo_02,unit_000,7.2,0.05,1,,0.659895,visual_stim,train
allen_vcnp_v2,mouse_demo,session_demo_02,unit_000,7.25,0.05,0,,0.701906,visual_stim,train
allen_vcnp_v2,mouse_demo,session_demo_02,unit_000,7.3,0.05,0,,0.736799,visual_stim,train
allen_vcnp_v2,mouse_demo,session_demo_02,unit_000,7.35,0.05,1,,0.764264,visual_stim,train
allen_vcnp_v2,mouse_demo,session_demo_02,unit_000,7.4,0.05,0,,0.784059,visual_stim,train
allen_vcnp_v2,mouse_demo,session_demo_02,unit_000,7.45,0.05,0,,0.796006,visual_stim,train
allen_vcnp_v2,mouse_demo,session_demo_02,unit_000,7.5,0.05,1,,0.8,visual_stim,train
allen_vcnp_v2,mouse_demo,session_demo_02,unit_000,7.55,0.05,0,,0.796006,visual_stim,train
allen_vcnp_v2,mouse_demo,session_demo_02,unit_000,7.6,0.05,1,,0.784059,visual_stim,train
allen_vcnp_v2,mouse_demo,session_demo_02,unit_000,7.65,0.05,1,,0.764264,visual_stim,train
allen_vcnp_v2,mouse_demo,session_demo_02,unit_000,7.7,0.05,0,,0.736799,visual_stim,train
allen_vcnp_v2,mouse_demo,session_demo_02,unit_000,7.75,0.05,0,,0.701906,visual_stim,train
allen_vcnp_v2,mouse_demo,session_demo_02,unit_000,7.8,0.05,0,,0.659895,visual_stim,train
allen_vcnp_v2,mouse_demo,session_demo_02,unit_000,7.85,0.05,1,,0.61114,visual_stim,train
allen_vcnp_v2,mouse_demo,session_demo_02,unit_000,7.9,0.05,1,,0.556072,visual_stim,train
allen_vcnp_v2,mouse_demo,session_demo_02,unit_000,7.95,0.05,0,,0.495181,visual_stim,train
allen_vcnp_v2,mouse_demo,session_demo_02,unit_000,8.0,0.05,0,,0.429007,visual_stim,train
allen_vcnp_v2,mouse_demo,session_demo_02,unit_000,8.05,0.05,0,,0.358137,visual_stim,train
allen_vcnp_v2,mouse_demo,session_demo_02,unit_000,8.1,0.05,1,,0.283201,visual_stim,train
allen_vcnp_v2,mouse_demo,session_demo_02,unit_000,8.15,0.05,1,,0.204864,visual_stim,train
allen_vcnp_v2,mouse_demo,session_demo_02,unit_000,8.2,0.05,1,,0.123821,visual_stim,train
allen_vcnp_v2,mouse_demo,session_demo_02,unit_000,8.25,0.05,0,,0.040791,visual_stim,train
allen_vcnp_v2,mouse_demo,session_demo_02,unit_000,8.3,0.05,0,,-0.043489,visual_stim,train
allen_vcnp_v2,mouse_demo,session_demo_02,unit_000,8.35,0.05,1,,-0.12827,visual_stim,train
allen_vcnp_v2,mouse_demo,session_demo_02,unit_000,8.4,0.05,0,,-0.2128,visual_stim,train
allen_vcnp_v2,mouse_demo,session_demo_02,unit_000,8.45,0.05,1,,-0.296329,visual_stim,train
allen_vcnp_v2,mouse_demo,session_demo_02,unit_000,8.5,0.05,2,,-0.378115,visual_stim,train
allen_vcnp_v2,mouse_demo,session_demo_02,unit_000,8.55,0.05,1,,-0.457433,visual_stim,train
allen_vcnp_v2,mouse_demo,session_demo_02,unit_000,8.6,0.05,2,,-0.533578,visual_stim,train
allen_vcnp_v2,mouse_demo,session_demo_02,unit_000,8.65,0.05,0,,-0.605875,visual_stim,train
allen_vcnp_v2,mouse_demo,session_demo_02,unit_000,8.7,0.05,0,,-0.673682,visual_stim,train
allen_vcnp_v2,mouse_demo,session_demo_02,unit_000,8.75,0.05,1,,-0.736396,visual_stim,train
allen_vcnp_v2,mouse_demo,session_demo_02,unit_000,8.8,0.05,0,,-0.793462,visual_stim,train
allen_vcnp_v2,mouse_demo,session_demo_02,unit_000,8.85,0.05,0,,-0.844373,visual_stim,train
allen_vcnp_v2,mouse_demo,session_demo_02,unit_000,8.9,0.05,0,,-0.888676,visual_stim,train
allen_vcnp_v2,mouse_demo,session_demo_02,unit_000,8.95,0.05,0,,-0.925979,visual_stim,train
allen_vcnp_v2,mouse_demo,session_demo_02,unit_000,9.0,0.05,0,,-0.955951,visual_stim,train
allen_vcnp_v2,mouse_demo,session_demo_02,unit_000,9.05,0.05,0,,-0.978325,visual_stim,train
allen_vcnp_v2,mouse_demo,session_demo_02,unit_000,9.1,0.05,0,,-0.992903,visual_stim,train
allen_vcnp_v2,mouse_demo,session_demo_02,unit_000,9.15,0.05,0,,-0.999556,visual_stim,train
allen_vcnp_v2,mouse_demo,session_demo_02,unit_000,9.2,0.05,0,,-0.998224,visual_stim,train
allen_vcnp_v2,mouse_demo,session_demo_02,unit_000,9.25,0.05,0,,-0.98892,visual_stim,train
allen_vcnp_v2,mouse_demo,session_demo_02,unit_000,9.3,0.05,0,,-0.971725,visual_stim,train
allen_vcnp_v2,mouse_demo,session_demo_02,unit_000,9.35,0.05,0,,-0.946793,visual_stim,train
allen_vcnp_v2,mouse_demo,session_demo_02,unit_000,9.4,0.05,1,,-0.914344,visual_stim,train
allen_vcnp_v2,mouse_demo,session_demo_02,unit_000,9.45,0.05,1,,-0.874668,visual_stim,train
allen_vcnp_v2,mouse_demo,session_demo_02,unit_000,9.5,0.05,1,,-0.828115,visual_stim,train
allen_vcnp_v2,mouse_demo,session_demo_02,unit_000,9.55,0.05,0,,-0.7751,visual_stim,train
allen_vcnp_v2,mouse_demo,session_demo_02,unit_000,9.6,0.05,0,,-0.716092,visual_stim,train
allen_vcnp_v2,mouse_demo,session_demo_02,unit_000,9.65,0.05,0,,-0.651616,visual_stim,train
allen_vcnp_v2,mouse_demo,session_demo_02,unit_000,9.7,0.05,0,,-0.582244,visual_stim,train
allen_vcnp_v2,mouse_demo,session_demo_02,unit_000,9.75,0.05,0,,-0.508591,visual_stim,train
allen_vcnp_v2,mouse_demo,session_demo_02,unit_000,9.8,0.05,0,,-0.431312,visual_stim,train
allen_vcnp_v2,mouse_demo,session_demo_02,unit_000,9.85,0.05,1,,-0.351092,visual_stim,train
allen_vcnp_v2,mouse_demo,session_demo_02,unit_000,9.9,0.05,1,,-0.268643,visual_stim,train
allen_vcnp_v2,mouse_demo,session_demo_02,unit_000,9.95,0.05,1,,-0.184697,visual_stim,train
allen_vcnp_v2,mouse_demo,session_demo_02,unit_000,10.0,0.05,0,,-0.1,visual_stim,train
allen_vcnp_v2,mouse_demo,session_demo_02,unit_000,10.05,0.05,1,,-0.015303,visual_stim,train
allen_vcnp_v2,mouse_demo,session_demo_02,unit_000,10.1,0.05,0,,0.068643,visual_stim,train
allen_vcnp_v2,mouse_demo,session_demo_02,unit_000,10.15,0.05,0,,0.151092,visual_stim,train
allen_vcnp_v2,mouse_demo,session_demo_02,unit_000,10.2,0.05,0,,0.231312,visual_stim,train
allen_vcnp_v2,mouse_demo,session_demo_02,unit_000,10.25,0.05,0,,0.308591,visual_stim,train
allen_vcnp_v2,mouse_demo,session_demo_02,unit_000,10.3,0.05,0,,0.382244,visual_stim,train
allen_vcnp_v2,mouse_demo,session_demo_02,unit_000,10.35,0.05,0,,0.451616,visual_stim,train
allen_vcnp_v2,mouse_demo,session_demo_02,unit_000,10.4,0.05,1,,0.516092,visual_stim,train
allen_vcnp_v2,mouse_demo,session_demo_02,unit_000,10.45,0.05,1,,0.5751,visual_stim,train
allen_vcnp_v2,mouse_demo,session_demo_02,unit_000,10.5,0.05,1,,0.628115,visual_stim,train
allen_vcnp_v2,mouse_demo,session_demo_02,unit_000,10.55,0.05,0,,0.674668,visual_stim,train
allen_vcnp_v2,mouse_demo,session_demo_02,unit_000,10.6,0.05,2,,0.714344,visual_stim,train
allen_vcnp_v2,mouse_demo,session_demo_02,unit_000,10.65,0.05,0,,0.746793,visual_stim,train
allen_vcnp_v2,mouse_demo,session_demo_02,unit_000,10.7,0.05,0,,0.771725,visual_stim,train
allen_vcnp_v2,mouse_demo,session_demo_02,unit_000,10.75,0.05,0,,0.78892,visual_stim,train
allen_vcnp_v2,mouse_demo,session_demo_02,unit_000,10.8,0.05,0,,0.798224,visual_stim,train
allen_vcnp_v2,mouse_demo,session_demo_02,unit_000,10.85,0.05,1,,0.799556,visual_stim,train
allen_vcnp_v2,mouse_demo,session_demo_02,unit_000,10.9,0.05,0,,0.792903,visual_stim,train
allen_vcnp_v2,mouse_demo,session_demo_02,unit_000,10.95,0.05,0,,0.778325,visual_stim,train
allen_vcnp_v2,mouse_demo,session_demo_02,unit_000,11.0,0.05,0,,0.755951,visual_stim,train
allen_vcnp_v2,mouse_demo,session_demo_02,unit_000,11.05,0.05,0,,0.725979,visual_stim,train
allen_vcnp_v2,mouse_demo,session_demo_02,unit_000,11.1,0.05,0,,0.688676,visual_stim,train
allen_vcnp_v2,mouse_demo,session_demo_02,unit_000,11.15,0.05,0,,0.644373,visual_stim,train
allen_vcnp_v2,mouse_demo,session_demo_02,unit_000,11.2,0.05,1,,0.593462,visual_stim,train
allen_vcnp_v2,mouse_demo,session_demo_02,unit_000,11.25,0.05,0,,0.536396,visual_stim,train
allen_vcnp_v2,mouse_demo,session_demo_02,unit_000,11.3,0.05,0,,0.473682,visual_stim,train
allen_vcnp_v2,mouse_demo,session_demo_02,unit_000,11.35,0.05,1,,0.405875,visual_stim,train
allen_vcnp_v2,mouse_demo,session_demo_02,unit_000,11.4,0.05,0,,0.333578,visual_stim,train
allen_vcnp_v2,mouse_demo,session_demo_02,unit_000,11.45,0.05,0,,0.257433,visual_stim,train
allen_vcnp_v2,mouse_demo,session_demo_02,unit_000,11.5,0.05,1,,0.178115,visual_stim,train
allen_vcnp_v2,mouse_demo,session_demo_02,unit_000,11.55,0.05,0,,0.096329,visual_stim,train
allen_vcnp_v2,mouse_demo,session_demo_02,unit_000,11.6,0.05,0,,0.0128,visual_stim,train
allen_vcnp_v2,mouse_demo,session_demo_02,unit_000,11.65,0.05,1,,-0.07173,visual_stim,train
allen_vcnp_v2,mouse_demo,session_demo_02,unit_000,11.7,0.05,0,,-0.156511,visual_stim,train
allen_vcnp_v2,mouse_demo,session_demo_02,unit_000,11.75,0.05,0,,-0.240791,visual_stim,train
allen_vcnp_v2,mouse_demo,session_demo_02,unit_000,11.8,0.05,0,,-0.323821,visual_stim,train
allen_vcnp_v2,mouse_demo,session_demo_02,unit_000,11.85,0.05,0,,-0.404864,visual_stim,train
allen_vcnp_v2,mouse_demo,session_demo_02,unit_000,11.9,0.05,1,,-0.483201,visual_stim,train
allen_vcnp_v2,mouse_demo,session_demo_02,unit_000,11.95,0.05,1,,-0.558137,visual_stim,train
allen_vcnp_v2,mouse_demo,session_demo_02,unit_000,12.0,0.05,0,,-0.629007,visual_stim,train
allen_vcnp_v2,mouse_demo,session_demo_02,unit_000,12.05,0.05,0,,-0.695181,visual_stim,train
allen_vcnp_v2,mouse_demo,session_demo_02,unit_000,12.1,0.05,0,,-0.756072,visual_stim,train
allen_vcnp_v2,mouse_demo,session_demo_02,unit_000,12.15,0.05,0,,-0.81114,visual_stim,train
allen_vcnp_v2,mouse_demo,session_demo_02,unit_000,12.2,0.05,1,,-0.859895,visual_stim,train
allen_vcnp_v2,mouse_demo,session_demo_02,unit_000,12.25,0.05,0,,-0.901906,visual_stim,train
allen_vcnp_v2,mouse_demo,session_demo_02,unit_000,12.3,0.05,0,,-0.936799,visual_stim,train
allen_vcnp_v2,mouse_demo,session_demo_02,unit_000,12.35,0.05,1,,-0.964264,visual_stim,train
allen_vcnp_v2,mouse_demo,session_demo_02,unit_000,12.4,0.05,1,,-0.984059,visual_stim,train
allen_vcnp_v2,mouse_demo,session_demo_02,unit_000,12.45,0.05,0,,-0.996006,visual_stim,train
allen_vcnp_v2,mouse_demo,session_demo_02,unit_000,12.5,0.05,0,,-1.0,visual_stim,train
allen_vcnp_v2,mouse_demo,session_demo_02,unit_000,12.55,0.05,0,,-0.996006,visual_stim,train
allen_vcnp_v2,mouse_demo,session_demo_02,unit_000,12.6,0.05,1,,-0.984059,visual_stim,train
allen_vcnp_v2,mouse_demo,session_demo_02,unit_000,12.65,0.05,0,,-0.964264,visual_stim,train
allen_vcnp_v2,mouse_demo,session_demo_02,unit_000,12.7,0.05,0,,-0.936799,visual_stim,train
allen_vcnp_v2,mouse_demo,session_demo_02,unit_000,12.75,0.05,0,,-0.901906,visual_stim,train
allen_vcnp_v2,mouse_demo,session_demo_02,unit_000,12.8,0.05,0,,-0.859895,visual_stim,train
allen_vcnp_v2,mouse_demo,session_demo_02,unit_000,12.85,0.05,0,,-0.81114,visual_stim,train
allen_vcnp_v2,mouse_demo,session_demo_02,unit_000,12.9,0.05,0,,-0.756072,visual_stim,train
allen_vcnp_v2,mouse_demo,session_demo_02,unit_000,12.95,0.05,2,,-0.695181,visual_stim,train
allen_vcnp_v2,mouse_demo,session_demo_02,unit_000,13.0,0.05,0,,-0.629007,visual_stim,train
allen_vcnp_v2,mouse_demo,session_demo_02,unit_000,13.05,0.05,0,,-0.558137,visual_stim,train
allen_vcnp_v2,mouse_demo,session_demo_02,unit_000,13.1,0.05,0,,-0.483201,visual_stim,train
allen_vcnp_v2,mouse_demo,session_demo_02,unit_000,13.15,0.05,0,,-0.404864,visual_stim,train
allen_vcnp_v2,mouse_demo,session_demo_02,unit_000,13.2,0.05,0,,-0.323821,visual_stim,train
allen_vcnp_v2,mouse_demo,session_demo_02,unit_000,13.25,0.05,0,,-0.240791,visual_stim,train
allen_vcnp_v2,mouse_demo,session_demo_02,unit_000,13.3,0.05,0,,-0.156511,visual_stim,train
allen_vcnp_v2,mouse_demo,session_demo_02,unit_000,13.35,0.05,1,,-0.07173,visual_stim,train
allen_vcnp_v2,mouse_demo,session_demo_02,unit_000,13.4,0.05,0,,0.0128,visual_stim,train
allen_vcnp_v2,mouse_demo,session_demo_02,unit_000,13.45,0.05,0,,0.096329,visual_stim,train
allen_vcnp_v2,mouse_demo,session_demo_02,unit_000,13.5,0.05,1,,0.178115,visual_stim,train
allen_vcnp_v2,mouse_demo,session_demo_02,unit_000,13.55,0.05,0,,0.257433,visual_stim,train
allen_vcnp_v2,mouse_demo,session_demo_02,unit_000,13.6,0.05,1,,0.333578,visual_stim,train
allen_vcnp_v2,mouse_demo,session_demo_02,unit_000,13.65,0.05,0,,0.405875,visual_stim,train
allen_vcnp_v2,mouse_demo,session_demo_02,unit_000,13.7,0.05,2,,0.473682,visual_stim,train
allen_vcnp_v2,mouse_demo,session_demo_02,unit_000,13.75,0.05,0,,0.536396,visual_stim,train
allen_vcnp_v2,mouse_demo,session_demo_02,unit_000,13.8,0.05,0,,0.593462,visual_stim,train
allen_vcnp_v2,mouse_demo,session_demo_02,unit_000,13.85,0.05,1,,0.644373,visual_stim,train
allen_vcnp_v2,mouse_demo,session_demo_02,unit_000,13.9,0.05,0,,0.688676,visual_stim,train
allen_vcnp_v2,mouse_demo,session_demo_02,unit_000,13.95,0.05,2,,0.725979,visual_stim,train
allen_vcnp_v2,mouse_demo,session_demo_02,unit_000,14.0,0.05,0,,0.755951,visual_stim,train
allen_vcnp_v2,mouse_demo,session_demo_02,unit_000,14.05,0.05,1,,0.778325,visual_stim,train
allen_vcnp_v2,mouse_demo,session_demo_02,unit_000,14.1,0.05,0,,0.792903,visual_stim,train
allen_vcnp_v2,mouse_demo,session_demo_02,unit_000,14.15,0.05,1,,0.799556,visual_stim,train
allen_vcnp_v2,mouse_demo,session_demo_02,unit_000,14.2,0.05,0,,0.798224,visual_stim,train
allen_vcnp_v2,mouse_demo,session_demo_02,unit_000,14.25,0.05,1,,0.78892,visual_stim,train
allen_vcnp_v2,mouse_demo,session_demo_02,unit_000,14.3,0.05,0,,0.771725,visual_stim,train
allen_vcnp_v2,mouse_demo,session_demo_02,unit_000,14.35,0.05,0,,0.746793,visual_stim,train
allen_vcnp_v2,mouse_demo,session_demo_02,unit_000,14.4,0.05,0,,0.714344,visual_stim,train
allen_vcnp_v2,mouse_demo,session_demo_02,unit_000,14.45,0.05,1,,0.674668,visual_stim,train
allen_vcnp_v2,mouse_demo,session_demo_02,unit_000,14.5,0.05,0,,0.628115,visual_stim,train
allen_vcnp_v2,mouse_demo,session_demo_02,unit_000,14.55,0.05,0,,0.5751,visual_stim,train
allen_vcnp_v2,mouse_demo,session_demo_02,unit_000,14.6,0.05,0,,0.516092,visual_stim,train
allen_vcnp_v2,mouse_demo,session_demo_02,unit_000,14.65,0.05,0,,0.451616,visual_stim,train
allen_vcnp_v2,mouse_demo,session_demo_02,unit_000,14.7,0.05,1,,0.382244,visual_stim,train
allen_vcnp_v2,mouse_demo,session_demo_02,unit_000,14.75,0.05,2,,0.308591,visual_stim,train
allen_vcnp_v2,mouse_demo,session_demo_02,unit_000,14.8,0.05,0,,0.231312,visual_stim,train
allen_vcnp_v2,mouse_demo,session_demo_02,unit_000,14.85,0.05,1,,0.151092,visual_stim,train
allen_vcnp_v2,mouse_demo,session_demo_02,unit_000,14.9,0.05,1,,0.068643,visual_stim,train
allen_vcnp_v2,mouse_demo,session_demo_02,unit_000,14.95,0.05,1,,-0.015303,visual_stim,train
allen_vcnp_v2,mouse_demo,session_demo_02,unit_000,15.0,0.05,0,,0.2,visual_stim,train
allen_vcnp_v2,mouse_demo,session_demo_02,unit_000,15.05,0.05,1,,0.115303,visual_stim,train
allen_vcnp_v2,mouse_demo,session_demo_02,unit_000,15.1,0.05,0,,0.031357,visual_stim,train
allen_vcnp_v2,mouse_demo,session_demo_02,unit_000,15.15,0.05,1,,-0.051092,visual_stim,train
allen_vcnp_v2,mouse_demo,session_demo_02,unit_000,15.2,0.05,0,,-0.131312,visual_stim,train
allen_vcnp_v2,mouse_demo,session_demo_02,unit_000,15.25,0.05,0,,-0.208591,visual_stim,train
allen_vcnp_v2,mouse_demo,session_demo_02,unit_000,15.3,0.05,0,,-0.282244,visual_stim,train
allen_vcnp_v2,mouse_demo,session_demo_02,unit_000,15.35,0.05,0,,-0.351616,visual_stim,train
allen_vcnp_v2,mouse_demo,session_demo_02,unit_000,15.4,0.05,0,,-0.416092,visual_stim,train
allen_vcnp_v2,mouse_demo,session_demo_02,unit_000,15.45,0.05,0,,-0.4751,visual_stim,train
allen_vcnp_v2,mouse_demo,session_demo_02,unit_000,15.5,0.05,0,,-0.528115,visual_stim,train
allen_vcnp_v2,mouse_demo,session_demo_02,unit_000,15.55,0.05,0,,-0.574668,visual_stim,train
allen_vcnp_v2,mouse_demo,session_demo_02,unit_000,15.6,0.05,0,,-0.614344,visual_stim,train
allen_vcnp_v2,mouse_demo,session_demo_02,unit_000,15.65,0.05,1,,-0.646793,visual_stim,train
allen_vcnp_v2,mouse_demo,session_demo_02,unit_000,15.7,0.05,1,,-0.671725,visual_stim,train
allen_vcnp_v2,mouse_demo,session_demo_02,unit_000,15.75,0.05,1,,-0.68892,visual_stim,train
allen_vcnp_v2,mouse_demo,session_demo_02,unit_000,15.8,0.05,0,,-0.698224,visual_stim,train
allen_vcnp_v2,mouse_demo,session_demo_02,unit_000,15.85,0.05,0,,-0.699556,visual_stim,train
allen_vcnp_v2,mouse_demo,session_demo_02,unit_000,15.9,0.05,0,,-0.692903,visual_stim,train
allen_vcnp_v2,mouse_demo,session_demo_02,unit_000,15.95,0.05,0,,-0.678325,visual_stim,train
allen_vcnp_v2,mouse_demo,session_demo_02,unit_000,16.0,0.05,0,,-0.655951,visual_stim,train
allen_vcnp_v2,mouse_demo,session_demo_02,unit_000,16.05,0.05,1,,-0.625979,visual_stim,train
allen_vcnp_v2,mouse_demo,session_demo_02,unit_000,16.1,0.05,1,,-0.588676,visual_stim,train
allen_vcnp_v2,mouse_demo,session_demo_02,unit_000,16.15,0.05,0,,-0.544373,visual_stim,train
allen_vcnp_v2,mouse_demo,session_demo_02,unit_000,16.2,0.05,0,,-0.493462,visual_stim,train
allen_vcnp_v2,mouse_demo,session_demo_02,unit_000,16.25,0.05,1,,-0.436396,visual_stim,train
allen_vcnp_v2,mouse_demo,session_demo_02,unit_000,16.3,0.05,0,,-0.373682,visual_stim,train
allen_vcnp_v2,mouse_demo,session_demo_02,unit_000,16.35,0.05,0,,-0.305875,visual_stim,train
allen_vcnp_v2,mouse_demo,session_demo_02,unit_000,16.4,0.05,2,,-0.233578,visual_stim,train
allen_vcnp_v2,mouse_demo,session_demo_02,unit_000,16.45,0.05,1,,-0.157433,visual_stim,train
allen_vcnp_v2,mouse_demo,session_demo_02,unit_000,16.5,0.05,0,,-0.078115,visual_stim,train
allen_vcnp_v2,mouse_demo,session_demo_02,unit_000,16.55,0.05,0,,0.003671,visual_stim,train
allen_vcnp_v2,mouse_demo,session_demo_02,unit_000,16.6,0.05,2,,0.0872,visual_stim,train
allen_vcnp_v2,mouse_demo,session_demo_02,unit_000,16.65,0.05,0,,0.17173,visual_stim,train
allen_vcnp_v2,mouse_demo,session_demo_02,unit_000,16.7,0.05,1,,0.256511,visual_stim,train
allen_vcnp_v2,mouse_demo,session_demo_02,unit_000,16.75,0.05,0,,0.340791,visual_stim,train
allen_vcnp_v2,mouse_demo,session_demo_02,unit_000,16.8,0.05,0,,0.423821,visual_stim,train
allen_vcnp_v2,mouse_demo,session_demo_02,unit_000,16.85,0.05,0,,0.504864,visual_stim,train
allen_vcnp_v2,mouse_demo,session_demo_02,unit_000,16.9,0.05,0,,0.583201,visual_stim,train
allen_vcnp_v2,mouse_demo,session_demo_02,unit_000,16.95,0.05,0,,0.658137,visual_stim,train
allen_vcnp_v2,mouse_demo,session_demo_02,unit_000,17.0,0.05,0,,0.729007,visual_stim,train
allen_vcnp_v2,mouse_demo,session_demo_02,unit_000,17.05,0.05,1,,0.795181,visual_stim,train
allen_vcnp_v2,mouse_demo,session_demo_02,unit_000,17.1,0.05,0,,0.856072,visual_stim,train
allen_vcnp_v2,mouse_demo,session_demo_02,unit_000,17.15,0.05,0,,0.91114,visual_stim,train
allen_vcnp_v2,mouse_demo,session_demo_02,unit_000,17.2,0.05,0,,0.959895,visual_stim,train
allen_vcnp_v2,mouse_demo,session_demo_02,unit_000,17.25,0.05,1,,1.001906,visual_stim,train
allen_vcnp_v2,mouse_demo,session_demo_02,unit_000,17.3,0.05,0,,1.036799,visual_stim,train
allen_vcnp_v2,mouse_demo,session_demo_02,unit_000,17.35,0.05,0,,1.064264,visual_stim,train
allen_vcnp_v2,mouse_demo,session_demo_02,unit_000,17.4,0.05,2,,1.084059,visual_stim,train
allen_vcnp_v2,mouse_demo,session_demo_02,unit_000,17.45,0.05,1,,1.096006,visual_stim,train
allen_vcnp_v2,mouse_demo,session_demo_02,unit_000,17.5,0.05,1,,1.1,visual_stim,train
allen_vcnp_v2,mouse_demo,session_demo_02,unit_000,17.55,0.05,0,,1.096006,visual_stim,train
allen_vcnp_v2,mouse_demo,session_demo_02,unit_000,17.6,0.05,0,,1.084059,visual_stim,train
allen_vcnp_v2,mouse_demo,session_demo_02,unit_000,17.65,0.05,0,,1.064264,visual_stim,train
allen_vcnp_v2,mouse_demo,session_demo_02,unit_000,17.7,0.05,1,,1.036799,visual_stim,train
allen_vcnp_v2,mouse_demo,session_demo_02,unit_000,17.75,0.05,0,,1.001906,visual_stim,train
allen_vcnp_v2,mouse_demo,session_demo_02,unit_000,17.8,0.05,0,,0.959895,visual_stim,train
allen_vcnp_v2,mouse_demo,session_demo_02,unit_000,17.85,0.05,2,,0.91114,visual_stim,train
allen_vcnp_v2,mouse_demo,session_demo_02,unit_000,17.9,0.05,0,,0.856072,visual_stim,train
allen_vcnp_v2,mouse_demo,session_demo_02,unit_000,17.95,0.05,0,,0.795181,visual_stim,train
allen_vcnp_v2,mouse_demo,session_demo_02,unit_000,18.0,0.05,0,,0.729007,visual_stim,train
allen_vcnp_v2,mouse_demo,session_demo_02,unit_000,18.05,0.05,0,,0.658137,visual_stim,train
allen_vcnp_v2,mouse_demo,session_demo_02,unit_000,18.1,0.05,1,,0.583201,visual_stim,train
allen_vcnp_v2,mouse_demo,session_demo_02,unit_000,18.15,0.05,0,,0.504864,visual_stim,train
allen_vcnp_v2,mouse_demo,session_demo_02,unit_000,18.2,0.05,0,,0.423821,visual_stim,train
allen_vcnp_v2,mouse_demo,session_demo_02,unit_000,18.25,0.05,1,,0.340791,visual_stim,train
allen_vcnp_v2,mouse_demo,session_demo_02,unit_000,18.3,0.05,2,,0.256511,visual_stim,train
allen_vcnp_v2,mouse_demo,session_demo_02,unit_000,18.35,0.05,0,,0.17173,visual_stim,train
allen_vcnp_v2,mouse_demo,session_demo_02,unit_000,18.4,0.05,0,,0.0872,visual_stim,train
allen_vcnp_v2,mouse_demo,session_demo_02,unit_000,18.45,0.05,0,,0.003671,visual_stim,train
allen_vcnp_v2,mouse_demo,session_demo_02,unit_000,18.5,0.05,1,,-0.078115,visual_stim,train
allen_vcnp_v2,mouse_demo,session_demo_02,unit_000,18.55,0.05,0,,-0.157433,visual_stim,train
allen_vcnp_v2,mouse_demo,session_demo_02,unit_000,18.6,0.05,0,,-0.233578,visual_stim,train
allen_vcnp_v2,mouse_demo,session_demo_02,unit_000,18.65,0.05,0,,-0.305875,visual_stim,train
allen_vcnp_v2,mouse_demo,session_demo_02,unit_000,18.7,0.05,1,,-0.373682,visual_stim,train
allen_vcnp_v2,mouse_demo,session_demo_02,unit_000,18.75,0.05,0,,-0.436396,visual_stim,train
allen_vcnp_v2,mouse_demo,session_demo_02,unit_000,18.8,0.05,0,,-0.493462,visual_stim,train
allen_vcnp_v2,mouse_demo,session_demo_02,unit_000,18.85,0.05,0,,-0.544373,visual_stim,train
allen_vcnp_v2,mouse_demo,session_demo_02,unit_000,18.9,0.05,0,,-0.588676,visual_stim,train
allen_vcnp_v2,mouse_demo,session_demo_02,unit_000,18.95,0.05,0,,-0.625979,visual_stim,train
allen_vcnp_v2,mouse_demo,session_demo_02,unit_000,19.0,0.05,0,,-0.655951,visual_stim,train
allen_vcnp_v2,mouse_demo,session_demo_02,unit_000,19.05,0.05,0,,-0.678325,visual_stim,train
allen_vcnp_v2,mouse_demo,session_demo_02,unit_000,19.1,0.05,0,,-0.692903,visual_stim,train
allen_vcnp_v2,mouse_demo,session_demo_02,unit_000,19.15,0.05,0,,-0.699556,visual_stim,train
allen_vcnp_v2,mouse_demo,session_demo_02,unit_000,19.2,0.05,0,,-0.698224,visual_stim,train
allen_vcnp_v2,mouse_demo,session_demo_02,unit_000,19.25,0.05,3,,-0.68892,visual_stim,train
allen_vcnp_v2,mouse_demo,session_demo_02,unit_000,19.3,0.05,0,,-0.671725,visual_stim,train
allen_vcnp_v2,mouse_demo,session_demo_02,unit_000,19.35,0.05,1,,-0.646793,visual_stim,train
allen_vcnp_v2,mouse_demo,session_demo_02,unit_000,19.4,0.05,0,,-0.614344,visual_stim,train
allen_vcnp_v2,mouse_demo,session_demo_02,unit_000,19.45,0.05,0,,-0.574668,visual_stim,train
allen_vcnp_v2,mouse_demo,session_demo_02,unit_000,19.5,0.05,0,,-0.528115,visual_stim,train
allen_vcnp_v2,mouse_demo,session_demo_02,unit_000,19.55,0.05,0,,-0.4751,visual_stim,train
allen_vcnp_v2,mouse_demo,session_demo_02,unit_000,19.6,0.05,1,,-0.416092,visual_stim,train
allen_vcnp_v2,mouse_demo,session_demo_02,unit_000,19.65,0.05,0,,-0.351616,visual_stim,train
allen_vcnp_v2,mouse_demo,session_demo_02,unit_000,19.7,0.05,1,,-0.282244,visual_stim,train
allen_vcnp_v2,mouse_demo,session_demo_02,unit_000,19.75,0.05,0,,-0.208591,visual_stim,train
allen_vcnp_v2,mouse_demo,session_demo_02,unit_000,19.8,0.05,0,,-0.131312,visual_stim,train
allen_vcnp_v2,mouse_demo,session_demo_02,unit_000,19.85,0.05,0,,-0.051092,visual_stim,train
allen_vcnp_v2,mouse_demo,session_demo_02,unit_000,19.9,0.05,0,,0.031357,visual_stim,train
allen_vcnp_v2,mouse_demo,session_demo_02,unit_000,19.95,0.05,0,,0.115303,visual_stim,train
allen_vcnp_v2,mouse_demo,session_demo_02,unit_000,20.0,0.05,0,,-0.1,visual_stim,train
allen_vcnp_v2,mouse_demo,session_demo_02,unit_000,20.05,0.05,0,,-0.015303,visual_stim,train
allen_vcnp_v2,mouse_demo,session_demo_02,unit_000,20.1,0.05,0,,0.068643,visual_stim,train
allen_vcnp_v2,mouse_demo,session_demo_02,unit_000,20.15,0.05,0,,0.151092,visual_stim,train
allen_vcnp_v2,mouse_demo,session_demo_02,unit_000,20.2,0.05,0,,0.231312,visual_stim,train
allen_vcnp_v2,mouse_demo,session_demo_02,unit_000,20.25,0.05,0,,0.308591,visual_stim,train
allen_vcnp_v2,mouse_demo,session_demo_02,unit_000,20.3,0.05,0,,0.382244,visual_stim,train
allen_vcnp_v2,mouse_demo,session_demo_02,unit_000,20.35,0.05,0,,0.451616,visual_stim,train
allen_vcnp_v2,mouse_demo,session_demo_02,unit_000,20.4,0.05,0,,0.516092,visual_stim,train
allen_vcnp_v2,mouse_demo,session_demo_02,unit_000,20.45,0.05,0,,0.5751,visual_stim,train
allen_vcnp_v2,mouse_demo,session_demo_02,unit_000,20.5,0.05,1,,0.628115,visual_stim,train
allen_vcnp_v2,mouse_demo,session_demo_02,unit_000,20.55,0.05,0,,0.674668,visual_stim,train
allen_vcnp_v2,mouse_demo,session_demo_02,unit_000,20.6,0.05,1,,0.714344,visual_stim,train
allen_vcnp_v2,mouse_demo,session_demo_02,unit_000,20.65,0.05,1,,0.746793,visual_stim,train
allen_vcnp_v2,mouse_demo,session_demo_02,unit_000,20.7,0.05,0,,0.771725,visual_stim,train
allen_vcnp_v2,mouse_demo,session_demo_02,unit_000,20.75,0.05,0,,0.78892,visual_stim,train
allen_vcnp_v2,mouse_demo,session_demo_02,unit_000,20.8,0.05,0,,0.798224,visual_stim,train
allen_vcnp_v2,mouse_demo,session_demo_02,unit_000,20.85,0.05,1,,0.799556,visual_stim,train
allen_vcnp_v2,mouse_demo,session_demo_02,unit_000,20.9,0.05,0,,0.792903,visual_stim,train
allen_vcnp_v2,mouse_demo,session_demo_02,unit_000,20.95,0.05,1,,0.778325,visual_stim,train
allen_vcnp_v2,mouse_demo,session_demo_02,unit_000,21.0,0.05,0,,0.755951,visual_stim,train
allen_vcnp_v2,mouse_demo,session_demo_02,unit_000,21.05,0.05,3,,0.725979,visual_stim,train
allen_vcnp_v2,mouse_demo,session_demo_02,unit_000,21.1,0.05,0,,0.688676,visual_stim,train
allen_vcnp_v2,mouse_demo,session_demo_02,unit_000,21.15,0.05,0,,0.644373,visual_stim,train
allen_vcnp_v2,mouse_demo,session_demo_02,unit_000,21.2,0.05,1,,0.593462,visual_stim,train
allen_vcnp_v2,mouse_demo,session_demo_02,unit_000,21.25,0.05,1,,0.536396,visual_stim,train
allen_vcnp_v2,mouse_demo,session_demo_02,unit_000,21.3,0.05,0,,0.473682,visual_stim,train
allen_vcnp_v2,mouse_demo,session_demo_02,unit_000,21.35,0.05,1,,0.405875,visual_stim,train
allen_vcnp_v2,mouse_demo,session_demo_02,unit_000,21.4,0.05,1,,0.333578,visual_stim,train
allen_vcnp_v2,mouse_demo,session_demo_02,unit_000,21.45,0.05,1,,0.257433,visual_stim,train
allen_vcnp_v2,mouse_demo,session_demo_02,unit_000,21.5,0.05,0,,0.178115,visual_stim,train
allen_vcnp_v2,mouse_demo,session_demo_02,unit_000,21.55,0.05,0,,0.096329,visual_stim,train
allen_vcnp_v2,mouse_demo,session_demo_02,unit_000,21.6,0.05,0,,0.0128,visual_stim,train
allen_vcnp_v2,mouse_demo,session_demo_02,unit_000,21.65,0.05,1,,-0.07173,visual_stim,train
allen_vcnp_v2,mouse_demo,session_demo_02,unit_000,21.7,0.05,1,,-0.156511,visual_stim,train
allen_vcnp_v2,mouse_demo,session_demo_02,unit_000,21.75,0.05,0,,-0.240791,visual_stim,train
allen_vcnp_v2,mouse_demo,session_demo_02,unit_000,21.8,0.05,0,,-0.323821,visual_stim,train
allen_vcnp_v2,mouse_demo,session_demo_02,unit_000,21.85,0.05,0,,-0.404864,visual_stim,train
allen_vcnp_v2,mouse_demo,session_demo_02,unit_000,21.9,0.05,0,,-0.483201,visual_stim,train
allen_vcnp_v2,mouse_demo,session_demo_02,unit_000,21.95,0.05,0,,-0.558137,visual_stim,train
allen_vcnp_v2,mouse_demo,session_demo_02,unit_000,22.0,0.05,0,,-0.629007,visual_stim,train
allen_vcnp_v2,mouse_demo,session_demo_02,unit_000,22.05,0.05,0,,-0.695181,visual_stim,train
allen_vcnp_v2,mouse_demo,session_demo_02,unit_000,22.1,0.05,1,,-0.756072,visual_stim,train
allen_vcnp_v2,mouse_demo,session_demo_02,unit_000,22.15,0.05,0,,-0.81114,visual_stim,train
allen_vcnp_v2,mouse_demo,session_demo_02,unit_000,22.2,0.05,0,,-0.859895,visual_stim,train
allen_vcnp_v2,mouse_demo,session_demo_02,unit_000,22.25,0.05,1,,-0.901906,visual_stim,train
allen_vcnp_v2,mouse_demo,session_demo_02,unit_000,22.3,0.05,1,,-0.936799,visual_stim,train
allen_vcnp_v2,mouse_demo,session_demo_02,unit_000,22.35,0.05,0,,-0.964264,visual_stim,train
allen_vcnp_v2,mouse_demo,session_demo_02,unit_000,22.4,0.05,0,,-0.984059,visual_stim,train
allen_vcnp_v2,mouse_demo,session_demo_02,unit_000,22.45,0.05,1,,-0.996006,visual_stim,train
allen_vcnp_v2,mouse_demo,session_demo_02,unit_000,22.5,0.05,2,,-1.0,visual_stim,train
allen_vcnp_v2,mouse_demo,session_demo_02,unit_000,22.55,0.05,0,,-0.996006,visual_stim,train
allen_vcnp_v2,mouse_demo,session_demo_02,unit_000,22.6,0.05,0,,-0.984059,visual_stim,train
allen_vcnp_v2,mouse_demo,session_demo_02,unit_000,22.65,0.05,0,,-0.964264,visual_stim,train
allen_vcnp_v2,mouse_demo,session_demo_02,unit_000,22.7,0.05,1,,-0.936799,visual_stim,train
allen_vcnp_v2,mouse_demo,session_demo_02,unit_000,22.75,0.05,0,,-0.901906,visual_stim,train
allen_vcnp_v2,mouse_demo,session_demo_02,unit_000,22.8,0.05,0,,-0.859895,visual_stim,train
allen_vcnp_v2,mouse_demo,session_demo_02,unit_000,22.85,0.05,0,,-0.81114,visual_stim,train
allen_vcnp_v2,mouse_demo,session_demo_02,unit_000,22.9,0.05,0,,-0.756072,visual_stim,train
allen_vcnp_v2,mouse_demo,session_demo_02,unit_000,22.95,0.05,1,,-0.695181,visual_stim,train
allen_vcnp_v2,mouse_demo,session_demo_02,unit_000,23.0,0.05,0,,-0.629007,visual_stim,train
allen_vcnp_v2,mouse_demo,session_demo_02,unit_000,23.05,0.05,1,,-0.558137,visual_stim,train
allen_vcnp_v2,mouse_demo,session_demo_02,unit_000,23.1,0.05,0,,-0.483201,visual_stim,train
allen_vcnp_v2,mouse_demo,session_demo_02,unit_000,23.15,0.05,0,,-0.404864,visual_stim,train
allen_vcnp_v2,mouse_demo,session_demo_02,unit_000,23.2,0.05,1,,-0.323821,visual_stim,train
allen_vcnp_v2,mouse_demo,session_demo_02,unit_000,23.25,0.05,0,,-0.240791,visual_stim,train
allen_vcnp_v2,mouse_demo,session_demo_02,unit_000,23.3,0.05,0,,-0.156511,visual_stim,train
allen_vcnp_v2,mouse_demo,session_demo_02,unit_000,23.35,0.05,0,,-0.07173,visual_stim,train
allen_vcnp_v2,mouse_demo,session_demo_02,unit_000,23.4,0.05,0,,0.0128,visual_stim,train
allen_vcnp_v2,mouse_demo,session_demo_02,unit_000,23.45,0.05,0,,0.096329,visual_stim,train
allen_vcnp_v2,mouse_demo,session_demo_02,unit_000,23.5,0.05,1,,0.178115,visual_stim,train
allen_vcnp_v2,mouse_demo,session_demo_02,unit_000,23.55,0.05,0,,0.257433,visual_stim,train
allen_vcnp_v2,mouse_demo,session_demo_02,unit_000,23.6,0.05,0,,0.333578,visual_stim,train
allen_vcnp_v2,mouse_demo,session_demo_02,unit_000,23.65,0.05,1,,0.405875,visual_stim,train
allen_vcnp_v2,mouse_demo,session_demo_02,unit_000,23.7,0.05,0,,0.473682,visual_stim,train
allen_vcnp_v2,mouse_demo,session_demo_02,unit_000,23.75,0.05,0,,0.536396,visual_stim,train
allen_vcnp_v2,mouse_demo,session_demo_02,unit_000,23.8,0.05,0,,0.593462,visual_stim,train
allen_vcnp_v2,mouse_demo,session_demo_02,unit_000,23.85,0.05,0,,0.644373,visual_stim,train
allen_vcnp_v2,mouse_demo,session_demo_02,unit_000,23.9,0.05,0,,0.688676,visual_stim,train
allen_vcnp_v2,mouse_demo,session_demo_02,unit_000,23.95,0.05,0,,0.725979,visual_stim,train
allen_vcnp_v2,mouse_demo,session_demo_02,unit_000,24.0,0.05,0,,0.755951,visual_stim,train
allen_vcnp_v2,mouse_demo,session_demo_02,unit_000,24.05,0.05,1,,0.778325,visual_stim,train
allen_vcnp_v2,mouse_demo,session_demo_02,unit_000,24.1,0.05,0,,0.792903,visual_stim,train
allen_vcnp_v2,mouse_demo,session_demo_02,unit_000,24.15,0.05,1,,0.799556,visual_stim,train
allen_vcnp_v2,mouse_demo,session_demo_02,unit_000,24.2,0.05,0,,0.798224,visual_stim,train
allen_vcnp_v2,mouse_demo,session_demo_02,unit_000,24.25,0.05,1,,0.78892,visual_stim,train
allen_vcnp_v2,mouse_demo,session_demo_02,unit_000,24.3,0.05,1,,0.771725,visual_stim,train
allen_vcnp_v2,mouse_demo,session_demo_02,unit_000,24.35,0.05,1,,0.746793,visual_stim,train
allen_vcnp_v2,mouse_demo,session_demo_02,unit_000,24.4,0.05,0,,0.714344,visual_stim,train
allen_vcnp_v2,mouse_demo,session_demo_02,unit_000,24.45,0.05,0,,0.674668,visual_stim,train
allen_vcnp_v2,mouse_demo,session_demo_02,unit_000,24.5,0.05,0,,0.628115,visual_stim,train
allen_vcnp_v2,mouse_demo,session_demo_02,unit_000,24.55,0.05,2,,0.5751,visual_stim,train
allen_vcnp_v2,mouse_demo,session_demo_02,unit_000,24.6,0.05,1,,0.516092,visual_stim,train
allen_vcnp_v2,mouse_demo,session_demo_02,unit_000,24.65,0.05,0,,0.451616,visual_stim,train
allen_vcnp_v2,mouse_demo,session_demo_02,unit_000,24.7,0.05,0,,0.382244,visual_stim,train
allen_vcnp_v2,mouse_demo,session_demo_02,unit_000,24.75,0.05,0,,0.308591,visual_stim,train
allen_vcnp_v2,mouse_demo,session_demo_02,unit_000,24.8,0.05,0,,0.231312,visual_stim,train
allen_vcnp_v2,mouse_demo,session_demo_02,unit_000,24.85,0.05,0,,0.151092,visual_stim,train
allen_vcnp_v2,mouse_demo,session_demo_02,unit_000,24.9,0.05,0,,0.068643,visual_stim,train
allen_vcnp_v2,mouse_demo,session_demo_02,unit_000,24.95,0.05,0,,-0.015303,visual_stim,train
allen_vcnp_v2,mouse_demo,session_demo_02,unit_000,25.0,0.05,0,,-0.1,visual_stim,train
allen_vcnp_v2,mouse_demo,session_demo_02,unit_000,25.05,0.05,0,,-0.184697,visual_stim,train
allen_vcnp_v2,mouse_demo,session_demo_02,unit_000,25.1,0.05,0,,-0.268643,visual_stim,train
allen_vcnp_v2,mouse_demo,session_demo_02,unit_000,25.15,0.05,0,,-0.351092,visual_stim,train
allen_vcnp_v2,mouse_demo,session_demo_02,unit_000,25.2,0.05,0,,-0.431312,visual_stim,train
allen_vcnp_v2,mouse_demo,session_demo_02,unit_000,25.25,0.05,0,,-0.508591,visual_stim,train
allen_vcnp_v2,mouse_demo,session_demo_02,unit_000,25.3,0.05,0,,-0.582244,visual_stim,train
allen_vcnp_v2,mouse_demo,session_demo_02,unit_000,25.35,0.05,1,,-0.651616,visual_stim,train
allen_vcnp_v2,mouse_demo,session_demo_02,unit_000,25.4,0.05,1,,-0.716092,visual_stim,train
allen_vcnp_v2,mouse_demo,session_demo_02,unit_000,25.45,0.05,0,,-0.7751,visual_stim,train
allen_vcnp_v2,mouse_demo,session_demo_02,unit_000,25.5,0.05,0,,-0.828115,visual_stim,train
allen_vcnp_v2,mouse_demo,session_demo_02,unit_000,25.55,0.05,0,,-0.874668,visual_stim,train
allen_vcnp_v2,mouse_demo,session_demo_02,unit_000,25.6,0.05,0,,-0.914344,visual_stim,train
allen_vcnp_v2,mouse_demo,session_demo_02,unit_000,25.65,0.05,1,,-0.946793,visual_stim,train
allen_vcnp_v2,mouse_demo,session_demo_02,unit_000,25.7,0.05,0,,-0.971725,visual_stim,train
allen_vcnp_v2,mouse_demo,session_demo_02,unit_000,25.75,0.05,0,,-0.98892,visual_stim,train
allen_vcnp_v2,mouse_demo,session_demo_02,unit_000,25.8,0.05,0,,-0.998224,visual_stim,train
allen_vcnp_v2,mouse_demo,session_demo_02,unit_000,25.85,0.05,0,,-0.999556,visual_stim,train
allen_vcnp_v2,mouse_demo,session_demo_02,unit_000,25.9,0.05,1,,-0.992903,visual_stim,train
allen_vcnp_v2,mouse_demo,session_demo_02,unit_000,25.95,0.05,1,,-0.978325,visual_stim,train
allen_vcnp_v2,mouse_demo,session_demo_02,unit_000,26.0,0.05,0,,-0.955951,visual_stim,train
allen_vcnp_v2,mouse_demo,session_demo_02,unit_000,26.05,0.05,0,,-0.925979,visual_stim,train
allen_vcnp_v2,mouse_demo,session_demo_02,unit_000,26.1,0.05,0,,-0.888676,visual_stim,train
allen_vcnp_v2,mouse_demo,session_demo_02,unit_000,26.15,0.05,1,,-0.844373,visual_stim,train
allen_vcnp_v2,mouse_demo,session_demo_02,unit_000,26.2,0.05,0,,-0.793462,visual_stim,train
allen_vcnp_v2,mouse_demo,session_demo_02,unit_000,26.25,0.05,0,,-0.736396,visual_stim,train
allen_vcnp_v2,mouse_demo,session_demo_02,unit_000,26.3,0.05,0,,-0.673682,visual_stim,train
allen_vcnp_v2,mouse_demo,session_demo_02,unit_000,26.35,0.05,0,,-0.605875,visual_stim,train
allen_vcnp_v2,mouse_demo,session_demo_02,unit_000,26.4,0.05,0,,-0.533578,visual_stim,train
allen_vcnp_v2,mouse_demo,session_demo_02,unit_000,26.45,0.05,0,,-0.457433,visual_stim,train
allen_vcnp_v2,mouse_demo,session_demo_02,unit_000,26.5,0.05,1,,-0.378115,visual_stim,train
allen_vcnp_v2,mouse_demo,session_demo_02,unit_000,26.55,0.05,0,,-0.296329,visual_stim,train
allen_vcnp_v2,mouse_demo,session_demo_02,unit_000,26.6,0.05,0,,-0.2128,visual_stim,train
allen_vcnp_v2,mouse_demo,session_demo_02,unit_000,26.65,0.05,1,,-0.12827,visual_stim,train
allen_vcnp_v2,mouse_demo,session_demo_02,unit_000,26.7,0.05,0,,-0.043489,visual_stim,train
allen_vcnp_v2,mouse_demo,session_demo_02,unit_000,26.75,0.05,1,,0.040791,visual_stim,train
allen_vcnp_v2,mouse_demo,session_demo_02,unit_000,26.8,0.05,1,,0.123821,visual_stim,train
allen_vcnp_v2,mouse_demo,session_demo_02,unit_000,26.85,0.05,0,,0.204864,visual_stim,train
allen_vcnp_v2,mouse_demo,session_demo_02,unit_000,26.9,0.05,0,,0.283201,visual_stim,train
allen_vcnp_v2,mouse_demo,session_demo_02,unit_000,26.95,0.05,0,,0.358137,visual_stim,train
allen_vcnp_v2,mouse_demo,session_demo_02,unit_000,27.0,0.05,0,,0.429007,visual_stim,train
allen_vcnp_v2,mouse_demo,session_demo_02,unit_000,27.05,0.05,0,,0.495181,visual_stim,train
allen_vcnp_v2,mouse_demo,session_demo_02,unit_000,27.1,0.05,0,,0.556072,visual_stim,train
allen_vcnp_v2,mouse_demo,session_demo_02,unit_000,27.15,0.05,1,,0.61114,visual_stim,train
allen_vcnp_v2,mouse_demo,session_demo_02,unit_000,27.2,0.05,2,,0.659895,visual_stim,train
allen_vcnp_v2,mouse_demo,session_demo_02,unit_000,27.25,0.05,0,,0.701906,visual_stim,train
allen_vcnp_v2,mouse_demo,session_demo_02,unit_000,27.3,0.05,0,,0.736799,visual_stim,train
allen_vcnp_v2,mouse_demo,session_demo_02,unit_000,27.35,0.05,0,,0.764264,visual_stim,train
allen_vcnp_v2,mouse_demo,session_demo_02,unit_000,27.4,0.05,1,,0.784059,visual_stim,train
allen_vcnp_v2,mouse_demo,session_demo_02,unit_000,27.45,0.05,0,,0.796006,visual_stim,train
allen_vcnp_v2,mouse_demo,session_demo_02,unit_000,27.5,0.05,0,,0.8,visual_stim,train
allen_vcnp_v2,mouse_demo,session_demo_02,unit_000,27.55,0.05,3,,0.796006,visual_stim,train
allen_vcnp_v2,mouse_demo,session_demo_02,unit_000,27.6,0.05,0,,0.784059,visual_stim,train
allen_vcnp_v2,mouse_demo,session_demo_02,unit_000,27.65,0.05,0,,0.764264,visual_stim,train
allen_vcnp_v2,mouse_demo,session_demo_02,unit_000,27.7,0.05,0,,0.736799,visual_stim,train
allen_vcnp_v2,mouse_demo,session_demo_02,unit_000,27.75,0.05,1,,0.701906,visual_stim,train
allen_vcnp_v2,mouse_demo,session_demo_02,unit_000,27.8,0.05,0,,0.659895,visual_stim,train
allen_vcnp_v2,mouse_demo,session_demo_02,unit_000,27.85,0.05,0,,0.61114,visual_stim,train
allen_vcnp_v2,mouse_demo,session_demo_02,unit_000,27.9,0.05,0,,0.556072,visual_stim,train
allen_vcnp_v2,mouse_demo,session_demo_02,unit_000,27.95,0.05,0,,0.495181,visual_stim,train
allen_vcnp_v2,mouse_demo,session_demo_02,unit_000,28.0,0.05,1,,0.429007,visual_stim,train
allen_vcnp_v2,mouse_demo,session_demo_02,unit_000,28.05,0.05,0,,0.358137,visual_stim,train
allen_vcnp_v2,mouse_demo,session_demo_02,unit_000,28.1,0.05,0,,0.283201,visual_stim,train
allen_vcnp_v2,mouse_demo,session_demo_02,unit_000,28.15,0.05,0,,0.204864,visual_stim,train
allen_vcnp_v2,mouse_demo,session_demo_02,unit_000,28.2,0.05,0,,0.123821,visual_stim,train
allen_vcnp_v2,mouse_demo,session_demo_02,unit_000,28.25,0.05,0,,0.040791,visual_stim,train
allen_vcnp_v2,mouse_demo,session_demo_02,unit_000,28.3,0.05,0,,-0.043489,visual_stim,train
allen_vcnp_v2,mouse_demo,session_demo_02,unit_000,28.35,0.05,0,,-0.12827,visual_stim,train
allen_vcnp_v2,mouse_demo,session_demo_02,unit_000,28.4,0.05,0,,-0.2128,visual_stim,train
allen_vcnp_v2,mouse_demo,session_demo_02,unit_000,28.45,0.05,0,,-0.296329,visual_stim,train
allen_vcnp_v2,mouse_demo,session_demo_02,unit_000,28.5,0.05,1,,-0.378115,visual_stim,train
allen_vcnp_v2,mouse_demo,session_demo_02,unit_000,28.55,0.05,1,,-0.457433,visual_stim,train
allen_vcnp_v2,mouse_demo,session_demo_02,unit_000,28.6,0.05,0,,-0.533578,visual_stim,train
allen_vcnp_v2,mouse_demo,session_demo_02,unit_000,28.65,0.05,0,,-0.605875,visual_stim,train
allen_vcnp_v2,mouse_demo,session_demo_02,unit_000,28.7,0.05,0,,-0.673682,visual_stim,train
allen_vcnp_v2,mouse_demo,session_demo_02,unit_000,28.75,0.05,0,,-0.736396,visual_stim,train
allen_vcnp_v2,mouse_demo,session_demo_02,unit_000,28.8,0.05,1,,-0.793462,visual_stim,train
allen_vcnp_v2,mouse_demo,session_demo_02,unit_000,28.85,0.05,0,,-0.844373,visual_stim,train
allen_vcnp_v2,mouse_demo,session_demo_02,unit_000,28.9,0.05,0,,-0.888676,visual_stim,train
allen_vcnp_v2,mouse_demo,session_demo_02,unit_000,28.95,0.05,1,,-0.925979,visual_stim,train
allen_vcnp_v2,mouse_demo,session_demo_02,unit_000,29.0,0.05,1,,-0.955951,visual_stim,train
allen_vcnp_v2,mouse_demo,session_demo_02,unit_000,29.05,0.05,1,,-0.978325,visual_stim,train
allen_vcnp_v2,mouse_demo,session_demo_02,unit_000,29.1,0.05,0,,-0.992903,visual_stim,train
allen_vcnp_v2,mouse_demo,session_demo_02,unit_000,29.15,0.05,0,,-0.999556,visual_stim,train
allen_vcnp_v2,mouse_demo,session_demo_02,unit_000,29.2,0.05,1,,-0.998224,visual_stim,train
allen_vcnp_v2,mouse_demo,session_demo_02,unit_000,29.25,0.05,0,,-0.98892,visual_stim,train
allen_vcnp_v2,mouse_demo,session_demo_02,unit_000,29.3,0.05,0,,-0.971725,visual_stim,train
allen_vcnp_v2,mouse_demo,session_demo_02,unit_000,29.35,0.05,0,,-0.946793,visual_stim,train
allen_vcnp_v2,mouse_demo,session_demo_02,unit_000,29.4,0.05,0,,-0.914344,visual_stim,train
allen_vcnp_v2,mouse_demo,session_demo_02,unit_000,29.45,0.05,0,,-0.874668,visual_stim,train
allen_vcnp_v2,mouse_demo,session_demo_02,unit_000,29.5,0.05,0,,-0.828115,visual_stim,train
allen_vcnp_v2,mouse_demo,session_demo_02,unit_000,29.55,0.05,0,,-0.7751,visual_stim,train
allen_vcnp_v2,mouse_demo,session_demo_02,unit_000,29.6,0.05,0,,-0.716092,visual_stim,train
allen_vcnp_v2,mouse_demo,session_demo_02,unit_000,29.65,0.05,0,,-0.651616,visual_stim,train
allen_vcnp_v2,mouse_demo,session_demo_02,unit_000,29.7,0.05,0,,-0.582244,visual_stim,train
allen_vcnp_v2,mouse_demo,session_demo_02,unit_000,29.75,0.05,2,,-0.508591,visual_stim,train
allen_vcnp_v2,mouse_demo,session_demo_02,unit_000,29.8,0.05,0,,-0.431312,visual_stim,train
allen_vcnp_v2,mouse_demo,session_demo_02,unit_000,29.85,0.05,0,,-0.351092,visual_stim,train
allen_vcnp_v2,mouse_demo,session_demo_02,unit_000,29.9,0.05,0,,-0.268643,visual_stim,train
allen_vcnp_v2,mouse_demo,session_demo_02,unit_000,29.95,0.05,1,,-0.184697,visual_stim,train
allen_vcnp_v2,mouse_demo,session_demo_02,unit_001,0.0,0.05,1,,0.378802,visual_stim,train
allen_vcnp_v2,mouse_demo,session_demo_02,unit_001,0.05,0.05,1,,0.461018,visual_stim,train
allen_vcnp_v2,mouse_demo,session_demo_02,unit_001,0.1,0.05,0,,0.540917,visual_stim,train
allen_vcnp_v2,mouse_demo,session_demo_02,unit_001,0.15,0.05,1,,0.61779,visual_stim,train
allen_vcnp_v2,mouse_demo,session_demo_02,unit_001,0.2,0.05,0,,0.690954,visual_stim,train
allen_vcnp_v2,mouse_demo,session_demo_02,unit_001,0.25,0.05,0,,0.759761,visual_stim,train
allen_vcnp_v2,mouse_demo,session_demo_02,unit_001,0.3,0.05,0,,0.823599,visual_stim,train
allen_vcnp_v2,mouse_demo,session_demo_02,unit_001,0.35,0.05,0,,0.881902,visual_stim,train
allen_vcnp_v2,mouse_demo,session_demo_02,unit_001,0.4,0.05,1,,0.934153,visual_stim,train
allen_vcnp_v2,mouse_demo,session_demo_02,unit_001,0.45,0.05,0,,0.979887,visual_stim,train
allen_vcnp_v2,mouse_demo,session_demo_02,unit_001,0.5,0.05,0,,1.018699,visual_stim,train
allen_vcnp_v2,mouse_demo,session_demo_02,unit_001,0.55,0.05,0,,1.050244,visual_stim,train
allen_vcnp_v2,mouse_demo,session_demo_02,unit_001,0.6,0.05,1,,1.074242,visual_stim,train
allen_vcnp_v2,mouse_demo,session_demo_02,unit_001,0.65,0.05,0,,1.09048,visual_stim,train
allen_vcnp_v2,mouse_demo,session_demo_02,unit_001,0.7,0.05,1,,1.098815,visual_stim,train
allen_vcnp_v2,mouse_demo,session_demo_02,unit_001,0.75,0.05,0,,1.099171,visual_stim,train
allen_vcnp_v2,mouse_demo,session_demo_02,unit_001,0.8,0.05,1,,1.091546,visual_stim,train
allen_vcnp_v2,mouse_demo,session_demo_02,unit_001,0.85,0.05,0,,1.076008,visual_stim,train
allen_vcnp_v2,mouse_demo,session_demo_02,unit_001,0.9,0.05,1,,1.052695,visual_stim,train
allen_vcnp_v2,mouse_demo,session_demo_02,unit_001,0.95,0.05,1,,1.021813,visual_stim,train
allen_vcnp_v2,mouse_demo,session_demo_02,unit_001,1.0,0.05,0,,0.983636,visual_stim,train
allen_vcnp_v2,mouse_demo,session_demo_02,unit_001,1.05,0.05,1,,0.938504,visual_stim,train
allen_vcnp_v2,mouse_demo,session_demo_02,unit_001,1.1,0.05,0,,0.886816,visual_stim,train
allen_vcnp_v2,mouse_demo,session_demo_02,unit_001,1.15,0.05,0,,0.829033,visual_stim,train
allen_vcnp_v2,mouse_demo,session_demo_02,unit_001,1.2,0.05,0,,0.765666,visual_stim,train
allen_vcnp_v2,mouse_demo,session_demo_02,unit_001,1.25,0.05,0,,0.697278,visual_stim,train
allen_vcnp_v2,mouse_demo,session_demo_02,unit_001,1.3,0.05,1,,0.624477,visual_stim,train
allen_vcnp_v2,mouse_demo,session_demo_02,unit_001,1.35,0.05,0,,0.547907,visual_stim,train
allen_vcnp_v2,mouse_demo,session_demo_02,unit_001,1.4,0.05,0,,0.46825,visual_stim,train
allen_vcnp_v2,mouse_demo,session_demo_02,unit_001,1.45,0.05,1,,0.386212,visual_stim,train
allen_vcnp_v2,mouse_demo,session_demo_02,unit_001,1.5,0.05,1,,0.30252,visual_stim,train
allen_vcnp_v2,mouse_demo,session_demo_02,unit_001,1.55,0.05,0,,0.217919,visual_stim,train
allen_vcnp_v2,mouse_demo,session_demo_02,unit_001,1.6,0.05,0,,0.133159,visual_stim,train
allen_vcnp_v2,mouse_demo,session_demo_02,unit_001,1.65,0.05,0,,0.048992,visual_stim,train
allen_vcnp_v2,mouse_demo,session_demo_02,unit_001,1.7,0.05,2,,-0.033835,visual_stim,train
allen_vcnp_v2,mouse_demo,session_demo_02,unit_001,1.75,0.05,1,,-0.114586,visual_stim,train
allen_vcnp_v2,mouse_demo,session_demo_02,unit_001,1.8,0.05,0,,-0.192544,visual_stim,train
allen_vcnp_v2,mouse_demo,session_demo_02,unit_001,1.85,0.05,2,,-0.267019,visual_stim,train
allen_vcnp_v2,mouse_demo,session_demo_02,unit_001,1.9,0.05,0,,-0.337348,visual_stim,train
allen_vcnp_v2,mouse_demo,session_demo_02,unit_001,1.95,0.05,0,,-0.402908,visual_stim,train
allen_vcnp_v2,mouse_demo,session_demo_02,unit_001,2.0,0.05,0,,-0.463116,visual_stim,train
allen_vcnp_v2,mouse_demo,session_demo_02,unit_001,2.05,0.05,0,,-0.517438,visual_stim,train
allen_vcnp_v2,mouse_demo,session_demo_02,unit_001,2.1,0.05,1,,-0.565393,visual_stim,train
allen_vcnp_v2,mouse_demo,session_demo_02,unit_001,2.15,0.05,0,,-0.606553,visual_stim,train
allen_vcnp_v2,mouse_demo,session_demo_02,unit_001,2.2,0.05,0,,-0.640555,visual_stim,train
allen_vcnp_v2,mouse_demo,session_demo_02,unit_001,2.25,0.05,0,,-0.667096,visual_stim,train
allen_vcnp_v2,mouse_demo,session_demo_02,unit_001,2.3,0.05,1,,-0.68594,visual_stim,train
allen_vcnp_v2,mouse_demo,session_demo_02,unit_001,2.35,0.05,0,,-0.696921,visual_stim,train
allen_vcnp_v2,mouse_demo,session_demo_02,unit_001,2.4,0.05,0,,-0.69994,visual_stim,train
allen_vcnp_v2,mouse_demo,session_demo_02,unit_001,2.45,0.05,0,,-0.694972,visual_stim,train
allen_vcnp_v2,mouse_demo,session_demo_02,unit_001,2.5,0.05,0,,-0.68206,visual_stim,train
allen_vcnp_v2,mouse_demo,session_demo_02,unit_001,2.55,0.05,0,,-0.661319,visual_stim,train
allen_vcnp_v2,mouse_demo,session_demo_02,unit_001,2.6,0.05,0,,-0.632932,visual_stim,train
allen_vcnp_v2,mouse_demo,session_demo_02,unit_001,2.65,0.05,0,,-0.597152,visual_stim,train
allen_vcnp_v2,mouse_demo,session_demo_02,unit_001,2.7,0.05,0,,-0.554297,visual_stim,train
allen_vcnp_v2,mouse_demo,session_demo_02,unit_001,2.75,0.05,0,,-0.504747,visual_stim,train
allen_vcnp_v2,mouse_demo,session_demo_02,unit_001,2.8,0.05,0,,-0.448941,visual_stim,train
allen_vcnp_v2,mouse_demo,session_demo_02,unit_001,2.85,0.05,0,,-0.387375,visual_stim,train
allen_vcnp_v2,mouse_demo,session_demo_02,unit_001,2.9,0.05,0,,-0.320595,visual_stim,train
allen_vcnp_v2,mouse_demo,session_demo_02,unit_001,2.95,0.05,0,,-0.249195,visual_stim,train
allen_vcnp_v2,mouse_demo,session_demo_02,unit_001,3.0,0.05,0,,-0.173808,visual_stim,train
allen_vcnp_v2,mouse_demo,session_demo_02,unit_001,3.05,0.05,1,,-0.095102,visual_stim,train
allen_vcnp_v2,mouse_demo,session_demo_02,unit_001,3.1,0.05,0,,-0.013778,visual_stim,train
allen_vcnp_v2,mouse_demo,session_demo_02,unit_001,3.15,0.05,0,,0.069445,visual_stim,train
allen_vcnp_v2,mouse_demo,session_demo_02,unit_001,3.2,0.05,0,,0.153826,visual_stim,train
allen_vcnp_v2,mouse_demo,session_demo_02,unit_001,3.25,0.05,2,,0.238616,visual_stim,train
allen_vcnp_v2,mouse_demo,session_demo_02,unit_001,3.3,0.05,0,,0.323065,visual_stim,train
allen_vcnp_v2,mouse_demo,session_demo_02,unit_001,3.35,0.05,0,,0.40642,visual_stim,train
allen_vcnp_v2,mouse_demo,session_demo_02,unit_001,3.4,0.05,1,,0.487944,visual_stim,train
allen_vcnp_v2,mouse_demo,session_demo_02,unit_001,3.45,0.05,1,,0.566912,visual_stim,train
allen_vcnp_v2,mouse_demo,session_demo_02,unit_001,3.5,0.05,0,,0.642623,visual_stim,train
allen_vcnp_v2,mouse_demo,session_demo_02,unit_001,3.55,0.05,0,,0.714405,visual_stim,train
allen_vcnp_v2,mouse_demo,session_demo_02,unit_001,3.6,0.05,0,,0.781621,visual_stim,train
allen_vcnp_v2,mouse_demo,session_demo_02,unit_001,3.65,0.05,0,,0.843675,visual_stim,train
allen_vcnp_v2,mouse_demo,session_demo_02,unit_001,3.7,0.05,0,,0.900016,visual_stim,train
allen_vcnp_v2,mouse_demo,session_demo_02,unit_001,3.75,0.05,0,,0.950143,visual_stim,train
allen_vcnp_v2,mouse_demo,session_demo_02,unit_001,3.8,0.05,0,,0.993612,visual_stim,train
allen_vcnp_v2,mouse_demo,session_demo_02,unit_001,3.85,0.05,1,,1.030036,visual_stim,train
allen_vcnp_v2,mouse_demo,session_demo_02,unit_001,3.9,0.05,1,,1.059094,visual_stim,train
allen_vcnp_v2,mouse_demo,session_demo_02,unit_001,3.95,0.05,1,,1.080526,visual_stim,train
allen_vcnp_v2,mouse_demo,session_demo_02,unit_001,4.0,0.05,0,,1.094142,visual_stim,train
allen_vcnp_v2,mouse_demo,session_demo_02,unit_001,4.05,0.05,0,,1.099822,visual_stim,train
allen_vcnp_v2,mouse_demo,session_demo_02,unit_001,4.1,0.05,1,,1.097514,visual_stim,train
allen_vcnp_v2,mouse_demo,session_demo_02,unit_001,4.15,0.05,0,,1.087241,visual_stim,train
allen_vcnp_v2,mouse_demo,session_demo_02,unit_001,4.2,0.05,0,,1.069092,visual_stim,train
allen_vcnp_v2,mouse_demo,session_demo_02,unit_001,4.25,0.05,1,,1.043229,visual_stim,train
allen_vcnp_v2,mouse_demo,session_demo_02,unit_001,4.3,0.05,1,,1.009882,visual_stim,train
allen_vcnp_v2,mouse_demo,session_demo_02,unit_001,4.35,0.05,0,,0.969346,visual_stim,train
allen_vcnp_v2,mouse_demo,session_demo_02,unit_001,4.4,0.05,1,,0.921981,visual_stim,train
allen_vcnp_v2,mouse_demo,session_demo_02,unit_001,4.45,0.05,1,,0.868208,visual_stim,train
allen_vcnp_v2,mouse_demo,session_demo_02,unit_001,4.5,0.05,0,,0.808504,visual_stim,train
allen_vcnp_v2,mouse_demo,session_demo_02,unit_001,4.55,0.05,1,,0.743399,visual_stim,train
allen_vcnp_v2,mouse_demo,session_demo_02,unit_001,4.6,0.05,1,,0.67347,visual_stim,train
allen_vcnp_v2,mouse_demo,session_demo_02,unit_001,4.65,0.05,1,,0.599339,visual_stim,train
allen_vcnp_v2,mouse_demo,session_demo_02,unit_001,4.7,0.05,0,,0.521663,visual_stim,train
allen_vcnp_v2,mouse_demo,session_demo_02,unit_001,4.75,0.05,0,,0.441133,visual_stim,train
allen_vcnp_v2,mouse_demo,session_demo_02,unit_001,4.8,0.05,0,,0.358462,visual_stim,train
allen_vcnp_v2,mouse_demo,session_demo_02,unit_001,4.85,0.05,0,,0.274384,visual_stim,train
allen_vcnp_v2,mouse_demo,session_demo_02,unit_001,4.9,0.05,1,,0.189646,visual_stim,train
allen_vcnp_v2,mouse_demo,session_demo_02,unit_001,4.95,0.05,1,,0.105,visual_stim,train
allen_vcnp_v2,mouse_demo,session_demo_02,unit_001,5.0,0.05,0,,-0.278802,visual_stim,train
allen_vcnp_v2,mouse_demo,session_demo_02,unit_001,5.05,0.05,0,,-0.361018,visual_stim,train
allen_vcnp_v2,mouse_demo,session_demo_02,unit_001,5.1,0.05,1,,-0.440917,visual_stim,train
allen_vcnp_v2,mouse_demo,session_demo_02,unit_001,5.15,0.05,1,,-0.51779,visual_stim,train
allen_vcnp_v2,mouse_demo,session_demo_02,unit_001,5.2,0.05,0,,-0.590954,visual_stim,train
allen_vcnp_v2,mouse_demo,session_demo_02,unit_001,5.25,0.05,0,,-0.659761,visual_stim,train
allen_vcnp_v2,mouse_demo,session_demo_02,unit_001,5.3,0.05,1,,-0.723599,visual_stim,train
allen_vcnp_v2,mouse_demo,session_demo_02,unit_001,5.35,0.05,0,,-0.781902,visual_stim,train
allen_vcnp_v2,mouse_demo,session_demo_02,unit_001,5.4,0.05,0,,-0.834153,visual_stim,train
allen_vcnp_v2,mouse_demo,session_demo_02,unit_001,5.45,0.05,0,,-0.879887,visual_stim,train
allen_vcnp_v2,mouse_demo,session_demo_02,unit_001,5.5,0.05,1,,-0.918699,visual_stim,train
allen_vcnp_v2,mouse_demo,session_demo_02,unit_001,5.55,0.05,0,,-0.950244,visual_stim,train
allen_vcnp_v2,mouse_demo,session_demo_02,unit_001,5.6,0.05,0,,-0.974242,visual_stim,train
allen_vcnp_v2,mouse_demo,session_demo_02,unit_001,5.65,0.05,0,,-0.99048,visual_stim,train
allen_vcnp_v2,mouse_demo,session_demo_02,unit_001,5.7,0.05,0,,-0.998815,visual_stim,train
allen_vcnp_v2,mouse_demo,session_demo_02,unit_001,5.75,0.05,0,,-0.999171,visual_stim,train
allen_vcnp_v2,mouse_demo,session_demo_02,unit_001,5.8,0.05,0,,-0.991546,visual_stim,train
allen_vcnp_v2,mouse_demo,session_demo_02,unit_001,5.85,0.05,1,,-0.976008,visual_stim,train
allen_vcnp_v2,mouse_demo,session_demo_02,unit_001,5.9,0.05,1,,-0.952695,visual_stim,train
allen_vcnp_v2,mouse_demo,session_demo_02,unit_001,5.95,0.05,0,,-0.921813,visual_stim,train
allen_vcnp_v2,mouse_demo,session_demo_02,unit_001,6.0,0.05,0,,-0.883636,visual_stim,train
allen_vcnp_v2,mouse_demo,session_demo_02,unit_001,6.05,0.05,0,,-0.838504,visual_stim,train
allen_vcnp_v2,mouse_demo,session_demo_02,unit_001,6.1,0.05,0,,-0.786816,visual_stim,train
allen_vcnp_v2,mouse_demo,session_demo_02,unit_001,6.15,0.05,0,,-0.729033,visual_stim,train
allen_vcnp_v2,mouse_demo,session_demo_02,unit_001,6.2,0.05,0,,-0.665666,visual_stim,train
allen_vcnp_v2,mouse_demo,session_demo_02,unit_001,6.25,0.05,0,,-0.597278,visual_stim,train
allen_vcnp_v2,mouse_demo,session_demo_02,unit_001,6.3,0.05,0,,-0.524477,visual_stim,train
allen_vcnp_v2,mouse_demo,session_demo_02,unit_001,6.35,0.05,1,,-0.447907,visual_stim,train
allen_vcnp_v2,mouse_demo,session_demo_02,unit_001,6.4,0.05,0,,-0.36825,visual_stim,train
allen_vcnp_v2,mouse_demo,session_demo_02,unit_001,6.45,0.05,0,,-0.286212,visual_stim,train
allen_vcnp_v2,mouse_demo,session_demo_02,unit_001,6.5,0.05,0,,-0.20252,visual_stim,train
allen_vcnp_v2,mouse_demo,session_demo_02,unit_001,6.55,0.05,0,,-0.117919,visual_stim,train
allen_vcnp_v2,mouse_demo,session_demo_02,unit_001,6.6,0.05,0,,-0.033159,visual_stim,train
allen_vcnp_v2,mouse_demo,session_demo_02,unit_001,6.65,0.05,0,,0.051008,visual_stim,train
allen_vcnp_v2,mouse_demo,session_demo_02,unit_001,6.7,0.05,1,,0.133835,visual_stim,train
allen_vcnp_v2,mouse_demo,session_demo_02,unit_001,6.75,0.05,0,,0.214586,visual_stim,train
allen_vcnp_v2,mouse_demo,session_demo_02,unit_001,6.8,0.05,0,,0.292544,visual_stim,train
allen_vcnp_v2,mouse_demo,session_demo_02,unit_001,6.85,0.05,0,,0.367019,visual_stim,train
allen_vcnp_v2,mouse_demo,session_demo_02,unit_001,6.9,0.05,0,,0.437348,visual_stim,train
allen_vcnp_v2,mouse_demo,session_demo_02,unit_001,6.95,0.05,2,,0.502908,visual_stim,train
allen_vcnp_v2,mouse_demo,session_demo_02,unit_001,7.0,0.05,1,,0.563116,visual_stim,train
allen_vcnp_v2,mouse_demo,session_demo_02,unit_001,7.05,0.05,2,,0.617438,visual_stim,train
allen_vcnp_v2,mouse_demo,session_demo_02,unit_001,7.1,0.05,1,,0.665393,visual_stim,train
allen_vcnp_v2,mouse_demo,session_demo_02,unit_001,7.15,0.05,1,,0.706553,visual_stim,train
allen_vcnp_v2,mouse_demo,session_demo_02,unit_001,7.2,0.05,0,,0.740555,visual_stim,train
allen_vcnp_v2,mouse_demo,session_demo_02,unit_001,7.25,0.05,0,,0.767096,visual_stim,train
allen_vcnp_v2,mouse_demo,session_demo_02,unit_001,7.3,0.05,0,,0.78594,visual_stim,train
allen_vcnp_v2,mouse_demo,session_demo_02,unit_001,7.35,0.05,1,,0.796921,visual_stim,train
allen_vcnp_v2,mouse_demo,session_demo_02,unit_001,7.4,0.05,0,,0.79994,visual_stim,train
allen_vcnp_v2,mouse_demo,session_demo_02,unit_001,7.45,0.05,2,,0.794972,visual_stim,train
allen_vcnp_v2,mouse_demo,session_demo_02,unit_001,7.5,0.05,1,,0.78206,visual_stim,train
allen_vcnp_v2,mouse_demo,session_demo_02,unit_001,7.55,0.05,0,,0.761319,visual_stim,train
allen_vcnp_v2,mouse_demo,session_demo_02,unit_001,7.6,0.05,0,,0.732932,visual_stim,train
allen_vcnp_v2,mouse_demo,session_demo_02,unit_001,7.65,0.05,1,,0.697152,visual_stim,train
allen_vcnp_v2,mouse_demo,session_demo_02,unit_001,7.7,0.05,0,,0.654297,visual_stim,train
allen_vcnp_v2,mouse_demo,session_demo_02,unit_001,7.75,0.05,1,,0.604747,visual_stim,train
allen_vcnp_v2,mouse_demo,session_demo_02,unit_001,7.8,0.05,2,,0.548941,visual_stim,train
allen_vcnp_v2,mouse_demo,session_demo_02,unit_001,7.85,0.05,0,,0.487375,visual_stim,train
allen_vcnp_v2,mouse_demo,session_demo_02,unit_001,7.9,0.05,0,,0.420595,visual_stim,train
allen_vcnp_v2,mouse_demo,session_demo_02,unit_001,7.95,0.05,1,,0.349195,visual_stim,train
allen_vcnp_v2,mouse_demo,session_demo_02,unit_001,8.0,0.05,0,,0.273808,visual_stim,train
allen_vcnp_v2,mouse_demo,session_demo_02,unit_001,8.05,0.05,1,,0.195102,visual_stim,train
allen_vcnp_v2,mouse_demo,session_demo_02,unit_001,8.1,0.05,0,,0.113778,visual_stim,train
allen_vcnp_v2,mouse_demo,session_demo_02,unit_001,8.15,0.05,0,,0.030555,visual_stim,train
allen_vcnp_v2,mouse_demo,session_demo_02,unit_001,8.2,0.05,0,,-0.053826,visual_stim,train
allen_vcnp_v2,mouse_demo,session_demo_02,unit_001,8.25,0.05,0,,-0.138616,visual_stim,train
allen_vcnp_v2,mouse_demo,session_demo_02,unit_001,8.3,0.05,0,,-0.223065,visual_stim,train
allen_vcnp_v2,mouse_demo,session_demo_02,unit_001,8.35,0.05,0,,-0.30642,visual_stim,train
allen_vcnp_v2,mouse_demo,session_demo_02,unit_001,8.4,0.05,0,,-0.387944,visual_stim,train
allen_vcnp_v2,mouse_demo,session_demo_02,unit_001,8.45,0.05,0,,-0.466912,visual_stim,train
allen_vcnp_v2,mouse_demo,session_demo_02,unit_001,8.5,0.05,0,,-0.542623,visual_stim,train
allen_vcnp_v2,mouse_demo,session_demo_02,unit_001,8.55,0.05,0,,-0.614405,visual_stim,train
allen_vcnp_v2,mouse_demo,session_demo_02,unit_001,8.6,0.05,0,,-0.681621,visual_stim,train
allen_vcnp_v2,mouse_demo,session_demo_02,unit_001,8.65,0.05,1,,-0.743675,visual_stim,train
allen_vcnp_v2,mouse_demo,session_demo_02,unit_001,8.7,0.05,0,,-0.800016,visual_stim,train
allen_vcnp_v2,mouse_demo,session_demo_02,unit_001,8.75,0.05,0,,-0.850143,visual_stim,train
allen_vcnp_v2,mouse_demo,session_demo_02,unit_001,8.8,0.05,0,,-0.893612,visual_stim,train
allen_vcnp_v2,mouse_demo,session_demo_02,unit_001,8.85,0.05,0,,-0.930036,visual_stim,train
allen_vcnp_v2,mouse_demo,session_demo_02,unit_001,8.9,0.05,0,,-0.959094,visual_stim,train
allen_vcnp_v2,mouse_demo,session_demo_02,unit_001,8.95,0.05,0,,-0.980526,visual_stim,train
allen_vcnp_v2,mouse_demo,session_demo_02,unit_001,9.0,0.05,0,,-0.994142,visual_stim,train
allen_vcnp_v2,mouse_demo,session_demo_02,unit_001,9.05,0.05,2,,-0.999822,visual_stim,train
allen_vcnp_v2,mouse_demo,session_demo_02,unit_001,9.1,0.05,0,,-0.997514,visual_stim,train
allen_vcnp_v2,mouse_demo,session_demo_02,unit_001,9.15,0.05,0,,-0.987241,visual_stim,train
allen_vcnp_v2,mouse_demo,session_demo_02,unit_001,9.2,0.05,1,,-0.969092,visual_stim,train
allen_vcnp_v2,mouse_demo,session_demo_02,unit_001,9.25,0.05,0,,-0.943229,visual_stim,train
allen_vcnp_v2,mouse_demo,session_demo_02,unit_001,9.3,0.05,0,,-0.909882,visual_stim,train
allen_vcnp_v2,mouse_demo,session_demo_02,unit_001,9.35,0.05,1,,-0.869346,visual_stim,train
allen_vcnp_v2,mouse_demo,session_demo_02,unit_001,9.4,0.05,0,,-0.821981,visual_stim,train
allen_vcnp_v2,mouse_demo,session_demo_02,unit_001,9.45,0.05,0,,-0.768208,visual_stim,train
allen_vcnp_v2,mouse_demo,session_demo_02,unit_001,9.5,0.05,0,,-0.708504,visual_stim,train
allen_vcnp_v2,mouse_demo,session_demo_02,unit_001,9.55,0.05,0,,-0.643399,visual_stim,train
allen_vcnp_v2,mouse_demo,session_demo_02,unit_001,9.6,0.05,0,,-0.57347,visual_stim,train
allen_vcnp_v2,mouse_demo,session_demo_02,unit_001,9.65,0.05,0,,-0.499339,visual_stim,train
allen_vcnp_v2,mouse_demo,session_demo_02,unit_001,9.7,0.05,1,,-0.421663,visual_stim,train
allen_vcnp_v2,mouse_demo,session_demo_02,unit_001,9.75,0.05,1,,-0.341133,visual_stim,train
allen_vcnp_v2,mouse_demo,session_demo_02,unit_001,9.8,0.05,0,,-0.258462,visual_stim,train
allen_vcnp_v2,mouse_demo,session_demo_02,unit_001,9.85,0.05,1,,-0.174384,visual_stim,train
allen_vcnp_v2,mouse_demo,session_demo_02,unit_001,9.9,0.05,1,,-0.089646,visual_stim,train
allen_vcnp_v2,mouse_demo,session_demo_02,unit_001,9.95,0.05,0,,-0.005,visual_stim,train
allen_vcnp_v2,mouse_demo,session_demo_02,unit_001,10.0,0.05,0,,0.078802,visual_stim,train
allen_vcnp_v2,mouse_demo,session_demo_02,unit_001,10.05,0.05,0,,0.161018,visual_stim,train
allen_vcnp_v2,mouse_demo,session_demo_02,unit_001,10.1,0.05,3,,0.240917,visual_stim,train
allen_vcnp_v2,mouse_demo,session_demo_02,unit_001,10.15,0.05,0,,0.31779,visual_stim,train
allen_vcnp_v2,mouse_demo,session_demo_02,unit_001,10.2,0.05,0,,0.390954,visual_stim,train
allen_vcnp_v2,mouse_demo,session_demo_02,unit_001,10.25,0.05,1,,0.459761,visual_stim,train
allen_vcnp_v2,mouse_demo,session_demo_02,unit_001,10.3,0.05,0,,0.523599,visual_stim,train
allen_vcnp_v2,mouse_demo,session_demo_02,unit_001,10.35,0.05,1,,0.581902,visual_stim,train
allen_vcnp_v2,mouse_demo,session_demo_02,unit_001,10.4,0.05,0,,0.634153,visual_stim,train
allen_vcnp_v2,mouse_demo,session_demo_02,unit_001,10.45,0.05,1,,0.679887,visual_stim,train
allen_vcnp_v2,mouse_demo,session_demo_02,unit_001,10.5,0.05,0,,0.718699,visual_stim,train
allen_vcnp_v2,mouse_demo,session_demo_02,unit_001,10.55,0.05,0,,0.750244,visual_stim,train
allen_vcnp_v2,mouse_demo,session_demo_02,unit_001,10.6,0.05,2,,0.774242,visual_stim,train
allen_vcnp_v2,mouse_demo,session_demo_02,unit_001,10.65,0.05,0,,0.79048,visual_stim,train
allen_vcnp_v2,mouse_demo,session_demo_02,unit_001,10.7,0.05,2,,0.798815,visual_stim,train
allen_vcnp_v2,mouse_demo,session_demo_02,unit_001,10.75,0.05,1,,0.799171,visual_stim,train
allen_vcnp_v2,mouse_demo,session_demo_02,unit_001,10.8,0.05,2,,0.791546,visual_stim,train
allen_vcnp_v2,mouse_demo,session_demo_02,unit_001,10.85,0.05,1,,0.776008,visual_stim,train
allen_vcnp_v2,mouse_demo,session_demo_02,unit_001,10.9,0.05,1,,0.752695,visual_stim,train
allen_vcnp_v2,mouse_demo,session_demo_02,unit_001,10.95,0.05,0,,0.721813,visual_stim,train
allen_vcnp_v2,mouse_demo,session_demo_02,unit_001,11.0,0.05,0,,0.683636,visual_stim,train
allen_vcnp_v2,mouse_demo,session_demo_02,unit_001,11.05,0.05,1,,0.638504,visual_stim,train
allen_vcnp_v2,mouse_demo,session_demo_02,unit_001,11.1,0.05,0,,0.586816,visual_stim,train
allen_vcnp_v2,mouse_demo,session_demo_02,unit_001,11.15,0.05,0,,0.529033,visual_stim,train
allen_vcnp_v2,mouse_demo,session_demo_02,unit_001,11.2,0.05,0,,0.465666,visual_stim,train
allen_vcnp_v2,mouse_demo,session_demo_02,unit_001,11.25,0.05,0,,0.397278,visual_stim,train
allen_vcnp_v2,mouse_demo,session_demo_02,unit_001,11.3,0.05,1,,0.324477,visual_stim,train
allen_vcnp_v2,mouse_demo,session_demo_02,unit_001,11.35,0.05,0,,0.247907,visual_stim,train
allen_vcnp_v2,mouse_demo,session_demo_02,unit_001,11.4,0.05,0,,0.16825,visual_stim,train
allen_vcnp_v2,mouse_demo,session_demo_02,unit_001,11.45,0.05,0,,0.086212,visual_stim,train
allen_vcnp_v2,mouse_demo,session_demo_02,unit_001,11.5,0.05,1,,0.00252,visual_stim,train
allen_vcnp_v2,mouse_demo,session_demo_02,unit_001,11.55,0.05,1,,-0.082081,visual_stim,train
allen_vcnp_v2,mouse_demo,session_demo_02,unit_001,11.6,0.05,1,,-0.166841,visual_stim,train
allen_vcnp_v2,mouse_demo,session_demo_02,unit_001,11.65,0.05,0,,-0.251008,visual_stim,train
allen_vcnp_v2,mouse_demo,session_demo_02,unit_001,11.7,0.05,0,,-0.333835,visual_stim,train
allen_vcnp_v2,mouse_demo,session_demo_02,unit_001,11.75,0.05,0,,-0.414586,visual_stim,train
allen_vcnp_v2,mouse_demo,session_demo_02,unit_001,11.8,0.05,0,,-0.492544,visual_stim,train
allen_vcnp_v2,mouse_demo,session_demo_02,unit_001,11.85,0.05,0,,-0.567019,visual_stim,train
allen_vcnp_v2,mouse_demo,session_demo_02,unit_001,11.9,0.05,0,,-0.637348,visual_stim,train
allen_vcnp_v2,mouse_demo,session_demo_02,unit_001,11.95,0.05,1,,-0.702908,visual_stim,train
allen_vcnp_v2,mouse_demo,session_demo_02,unit_001,12.0,0.05,0,,-0.763116,visual_stim,train
allen_vcnp_v2,mouse_demo,session_demo_02,unit_001,12.05,0.05,0,,-0.817438,visual_stim,train
allen_vcnp_v2,mouse_demo,session_demo_02,unit_001,12.1,0.05,0,,-0.865393,visual_stim,train
allen_vcnp_v2,mouse_demo,session_demo_02,unit_001,12.15,0.05,0,,-0.906553,visual_stim,train
allen_vcnp_v2,mouse_demo,session_demo_02,unit_001,12.2,0.05,1,,-0.940555,visual_stim,train
allen_vcnp_v2,mouse_demo,session_demo_02,unit_001,12.25,0.05,0,,-0.967096,visual_stim,train
allen_vcnp_v2,mouse_demo,session_demo_02,unit_001,12.3,0.05,1,,-0.98594,visual_stim,train
allen_vcnp_v2,mouse_demo,session_demo_02,unit_001,12.35,0.05,0,,-0.996921,visual_stim,train
allen_vcnp_v2,mouse_demo,session_demo_02,unit_001,12.4,0.05,0,,-0.99994,visual_stim,train
allen_vcnp_v2,mouse_demo,session_demo_02,unit_001,12.45,0.05,0,,-0.994972,visual_stim,train
allen_vcnp_v2,mouse_demo,session_demo_02,unit_001,12.5,0.05,0,,-0.98206,visual_stim,train
allen_vcnp_v2,mouse_demo,session_demo_02,unit_001,12.55,0.05,0,,-0.961319,visual_stim,train
allen_vcnp_v2,mouse_demo,session_demo_02,unit_001,12.6,0.05,1,,-0.932932,visual_stim,train
allen_vcnp_v2,mouse_demo,session_demo_02,unit_001,12.65,0.05,0,,-0.897152,visual_stim,train
allen_vcnp_v2,mouse_demo,session_demo_02,unit_001,12.7,0.05,0,,-0.854297,visual_stim,train
allen_vcnp_v2,mouse_demo,session_demo_02,unit_001,12.75,0.05,2,,-0.804747,visual_stim,train
allen_vcnp_v2,mouse_demo,session_demo_02,unit_001,12.8,0.05,1,,-0.748941,visual_stim,train
allen_vcnp_v2,mouse_demo,session_demo_02,unit_001,12.85,0.05,0,,-0.687375,visual_stim,train
allen_vcnp_v2,mouse_demo,session_demo_02,unit_001,12.9,0.05,2,,-0.620595,visual_stim,train
allen_vcnp_v2,mouse_demo,session_demo_02,unit_001,12.95,0.05,0,,-0.549195,visual_stim,train
allen_vcnp_v2,mouse_demo,session_demo_02,unit_001,13.0,0.05,0,,-0.473808,visual_stim,train
allen_vcnp_v2,mouse_demo,session_demo_02,unit_001,13.05,0.05,0,,-0.395102,visual_stim,train
allen_vcnp_v2,mouse_demo,session_demo_02,unit_001,13.1,0.05,0,,-0.313778,visual_stim,train
allen_vcnp_v2,mouse_demo,session_demo_02,unit_001,13.15,0.05,1,,-0.230555,visual_stim,train
allen_vcnp_v2,mouse_demo,session_demo_02,unit_001,13.2,0.05,0,,-0.146174,visual_stim,train
allen_vcnp_v2,mouse_demo,session_demo_02,unit_001,13.25,0.05,0,,-0.061384,visual_stim,train
allen_vcnp_v2,mouse_demo,session_demo_02,unit_001,13.3,0.05,0,,0.023065,visual_stim,train
allen_vcnp_v2,mouse_demo,session_demo_02,unit_001,13.35,0.05,1,,0.10642,visual_stim,train
allen_vcnp_v2,mouse_demo,session_demo_02,unit_001,13.4,0.05,0,,0.187944,visual_stim,train
allen_vcnp_v2,mouse_demo,session_demo_02,unit_001,13.45,0.05,1,,0.266912,visual_stim,train
allen_vcnp_v2,mouse_demo,session_demo_02,unit_001,13.5,0.05,1,,0.342623,visual_stim,train
allen_vcnp_v2,mouse_demo,session_demo_02,unit_001,13.55,0.05,0,,0.414405,visual_stim,train
allen_vcnp_v2,mouse_demo,session_demo_02,unit_001,13.6,0.05,0,,0.481621,visual_stim,train
allen_vcnp_v2,mouse_demo,session_demo_02,unit_001,13.65,0.05,1,,0.543675,visual_stim,train
allen_vcnp_v2,mouse_demo,session_demo_02,unit_001,13.7,0.05,1,,0.600016,visual_stim,train
allen_vcnp_v2,mouse_demo,session_demo_02,unit_001,13.75,0.05,0,,0.650143,visual_stim,train
allen_vcnp_v2,mouse_demo,session_demo_02,unit_001,13.8,0.05,0,,0.693612,visual_stim,train
allen_vcnp_v2,mouse_demo,session_demo_02,unit_001,13.85,0.05,0,,0.730036,visual_stim,train
allen_vcnp_v2,mouse_demo,session_demo_02,unit_001,13.9,0.05,0,,0.759094,visual_stim,train
allen_vcnp_v2,mouse_demo,session_demo_02,unit_001,13.95,0.05,2,,0.780526,visual_stim,train
allen_vcnp_v2,mouse_demo,session_demo_02,unit_001,14.0,0.05,0,,0.794142,visual_stim,train
allen_vcnp_v2,mouse_demo,session_demo_02,unit_001,14.05,0.05,0,,0.799822,visual_stim,train
allen_vcnp_v2,mouse_demo,session_demo_02,unit_001,14.1,0.05,0,,0.797514,visual_stim,train
allen_vcnp_v2,mouse_demo,session_demo_02,unit_001,14.15,0.05,1,,0.787241,visual_stim,train
allen_vcnp_v2,mouse_demo,session_demo_02,unit_001,14.2,0.05,0,,0.769092,visual_stim,train
allen_vcnp_v2,mouse_demo,session_demo_02,unit_001,14.25,0.05,0,,0.743229,visual_stim,train
allen_vcnp_v2,mouse_demo,session_demo_02,unit_001,14.3,0.05,0,,0.709882,visual_stim,train
allen_vcnp_v2,mouse_demo,session_demo_02,unit_001,14.35,0.05,1,,0.669346,visual_stim,train
allen_vcnp_v2,mouse_demo,session_demo_02,unit_001,14.4,0.05,3,,0.621981,visual_stim,train
allen_vcnp_v2,mouse_demo,session_demo_02,unit_001,14.45,0.05,1,,0.568208,visual_stim,train
allen_vcnp_v2,mouse_demo,session_demo_02,unit_001,14.5,0.05,1,,0.508504,visual_stim,train
allen_vcnp_v2,mouse_demo,session_demo_02,unit_001,14.55,0.05,3,,0.443399,visual_stim,train
allen_vcnp_v2,mouse_demo,session_demo_02,unit_001,14.6,0.05,0,,0.37347,visual_stim,train
allen_vcnp_v2,mouse_demo,session_demo_02,unit_001,14.65,0.05,0,,0.299339,visual_stim,train
allen_vcnp_v2,mouse_demo,session_demo_02,unit_001,14.7,0.05,0,,0.221663,visual_stim,train
allen_vcnp_v2,mouse_demo,session_demo_02,unit_001,14.75,0.05,0,,0.141133,visual_stim,train
allen_vcnp_v2,mouse_demo,session_demo_02,unit_001,14.8,0.05,1,,0.058462,visual_stim,train
allen_vcnp_v2,mouse_demo,session_demo_02,unit_001,14.85,0.05,0,,-0.025616,visual_stim,train
allen_vcnp_v2,mouse_demo,session_demo_02,unit_001,14.9,0.05,1,,-0.110354,visual_stim,train
allen_vcnp_v2,mouse_demo,session_demo_02,unit_001,14.95,0.05,0,,-0.195,visual_stim,train
allen_vcnp_v2,mouse_demo,session_demo_02,unit_001,15.0,0.05,0,,0.021198,visual_stim,train
allen_vcnp_v2,mouse_demo,session_demo_02,unit_001,15.05,0.05,0,,-0.061018,visual_stim,train
allen_vcnp_v2,mouse_demo,session_demo_02,unit_001,15.1,0.05,0,,-0.140917,visual_stim,train
allen_vcnp_v2,mouse_demo,session_demo_02,unit_001,15.15,0.05,0,,-0.21779,visual_stim,train
allen_vcnp_v2,mouse_demo,session_demo_02,unit_001,15.2,0.05,0,,-0.290954,visual_stim,train
allen_vcnp_v2,mouse_demo,session_demo_02,unit_001,15.25,0.05,0,,-0.359761,visual_stim,train
allen_vcnp_v2,mouse_demo,session_demo_02,unit_001,15.3,0.05,2,,-0.423599,visual_stim,train
allen_vcnp_v2,mouse_demo,session_demo_02,unit_001,15.35,0.05,0,,-0.481902,visual_stim,train
allen_vcnp_v2,mouse_demo,session_demo_02,unit_001,15.4,0.05,0,,-0.534153,visual_stim,train
allen_vcnp_v2,mouse_demo,session_demo_02,unit_001,15.45,0.05,0,,-0.579887,visual_stim,train
allen_vcnp_v2,mouse_demo,session_demo_02,unit_001,15.5,0.05,0,,-0.618699,visual_stim,train
allen_vcnp_v2,mouse_demo,session_demo_02,unit_001,15.55,0.05,0,,-0.650244,visual_stim,train
allen_vcnp_v2,mouse_demo,session_demo_02,unit_001,15.6,0.05,0,,-0.674242,visual_stim,train
allen_vcnp_v2,mouse_demo,session_demo_02,unit_001,15.65,0.05,1,,-0.69048,visual_stim,train
allen_vcnp_v2,mouse_demo,session_demo_02,unit_001,15.7,0.05,1,,-0.698815,visual_stim,train
allen_vcnp_v2,mouse_demo,session_demo_02,unit_001,15.75,0.05,0,,-0.699171,visual_stim,train
allen_vcnp_v2,mouse_demo,session_demo_02,unit_001,15.8,0.05,1,,-0.691546,visual_stim,train
allen_vcnp_v2,mouse_demo,session_demo_02,unit_001,15.85,0.05,0,,-0.676008,visual_stim,train
allen_vcnp_v2,mouse_demo,session_demo_02,unit_001,15.9,0.05,0,,-0.652695,visual_stim,train
allen_vcnp_v2,mouse_demo,session_demo_02,unit_001,15.95,0.05,1,,-0.621813,visual_stim,train
allen_vcnp_v2,mouse_demo,session_demo_02,unit_001,16.0,0.05,0,,-0.583636,visual_stim,train
allen_vcnp_v2,mouse_demo,session_demo_02,unit_001,16.05,0.05,0,,-0.538504,visual_stim,train
allen_vcnp_v2,mouse_demo,session_demo_02,unit_001,16.1,0.05,0,,-0.486816,visual_stim,train
allen_vcnp_v2,mouse_demo,session_demo_02,unit_001,16.15,0.05,0,,-0.429033,visual_stim,train
allen_vcnp_v2,mouse_demo,session_demo_02,unit_001,16.2,0.05,2,,-0.365666,visual_stim,train
allen_vcnp_v2,mouse_demo,session_demo_02,unit_001,16.25,0.05,0,,-0.297278,visual_stim,train
allen_vcnp_v2,mouse_demo,session_demo_02,unit_001,16.3,0.05,0,,-0.224477,visual_stim,train
allen_vcnp_v2,mouse_demo,session_demo_02,unit_001,16.35,0.05,0,,-0.147907,visual_stim,train
allen_vcnp_v2,mouse_demo,session_demo_02,unit_001,16.4,0.05,0,,-0.06825,visual_stim,train
allen_vcnp_v2,mouse_demo,session_demo_02,unit_001,16.45,0.05,0,,0.013788,visual_stim,train
allen_vcnp_v2,mouse_demo,session_demo_02,unit_001,16.5,0.05,1,,0.09748,visual_stim,train
allen_vcnp_v2,mouse_demo,session_demo_02,unit_001,16.55,0.05,1,,0.182081,visual_stim,train
allen_vcnp_v2,mouse_demo,session_demo_02,unit_001,16.6,0.05,1,,0.266841,visual_stim,train
allen_vcnp_v2,mouse_demo,session_demo_02,unit_001,16.65,0.05,0,,0.351008,visual_stim,train
allen_vcnp_v2,mouse_demo,session_demo_02,unit_001,16.7,0.05,1,,0.433835,visual_stim,train
allen_vcnp_v2,mouse_demo,session_demo_02,unit_001,16.75,0.05,1,,0.514586,visual_stim,train
allen_vcnp_v2,mouse_demo,session_demo_02,unit_001,16.8,0.05,1,,0.592544,visual_stim,train
allen_vcnp_v2,mouse_demo,session_demo_02,unit_001,16.85,0.05,2,,0.667019,visual_stim,train
allen_vcnp_v2,mouse_demo,session_demo_02,unit_001,16.9,0.05,0,,0.737348,visual_stim,train
allen_vcnp_v2,mouse_demo,session_demo_02,unit_001,16.95,0.05,0,,0.802908,visual_stim,train
allen_vcnp_v2,mouse_demo,session_demo_02,unit_001,17.0,0.05,0,,0.863116,visual_stim,train
allen_vcnp_v2,mouse_demo,session_demo_02,unit_001,17.05,0.05,1,,0.917438,visual_stim,train
allen_vcnp_v2,mouse_demo,session_demo_02,unit_001,17.1,0.05,1,,0.965393,visual_stim,train
allen_vcnp_v2,mouse_demo,session_demo_02,unit_001,17.15,0.05,0,,1.006553,visual_stim,train
allen_vcnp_v2,mouse_demo,session_demo_02,unit_001,17.2,0.05,1,,1.040555,visual_stim,train
allen_vcnp_v2,mouse_demo,session_demo_02,unit_001,17.25,0.05,1,,1.067096,visual_stim,train
allen_vcnp_v2,mouse_demo,session_demo_02,unit_001,17.3,0.05,1,,1.08594,visual_stim,train
allen_vcnp_v2,mouse_demo,session_demo_02,unit_001,17.35,0.05,0,,1.096921,visual_stim,train
allen_vcnp_v2,mouse_demo,session_demo_02,unit_001,17.4,0.05,2,,1.09994,visual_stim,train
allen_vcnp_v2,mouse_demo,session_demo_02,unit_001,17.45,0.05,0,,1.094972,visual_stim,train
allen_vcnp_v2,mouse_demo,session_demo_02,unit_001,17.5,0.05,0,,1.08206,visual_stim,train
allen_vcnp_v2,mouse_demo,session_demo_02,unit_001,17.55,0.05,0,,1.061319,visual_stim,train
allen_vcnp_v2,mouse_demo,session_demo_02,unit_001,17.6,0.05,1,,1.032932,visual_stim,train
allen_vcnp_v2,mouse_demo,session_demo_02,unit_001,17.65,0.05,1,,0.997152,visual_stim,train
allen_vcnp_v2,mouse_demo,session_demo_02,unit_001,17.7,0.05,1,,0.954297,visual_stim,train
allen_vcnp_v2,mouse_demo,session_demo_02,unit_001,17.75,0.05,1,,0.904747,visual_stim,train
allen_vcnp_v2,mouse_demo,session_demo_02,unit_001,17.8,0.05,3,,0.848941,visual_stim,train
allen_vcnp_v2,mouse_demo,session_demo_02,unit_001,17.85,0.05,4,,0.787375,visual_stim,train
allen_vcnp_v2,mouse_demo,session_demo_02,unit_001,17.9,0.05,0,,0.720595,visual_stim,train
allen_vcnp_v2,mouse_demo,session_demo_02,unit_001,17.95,0.05,1,,0.649195,visual_stim,train
allen_vcnp_v2,mouse_demo,session_demo_02,unit_001,18.0,0.05,1,,0.573808,visual_stim,train
allen_vcnp_v2,mouse_demo,session_demo_02,unit_001,18.05,0.05,0,,0.495102,visual_stim,train
allen_vcnp_v2,mouse_demo,session_demo_02,unit_001,18.1,0.05,0,,0.413778,visual_stim,train
allen_vcnp_v2,mouse_demo,session_demo_02,unit_001,18.15,0.05,1,,0.330555,visual_stim,train
allen_vcnp_v2,mouse_demo,session_demo_02,unit_001,18.2,0.05,0,,0.246174,visual_stim,train
allen_vcnp_v2,mouse_demo,session_demo_02,unit_001,18.25,0.05,1,,0.161384,visual_stim,train
allen_vcnp_v2,mouse_demo,session_demo_02,unit_001,18.3,0.05,0,,0.076935,visual_stim,train
allen_vcnp_v2,mouse_demo,session_demo_02,unit_001,18.35,0.05,0,,-0.00642,visual_stim,train
allen_vcnp_v2,mouse_demo,session_demo_02,unit_001,18.4,0.05,0,,-0.087944,visual_stim,train
allen_vcnp_v2,mouse_demo,session_demo_02,unit_001,18.45,0.05,0,,-0.166912,visual_stim,train
allen_vcnp_v2,mouse_demo,session_demo_02,unit_001,18.5,0.05,1,,-0.242623,visual_stim,train
allen_vcnp_v2,mouse_demo,session_demo_02,unit_001,18.55,0.05,0,,-0.314405,visual_stim,train
allen_vcnp_v2,mouse_demo,session_demo_02,unit_001,18.6,0.05,0,,-0.381621,visual_stim,train
allen_vcnp_v2,mouse_demo,session_demo_02,unit_001,18.65,0.05,0,,-0.443675,visual_stim,train
allen_vcnp_v2,mouse_demo,session_demo_02,unit_001,18.7,0.05,0,,-0.500016,visual_stim,train
allen_vcnp_v2,mouse_demo,session_demo_02,unit_001,18.75,0.05,0,,-0.550143,visual_stim,train
allen_vcnp_v2,mouse_demo,session_demo_02,unit_001,18.8,0.05,1,,-0.593612,visual_stim,train
allen_vcnp_v2,mouse_demo,session_demo_02,unit_001,18.85,0.05,1,,-0.630036,visual_stim,train
allen_vcnp_v2,mouse_demo,session_demo_02,unit_001,18.9,0.05,0,,-0.659094,visual_stim,train
allen_vcnp_v2,mouse_demo,session_demo_02,unit_001,18.95,0.05,2,,-0.680526,visual_stim,train
allen_vcnp_v2,mouse_demo,session_demo_02,unit_001,19.0,0.05,0,,-0.694142,visual_stim,train
allen_vcnp_v2,mouse_demo,session_demo_02,unit_001,19.05,0.05,0,,-0.699822,visual_stim,train
allen_vcnp_v2,mouse_demo,session_demo_02,unit_001,19.1,0.05,0,,-0.697514,visual_stim,train
allen_vcnp_v2,mouse_demo,session_demo_02,unit_001,19.15,0.05,0,,-0.687241,visual_stim,train
allen_vcnp_v2,mouse_demo,session_demo_02,unit_001,19.2,0.05,0,,-0.669092,visual_stim,train
allen_vcnp_v2,mouse_demo,session_demo_02,unit_001,19.25,0.05,0,,-0.643229,visual_stim,train
allen_vcnp_v2,mouse_demo,session_demo_02,unit_001,19.3,0.05,0,,-0.609882,visual_stim,train
allen_vcnp_v2,mouse_demo,session_demo_02,unit_001,19.35,0.05,0,,-0.569346,visual_stim,train
allen_vcnp_v2,mouse_demo,session_demo_02,unit_001,19.4,0.05,1,,-0.521981,visual_stim,train
allen_vcnp_v2,mouse_demo,session_demo_02,unit_001,19.45,0.05,0,,-0.468208,visual_stim,train
allen_vcnp_v2,mouse_demo,session_demo_02,unit_001,19.5,0.05,1,,-0.408504,visual_stim,train
allen_vcnp_v2,mouse_demo,session_demo_02,unit_001,19.55,0.05,0,,-0.343399,visual_stim,train
allen_vcnp_v2,mouse_demo,session_demo_02,unit_001,19.6,0.05,0,,-0.27347,visual_stim,train
allen_vcnp_v2,mouse_demo,session_demo_02,unit_001,19.65,0.05,0,,-0.199339,visual_stim,train
allen_vcnp_v2,mouse_demo,session_demo_02,unit_001,19.7,0.05,0,,-0.121663,visual_stim,train
allen_vcnp_v2,mouse_demo,session_demo_02,unit_001,19.75,0.05,0,,-0.041133,visual_stim,train
allen_vcnp_v2,mouse_demo,session_demo_02,unit_001,19.8,0.05,0,,0.041538,visual_stim,train
allen_vcnp_v2,mouse_demo,session_demo_02,unit_001,19.85,0.05,0,,0.125616,visual_stim,train
allen_vcnp_v2,mouse_demo,session_demo_02,unit_001,19.9,0.05,0,,0.210354,visual_stim,train
allen_vcnp_v2,mouse_demo,session_demo_02,unit_001,19.95,0.05,1,,0.295,visual_stim,train
allen_vcnp_v2,mouse_demo,session_demo_02,unit_001,20.0,0.05,0,,0.078802,visual_stim,train
allen_vcnp_v2,mouse_demo,session_demo_02,unit_001,20.05,0.05,0,,0.161018,visual_stim,train
allen_vcnp_v2,mouse_demo,session_demo_02,unit_001,20.1,0.05,0,,0.240917,visual_stim,train
allen_vcnp_v2,mouse_demo,session_demo_02,unit_001,20.15,0.05,0,,0.31779,visual_stim,train
allen_vcnp_v2,mouse_demo,session_demo_02,unit_001,20.2,0.05,0,,0.390954,visual_stim,train
allen_vcnp_v2,mouse_demo,session_demo_02,unit_001,20.25,0.05,1,,0.459761,visual_stim,train
allen_vcnp_v2,mouse_demo,session_demo_02,unit_001,20.3,0.05,1,,0.523599,visual_stim,train
allen_vcnp_v2,mouse_demo,session_demo_02,unit_001,20.35,0.05,0,,0.581902,visual_stim,train
allen_vcnp_v2,mouse_demo,session_demo_02,unit_001,20.4,0.05,1,,0.634153,visual_stim,train
allen_vcnp_v2,mouse_demo,session_demo_02,unit_001,20.45,0.05,0,,0.679887,visual_stim,train
allen_vcnp_v2,mouse_demo,session_demo_02,unit_001,20.5,0.05,0,,0.718699,visual_stim,train
allen_vcnp_v2,mouse_demo,session_demo_02,unit_001,20.55,0.05,1,,0.750244,visual_stim,train
allen_vcnp_v2,mouse_demo,session_demo_02,unit_001,20.6,0.05,0,,0.774242,visual_stim,train
allen_vcnp_v2,mouse_demo,session_demo_02,unit_001,20.65,0.05,1,,0.79048,visual_stim,train
allen_vcnp_v2,mouse_demo,session_demo_02,unit_001,20.7,0.05,0,,0.798815,visual_stim,train
allen_vcnp_v2,mouse_demo,session_demo_02,unit_001,20.75,0.05,0,,0.799171,visual_stim,train
allen_vcnp_v2,mouse_demo,session_demo_02,unit_001,20.8,0.05,1,,0.791546,visual_stim,train
allen_vcnp_v2,mouse_demo,session_demo_02,unit_001,20.85,0.05,0,,0.776008,visual_stim,train
allen_vcnp_v2,mouse_demo,session_demo_02,unit_001,20.9,0.05,1,,0.752695,visual_stim,train
allen_vcnp_v2,mouse_demo,session_demo_02,unit_001,20.95,0.05,0,,0.721813,visual_stim,train
allen_vcnp_v2,mouse_demo,session_demo_02,unit_001,21.0,0.05,0,,0.683636,visual_stim,train
allen_vcnp_v2,mouse_demo,session_demo_02,unit_001,21.05,0.05,0,,0.638504,visual_stim,train
allen_vcnp_v2,mouse_demo,session_demo_02,unit_001,21.1,0.05,1,,0.586816,visual_stim,train
allen_vcnp_v2,mouse_demo,session_demo_02,unit_001,21.15,0.05,1,,0.529033,visual_stim,train
allen_vcnp_v2,mouse_demo,session_demo_02,unit_001,21.2,0.05,0,,0.465666,visual_stim,train
allen_vcnp_v2,mouse_demo,session_demo_02,unit_001,21.25,0.05,0,,0.397278,visual_stim,train
allen_vcnp_v2,mouse_demo,session_demo_02,unit_001,21.3,0.05,0,,0.324477,visual_stim,train
allen_vcnp_v2,mouse_demo,session_demo_02,unit_001,21.35,0.05,1,,0.247907,visual_stim,train
allen_vcnp_v2,mouse_demo,session_demo_02,unit_001,21.4,0.05,0,,0.16825,visual_stim,train
allen_vcnp_v2,mouse_demo,session_demo_02,unit_001,21.45,0.05,0,,0.086212,visual_stim,train
allen_vcnp_v2,mouse_demo,session_demo_02,unit_001,21.5,0.05,0,,0.00252,visual_stim,train
allen_vcnp_v2,mouse_demo,session_demo_02,unit_001,21.55,0.05,0,,-0.082081,visual_stim,train
allen_vcnp_v2,mouse_demo,session_demo_02,unit_001,21.6,0.05,0,,-0.166841,visual_stim,train
allen_vcnp_v2,mouse_demo,session_demo_02,unit_001,21.65,0.05,0,,-0.251008,visual_stim,train
allen_vcnp_v2,mouse_demo,session_demo_02,unit_001,21.7,0.05,0,,-0.333835,visual_stim,train
allen_vcnp_v2,mouse_demo,session_demo_02,unit_001,21.75,0.05,0,,-0.414586,visual_stim,train
allen_vcnp_v2,mouse_demo,session_demo_02,unit_001,21.8,0.05,1,,-0.492544,visual_stim,train
allen_vcnp_v2,mouse_demo,session_demo_02,unit_001,21.85,0.05,0,,-0.567019,visual_stim,train
allen_vcnp_v2,mouse_demo,session_demo_02,unit_001,21.9,0.05,0,,-0.637348,visual_stim,train
allen_vcnp_v2,mouse_demo,session_demo_02,unit_001,21.95,0.05,1,,-0.702908,visual_stim,train
allen_vcnp_v2,mouse_demo,session_demo_02,unit_001,22.0,0.05,0,,-0.763116,visual_stim,train
allen_vcnp_v2,mouse_demo,session_demo_02,unit_001,22.05,0.05,0,,-0.817438,visual_stim,train
allen_vcnp_v2,mouse_demo,session_demo_02,unit_001,22.1,0.05,1,,-0.865393,visual_stim,train
allen_vcnp_v2,mouse_demo,session_demo_02,unit_001,22.15,0.05,1,,-0.906553,visual_stim,train
allen_vcnp_v2,mouse_demo,session_demo_02,unit_001,22.2,0.05,1,,-0.940555,visual_stim,train
allen_vcnp_v2,mouse_demo,session_demo_02,unit_001,22.25,0.05,0,,-0.967096,visual_stim,train
allen_vcnp_v2,mouse_demo,session_demo_02,unit_001,22.3,0.05,0,,-0.98594,visual_stim,train
allen_vcnp_v2,mouse_demo,session_demo_02,unit_001,22.35,0.05,0,,-0.996921,visual_stim,train
allen_vcnp_v2,mouse_demo,session_demo_02,unit_001,22.4,0.05,2,,-0.99994,visual_stim,train
allen_vcnp_v2,mouse_demo,session_demo_02,unit_001,22.45,0.05,0,,-0.994972,visual_stim,train
allen_vcnp_v2,mouse_demo,session_demo_02,unit_001,22.5,0.05,0,,-0.98206,visual_stim,train
allen_vcnp_v2,mouse_demo,session_demo_02,unit_001,22.55,0.05,0,,-0.961319,visual_stim,train
allen_vcnp_v2,mouse_demo,session_demo_02,unit_001,22.6,0.05,1,,-0.932932,visual_stim,train
allen_vcnp_v2,mouse_demo,session_demo_02,unit_001,22.65,0.05,0,,-0.897152,visual_stim,train
allen_vcnp_v2,mouse_demo,session_demo_02,unit_001,22.7,0.05,0,,-0.854297,visual_stim,train
allen_vcnp_v2,mouse_demo,session_demo_02,unit_001,22.75,0.05,0,,-0.804747,visual_stim,train
allen_vcnp_v2,mouse_demo,session_demo_02,unit_001,22.8,0.05,0,,-0.748941,visual_stim,train
allen_vcnp_v2,mouse_demo,session_demo_02,unit_001,22.85,0.05,0,,-0.687375,visual_stim,train
allen_vcnp_v2,mouse_demo,session_demo_02,unit_001,22.9,0.05,0,,-0.620595,visual_stim,train
allen_vcnp_v2,mouse_demo,session_demo_02,unit_001,22.95,0.05,1,,-0.549195,visual_stim,train
allen_vcnp_v2,mouse_demo,session_demo_02,unit_001,23.0,0.05,0,,-0.473808,visual_stim,train
allen_vcnp_v2,mouse_demo,session_demo_02,unit_001,23.05,0.05,0,,-0.395102,visual_stim,train
allen_vcnp_v2,mouse_demo,session_demo_02,unit_001,23.1,0.05,0,,-0.313778,visual_stim,train
allen_vcnp_v2,mouse_demo,session_demo_02,unit_001,23.15,0.05,0,,-0.230555,visual_stim,train
allen_vcnp_v2,mouse_demo,session_demo_02,unit_001,23.2,0.05,1,,-0.146174,visual_stim,train
allen_vcnp_v2,mouse_demo,session_demo_02,unit_001,23.25,0.05,0,,-0.061384,visual_stim,train
allen_vcnp_v2,mouse_demo,session_demo_02,unit_001,23.3,0.05,1,,0.023065,visual_stim,train
allen_vcnp_v2,mouse_demo,session_demo_02,unit_001,23.35,0.05,1,,0.10642,visual_stim,train
allen_vcnp_v2,mouse_demo,session_demo_02,unit_001,23.4,0.05,0,,0.187944,visual_stim,train
allen_vcnp_v2,mouse_demo,session_demo_02,unit_001,23.45,0.05,0,,0.266912,visual_stim,train
allen_vcnp_v2,mouse_demo,session_demo_02,unit_001,23.5,0.05,0,,0.342623,visual_stim,train
allen_vcnp_v2,mouse_demo,session_demo_02,unit_001,23.55,0.05,0,,0.414405,visual_stim,train
allen_vcnp_v2,mouse_demo,session_demo_02,unit_001,23.6,0.05,0,,0.481621,visual_stim,train
allen_vcnp_v2,mouse_demo,session_demo_02,unit_001,23.65,0.05,1,,0.543675,visual_stim,train
allen_vcnp_v2,mouse_demo,session_demo_02,unit_001,23.7,0.05,0,,0.600016,visual_stim,train
allen_vcnp_v2,mouse_demo,session_demo_02,unit_001,23.75,0.05,1,,0.650143,visual_stim,train
allen_vcnp_v2,mouse_demo,session_demo_02,unit_001,23.8,0.05,0,,0.693612,visual_stim,train
allen_vcnp_v2,mouse_demo,session_demo_02,unit_001,23.85,0.05,0,,0.730036,visual_stim,train
allen_vcnp_v2,mouse_demo,session_demo_02,unit_001,23.9,0.05,0,,0.759094,visual_stim,train
allen_vcnp_v2,mouse_demo,session_demo_02,unit_001,23.95,0.05,0,,0.780526,visual_stim,train
allen_vcnp_v2,mouse_demo,session_demo_02,unit_001,24.0,0.05,0,,0.794142,visual_stim,train
allen_vcnp_v2,mouse_demo,session_demo_02,unit_001,24.05,0.05,0,,0.799822,visual_stim,train
allen_vcnp_v2,mouse_demo,session_demo_02,unit_001,24.1,0.05,0,,0.797514,visual_stim,train
allen_vcnp_v2,mouse_demo,session_demo_02,unit_001,24.15,0.05,0,,0.787241,visual_stim,train
allen_vcnp_v2,mouse_demo,session_demo_02,unit_001,24.2,0.05,1,,0.769092,visual_stim,train
allen_vcnp_v2,mouse_demo,session_demo_02,unit_001,24.25,0.05,1,,0.743229,visual_stim,train
allen_vcnp_v2,mouse_demo,session_demo_02,unit_001,24.3,0.05,0,,0.709882,visual_stim,train
allen_vcnp_v2,mouse_demo,session_demo_02,unit_001,24.35,0.05,0,,0.669346,visual_stim,train
allen_vcnp_v2,mouse_demo,session_demo_02,unit_001,24.4,0.05,0,,0.621981,visual_stim,train
allen_vcnp_v2,mouse_demo,session_demo_02,unit_001,24.45,0.05,0,,0.568208,visual_stim,train
allen_vcnp_v2,mouse_demo,session_demo_02,unit_001,24.5,0.05,1,,0.508504,visual_stim,train
allen_vcnp_v2,mouse_demo,session_demo_02,unit_001,24.55,0.05,1,,0.443399,visual_stim,train
allen_vcnp_v2,mouse_demo,session_demo_02,unit_001,24.6,0.05,0,,0.37347,visual_stim,train
allen_vcnp_v2,mouse_demo,session_demo_02,unit_001,24.65,0.05,0,,0.299339,visual_stim,train
allen_vcnp_v2,mouse_demo,session_demo_02,unit_001,24.7,0.05,0,,0.221663,visual_stim,train
allen_vcnp_v2,mouse_demo,session_demo_02,unit_001,24.75,0.05,0,,0.141133,visual_stim,train
allen_vcnp_v2,mouse_demo,session_demo_02,unit_001,24.8,0.05,0,,0.058462,visual_stim,train
allen_vcnp_v2,mouse_demo,session_demo_02,unit_001,24.85,0.05,0,,-0.025616,visual_stim,train
allen_vcnp_v2,mouse_demo,session_demo_02,unit_001,24.9,0.05,0,,-0.110354,visual_stim,train
allen_vcnp_v2,mouse_demo,session_demo_02,unit_001,24.95,0.05,0,,-0.195,visual_stim,train
allen_vcnp_v2,mouse_demo,session_demo_02,unit_001,25.0,0.05,0,,-0.278802,visual_stim,train
allen_vcnp_v2,mouse_demo,session_demo_02,unit_001,25.05,0.05,0,,-0.361018,visual_stim,train
allen_vcnp_v2,mouse_demo,session_demo_02,unit_001,25.1,0.05,1,,-0.440917,visual_stim,train
allen_vcnp_v2,mouse_demo,session_demo_02,unit_001,25.15,0.05,0,,-0.51779,visual_stim,train
allen_vcnp_v2,mouse_demo,session_demo_02,unit_001,25.2,0.05,0,,-0.590954,visual_stim,train
allen_vcnp_v2,mouse_demo,session_demo_02,unit_001,25.25,0.05,1,,-0.659761,visual_stim,train
allen_vcnp_v2,mouse_demo,session_demo_02,unit_001,25.3,0.05,1,,-0.723599,visual_stim,train
allen_vcnp_v2,mouse_demo,session_demo_02,unit_001,25.35,0.05,0,,-0.781902,visual_stim,train
allen_vcnp_v2,mouse_demo,session_demo_02,unit_001,25.4,0.05,0,,-0.834153,visual_stim,train
allen_vcnp_v2,mouse_demo,session_demo_02,unit_001,25.45,0.05,0,,-0.879887,visual_stim,train
allen_vcnp_v2,mouse_demo,session_demo_02,unit_001,25.5,0.05,0,,-0.918699,visual_stim,train
allen_vcnp_v2,mouse_demo,session_demo_02,unit_001,25.55,0.05,0,,-0.950244,visual_stim,train
allen_vcnp_v2,mouse_demo,session_demo_02,unit_001,25.6,0.05,0,,-0.974242,visual_stim,train
allen_vcnp_v2,mouse_demo,session_demo_02,unit_001,25.65,0.05,0,,-0.99048,visual_stim,train
allen_vcnp_v2,mouse_demo,session_demo_02,unit_001,25.7,0.05,0,,-0.998815,visual_stim,train
allen_vcnp_v2,mouse_demo,session_demo_02,unit_001,25.75,0.05,0,,-0.999171,visual_stim,train
allen_vcnp_v2,mouse_demo,session_demo_02,unit_001,25.8,0.05,0,,-0.991546,visual_stim,train
allen_vcnp_v2,mouse_demo,session_demo_02,unit_001,25.85,0.05,1,,-0.976008,visual_stim,train
allen_vcnp_v2,mouse_demo,session_demo_02,unit_001,25.9,0.05,1,,-0.952695,visual_stim,train
allen_vcnp_v2,mouse_demo,session_demo_02,unit_001,25.95,0.05,0,,-0.921813,visual_stim,train
allen_vcnp_v2,mouse_demo,session_demo_02,unit_001,26.0,0.05,0,,-0.883636,visual_stim,train
allen_vcnp_v2,mouse_demo,session_demo_02,unit_001,26.05,0.05,1,,-0.838504,visual_stim,train
allen_vcnp_v2,mouse_demo,session_demo_02,unit_001,26.1,0.05,0,,-0.786816,visual_stim,train
allen_vcnp_v2,mouse_demo,session_demo_02,unit_001,26.15,0.05,0,,-0.729033,visual_stim,train
allen_vcnp_v2,mouse_demo,session_demo_02,unit_001,26.2,0.05,0,,-0.665666,visual_stim,train
allen_vcnp_v2,mouse_demo,session_demo_02,unit_001,26.25,0.05,0,,-0.597278,visual_stim,train
allen_vcnp_v2,mouse_demo,session_demo_02,unit_001,26.3,0.05,0,,-0.524477,visual_stim,train
allen_vcnp_v2,mouse_demo,session_demo_02,unit_001,26.35,0.05,0,,-0.447907,visual_stim,train
allen_vcnp_v2,mouse_demo,session_demo_02,unit_001,26.4,0.05,1,,-0.36825,visual_stim,train
allen_vcnp_v2,mouse_demo,session_demo_02,unit_001,26.45,0.05,0,,-0.286212,visual_stim,train
allen_vcnp_v2,mouse_demo,session_demo_02,unit_001,26.5,0.05,2,,-0.20252,visual_stim,train
allen_vcnp_v2,mouse_demo,session_demo_02,unit_001,26.55,0.05,1,,-0.117919,visual_stim,train
allen_vcnp_v2,mouse_demo,session_demo_02,unit_001,26.6,0.05,1,,-0.033159,visual_stim,train
allen_vcnp_v2,mouse_demo,session_demo_02,unit_001,26.65,0.05,0,,0.051008,visual_stim,train
allen_vcnp_v2,mouse_demo,session_demo_02,unit_001,26.7,0.05,1,,0.133835,visual_stim,train
allen_vcnp_v2,mouse_demo,session_demo_02,unit_001,26.75,0.05,0,,0.214586,visual_stim,train
allen_vcnp_v2,mouse_demo,session_demo_02,unit_001,26.8,0.05,0,,0.292544,visual_stim,train
allen_vcnp_v2,mouse_demo,session_demo_02,unit_001,26.85,0.05,1,,0.367019,visual_stim,train
allen_vcnp_v2,mouse_demo,session_demo_02,unit_001,26.9,0.05,1,,0.437348,visual_stim,train
allen_vcnp_v2,mouse_demo,session_demo_02,unit_001,26.95,0.05,2,,0.502908,visual_stim,train
allen_vcnp_v2,mouse_demo,session_demo_02,unit_001,27.0,0.05,0,,0.563116,visual_stim,train
allen_vcnp_v2,mouse_demo,session_demo_02,unit_001,27.05,0.05,1,,0.617438,visual_stim,train
allen_vcnp_v2,mouse_demo,session_demo_02,unit_001,27.1,0.05,0,,0.665393,visual_stim,train
allen_vcnp_v2,mouse_demo,session_demo_02,unit_001,27.15,0.05,1,,0.706553,visual_stim,train
allen_vcnp_v2,mouse_demo,session_demo_02,unit_001,27.2,0.05,1,,0.740555,visual_stim,train
allen_vcnp_v2,mouse_demo,session_demo_02,unit_001,27.25,0.05,0,,0.767096,visual_stim,train
allen_vcnp_v2,mouse_demo,session_demo_02,unit_001,27.3,0.05,1,,0.78594,visual_stim,train
allen_vcnp_v2,mouse_demo,session_demo_02,unit_001,27.35,0.05,0,,0.796921,visual_stim,train
allen_vcnp_v2,mouse_demo,session_demo_02,unit_001,27.4,0.05,0,,0.79994,visual_stim,train
allen_vcnp_v2,mouse_demo,session_demo_02,unit_001,27.45,0.05,1,,0.794972,visual_stim,train
allen_vcnp_v2,mouse_demo,session_demo_02,unit_001,27.5,0.05,0,,0.78206,visual_stim,train
allen_vcnp_v2,mouse_demo,session_demo_02,unit_001,27.55,0.05,1,,0.761319,visual_stim,train
allen_vcnp_v2,mouse_demo,session_demo_02,unit_001,27.6,0.05,0,,0.732932,visual_stim,train
allen_vcnp_v2,mouse_demo,session_demo_02,unit_001,27.65,0.05,0,,0.697152,visual_stim,train
allen_vcnp_v2,mouse_demo,session_demo_02,unit_001,27.7,0.05,0,,0.654297,visual_stim,train
allen_vcnp_v2,mouse_demo,session_demo_02,unit_001,27.75,0.05,0,,0.604747,visual_stim,train
allen_vcnp_v2,mouse_demo,session_demo_02,unit_001,27.8,0.05,0,,0.548941,visual_stim,train
allen_vcnp_v2,mouse_demo,session_demo_02,unit_001,27.85,0.05,0,,0.487375,visual_stim,train
allen_vcnp_v2,mouse_demo,session_demo_02,unit_001,27.9,0.05,0,,0.420595,visual_stim,train
allen_vcnp_v2,mouse_demo,session_demo_02,unit_001,27.95,0.05,0,,0.349195,visual_stim,train
allen_vcnp_v2,mouse_demo,session_demo_02,unit_001,28.0,0.05,1,,0.273808,visual_stim,train
allen_vcnp_v2,mouse_demo,session_demo_02,unit_001,28.05,0.05,0,,0.195102,visual_stim,train
allen_vcnp_v2,mouse_demo,session_demo_02,unit_001,28.1,0.05,0,,0.113778,visual_stim,train
allen_vcnp_v2,mouse_demo,session_demo_02,unit_001,28.15,0.05,0,,0.030555,visual_stim,train
allen_vcnp_v2,mouse_demo,session_demo_02,unit_001,28.2,0.05,0,,-0.053826,visual_stim,train
allen_vcnp_v2,mouse_demo,session_demo_02,unit_001,28.25,0.05,0,,-0.138616,visual_stim,train
allen_vcnp_v2,mouse_demo,session_demo_02,unit_001,28.3,0.05,0,,-0.223065,visual_stim,train
allen_vcnp_v2,mouse_demo,session_demo_02,unit_001,28.35,0.05,1,,-0.30642,visual_stim,train
allen_vcnp_v2,mouse_demo,session_demo_02,unit_001,28.4,0.05,0,,-0.387944,visual_stim,train
allen_vcnp_v2,mouse_demo,session_demo_02,unit_001,28.45,0.05,1,,-0.466912,visual_stim,train
allen_vcnp_v2,mouse_demo,session_demo_02,unit_001,28.5,0.05,1,,-0.542623,visual_stim,train
allen_vcnp_v2,mouse_demo,session_demo_02,unit_001,28.55,0.05,0,,-0.614405,visual_stim,train
allen_vcnp_v2,mouse_demo,session_demo_02,unit_001,28.6,0.05,1,,-0.681621,visual_stim,train
allen_vcnp_v2,mouse_demo,session_demo_02,unit_001,28.65,0.05,0,,-0.743675,visual_stim,train
allen_vcnp_v2,mouse_demo,session_demo_02,unit_001,28.7,0.05,0,,-0.800016,visual_stim,train
allen_vcnp_v2,mouse_demo,session_demo_02,unit_001,28.75,0.05,1,,-0.850143,visual_stim,train
allen_vcnp_v2,mouse_demo,session_demo_02,unit_001,28.8,0.05,0,,-0.893612,visual_stim,train
allen_vcnp_v2,mouse_demo,session_demo_02,unit_001,28.85,0.05,0,,-0.930036,visual_stim,train
allen_vcnp_v2,mouse_demo,session_demo_02,unit_001,28.9,0.05,1,,-0.959094,visual_stim,train
allen_vcnp_v2,mouse_demo,session_demo_02,unit_001,28.95,0.05,0,,-0.980526,visual_stim,train
allen_vcnp_v2,mouse_demo,session_demo_02,unit_001,29.0,0.05,0,,-0.994142,visual_stim,train
allen_vcnp_v2,mouse_demo,session_demo_02,unit_001,29.05,0.05,0,,-0.999822,visual_stim,train
allen_vcnp_v2,mouse_demo,session_demo_02,unit_001,29.1,0.05,0,,-0.997514,visual_stim,train
allen_vcnp_v2,mouse_demo,session_demo_02,unit_001,29.15,0.05,0,,-0.987241,visual_stim,train
allen_vcnp_v2,mouse_demo,session_demo_02,unit_001,29.2,0.05,0,,-0.969092,visual_stim,train
allen_vcnp_v2,mouse_demo,session_demo_02,unit_001,29.25,0.05,1,,-0.943229,visual_stim,train
allen_vcnp_v2,mouse_demo,session_demo_02,unit_001,29.3,0.05,1,,-0.909882,visual_stim,train
allen_vcnp_v2,mouse_demo,session_demo_02,unit_001,29.35,0.05,0,,-0.869346,visual_stim,train
allen_vcnp_v2,mouse_demo,session_demo_02,unit_001,29.4,0.05,0,,-0.821981,visual_stim,train
allen_vcnp_v2,mouse_demo,session_demo_02,unit_001,29.45,0.05,0,,-0.768208,visual_stim,train
allen_vcnp_v2,mouse_demo,session_demo_02,unit_001,29.5,0.05,0,,-0.708504,visual_stim,train
allen_vcnp_v2,mouse_demo,session_demo_02,unit_001,29.55,0.05,0,,-0.643399,visual_stim,train
allen_vcnp_v2,mouse_demo,session_demo_02,unit_001,29.6,0.05,0,,-0.57347,visual_stim,train
allen_vcnp_v2,mouse_demo,session_demo_02,unit_001,29.65,0.05,0,,-0.499339,visual_stim,train
allen_vcnp_v2,mouse_demo,session_demo_02,unit_001,29.7,0.05,0,,-0.421663,visual_stim,train
allen_vcnp_v2,mouse_demo,session_demo_02,unit_001,29.75,0.05,2,,-0.341133,visual_stim,train
allen_vcnp_v2,mouse_demo,session_demo_02,unit_001,29.8,0.05,0,,-0.258462,visual_stim,train
allen_vcnp_v2,mouse_demo,session_demo_02,unit_001,29.85,0.05,1,,-0.174384,visual_stim,train
allen_vcnp_v2,mouse_demo,session_demo_02,unit_001,29.9,0.05,1,,-0.089646,visual_stim,train
allen_vcnp_v2,mouse_demo,session_demo_02,unit_001,29.95,0.05,1,,-0.005,visual_stim,train
allen_vcnp_v2,mouse_demo,session_demo_02,unit_002,0.0,0.05,0,,0.550477,visual_stim,valid
allen_vcnp_v2,mouse_demo,session_demo_02,unit_002,0.05,0.05,1,,0.626933,visual_stim,valid
allen_vcnp_v2,mouse_demo,session_demo_02,unit_002,0.1,0.05,0,,0.699599,visual_stim,valid
allen_vcnp_v2,mouse_demo,session_demo_02,unit_002,0.15,0.05,2,,0.767831,visual_stim,valid
allen_vcnp_v2,mouse_demo,session_demo_02,unit_002,0.2,0.05,1,,0.831023,visual_stim,valid
allen_vcnp_v2,mouse_demo,session_demo_02,unit_002,0.25,0.05,0,,0.888615,visual_stim,valid
allen_vcnp_v2,mouse_demo,session_demo_02,unit_002,0.3,0.05,0,,0.940093,visual_stim,valid
allen_vcnp_v2,mouse_demo,session_demo_02,unit_002,0.35,0.05,1,,0.985003,visual_stim,valid
allen_vcnp_v2,mouse_demo,session_demo_02,unit_002,0.4,0.05,1,,1.022945,visual_stim,valid
allen_vcnp_v2,mouse_demo,session_demo_02,unit_002,0.45,0.05,0,,1.053583,visual_stim,valid
allen_vcnp_v2,mouse_demo,session_demo_02,unit_002,0.5,0.05,0,,1.076644,visual_stim,valid
allen_vcnp_v2,mouse_demo,session_demo_02,unit_002,0.55,0.05,0,,1.091923,visual_stim,valid
allen_vcnp_v2,mouse_demo,session_demo_02,unit_002,0.6,0.05,0,,1.099286,visual_stim,valid
allen_vcnp_v2,mouse_demo,session_demo_02,unit_002,0.65,0.05,0,,1.098667,visual_stim,valid
allen_vcnp_v2,mouse_demo,session_demo_02,unit_002,0.7,0.05,0,,1.090072,visual_stim,valid
allen_vcnp_v2,mouse_demo,session_demo_02,unit_002,0.75,0.05,0,,1.073576,visual_stim,valid
allen_vcnp_v2,mouse_demo,session_demo_02,unit_002,0.8,0.05,0,,1.049326,visual_stim,valid
allen_vcnp_v2,mouse_demo,session_demo_02,unit_002,0.85,0.05,1,,1.017537,visual_stim,valid
allen_vcnp_v2,mouse_demo,session_demo_02,unit_002,0.9,0.05,1,,0.978492,visual_stim,valid
allen_vcnp_v2,mouse_demo,session_demo_02,unit_002,0.95,0.05,0,,0.932537,visual_stim,valid
allen_vcnp_v2,mouse_demo,session_demo_02,unit_002,1.0,0.05,1,,0.88008,visual_stim,valid
allen_vcnp_v2,mouse_demo,session_demo_02,unit_002,1.05,0.05,1,,0.821586,visual_stim,valid
allen_vcnp_v2,mouse_demo,session_demo_02,unit_002,1.1,0.05,1,,0.757575,visual_stim,valid
allen_vcnp_v2,mouse_demo,session_demo_02,unit_002,1.15,0.05,1,,0.688615,visual_stim,valid
allen_vcnp_v2,mouse_demo,session_demo_02,unit_002,1.2,0.05,0,,0.615319,visual_stim,valid
allen_vcnp_v2,mouse_demo,session_demo_02,unit_002,1.25,0.05,0,,0.538335,visual_stim,valid
allen_vcnp_v2,mouse_demo,session_demo_02,unit_002,1.3,0.05,0,,0.458349,visual_stim,valid
allen_vcnp_v2,mouse_demo,session_demo_02,unit_002,1.35,0.05,1,,0.376069,visual_stim,valid
allen_vcnp_v2,mouse_demo,session_demo_02,unit_002,1.4,0.05,0,,0.292227,visual_stim,valid
allen_vcnp_v2,mouse_demo,session_demo_02,unit_002,1.45,0.05,0,,0.207566,visual_stim,valid
allen_vcnp_v2,mouse_demo,session_demo_02,unit_002,1.5,0.05,0,,0.122838,visual_stim,valid
allen_vcnp_v2,mouse_demo,session_demo_02,unit_002,1.55,0.05,0,,0.038795,visual_stim,valid
allen_vcnp_v2,mouse_demo,session_demo_02,unit_002,1.6,0.05,1,,-0.043817,visual_stim,valid
allen_vcnp_v2,mouse_demo,session_demo_02,unit_002,1.65,0.05,0,,-0.124265,visual_stim,valid
allen_vcnp_v2,mouse_demo,session_demo_02,unit_002,1.7,0.05,0,,-0.201835,visual_stim,valid
allen_vcnp_v2,mouse_demo,session_demo_02,unit_002,1.75,0.05,0,,-0.275839,visual_stim,valid
allen_vcnp_v2,mouse_demo,session_demo_02,unit_002,1.8,0.05,0,,-0.345618,visual_stim,valid
allen_vcnp_v2,mouse_demo,session_demo_02,unit_002,1.85,0.05,3,,-0.410555,visual_stim,valid
allen_vcnp_v2,mouse_demo,session_demo_02,unit_002,1.9,0.05,1,,-0.470072,visual_stim,valid
allen_vcnp_v2,mouse_demo,session_demo_02,unit_002,1.95,0.05,3,,-0.523642,visual_stim,valid
allen_vcnp_v2,mouse_demo,session_demo_02,unit_002,2.0,0.05,1,,-0.570789,visual_stim,valid
allen_vcnp_v2,mouse_demo,session_demo_02,unit_002,2.05,0.05,0,,-0.611094,visual_stim,valid
allen_vcnp_v2,mouse_demo,session_demo_02,unit_002,2.1,0.05,1,,-0.6442,visual_stim,valid
allen_vcnp_v2,mouse_demo,session_demo_02,unit_002,2.15,0.05,0,,-0.669812,visual_stim,valid
allen_vcnp_v2,mouse_demo,session_demo_02,unit_002,2.2,0.05,0,,-0.687704,visual_stim,valid
allen_vcnp_v2,mouse_demo,session_demo_02,unit_002,2.25,0.05,0,,-0.697717,visual_stim,valid
allen_vcnp_v2,mouse_demo,session_demo_02,unit_002,2.3,0.05,1,,-0.699762,visual_stim,valid
allen_vcnp_v2,mouse_demo,session_demo_02,unit_002,2.35,0.05,1,,-0.69382,visual_stim,valid
allen_vcnp_v2,mouse_demo,session_demo_02,unit_002,2.4,0.05,0,,-0.679945,visual_stim,valid
allen_vcnp_v2,mouse_demo,session_demo_02,unit_002,2.45,0.05,0,,-0.658259,visual_stim,valid
allen_vcnp_v2,mouse_demo,session_demo_02,unit_002,2.5,0.05,0,,-0.628955,visual_stim,valid
allen_vcnp_v2,mouse_demo,session_demo_02,unit_002,2.55,0.05,1,,-0.592293,visual_stim,valid
allen_vcnp_v2,mouse_demo,session_demo_02,unit_002,2.6,0.05,0,,-0.548599,visual_stim,valid
allen_vcnp_v2,mouse_demo,session_demo_02,unit_002,2.65,0.05,0,,-0.49826,visual_stim,valid
allen_vcnp_v2,mouse_demo,session_demo_02,unit_002,2.7,0.05,1,,-0.441724,visual_stim,valid
allen_vcnp_v2,mouse_demo,session_demo_02,unit_002,2.75,0.05,0,,-0.379491,visual_stim,valid
allen_vcnp_v2,mouse_demo,session_demo_02,unit_002,2.8,0.05,0,,-0.312115,visual_stim,valid
allen_vcnp_v2,mouse_demo,session_demo_02,unit_002,2.85,0.05,0,,-0.240193,visual_stim,valid
allen_vcnp_v2,mouse_demo,session_demo_02,unit_002,2.9,0.05,0,,-0.164364,visual_stim,valid
allen_vcnp_v2,mouse_demo,session_demo_02,unit_002,2.95,0.05,0,,-0.085301,visual_stim,valid
allen_vcnp_v2,mouse_demo,session_demo_02,unit_002,3.0,0.05,0,,-0.003706,visual_stim,valid
allen_vcnp_v2,mouse_demo,session_demo_02,unit_002,3.05,0.05,0,,0.079697,visual_stim,valid
allen_vcnp_v2,mouse_demo,session_demo_02,unit_002,3.1,0.05,0,,0.164169,visual_stim,valid
allen_vcnp_v2,mouse_demo,session_demo_02,unit_002,3.15,0.05,0,,0.248958,visual_stim,valid
allen_vcnp_v2,mouse_demo,session_demo_02,unit_002,3.2,0.05,0,,0.333313,visual_stim,valid
allen_vcnp_v2,mouse_demo,session_demo_02,unit_002,3.25,0.05,0,,0.416484,visual_stim,valid
allen_vcnp_v2,mouse_demo,session_demo_02,unit_002,3.3,0.05,0,,0.497734,visual_stim,valid
allen_vcnp_v2,mouse_demo,session_demo_02,unit_002,3.35,0.05,0,,0.576342,visual_stim,valid
allen_vcnp_v2,mouse_demo,session_demo_02,unit_002,3.4,0.05,0,,0.651608,visual_stim,valid
allen_vcnp_v2,mouse_demo,session_demo_02,unit_002,3.45,0.05,0,,0.722867,visual_stim,valid
allen_vcnp_v2,mouse_demo,session_demo_02,unit_002,3.5,0.05,1,,0.789484,visual_stim,valid
allen_vcnp_v2,mouse_demo,session_demo_02,unit_002,3.55,0.05,0,,0.850869,visual_stim,valid
allen_vcnp_v2,mouse_demo,session_demo_02,unit_002,3.6,0.05,1,,0.906477,visual_stim,valid
allen_vcnp_v2,mouse_demo,session_demo_02,unit_002,3.65,0.05,1,,0.955814,visual_stim,valid
allen_vcnp_v2,mouse_demo,session_demo_02,unit_002,3.7,0.05,0,,0.998443,visual_stim,valid
allen_vcnp_v2,mouse_demo,session_demo_02,unit_002,3.75,0.05,0,,1.033984,visual_stim,valid
allen_vcnp_v2,mouse_demo,session_demo_02,unit_002,3.8,0.05,2,,1.062123,visual_stim,valid
allen_vcnp_v2,mouse_demo,session_demo_02,unit_002,3.85,0.05,0,,1.08261,visual_stim,valid
allen_vcnp_v2,mouse_demo,session_demo_02,unit_002,3.9,0.05,0,,1.095262,visual_stim,valid
allen_vcnp_v2,mouse_demo,session_demo_02,unit_002,3.95,0.05,2,,1.099968,visual_stim,valid
allen_vcnp_v2,mouse_demo,session_demo_02,unit_002,4.0,0.05,0,,1.096686,visual_stim,valid
allen_vcnp_v2,mouse_demo,session_demo_02,unit_002,4.05,0.05,0,,1.085445,visual_stim,valid
allen_vcnp_v2,mouse_demo,session_demo_02,unit_002,4.1,0.05,0,,1.066345,visual_stim,valid
allen_vcnp_v2,mouse_demo,session_demo_02,unit_002,4.15,0.05,1,,1.039555,visual_stim,valid
allen_vcnp_v2,mouse_demo,session_demo_02,unit_002,4.2,0.05,0,,1.005313,visual_stim,valid
allen_vcnp_v2,mouse_demo,session_demo_02,unit_002,4.25,0.05,0,,0.963922,visual_stim,valid
allen_vcnp_v2,mouse_demo,session_demo_02,unit_002,4.3,0.05,0,,0.915752,visual_stim,valid
allen_vcnp_v2,mouse_demo,session_demo_02,unit_002,4.35,0.05,0,,0.861228,visual_stim,valid
allen_vcnp_v2,mouse_demo,session_demo_02,unit_002,4.4,0.05,0,,0.800835,visual_stim,valid
allen_vcnp_v2,mouse_demo,session_demo_02,unit_002,4.45,0.05,0,,0.735109,visual_stim,valid
allen_vcnp_v2,mouse_demo,session_demo_02,unit_002,4.5,0.05,0,,0.664634,visual_stim,valid
allen_vcnp_v2,mouse_demo,session_demo_02,unit_002,4.55,0.05,0,,0.590034,visual_stim,valid
allen_vcnp_v2,mouse_demo,session_demo_02,unit_002,4.6,0.05,1,,0.511972,visual_stim,valid
allen_vcnp_v2,mouse_demo,session_demo_02,unit_002,4.65,0.05,0,,0.431142,visual_stim,valid
allen_vcnp_v2,mouse_demo,session_demo_02,unit_002,4.7,0.05,1,,0.348259,visual_stim,valid
allen_vcnp_v2,mouse_demo,session_demo_02,unit_002,4.75,0.05,0,,0.264061,visual_stim,valid
allen_vcnp_v2,mouse_demo,session_demo_02,unit_002,4.8,0.05,2,,0.179294,visual_stim,valid
allen_vcnp_v2,mouse_demo,session_demo_02,unit_002,4.85,0.05,0,,0.094711,visual_stim,valid
allen_vcnp_v2,mouse_demo,session_demo_02,unit_002,4.9,0.05,1,,0.011062,visual_stim,valid
allen_vcnp_v2,mouse_demo,session_demo_02,unit_002,4.95,0.05,0,,-0.07091,visual_stim,valid
allen_vcnp_v2,mouse_demo,session_demo_02,unit_002,5.0,0.05,0,,-0.450477,visual_stim,valid
allen_vcnp_v2,mouse_demo,session_demo_02,unit_002,5.05,0.05,0,,-0.526933,visual_stim,valid
allen_vcnp_v2,mouse_demo,session_demo_02,unit_002,5.1,0.05,0,,-0.599599,visual_stim,valid
allen_vcnp_v2,mouse_demo,session_demo_02,unit_002,5.15,0.05,0,,-0.667831,visual_stim,valid
allen_vcnp_v2,mouse_demo,session_demo_02,unit_002,5.2,0.05,1,,-0.731023,visual_stim,valid
allen_vcnp_v2,mouse_demo,session_demo_02,unit_002,5.25,0.05,0,,-0.788615,visual_stim,valid
allen_vcnp_v2,mouse_demo,session_demo_02,unit_002,5.3,0.05,0,,-0.840093,visual_stim,valid
allen_vcnp_v2,mouse_demo,session_demo_02,unit_002,5.35,0.05,1,,-0.885003,visual_stim,valid
allen_vcnp_v2,mouse_demo,session_demo_02,unit_002,5.4,0.05,0,,-0.922945,visual_stim,valid
allen_vcnp_v2,mouse_demo,session_demo_02,unit_002,5.45,0.05,0,,-0.953583,visual_stim,valid
allen_vcnp_v2,mouse_demo,session_demo_02,unit_002,5.5,0.05,0,,-0.976644,visual_stim,valid
allen_vcnp_v2,mouse_demo,session_demo_02,unit_002,5.55,0.05,0,,-0.991923,visual_stim,valid
allen_vcnp_v2,mouse_demo,session_demo_02,unit_002,5.6,0.05,0,,-0.999286,visual_stim,valid
allen_vcnp_v2,mouse_demo,session_demo_02,unit_002,5.65,0.05,0,,-0.998667,visual_stim,valid
allen_vcnp_v2,mouse_demo,session_demo_02,unit_002,5.7,0.05,0,,-0.990072,visual_stim,valid
allen_vcnp_v2,mouse_demo,session_demo_02,unit_002,5.75,0.05,0,,-0.973576,visual_stim,valid
allen_vcnp_v2,mouse_demo,session_demo_02,unit_002,5.8,0.05,1,,-0.949326,visual_stim,valid
allen_vcnp_v2,mouse_demo,session_demo_02,unit_002,5.85,0.05,1,,-0.917537,visual_stim,valid
allen_vcnp_v2,mouse_demo,session_demo_02,unit_002,5.9,0.05,1,,-0.878492,visual_stim,valid
allen_vcnp_v2,mouse_demo,session_demo_02,unit_002,5.95,0.05,1,,-0.832537,visual_stim,valid
allen_vcnp_v2,mouse_demo,session_demo_02,unit_002,6.0,0.05,0,,-0.78008,visual_stim,valid
allen_vcnp_v2,mouse_demo,session_demo_02,unit_002,6.05,0.05,2,,-0.721586,visual_stim,valid
allen_vcnp_v2,mouse_demo,session_demo_02,unit_002,6.1,0.05,0,,-0.657575,visual_stim,valid
allen_vcnp_v2,mouse_demo,session_demo_02,unit_002,6.15,0.05,0,,-0.588615,visual_stim,valid
allen_vcnp_v2,mouse_demo,session_demo_02,unit_002,6.2,0.05,0,,-0.515319,visual_stim,valid
allen_vcnp_v2,mouse_demo,session_demo_02,unit_002,6.25,0.05,1,,-0.438335,visual_stim,valid
allen_vcnp_v2,mouse_demo,session_demo_02,unit_002,6.3,0.05,0,,-0.358349,visual_stim,valid
allen_vcnp_v2,mouse_demo,session_demo_02,unit_002,6.35,0.05,0,,-0.276069,visual_stim,valid
allen_vcnp_v2,mouse_demo,session_demo_02,unit_002,6.4,0.05,0,,-0.192227,visual_stim,valid
allen_vcnp_v2,mouse_demo,session_demo_02,unit_002,6.45,0.05,1,,-0.107566,visual_stim,valid
allen_vcnp_v2,mouse_demo,session_demo_02,unit_002,6.5,0.05,0,,-0.022838,visual_stim,valid
allen_vcnp_v2,mouse_demo,session_demo_02,unit_002,6.55,0.05,0,,0.061205,visual_stim,valid
allen_vcnp_v2,mouse_demo,session_demo_02,unit_002,6.6,0.05,1,,0.143817,visual_stim,valid
allen_vcnp_v2,mouse_demo,session_demo_02,unit_002,6.65,0.05,0,,0.224265,visual_stim,valid
allen_vcnp_v2,mouse_demo,session_demo_02,unit_002,6.7,0.05,0,,0.301835,visual_stim,valid
allen_vcnp_v2,mouse_demo,session_demo_02,unit_002,6.75,0.05,1,,0.375839,visual_stim,valid
allen_vcnp_v2,mouse_demo,session_demo_02,unit_002,6.8,0.05,2,,0.445618,visual_stim,valid
allen_vcnp_v2,mouse_demo,session_demo_02,unit_002,6.85,0.05,0,,0.510555,visual_stim,valid
allen_vcnp_v2,mouse_demo,session_demo_02,unit_002,6.9,0.05,0,,0.570072,visual_stim,valid
allen_vcnp_v2,mouse_demo,session_demo_02,unit_002,6.95,0.05,0,,0.623642,visual_stim,valid
allen_vcnp_v2,mouse_demo,session_demo_02,unit_002,7.0,0.05,0,,0.670789,visual_stim,valid
allen_vcnp_v2,mouse_demo,session_demo_02,unit_002,7.05,0.05,0,,0.711094,visual_stim,valid
allen_vcnp_v2,mouse_demo,session_demo_02,unit_002,7.1,0.05,1,,0.7442,visual_stim,valid
allen_vcnp_v2,mouse_demo,session_demo_02,unit_002,7.15,0.05,0,,0.769812,visual_stim,valid
allen_vcnp_v2,mouse_demo,session_demo_02,unit_002,7.2,0.05,3,,0.787704,visual_stim,valid
allen_vcnp_v2,mouse_demo,session_demo_02,unit_002,7.25,0.05,0,,0.797717,visual_stim,valid
allen_vcnp_v2,mouse_demo,session_demo_02,unit_002,7.3,0.05,1,,0.799762,visual_stim,valid
allen_vcnp_v2,mouse_demo,session_demo_02,unit_002,7.35,0.05,1,,0.79382,visual_stim,valid
allen_vcnp_v2,mouse_demo,session_demo_02,unit_002,7.4,0.05,1,,0.779945,visual_stim,valid
allen_vcnp_v2,mouse_demo,session_demo_02,unit_002,7.45,0.05,0,,0.758259,visual_stim,valid
allen_vcnp_v2,mouse_demo,session_demo_02,unit_002,7.5,0.05,0,,0.728955,visual_stim,valid
allen_vcnp_v2,mouse_demo,session_demo_02,unit_002,7.55,0.05,0,,0.692293,visual_stim,valid
allen_vcnp_v2,mouse_demo,session_demo_02,unit_002,7.6,0.05,0,,0.648599,visual_stim,valid
allen_vcnp_v2,mouse_demo,session_demo_02,unit_002,7.65,0.05,1,,0.59826,visual_stim,valid
allen_vcnp_v2,mouse_demo,session_demo_02,unit_002,7.7,0.05,0,,0.541724,visual_stim,valid
allen_vcnp_v2,mouse_demo,session_demo_02,unit_002,7.75,0.05,1,,0.479491,visual_stim,valid
allen_vcnp_v2,mouse_demo,session_demo_02,unit_002,7.8,0.05,0,,0.412115,visual_stim,valid
allen_vcnp_v2,mouse_demo,session_demo_02,unit_002,7.85,0.05,0,,0.340193,visual_stim,valid
allen_vcnp_v2,mouse_demo,session_demo_02,unit_002,7.9,0.05,0,,0.264364,visual_stim,valid
allen_vcnp_v2,mouse_demo,session_demo_02,unit_002,7.95,0.05,0,,0.185301,visual_stim,valid
allen_vcnp_v2,mouse_demo,session_demo_02,unit_002,8.0,0.05,0,,0.103706,visual_stim,valid
allen_vcnp_v2,mouse_demo,session_demo_02,unit_002,8.05,0.05,0,,0.020303,visual_stim,valid
allen_vcnp_v2,mouse_demo,session_demo_02,unit_002,8.1,0.05,0,,-0.064169,visual_stim,valid
allen_vcnp_v2,mouse_demo,session_demo_02,unit_002,8.15,0.05,0,,-0.148958,visual_stim,valid
allen_vcnp_v2,mouse_demo,session_demo_02,unit_002,8.2,0.05,0,,-0.233313,visual_stim,valid
allen_vcnp_v2,mouse_demo,session_demo_02,unit_002,8.25,0.05,0,,-0.316484,visual_stim,valid
allen_vcnp_v2,mouse_demo,session_demo_02,unit_002,8.3,0.05,0,,-0.397734,visual_stim,valid
allen_vcnp_v2,mouse_demo,session_demo_02,unit_002,8.35,0.05,1,,-0.476342,visual_stim,valid
allen_vcnp_v2,mouse_demo,session_demo_02,unit_002,8.4,0.05,0,,-0.551608,visual_stim,valid
allen_vcnp_v2,mouse_demo,session_demo_02,unit_002,8.45,0.05,1,,-0.622867,visual_stim,valid
allen_vcnp_v2,mouse_demo,session_demo_02,unit_002,8.5,0.05,1,,-0.689484,visual_stim,valid
allen_vcnp_v2,mouse_demo,session_demo_02,unit_002,8.55,0.05,1,,-0.750869,visual_stim,valid
allen_vcnp_v2,mouse_demo,session_demo_02,unit_002,8.6,0.05,0,,-0.806477,visual_stim,valid
allen_vcnp_v2,mouse_demo,session_demo_02,unit_002,8.65,0.05,0,,-0.855814,visual_stim,valid
allen_vcnp_v2,mouse_demo,session_demo_02,unit_002,8.7,0.05,0,,-0.898443,visual_stim,valid
allen_vcnp_v2,mouse_demo,session_demo_02,unit_002,8.75,0.05,0,,-0.933984,visual_stim,valid
allen_vcnp_v2,mouse_demo,session_demo_02,unit_002,8.8,0.05,1,,-0.962123,visual_stim,valid
allen_vcnp_v2,mouse_demo,session_demo_02,unit_002,8.85,0.05,0,,-0.98261,visual_stim,valid
allen_vcnp_v2,mouse_demo,session_demo_02,unit_002,8.9,0.05,0,,-0.995262,visual_stim,valid
allen_vcnp_v2,mouse_demo,session_demo_02,unit_002,8.95,0.05,1,,-0.999968,visual_stim,valid
allen_vcnp_v2,mouse_demo,session_demo_02,unit_002,9.0,0.05,0,,-0.996686,visual_stim,valid
allen_vcnp_v2,mouse_demo,session_demo_02,unit_002,9.05,0.05,1,,-0.985445,visual_stim,valid
allen_vcnp_v2,mouse_demo,session_demo_02,unit_002,9.1,0.05,1,,-0.966345,visual_stim,valid
allen_vcnp_v2,mouse_demo,session_demo_02,unit_002,9.15,0.05,0,,-0.939555,visual_stim,valid
allen_vcnp_v2,mouse_demo,session_demo_02,unit_002,9.2,0.05,1,,-0.905313,visual_stim,valid
allen_vcnp_v2,mouse_demo,session_demo_02,unit_002,9.25,0.05,0,,-0.863922,visual_stim,valid
allen_vcnp_v2,mouse_demo,session_demo_02,unit_002,9.3,0.05,0,,-0.815752,visual_stim,valid
allen_vcnp_v2,mouse_demo,session_demo_02,unit_002,9.35,0.05,0,,-0.761228,visual_stim,valid
allen_vcnp_v2,mouse_demo,session_demo_02,unit_002,9.4,0.05,1,,-0.700835,visual_stim,valid
allen_vcnp_v2,mouse_demo,session_demo_02,unit_002,9.45,0.05,0,,-0.635109,visual_stim,valid
allen_vcnp_v2,mouse_demo,session_demo_02,unit_002,9.5,0.05,0,,-0.564634,visual_stim,valid
allen_vcnp_v2,mouse_demo,session_demo_02,unit_002,9.55,0.05,0,,-0.490034,visual_stim,valid
allen_vcnp_v2,mouse_demo,session_demo_02,unit_002,9.6,0.05,0,,-0.411972,visual_stim,valid
allen_vcnp_v2,mouse_demo,session_demo_02,unit_002,9.65,0.05,0,,-0.331142,visual_stim,valid
allen_vcnp_v2,mouse_demo,session_demo_02,unit_002,9.7,0.05,0,,-0.248259,visual_stim,valid
allen_vcnp_v2,mouse_demo,session_demo_02,unit_002,9.75,0.05,0,,-0.164061,visual_stim,valid
allen_vcnp_v2,mouse_demo,session_demo_02,unit_002,9.8,0.05,0,,-0.079294,visual_stim,valid
allen_vcnp_v2,mouse_demo,session_demo_02,unit_002,9.85,0.05,0,,0.005289,visual_stim,valid
allen_vcnp_v2,mouse_demo,session_demo_02,unit_002,9.9,0.05,0,,0.088938,visual_stim,valid
allen_vcnp_v2,mouse_demo,session_demo_02,unit_002,9.95,0.05,1,,0.17091,visual_stim,valid
allen_vcnp_v2,mouse_demo,session_demo_02,unit_002,10.0,0.05,0,,0.250477,visual_stim,valid
allen_vcnp_v2,mouse_demo,session_demo_02,unit_002,10.05,0.05,0,,0.326933,visual_stim,valid
allen_vcnp_v2,mouse_demo,session_demo_02,unit_002,10.1,0.05,1,,0.399599,visual_stim,valid
allen_vcnp_v2,mouse_demo,session_demo_02,unit_002,10.15,0.05,0,,0.467831,visual_stim,valid
allen_vcnp_v2,mouse_demo,session_demo_02,unit_002,10.2,0.05,1,,0.531023,visual_stim,valid
allen_vcnp_v2,mouse_demo,session_demo_02,unit_002,10.25,0.05,1,,0.588615,visual_stim,valid
allen_vcnp_v2,mouse_demo,session_demo_02,unit_002,10.3,0.05,3,,0.640093,visual_stim,valid
allen_vcnp_v2,mouse_demo,session_demo_02,unit_002,10.35,0.05,0,,0.685003,visual_stim,valid
allen_vcnp_v2,mouse_demo,session_demo_02,unit_002,10.4,0.05,1,,0.722945,visual_stim,valid
allen_vcnp_v2,mouse_demo,session_demo_02,unit_002,10.45,0.05,0,,0.753583,visual_stim,valid
allen_vcnp_v2,mouse_demo,session_demo_02,unit_002,10.5,0.05,0,,0.776644,visual_stim,valid
allen_vcnp_v2,mouse_demo,session_demo_02,unit_002,10.55,0.05,1,,0.791923,visual_stim,valid
allen_vcnp_v2,mouse_demo,session_demo_02,unit_002,10.6,0.05,2,,0.799286,visual_stim,valid
allen_vcnp_v2,mouse_demo,session_demo_02,unit_002,10.65,0.05,0,,0.798667,visual_stim,valid
allen_vcnp_v2,mouse_demo,session_demo_02,unit_002,10.7,0.05,1,,0.790072,visual_stim,valid
allen_vcnp_v2,mouse_demo,session_demo_02,unit_002,10.75,0.05,2,,0.773576,visual_stim,valid
allen_vcnp_v2,mouse_demo,session_demo_02,unit_002,10.8,0.05,1,,0.749326,visual_stim,valid
allen_vcnp_v2,mouse_demo,session_demo_02,unit_002,10.85,0.05,3,,0.717537,visual_stim,valid
allen_vcnp_v2,mouse_demo,session_demo_02,unit_002,10.9,0.05,1,,0.678492,visual_stim,valid
allen_vcnp_v2,mouse_demo,session_demo_02,unit_002,10.95,0.05,0,,0.632537,visual_stim,valid
allen_vcnp_v2,mouse_demo,session_demo_02,unit_002,11.0,0.05,0,,0.58008,visual_stim,valid
allen_vcnp_v2,mouse_demo,session_demo_02,unit_002,11.05,0.05,0,,0.521586,visual_stim,valid
allen_vcnp_v2,mouse_demo,session_demo_02,unit_002,11.1,0.05,0,,0.457575,visual_stim,valid
allen_vcnp_v2,mouse_demo,session_demo_02,unit_002,11.15,0.05,0,,0.388615,visual_stim,valid
allen_vcnp_v2,mouse_demo,session_demo_02,unit_002,11.2,0.05,0,,0.315319,visual_stim,valid
allen_vcnp_v2,mouse_demo,session_demo_02,unit_002,11.25,0.05,1,,0.238335,visual_stim,valid
allen_vcnp_v2,mouse_demo,session_demo_02,unit_002,11.3,0.05,1,,0.158349,visual_stim,valid
allen_vcnp_v2,mouse_demo,session_demo_02,unit_002,11.35,0.05,0,,0.076069,visual_stim,valid
allen_vcnp_v2,mouse_demo,session_demo_02,unit_002,11.4,0.05,1,,-0.007773,visual_stim,valid
allen_vcnp_v2,mouse_demo,session_demo_02,unit_002,11.45,0.05,0,,-0.092434,visual_stim,valid
allen_vcnp_v2,mouse_demo,session_demo_02,unit_002,11.5,0.05,0,,-0.177162,visual_stim,valid
allen_vcnp_v2,mouse_demo,session_demo_02,unit_002,11.55,0.05,1,,-0.261205,visual_stim,valid
allen_vcnp_v2,mouse_demo,session_demo_02,unit_002,11.6,0.05,0,,-0.343817,visual_stim,valid
allen_vcnp_v2,mouse_demo,session_demo_02,unit_002,11.65,0.05,0,,-0.424265,visual_stim,valid
allen_vcnp_v2,mouse_demo,session_demo_02,unit_002,11.7,0.05,2,,-0.501835,visual_stim,valid
allen_vcnp_v2,mouse_demo,session_demo_02,unit_002,11.75,0.05,2,,-0.575839,visual_stim,valid
allen_vcnp_v2,mouse_demo,session_demo_02,unit_002,11.8,0.05,1,,-0.645618,visual_stim,valid
allen_vcnp_v2,mouse_demo,session_demo_02,unit_002,11.85,0.05,0,,-0.710555,visual_stim,valid
allen_vcnp_v2,mouse_demo,session_demo_02,unit_002,11.9,0.05,2,,-0.770072,visual_stim,valid
allen_vcnp_v2,mouse_demo,session_demo_02,unit_002,11.95,0.05,0,,-0.823642,visual_stim,valid
allen_vcnp_v2,mouse_demo,session_demo_02,unit_002,12.0,0.05,0,,-0.870789,visual_stim,valid
allen_vcnp_v2,mouse_demo,session_demo_02,unit_002,12.05,0.05,0,,-0.911094,visual_stim,valid
allen_vcnp_v2,mouse_demo,session_demo_02,unit_002,12.1,0.05,1,,-0.9442,visual_stim,valid
allen_vcnp_v2,mouse_demo,session_demo_02,unit_002,12.15,0.05,0,,-0.969812,visual_stim,valid
allen_vcnp_v2,mouse_demo,session_demo_02,unit_002,12.2,0.05,0,,-0.987704,visual_stim,valid
allen_vcnp_v2,mouse_demo,session_demo_02,unit_002,12.25,0.05,0,,-0.997717,visual_stim,valid
allen_vcnp_v2,mouse_demo,session_demo_02,unit_002,12.3,0.05,2,,-0.999762,visual_stim,valid
allen_vcnp_v2,mouse_demo,session_demo_02,unit_002,12.35,0.05,1,,-0.99382,visual_stim,valid
allen_vcnp_v2,mouse_demo,session_demo_02,unit_002,12.4,0.05,0,,-0.979945,visual_stim,valid
allen_vcnp_v2,mouse_demo,session_demo_02,unit_002,12.45,0.05,0,,-0.958259,visual_stim,valid
allen_vcnp_v2,mouse_demo,session_demo_02,unit_002,12.5,0.05,0,,-0.928955,visual_stim,valid
allen_vcnp_v2,mouse_demo,session_demo_02,unit_002,12.55,0.05,0,,-0.892293,visual_stim,valid
allen_vcnp_v2,mouse_demo,session_demo_02,unit_002,12.6,0.05,0,,-0.848599,visual_stim,valid
allen_vcnp_v2,mouse_demo,session_demo_02,unit_002,12.65,0.05,1,,-0.79826,visual_stim,valid
allen_vcnp_v2,mouse_demo,session_demo_02,unit_002,12.7,0.05,1,,-0.741724,visual_stim,valid
allen_vcnp_v2,mouse_demo,session_demo_02,unit_002,12.75,0.05,0,,-0.679491,visual_stim,valid
allen_vcnp_v2,mouse_demo,session_demo_02,unit_002,12.8,0.05,1,,-0.612115,visual_stim,valid
allen_vcnp_v2,mouse_demo,session_demo_02,unit_002,12.85,0.05,0,,-0.540193,visual_stim,valid
allen_vcnp_v2,mouse_demo,session_demo_02,unit_002,12.9,0.05,1,,-0.464364,visual_stim,valid
allen_vcnp_v2,mouse_demo,session_demo_02,unit_002,12.95,0.05,1,,-0.385301,visual_stim,valid
allen_vcnp_v2,mouse_demo,session_demo_02,unit_002,13.0,0.05,1,,-0.303706,visual_stim,valid
allen_vcnp_v2,mouse_demo,session_demo_02,unit_002,13.05,0.05,1,,-0.220303,visual_stim,valid
allen_vcnp_v2,mouse_demo,session_demo_02,unit_002,13.1,0.05,1,,-0.135831,visual_stim,valid
allen_vcnp_v2,mouse_demo,session_demo_02,unit_002,13.15,0.05,0,,-0.051042,visual_stim,valid
allen_vcnp_v2,mouse_demo,session_demo_02,unit_002,13.2,0.05,1,,0.033313,visual_stim,valid
allen_vcnp_v2,mouse_demo,session_demo_02,unit_002,13.25,0.05,0,,0.116484,visual_stim,valid
allen_vcnp_v2,mouse_demo,session_demo_02,unit_002,13.3,0.05,0,,0.197734,visual_stim,valid
allen_vcnp_v2,mouse_demo,session_demo_02,unit_002,13.35,0.05,0,,0.276342,visual_stim,valid
allen_vcnp_v2,mouse_demo,session_demo_02,unit_002,13.4,0.05,0,,0.351608,visual_stim,valid
allen_vcnp_v2,mouse_demo,session_demo_02,unit_002,13.45,0.05,0,,0.422867,visual_stim,valid
allen_vcnp_v2,mouse_demo,session_demo_02,unit_002,13.5,0.05,1,,0.489484,visual_stim,valid
allen_vcnp_v2,mouse_demo,session_demo_02,unit_002,13.55,0.05,0,,0.550869,visual_stim,valid
allen_vcnp_v2,mouse_demo,session_demo_02,unit_002,13.6,0.05,1,,0.606477,visual_stim,valid
allen_vcnp_v2,mouse_demo,session_demo_02,unit_002,13.65,0.05,0,,0.655814,visual_stim,valid
allen_vcnp_v2,mouse_demo,session_demo_02,unit_002,13.7,0.05,1,,0.698443,visual_stim,valid
allen_vcnp_v2,mouse_demo,session_demo_02,unit_002,13.75,0.05,1,,0.733984,visual_stim,valid
allen_vcnp_v2,mouse_demo,session_demo_02,unit_002,13.8,0.05,2,,0.762123,visual_stim,valid
allen_vcnp_v2,mouse_demo,session_demo_02,unit_002,13.85,0.05,0,,0.78261,visual_stim,valid
allen_vcnp_v2,mouse_demo,session_demo_02,unit_002,13.9,0.05,0,,0.795262,visual_stim,valid
allen_vcnp_v2,mouse_demo,session_demo_02,unit_002,13.95,0.05,0,,0.799968,visual_stim,valid
allen_vcnp_v2,mouse_demo,session_demo_02,unit_002,14.0,0.05,2,,0.796686,visual_stim,valid
allen_vcnp_v2,mouse_demo,session_demo_02,unit_002,14.05,0.05,2,,0.785445,visual_stim,valid
allen_vcnp_v2,mouse_demo,session_demo_02,unit_002,14.1,0.05,0,,0.766345,visual_stim,valid
allen_vcnp_v2,mouse_demo,session_demo_02,unit_002,14.15,0.05,0,,0.739555,visual_stim,valid
allen_vcnp_v2,mouse_demo,session_demo_02,unit_002,14.2,0.05,0,,0.705313,visual_stim,valid
allen_vcnp_v2,mouse_demo,session_demo_02,unit_002,14.25,0.05,0,,0.663922,visual_stim,valid
allen_vcnp_v2,mouse_demo,session_demo_02,unit_002,14.3,0.05,0,,0.615752,visual_stim,valid
allen_vcnp_v2,mouse_demo,session_demo_02,unit_002,14.35,0.05,0,,0.561228,visual_stim,valid
allen_vcnp_v2,mouse_demo,session_demo_02,unit_002,14.4,0.05,0,,0.500835,visual_stim,valid
allen_vcnp_v2,mouse_demo,session_demo_02,unit_002,14.45,0.05,0,,0.435109,visual_stim,valid
allen_vcnp_v2,mouse_demo,session_demo_02,unit_002,14.5,0.05,0,,0.364634,visual_stim,valid
allen_vcnp_v2,mouse_demo,session_demo_02,unit_002,14.55,0.05,0,,0.290034,visual_stim,valid
allen_vcnp_v2,mouse_demo,session_demo_02,unit_002,14.6,0.05,1,,0.211972,visual_stim,valid
allen_vcnp_v2,mouse_demo,session_demo_02,unit_002,14.65,0.05,1,,0.131142,visual_stim,valid
allen_vcnp_v2,mouse_demo,session_demo_02,unit_002,14.7,0.05,0,,0.048259,visual_stim,valid
allen_vcnp_v2,mouse_demo,session_demo_02,unit_002,14.75,0.05,1,,-0.035939,visual_stim,valid
allen_vcnp_v2,mouse_demo,session_demo_02,unit_002,14.8,0.05,2,,-0.120706,visual_stim,valid
allen_vcnp_v2,mouse_demo,session_demo_02,unit_002,14.85,0.05,0,,-0.205289,visual_stim,valid
allen_vcnp_v2,mouse_demo,session_demo_02,unit_002,14.9,0.05,0,,-0.288938,visual_stim,valid
allen_vcnp_v2,mouse_demo,session_demo_02,unit_002,14.95,0.05,0,,-0.37091,visual_stim,valid
allen_vcnp_v2,mouse_demo,session_demo_02,unit_002,15.0,0.05,0,,-0.150477,visual_stim,valid
allen_vcnp_v2,mouse_demo,session_demo_02,unit_002,15.05,0.05,0,,-0.226933,visual_stim,valid
allen_vcnp_v2,mouse_demo,session_demo_02,unit_002,15.1,0.05,1,,-0.299599,visual_stim,valid
allen_vcnp_v2,mouse_demo,session_demo_02,unit_002,15.15,0.05,0,,-0.367831,visual_stim,valid
allen_vcnp_v2,mouse_demo,session_demo_02,unit_002,15.2,0.05,0,,-0.431023,visual_stim,valid
allen_vcnp_v2,mouse_demo,session_demo_02,unit_002,15.25,0.05,0,,-0.488615,visual_stim,valid
allen_vcnp_v2,mouse_demo,session_demo_02,unit_002,15.3,0.05,1,,-0.540093,visual_stim,valid
allen_vcnp_v2,mouse_demo,session_demo_02,unit_002,15.35,0.05,1,,-0.585003,visual_stim,valid
allen_vcnp_v2,mouse_demo,session_demo_02,unit_002,15.4,0.05,2,,-0.622945,visual_stim,valid
allen_vcnp_v2,mouse_demo,session_demo_02,unit_002,15.45,0.05,2,,-0.653583,visual_stim,valid
allen_vcnp_v2,mouse_demo,session_demo_02,unit_002,15.5,0.05,0,,-0.676644,visual_stim,valid
allen_vcnp_v2,mouse_demo,session_demo_02,unit_002,15.55,0.05,0,,-0.691923,visual_stim,valid
allen_vcnp_v2,mouse_demo,session_demo_02,unit_002,15.6,0.05,0,,-0.699286,visual_stim,valid
allen_vcnp_v2,mouse_demo,session_demo_02,unit_002,15.65,0.05,1,,-0.698667,visual_stim,valid
allen_vcnp_v2,mouse_demo,session_demo_02,unit_002,15.7,0.05,0,,-0.690072,visual_stim,valid
allen_vcnp_v2,mouse_demo,session_demo_02,unit_002,15.75,0.05,1,,-0.673576,visual_stim,valid
allen_vcnp_v2,mouse_demo,session_demo_02,unit_002,15.8,0.05,0,,-0.649326,visual_stim,valid
allen_vcnp_v2,mouse_demo,session_demo_02,unit_002,15.85,0.05,0,,-0.617537,visual_stim,valid
allen_vcnp_v2,mouse_demo,session_demo_02,unit_002,15.9,0.05,1,,-0.578492,visual_stim,valid
allen_vcnp_v2,mouse_demo,session_demo_02,unit_002,15.95,0.05,0,,-0.532537,visual_stim,valid
allen_vcnp_v2,mouse_demo,session_demo_02,unit_002,16.0,0.05,0,,-0.48008,visual_stim,valid
allen_vcnp_v2,mouse_demo,session_demo_02,unit_002,16.05,0.05,1,,-0.421586,visual_stim,valid
allen_vcnp_v2,mouse_demo,session_demo_02,unit_002,16.1,0.05,0,,-0.357575,visual_stim,valid
allen_vcnp_v2,mouse_demo,session_demo_02,unit_002,16.15,0.05,0,,-0.288615,visual_stim,valid
allen_vcnp_v2,mouse_demo,session_demo_02,unit_002,16.2,0.05,0,,-0.215319,visual_stim,valid
allen_vcnp_v2,mouse_demo,session_demo_02,unit_002,16.25,0.05,0,,-0.138335,visual_stim,valid
allen_vcnp_v2,mouse_demo,session_demo_02,unit_002,16.3,0.05,0,,-0.058349,visual_stim,valid
allen_vcnp_v2,mouse_demo,session_demo_02,unit_002,16.35,0.05,0,,0.023931,visual_stim,valid
allen_vcnp_v2,mouse_demo,session_demo_02,unit_002,16.4,0.05,1,,0.107773,visual_stim,valid
allen_vcnp_v2,mouse_demo,session_demo_02,unit_002,16.45,0.05,0,,0.192434,visual_stim,valid
allen_vcnp_v2,mouse_demo,session_demo_02,unit_002,16.5,0.05,1,,0.277162,visual_stim,valid
allen_vcnp_v2,mouse_demo,session_demo_02,unit_002,16.55,0.05,0,,0.361205,visual_stim,valid
allen_vcnp_v2,mouse_demo,session_demo_02,unit_002,16.6,0.05,0,,0.443817,visual_stim,valid
allen_vcnp_v2,mouse_demo,session_demo_02,unit_002,16.65,0.05,0,,0.524265,visual_stim,valid
allen_vcnp_v2,mouse_demo,session_demo_02,unit_002,16.7,0.05,0,,0.601835,visual_stim,valid
allen_vcnp_v2,mouse_demo,session_demo_02,unit_002,16.75,0.05,0,,0.675839,visual_stim,valid
allen_vcnp_v2,mouse_demo,session_demo_02,unit_002,16.8,0.05,0,,0.745618,visual_stim,valid
allen_vcnp_v2,mouse_demo,session_demo_02,unit_002,16.85,0.05,0,,0.810555,visual_stim,valid
allen_vcnp_v2,mouse_demo,session_demo_02,unit_002,16.9,0.05,0,,0.870072,visual_stim,valid
allen_vcnp_v2,mouse_demo,session_demo_02,unit_002,16.95,0.05,0,,0.923642,visual_stim,valid
allen_vcnp_v2,mouse_demo,session_demo_02,unit_002,17.0,0.05,1,,0.970789,visual_stim,valid
allen_vcnp_v2,mouse_demo,session_demo_02,unit_002,17.05,0.05,0,,1.011094,visual_stim,valid
allen_vcnp_v2,mouse_demo,session_demo_02,unit_002,17.1,0.05,1,,1.0442,visual_stim,valid
allen_vcnp_v2,mouse_demo,session_demo_02,unit_002,17.15,0.05,1,,1.069812,visual_stim,valid
allen_vcnp_v2,mouse_demo,session_demo_02,unit_002,17.2,0.05,1,,1.087704,visual_stim,valid
allen_vcnp_v2,mouse_demo,session_demo_02,unit_002,17.25,0.05,0,,1.097717,visual_stim,valid
allen_vcnp_v2,mouse_demo,session_demo_02,unit_002,17.3,0.05,0,,1.099762,visual_stim,valid
allen_vcnp_v2,mouse_demo,session_demo_02,unit_002,17.35,0.05,0,,1.09382,visual_stim,valid
allen_vcnp_v2,mouse_demo,session_demo_02,unit_002,17.4,0.05,1,,1.079945,visual_stim,valid
allen_vcnp_v2,mouse_demo,session_demo_02,unit_002,17.45,0.05,2,,1.058259,visual_stim,valid
allen_vcnp_v2,mouse_demo,session_demo_02,unit_002,17.5,0.05,0,,1.028955,visual_stim,valid
allen_vcnp_v2,mouse_demo,session_demo_02,unit_002,17.55,0.05,0,,0.992293,visual_stim,valid
allen_vcnp_v2,mouse_demo,session_demo_02,unit_002,17.6,0.05,1,,0.948599,visual_stim,valid
allen_vcnp_v2,mouse_demo,session_demo_02,unit_002,17.65,0.05,0,,0.89826,visual_stim,valid
allen_vcnp_v2,mouse_demo,session_demo_02,unit_002,17.7,0.05,3,,0.841724,visual_stim,valid
allen_vcnp_v2,mouse_demo,session_demo_02,unit_002,17.75,0.05,1,,0.779491,visual_stim,valid
allen_vcnp_v2,mouse_demo,session_demo_02,unit_002,17.8,0.05,0,,0.712115,visual_stim,valid
allen_vcnp_v2,mouse_demo,session_demo_02,unit_002,17.85,0.05,0,,0.640193,visual_stim,valid
allen_vcnp_v2,mouse_demo,session_demo_02,unit_002,17.9,0.05,2,,0.564364,visual_stim,valid
allen_vcnp_v2,mouse_demo,session_demo_02,unit_002,17.95,0.05,1,,0.485301,visual_stim,valid
allen_vcnp_v2,mouse_demo,session_demo_02,unit_002,18.0,0.05,0,,0.403706,visual_stim,valid
allen_vcnp_v2,mouse_demo,session_demo_02,unit_002,18.05,0.05,1,,0.320303,visual_stim,valid
allen_vcnp_v2,mouse_demo,session_demo_02,unit_002,18.1,0.05,1,,0.235831,visual_stim,valid
allen_vcnp_v2,mouse_demo,session_demo_02,unit_002,18.15,0.05,1,,0.151042,visual_stim,valid
allen_vcnp_v2,mouse_demo,session_demo_02,unit_002,18.2,0.05,1,,0.066687,visual_stim,valid
allen_vcnp_v2,mouse_demo,session_demo_02,unit_002,18.25,0.05,0,,-0.016484,visual_stim,valid
allen_vcnp_v2,mouse_demo,session_demo_02,unit_002,18.3,0.05,0,,-0.097734,visual_stim,valid
allen_vcnp_v2,mouse_demo,session_demo_02,unit_002,18.35,0.05,0,,-0.176342,visual_stim,valid
allen_vcnp_v2,mouse_demo,session_demo_02,unit_002,18.4,0.05,2,,-0.251608,visual_stim,valid
allen_vcnp_v2,mouse_demo,session_demo_02,unit_002,18.45,0.05,0,,-0.322867,visual_stim,valid
allen_vcnp_v2,mouse_demo,session_demo_02,unit_002,18.5,0.05,1,,-0.389484,visual_stim,valid
allen_vcnp_v2,mouse_demo,session_demo_02,unit_002,18.55,0.05,0,,-0.450869,visual_stim,valid
allen_vcnp_v2,mouse_demo,session_demo_02,unit_002,18.6,0.05,0,,-0.506477,visual_stim,valid
allen_vcnp_v2,mouse_demo,session_demo_02,unit_002,18.65,0.05,0,,-0.555814,visual_stim,valid
allen_vcnp_v2,mouse_demo,session_demo_02,unit_002,18.7,0.05,1,,-0.598443,visual_stim,valid
allen_vcnp_v2,mouse_demo,session_demo_02,unit_002,18.75,0.05,0,,-0.633984,visual_stim,valid
allen_vcnp_v2,mouse_demo,session_demo_02,unit_002,18.8,0.05,1,,-0.662123,visual_stim,valid
allen_vcnp_v2,mouse_demo,session_demo_02,unit_002,18.85,0.05,1,,-0.68261,visual_stim,valid
allen_vcnp_v2,mouse_demo,session_demo_02,unit_002,18.9,0.05,0,,-0.695262,visual_stim,valid
allen_vcnp_v2,mouse_demo,session_demo_02,unit_002,18.95,0.05,1,,-0.699968,visual_stim,valid
allen_vcnp_v2,mouse_demo,session_demo_02,unit_002,19.0,0.05,0,,-0.696686,visual_stim,valid
allen_vcnp_v2,mouse_demo,session_demo_02,unit_002,19.05,0.05,0,,-0.685445,visual_stim,valid
allen_vcnp_v2,mouse_demo,session_demo_02,unit_002,19.1,0.05,0,,-0.666345,visual_stim,valid
allen_vcnp_v2,mouse_demo,session_demo_02,unit_002,19.15,0.05,0,,-0.639555,visual_stim,valid
allen_vcnp_v2,mouse_demo,session_demo_02,unit_002,19.2,0.05,0,,-0.605313,visual_stim,valid
allen_vcnp_v2,mouse_demo,session_demo_02,unit_002,19.25,0.05,0,,-0.563922,visual_stim,valid
allen_vcnp_v2,mouse_demo,session_demo_02,unit_002,19.3,0.05,0,,-0.515752,visual_stim,valid
allen_vcnp_v2,mouse_demo,session_demo_02,unit_002,19.35,0.05,0,,-0.461228,visual_stim,valid
allen_vcnp_v2,mouse_demo,session_demo_02,unit_002,19.4,0.05,3,,-0.400835,visual_stim,valid
allen_vcnp_v2,mouse_demo,session_demo_02,unit_002,19.45,0.05,0,,-0.335109,visual_stim,valid
allen_vcnp_v2,mouse_demo,session_demo_02,unit_002,19.5,0.05,2,,-0.264634,visual_stim,valid
allen_vcnp_v2,mouse_demo,session_demo_02,unit_002,19.55,0.05,0,,-0.190034,visual_stim,valid
allen_vcnp_v2,mouse_demo,session_demo_02,unit_002,19.6,0.05,0,,-0.111972,visual_stim,valid
allen_vcnp_v2,mouse_demo,session_demo_02,unit_002,19.65,0.05,2,,-0.031142,visual_stim,valid
allen_vcnp_v2,mouse_demo,session_demo_02,unit_002,19.7,0.05,0,,0.051741,visual_stim,valid
allen_vcnp_v2,mouse_demo,session_demo_02,unit_002,19.75,0.05,0,,0.135939,visual_stim,valid
allen_vcnp_v2,mouse_demo,session_demo_02,unit_002,19.8,0.05,0,,0.220706,visual_stim,valid
allen_vcnp_v2,mouse_demo,session_demo_02,unit_002,19.85,0.05,0,,0.305289,visual_stim,valid
allen_vcnp_v2,mouse_demo,session_demo_02,unit_002,19.9,0.05,0,,0.388938,visual_stim,valid
allen_vcnp_v2,mouse_demo,session_demo_02,unit_002,19.95,0.05,1,,0.47091,visual_stim,valid
allen_vcnp_v2,mouse_demo,session_demo_02,unit_002,20.0,0.05,0,,0.250477,visual_stim,valid
allen_vcnp_v2,mouse_demo,session_demo_02,unit_002,20.05,0.05,0,,0.326933,visual_stim,valid
allen_vcnp_v2,mouse_demo,session_demo_02,unit_002,20.1,0.05,1,,0.399599,visual_stim,valid
allen_vcnp_v2,mouse_demo,session_demo_02,unit_002,20.15,0.05,0,,0.467831,visual_stim,valid
allen_vcnp_v2,mouse_demo,session_demo_02,unit_002,20.2,0.05,1,,0.531023,visual_stim,valid
allen_vcnp_v2,mouse_demo,session_demo_02,unit_002,20.25,0.05,0,,0.588615,visual_stim,valid
allen_vcnp_v2,mouse_demo,session_demo_02,unit_002,20.3,0.05,1,,0.640093,visual_stim,valid
allen_vcnp_v2,mouse_demo,session_demo_02,unit_002,20.35,0.05,0,,0.685003,visual_stim,valid
allen_vcnp_v2,mouse_demo,session_demo_02,unit_002,20.4,0.05,0,,0.722945,visual_stim,valid
allen_vcnp_v2,mouse_demo,session_demo_02,unit_002,20.45,0.05,0,,0.753583,visual_stim,valid
allen_vcnp_v2,mouse_demo,session_demo_02,unit_002,20.5,0.05,0,,0.776644,visual_stim,valid
allen_vcnp_v2,mouse_demo,session_demo_02,unit_002,20.55,0.05,0,,0.791923,visual_stim,valid
allen_vcnp_v2,mouse_demo,session_demo_02,unit_002,20.6,0.05,1,,0.799286,visual_stim,valid
allen_vcnp_v2,mouse_demo,session_demo_02,unit_002,20.65,0.05,1,,0.798667,visual_stim,valid
allen_vcnp_v2,mouse_demo,session_demo_02,unit_002,20.7,0.05,1,,0.790072,visual_stim,valid
allen_vcnp_v2,mouse_demo,session_demo_02,unit_002,20.75,0.05,1,,0.773576,visual_stim,valid
allen_vcnp_v2,mouse_demo,session_demo_02,unit_002,20.8,0.05,1,,0.749326,visual_stim,valid
allen_vcnp_v2,mouse_demo,session_demo_02,unit_002,20.85,0.05,0,,0.717537,visual_stim,valid
allen_vcnp_v2,mouse_demo,session_demo_02,unit_002,20.9,0.05,0,,0.678492,visual_stim,valid
allen_vcnp_v2,mouse_demo,session_demo_02,unit_002,20.95,0.05,0,,0.632537,visual_stim,valid
allen_vcnp_v2,mouse_demo,session_demo_02,unit_002,21.0,0.05,0,,0.58008,visual_stim,valid
allen_vcnp_v2,mouse_demo,session_demo_02,unit_002,21.05,0.05,1,,0.521586,visual_stim,valid
allen_vcnp_v2,mouse_demo,session_demo_02,unit_002,21.1,0.05,1,,0.457575,visual_stim,valid
allen_vcnp_v2,mouse_demo,session_demo_02,unit_002,21.15,0.05,1,,0.388615,visual_stim,valid
allen_vcnp_v2,mouse_demo,session_demo_02,unit_002,21.2,0.05,0,,0.315319,visual_stim,valid
allen_vcnp_v2,mouse_demo,session_demo_02,unit_002,21.25,0.05,1,,0.238335,visual_stim,valid
allen_vcnp_v2,mouse_demo,session_demo_02,unit_002,21.3,0.05,0,,0.158349,visual_stim,valid
allen_vcnp_v2,mouse_demo,session_demo_02,unit_002,21.35,0.05,1,,0.076069,visual_stim,valid
allen_vcnp_v2,mouse_demo,session_demo_02,unit_002,21.4,0.05,0,,-0.007773,visual_stim,valid
allen_vcnp_v2,mouse_demo,session_demo_02,unit_002,21.45,0.05,2,,-0.092434,visual_stim,valid
allen_vcnp_v2,mouse_demo,session_demo_02,unit_002,21.5,0.05,1,,-0.177162,visual_stim,valid
allen_vcnp_v2,mouse_demo,session_demo_02,unit_002,21.55,0.05,0,,-0.261205,visual_stim,valid
allen_vcnp_v2,mouse_demo,session_demo_02,unit_002,21.6,0.05,0,,-0.343817,visual_stim,valid
allen_vcnp_v2,mouse_demo,session_demo_02,unit_002,21.65,0.05,2,,-0.424265,visual_stim,valid
allen_vcnp_v2,mouse_demo,session_demo_02,unit_002,21.7,0.05,0,,-0.501835,visual_stim,valid
allen_vcnp_v2,mouse_demo,session_demo_02,unit_002,21.75,0.05,0,,-0.575839,visual_stim,valid
allen_vcnp_v2,mouse_demo,session_demo_02,unit_002,21.8,0.05,1,,-0.645618,visual_stim,valid
allen_vcnp_v2,mouse_demo,session_demo_02,unit_002,21.85,0.05,0,,-0.710555,visual_stim,valid
allen_vcnp_v2,mouse_demo,session_demo_02,unit_002,21.9,0.05,0,,-0.770072,visual_stim,valid
allen_vcnp_v2,mouse_demo,session_demo_02,unit_002,21.95,0.05,0,,-0.823642,visual_stim,valid
allen_vcnp_v2,mouse_demo,session_demo_02,unit_002,22.0,0.05,0,,-0.870789,visual_stim,valid
allen_vcnp_v2,mouse_demo,session_demo_02,unit_002,22.05,0.05,0,,-0.911094,visual_stim,valid
allen_vcnp_v2,mouse_demo,session_demo_02,unit_002,22.1,0.05,0,,-0.9442,visual_stim,valid
allen_vcnp_v2,mouse_demo,session_demo_02,unit_002,22.15,0.05,1,,-0.969812,visual_stim,valid
allen_vcnp_v2,mouse_demo,session_demo_02,unit_002,22.2,0.05,0,,-0.987704,visual_stim,valid
allen_vcnp_v2,mouse_demo,session_demo_02,unit_002,22.25,0.05,0,,-0.997717,visual_stim,valid
allen_vcnp_v2,mouse_demo,session_demo_02,unit_002,22.3,0.05,0,,-0.999762,visual_stim,valid
allen_vcnp_v2,mouse_demo,session_demo_02,unit_002,22.35,0.05,1,,-0.99382,visual_stim,valid
allen_vcnp_v2,mouse_demo,session_demo_02,unit_002,22.4,0.05,0,,-0.979945,visual_stim,valid
allen_vcnp_v2,mouse_demo,session_demo_02,unit_002,22.45,0.05,0,,-0.958259,visual_stim,valid
allen_vcnp_v2,mouse_demo,session_demo_02,unit_002,22.5,0.05,0,,-0.928955,visual_stim,valid
allen_vcnp_v2,mouse_demo,session_demo_02,unit_002,22.55,0.05,0,,-0.892293,visual_stim,valid
allen_vcnp_v2,mouse_demo,session_demo_02,unit_002,22.6,0.05,0,,-0.848599,visual_stim,valid
allen_vcnp_v2,mouse_demo,session_demo_02,unit_002,22.65,0.05,0,,-0.79826,visual_stim,valid
allen_vcnp_v2,mouse_demo,session_demo_02,unit_002,22.7,0.05,0,,-0.741724,visual_stim,valid
allen_vcnp_v2,mouse_demo,session_demo_02,unit_002,22.75,0.05,0,,-0.679491,visual_stim,valid
allen_vcnp_v2,mouse_demo,session_demo_02,unit_002,22.8,0.05,0,,-0.612115,visual_stim,valid
allen_vcnp_v2,mouse_demo,session_demo_02,unit_002,22.85,0.05,0,,-0.540193,visual_stim,valid
allen_vcnp_v2,mouse_demo,session_demo_02,unit_002,22.9,0.05,1,,-0.464364,visual_stim,valid
allen_vcnp_v2,mouse_demo,session_demo_02,unit_002,22.95,0.05,0,,-0.385301,visual_stim,valid
allen_vcnp_v2,mouse_demo,session_demo_02,unit_002,23.0,0.05,1,,-0.303706,visual_stim,valid
allen_vcnp_v2,mouse_demo,session_demo_02,unit_002,23.05,0.05,1,,-0.220303,visual_stim,valid
allen_vcnp_v2,mouse_demo,session_demo_02,unit_002,23.1,0.05,2,,-0.135831,visual_stim,valid
allen_vcnp_v2,mouse_demo,session_demo_02,unit_002,23.15,0.05,2,,-0.051042,visual_stim,valid
allen_vcnp_v2,mouse_demo,session_demo_02,unit_002,23.2,0.05,0,,0.033313,visual_stim,valid
allen_vcnp_v2,mouse_demo,session_demo_02,unit_002,23.25,0.05,1,,0.116484,visual_stim,valid
allen_vcnp_v2,mouse_demo,session_demo_02,unit_002,23.3,0.05,0,,0.197734,visual_stim,valid
allen_vcnp_v2,mouse_demo,session_demo_02,unit_002,23.35,0.05,1,,0.276342,visual_stim,valid
allen_vcnp_v2,mouse_demo,session_demo_02,unit_002,23.4,0.05,0,,0.351608,visual_stim,valid
allen_vcnp_v2,mouse_demo,session_demo_02,unit_002,23.45,0.05,1,,0.422867,visual_stim,valid
allen_vcnp_v2,mouse_demo,session_demo_02,unit_002,23.5,0.05,1,,0.489484,visual_stim,valid
allen_vcnp_v2,mouse_demo,session_demo_02,unit_002,23.55,0.05,1,,0.550869,visual_stim,valid
allen_vcnp_v2,mouse_demo,session_demo_02,unit_002,23.6,0.05,0,,0.606477,visual_stim,valid
allen_vcnp_v2,mouse_demo,session_demo_02,unit_002,23.65,0.05,1,,0.655814,visual_stim,valid
allen_vcnp_v2,mouse_demo,session_demo_02,unit_002,23.7,0.05,0,,0.698443,visual_stim,valid
allen_vcnp_v2,mouse_demo,session_demo_02,unit_002,23.75,0.05,0,,0.733984,visual_stim,valid
allen_vcnp_v2,mouse_demo,session_demo_02,unit_002,23.8,0.05,0,,0.762123,visual_stim,valid
allen_vcnp_v2,mouse_demo,session_demo_02,unit_002,23.85,0.05,1,,0.78261,visual_stim,valid
allen_vcnp_v2,mouse_demo,session_demo_02,unit_002,23.9,0.05,1,,0.795262,visual_stim,valid
allen_vcnp_v2,mouse_demo,session_demo_02,unit_002,23.95,0.05,0,,0.799968,visual_stim,valid
allen_vcnp_v2,mouse_demo,session_demo_02,unit_002,24.0,0.05,1,,0.796686,visual_stim,valid
allen_vcnp_v2,mouse_demo,session_demo_02,unit_002,24.05,0.05,1,,0.785445,visual_stim,valid
allen_vcnp_v2,mouse_demo,session_demo_02,unit_002,24.1,0.05,1,,0.766345,visual_stim,valid
allen_vcnp_v2,mouse_demo,session_demo_02,unit_002,24.15,0.05,0,,0.739555,visual_stim,valid
allen_vcnp_v2,mouse_demo,session_demo_02,unit_002,24.2,0.05,0,,0.705313,visual_stim,valid
allen_vcnp_v2,mouse_demo,session_demo_02,unit_002,24.25,0.05,0,,0.663922,visual_stim,valid
allen_vcnp_v2,mouse_demo,session_demo_02,unit_002,24.3,0.05,0,,0.615752,visual_stim,valid
allen_vcnp_v2,mouse_demo,session_demo_02,unit_002,24.35,0.05,0,,0.561228,visual_stim,valid
allen_vcnp_v2,mouse_demo,session_demo_02,unit_002,24.4,0.05,0,,0.500835,visual_stim,valid
allen_vcnp_v2,mouse_demo,session_demo_02,unit_002,24.45,0.05,0,,0.435109,visual_stim,valid
allen_vcnp_v2,mouse_demo,session_demo_02,unit_002,24.5,0.05,0,,0.364634,visual_stim,valid
allen_vcnp_v2,mouse_demo,session_demo_02,unit_002,24.55,0.05,0,,0.290034,visual_stim,valid
allen_vcnp_v2,mouse_demo,session_demo_02,unit_002,24.6,0.05,1,,0.211972,visual_stim,valid
allen_vcnp_v2,mouse_demo,session_demo_02,unit_002,24.65,0.05,0,,0.131142,visual_stim,valid
allen_vcnp_v2,mouse_demo,session_demo_02,unit_002,24.7,0.05,2,,0.048259,visual_stim,valid
allen_vcnp_v2,mouse_demo,session_demo_02,unit_002,24.75,0.05,0,,-0.035939,visual_stim,valid
allen_vcnp_v2,mouse_demo,session_demo_02,unit_002,24.8,0.05,0,,-0.120706,visual_stim,valid
allen_vcnp_v2,mouse_demo,session_demo_02,unit_002,24.85,0.05,0,,-0.205289,visual_stim,valid
allen_vcnp_v2,mouse_demo,session_demo_02,unit_002,24.9,0.05,0,,-0.288938,visual_stim,valid
allen_vcnp_v2,mouse_demo,session_demo_02,unit_002,24.95,0.05,0,,-0.37091,visual_stim,valid
allen_vcnp_v2,mouse_demo,session_demo_02,unit_002,25.0,0.05,1,,-0.450477,visual_stim,valid
allen_vcnp_v2,mouse_demo,session_demo_02,unit_002,25.05,0.05,0,,-0.526933,visual_stim,valid
allen_vcnp_v2,mouse_demo,session_demo_02,unit_002,25.1,0.05,0,,-0.599599,visual_stim,valid
allen_vcnp_v2,mouse_demo,session_demo_02,unit_002,25.15,0.05,0,,-0.667831,visual_stim,valid
allen_vcnp_v2,mouse_demo,session_demo_02,unit_002,25.2,0.05,1,,-0.731023,visual_stim,valid
allen_vcnp_v2,mouse_demo,session_demo_02,unit_002,25.25,0.05,0,,-0.788615,visual_stim,valid
allen_vcnp_v2,mouse_demo,session_demo_02,unit_002,25.3,0.05,1,,-0.840093,visual_stim,valid
allen_vcnp_v2,mouse_demo,session_demo_02,unit_002,25.35,0.05,0,,-0.885003,visual_stim,valid
allen_vcnp_v2,mouse_demo,session_demo_02,unit_002,25.4,0.05,1,,-0.922945,visual_stim,valid
allen_vcnp_v2,mouse_demo,session_demo_02,unit_002,25.45,0.05,0,,-0.953583,visual_stim,valid
allen_vcnp_v2,mouse_demo,session_demo_02,unit_002,25.5,0.05,0,,-0.976644,visual_stim,valid
allen_vcnp_v2,mouse_demo,session_demo_02,unit_002,25.55,0.05,0,,-0.991923,visual_stim,valid
allen_vcnp_v2,mouse_demo,session_demo_02,unit_002,25.6,0.05,0,,-0.999286,visual_stim,valid
allen_vcnp_v2,mouse_demo,session_demo_02,unit_002,25.65,0.05,0,,-0.998667,visual_stim,valid
allen_vcnp_v2,mouse_demo,session_demo_02,unit_002,25.7,0.05,1,,-0.990072,visual_stim,valid
allen_vcnp_v2,mouse_demo,session_demo_02,unit_002,25.75,0.05,0,,-0.973576,visual_stim,valid
allen_vcnp_v2,mouse_demo,session_demo_02,unit_002,25.8,0.05,1,,-0.949326,visual_stim,valid
allen_vcnp_v2,mouse_demo,session_demo_02,unit_002,25.85,0.05,0,,-0.917537,visual_stim,valid
allen_vcnp_v2,mouse_demo,session_demo_02,unit_002,25.9,0.05,0,,-0.878492,visual_stim,valid
allen_vcnp_v2,mouse_demo,session_demo_02,unit_002,25.95,0.05,0,,-0.832537,visual_stim,valid
allen_vcnp_v2,mouse_demo,session_demo_02,unit_002,26.0,0.05,0,,-0.78008,visual_stim,valid
allen_vcnp_v2,mouse_demo,session_demo_02,unit_002,26.05,0.05,0,,-0.721586,visual_stim,valid
allen_vcnp_v2,mouse_demo,session_demo_02,unit_002,26.1,0.05,0,,-0.657575,visual_stim,valid
allen_vcnp_v2,mouse_demo,session_demo_02,unit_002,26.15,0.05,1,,-0.588615,visual_stim,valid
allen_vcnp_v2,mouse_demo,session_demo_02,unit_002,26.2,0.05,1,,-0.515319,visual_stim,valid
allen_vcnp_v2,mouse_demo,session_demo_02,unit_002,26.25,0.05,1,,-0.438335,visual_stim,valid
allen_vcnp_v2,mouse_demo,session_demo_02,unit_002,26.3,0.05,1,,-0.358349,visual_stim,valid
allen_vcnp_v2,mouse_demo,session_demo_02,unit_002,26.35,0.05,0,,-0.276069,visual_stim,valid
allen_vcnp_v2,mouse_demo,session_demo_02,unit_002,26.4,0.05,0,,-0.192227,visual_stim,valid
allen_vcnp_v2,mouse_demo,session_demo_02,unit_002,26.45,0.05,1,,-0.107566,visual_stim,valid
allen_vcnp_v2,mouse_demo,session_demo_02,unit_002,26.5,0.05,0,,-0.022838,visual_stim,valid
allen_vcnp_v2,mouse_demo,session_demo_02,unit_002,26.55,0.05,0,,0.061205,visual_stim,valid
allen_vcnp_v2,mouse_demo,session_demo_02,unit_002,26.6,0.05,1,,0.143817,visual_stim,valid
allen_vcnp_v2,mouse_demo,session_demo_02,unit_002,26.65,0.05,1,,0.224265,visual_stim,valid
allen_vcnp_v2,mouse_demo,session_demo_02,unit_002,26.7,0.05,1,,0.301835,visual_stim,valid
allen_vcnp_v2,mouse_demo,session_demo_02,unit_002,26.75,0.05,1,,0.375839,visual_stim,valid
allen_vcnp_v2,mouse_demo,session_demo_02,unit_002,26.8,0.05,0,,0.445618,visual_stim,valid
allen_vcnp_v2,mouse_demo,session_demo_02,unit_002,26.85,0.05,0,,0.510555,visual_stim,valid
allen_vcnp_v2,mouse_demo,session_demo_02,unit_002,26.9,0.05,1,,0.570072,visual_stim,valid
allen_vcnp_v2,mouse_demo,session_demo_02,unit_002,26.95,0.05,1,,0.623642,visual_stim,valid
allen_vcnp_v2,mouse_demo,session_demo_02,unit_002,27.0,0.05,0,,0.670789,visual_stim,valid
allen_vcnp_v2,mouse_demo,session_demo_02,unit_002,27.05,0.05,0,,0.711094,visual_stim,valid
allen_vcnp_v2,mouse_demo,session_demo_02,unit_002,27.1,0.05,1,,0.7442,visual_stim,valid
allen_vcnp_v2,mouse_demo,session_demo_02,unit_002,27.15,0.05,2,,0.769812,visual_stim,valid
allen_vcnp_v2,mouse_demo,session_demo_02,unit_002,27.2,0.05,2,,0.787704,visual_stim,valid
allen_vcnp_v2,mouse_demo,session_demo_02,unit_002,27.25,0.05,0,,0.797717,visual_stim,valid
allen_vcnp_v2,mouse_demo,session_demo_02,unit_002,27.3,0.05,0,,0.799762,visual_stim,valid
allen_vcnp_v2,mouse_demo,session_demo_02,unit_002,27.35,0.05,0,,0.79382,visual_stim,valid
allen_vcnp_v2,mouse_demo,session_demo_02,unit_002,27.4,0.05,0,,0.779945,visual_stim,valid
allen_vcnp_v2,mouse_demo,session_demo_02,unit_002,27.45,0.05,2,,0.758259,visual_stim,valid
allen_vcnp_v2,mouse_demo,session_demo_02,unit_002,27.5,0.05,1,,0.728955,visual_stim,valid
allen_vcnp_v2,mouse_demo,session_demo_02,unit_002,27.55,0.05,0,,0.692293,visual_stim,valid
allen_vcnp_v2,mouse_demo,session_demo_02,unit_002,27.6,0.05,0,,0.648599,visual_stim,valid
allen_vcnp_v2,mouse_demo,session_demo_02,unit_002,27.65,0.05,0,,0.59826,visual_stim,valid
allen_vcnp_v2,mouse_demo,session_demo_02,unit_002,27.7,0.05,1,,0.541724,visual_stim,valid
allen_vcnp_v2,mouse_demo,session_demo_02,unit_002,27.75,0.05,0,,0.479491,visual_stim,valid
allen_vcnp_v2,mouse_demo,session_demo_02,unit_002,27.8,0.05,0,,0.412115,visual_stim,valid
allen_vcnp_v2,mouse_demo,session_demo_02,unit_002,27.85,0.05,0,,0.340193,visual_stim,valid
allen_vcnp_v2,mouse_demo,session_demo_02,unit_002,27.9,0.05,0,,0.264364,visual_stim,valid
allen_vcnp_v2,mouse_demo,session_demo_02,unit_002,27.95,0.05,1,,0.185301,visual_stim,valid
allen_vcnp_v2,mouse_demo,session_demo_02,unit_002,28.0,0.05,0,,0.103706,visual_stim,valid
allen_vcnp_v2,mouse_demo,session_demo_02,unit_002,28.05,0.05,0,,0.020303,visual_stim,valid
allen_vcnp_v2,mouse_demo,session_demo_02,unit_002,28.1,0.05,0,,-0.064169,visual_stim,valid
allen_vcnp_v2,mouse_demo,session_demo_02,unit_002,28.15,0.05,0,,-0.148958,visual_stim,valid
allen_vcnp_v2,mouse_demo,session_demo_02,unit_002,28.2,0.05,1,,-0.233313,visual_stim,valid
allen_vcnp_v2,mouse_demo,session_demo_02,unit_002,28.25,0.05,1,,-0.316484,visual_stim,valid
allen_vcnp_v2,mouse_demo,session_demo_02,unit_002,28.3,0.05,0,,-0.397734,visual_stim,valid
allen_vcnp_v2,mouse_demo,session_demo_02,unit_002,28.35,0.05,2,,-0.476342,visual_stim,valid
allen_vcnp_v2,mouse_demo,session_demo_02,unit_002,28.4,0.05,0,,-0.551608,visual_stim,valid
allen_vcnp_v2,mouse_demo,session_demo_02,unit_002,28.45,0.05,1,,-0.622867,visual_stim,valid
allen_vcnp_v2,mouse_demo,session_demo_02,unit_002,28.5,0.05,0,,-0.689484,visual_stim,valid
allen_vcnp_v2,mouse_demo,session_demo_02,unit_002,28.55,0.05,1,,-0.750869,visual_stim,valid
allen_vcnp_v2,mouse_demo,session_demo_02,unit_002,28.6,0.05,0,,-0.806477,visual_stim,valid
allen_vcnp_v2,mouse_demo,session_demo_02,unit_002,28.65,0.05,0,,-0.855814,visual_stim,valid
allen_vcnp_v2,mouse_demo,session_demo_02,unit_002,28.7,0.05,0,,-0.898443,visual_stim,valid
allen_vcnp_v2,mouse_demo,session_demo_02,unit_002,28.75,0.05,1,,-0.933984,visual_stim,valid
allen_vcnp_v2,mouse_demo,session_demo_02,unit_002,28.8,0.05,2,,-0.962123,visual_stim,valid
allen_vcnp_v2,mouse_demo,session_demo_02,unit_002,28.85,0.05,0,,-0.98261,visual_stim,valid
allen_vcnp_v2,mouse_demo,session_demo_02,unit_002,28.9,0.05,0,,-0.995262,visual_stim,valid
allen_vcnp_v2,mouse_demo,session_demo_02,unit_002,28.95,0.05,1,,-0.999968,visual_stim,valid
allen_vcnp_v2,mouse_demo,session_demo_02,unit_002,29.0,0.05,0,,-0.996686,visual_stim,valid
allen_vcnp_v2,mouse_demo,session_demo_02,unit_002,29.05,0.05,1,,-0.985445,visual_stim,valid
allen_vcnp_v2,mouse_demo,session_demo_02,unit_002,29.1,0.05,0,,-0.966345,visual_stim,valid
allen_vcnp_v2,mouse_demo,session_demo_02,unit_002,29.15,0.05,1,,-0.939555,visual_stim,valid
allen_vcnp_v2,mouse_demo,session_demo_02,unit_002,29.2,0.05,1,,-0.905313,visual_stim,valid
allen_vcnp_v2,mouse_demo,session_demo_02,unit_002,29.25,0.05,0,,-0.863922,visual_stim,valid
allen_vcnp_v2,mouse_demo,session_demo_02,unit_002,29.3,0.05,0,,-0.815752,visual_stim,valid
allen_vcnp_v2,mouse_demo,session_demo_02,unit_002,29.35,0.05,1,,-0.761228,visual_stim,valid
allen_vcnp_v2,mouse_demo,session_demo_02,unit_002,29.4,0.05,0,,-0.700835,visual_stim,valid
allen_vcnp_v2,mouse_demo,session_demo_02,unit_002,29.45,0.05,0,,-0.635109,visual_stim,valid
allen_vcnp_v2,mouse_demo,session_demo_02,unit_002,29.5,0.05,1,,-0.564634,visual_stim,valid
allen_vcnp_v2,mouse_demo,session_demo_02,unit_002,29.55,0.05,1,,-0.490034,visual_stim,valid
allen_vcnp_v2,mouse_demo,session_demo_02,unit_002,29.6,0.05,0,,-0.411972,visual_stim,valid
allen_vcnp_v2,mouse_demo,session_demo_02,unit_002,29.65,0.05,0,,-0.331142,visual_stim,valid
allen_vcnp_v2,mouse_demo,session_demo_02,unit_002,29.7,0.05,0,,-0.248259,visual_stim,valid
allen_vcnp_v2,mouse_demo,session_demo_02,unit_002,29.75,0.05,1,,-0.164061,visual_stim,valid
allen_vcnp_v2,mouse_demo,session_demo_02,unit_002,29.8,0.05,1,,-0.079294,visual_stim,valid
allen_vcnp_v2,mouse_demo,session_demo_02,unit_002,29.85,0.05,1,,0.005289,visual_stim,valid
allen_vcnp_v2,mouse_demo,session_demo_02,unit_002,29.9,0.05,1,,0.088938,visual_stim,valid
allen_vcnp_v2,mouse_demo,session_demo_02,unit_002,29.95,0.05,0,,0.17091,visual_stim,valid
allen_vcnp_v2,mouse_demo,session_demo_02,unit_003,0.0,0.05,1,,0.708178,visual_stim,test
allen_vcnp_v2,mouse_demo,session_demo_02,unit_003,0.05,0.05,0,,0.775827,visual_stim,test
allen_vcnp_v2,mouse_demo,session_demo_02,unit_003,0.1,0.05,2,,0.838364,visual_stim,test
allen_vcnp_v2,mouse_demo,session_demo_02,unit_003,0.15,0.05,0,,0.895236,visual_stim,test
allen_vcnp_v2,mouse_demo,session_demo_02,unit_003,0.2,0.05,2,,0.945936,visual_stim,test
allen_vcnp_v2,mouse_demo,session_demo_02,unit_003,0.25,0.05,1,,0.990015,visual_stim,test
allen_vcnp_v2,mouse_demo,session_demo_02,unit_003,0.3,0.05,1,,1.027082,visual_stim,test
allen_vcnp_v2,mouse_demo,session_demo_02,unit_003,0.35,0.05,0,,1.056808,visual_stim,test
allen_vcnp_v2,mouse_demo,session_demo_02,unit_003,0.4,0.05,0,,1.078929,visual_stim,test
allen_vcnp_v2,mouse_demo,session_demo_02,unit_003,0.45,0.05,1,,1.093248,visual_stim,test
allen_vcnp_v2,mouse_demo,session_demo_02,unit_003,0.5,0.05,1,,1.099639,visual_stim,test
allen_vcnp_v2,mouse_demo,session_demo_02,unit_003,0.55,0.05,0,,1.098045,visual_stim,test
allen_vcnp_v2,mouse_demo,session_demo_02,unit_003,0.6,0.05,1,,1.088479,visual_stim,test
allen_vcnp_v2,mouse_demo,session_demo_02,unit_003,0.65,0.05,1,,1.071027,visual_stim,test
allen_vcnp_v2,mouse_demo,session_demo_02,unit_003,0.7,0.05,1,,1.045844,visual_stim,test
allen_vcnp_v2,mouse_demo,session_demo_02,unit_003,0.75,0.05,0,,1.013154,visual_stim,test
allen_vcnp_v2,mouse_demo,session_demo_02,unit_003,0.8,0.05,0,,0.973245,visual_stim,test
allen_vcnp_v2,mouse_demo,session_demo_02,unit_003,0.85,0.05,1,,0.926473,visual_stim,test
allen_vcnp_v2,mouse_demo,session_demo_02,unit_003,0.9,0.05,0,,0.873253,visual_stim,test
allen_vcnp_v2,mouse_demo,session_demo_02,unit_003,0.95,0.05,0,,0.814057,visual_stim,test
allen_vcnp_v2,mouse_demo,session_demo_02,unit_003,1.0,0.05,0,,0.749411,visual_stim,test
allen_vcnp_v2,mouse_demo,session_demo_02,unit_003,1.05,0.05,1,,0.679888,visual_stim,test
allen_vcnp_v2,mouse_demo,session_demo_02,unit_003,1.1,0.05,1,,0.606106,visual_stim,test
allen_vcnp_v2,mouse_demo,session_demo_02,unit_003,1.15,0.05,2,,0.528719,visual_stim,test
allen_vcnp_v2,mouse_demo,session_demo_02,unit_003,1.2,0.05,0,,0.448414,visual_stim,test
allen_vcnp_v2,mouse_demo,session_demo_02,unit_003,1.25,0.05,0,,0.365904,visual_stim,test
allen_vcnp_v2,mouse_demo,session_demo_02,unit_003,1.3,0.05,1,,0.281922,visual_stim,test
allen_vcnp_v2,mouse_demo,session_demo_02,unit_003,1.35,0.05,2,,0.197212,visual_stim,test
allen_vcnp_v2,mouse_demo,session_demo_02,unit_003,1.4,0.05,0,,0.112528,visual_stim,test
allen_vcnp_v2,mouse_demo,session_demo_02,unit_003,1.45,0.05,0,,0.028619,visual_stim,test
allen_vcnp_v2,mouse_demo,session_demo_02,unit_003,1.5,0.05,0,,-0.053768,visual_stim,test
allen_vcnp_v2,mouse_demo,session_demo_02,unit_003,1.55,0.05,0,,-0.133902,visual_stim,test
allen_vcnp_v2,mouse_demo,session_demo_02,unit_003,1.6,0.05,1,,-0.211073,visual_stim,test
allen_vcnp_v2,mouse_demo,session_demo_02,unit_003,1.65,0.05,1,,-0.284595,visual_stim,test
allen_vcnp_v2,mouse_demo,session_demo_02,unit_003,1.7,0.05,0,,-0.353816,visual_stim,test
allen_vcnp_v2,mouse_demo,session_demo_02,unit_003,1.75,0.05,0,,-0.418122,visual_stim,test
allen_vcnp_v2,mouse_demo,session_demo_02,unit_003,1.8,0.05,0,,-0.47694,visual_stim,test
allen_vcnp_v2,mouse_demo,session_demo_02,unit_003,1.85,0.05,0,,-0.52975,visual_stim,test
allen_vcnp_v2,mouse_demo,session_demo_02,unit_003,1.9,0.05,0,,-0.576083,visual_stim,test
allen_vcnp_v2,mouse_demo,session_demo_02,unit_003,1.95,0.05,1,,-0.615527,visual_stim,test
allen_vcnp_v2,mouse_demo,session_demo_02,unit_003,2.0,0.05,0,,-0.647733,visual_stim,test
allen_vcnp_v2,mouse_demo,session_demo_02,unit_003,2.05,0.05,0,,-0.672414,visual_stim,test
allen_vcnp_v2,mouse_demo,session_demo_02,unit_003,2.1,0.05,0,,-0.689351,visual_stim,test
allen_vcnp_v2,mouse_demo,session_demo_02,unit_003,2.15,0.05,0,,-0.698395,visual_stim,test
allen_vcnp_v2,mouse_demo,session_demo_02,unit_003,2.2,0.05,0,,-0.699464,visual_stim,test
allen_vcnp_v2,mouse_demo,session_demo_02,unit_003,2.25,0.05,0,,-0.69255,visual_stim,test
allen_vcnp_v2,mouse_demo,session_demo_02,unit_003,2.3,0.05,1,,-0.677713,visual_stim,test
allen_vcnp_v2,mouse_demo,session_demo_02,unit_003,2.35,0.05,0,,-0.655085,visual_stim,test
allen_vcnp_v2,mouse_demo,session_demo_02,unit_003,2.4,0.05,0,,-0.624868,visual_stim,test
allen_vcnp_v2,mouse_demo,session_demo_02,unit_003,2.45,0.05,0,,-0.587329,visual_stim,test
allen_vcnp_v2,mouse_demo,session_demo_02,unit_003,2.5,0.05,0,,-0.542802,visual_stim,test
allen_vcnp_v2,mouse_demo,session_demo_02,unit_003,2.55,0.05,2,,-0.491682,visual_stim,test
allen_vcnp_v2,mouse_demo,session_demo_02,unit_003,2.6,0.05,0,,-0.434422,visual_stim,test
allen_vcnp_v2,mouse_demo,session_demo_02,unit_003,2.65,0.05,0,,-0.371531,visual_stim,test
allen_vcnp_v2,mouse_demo,session_demo_02,unit_003,2.7,0.05,0,,-0.303567,visual_stim,test
allen_vcnp_v2,mouse_demo,session_demo_02,unit_003,2.75,0.05,0,,-0.231133,visual_stim,test
allen_vcnp_v2,mouse_demo,session_demo_02,unit_003,2.8,0.05,0,,-0.154873,visual_stim,test
allen_vcnp_v2,mouse_demo,session_demo_02,unit_003,2.85,0.05,2,,-0.075463,visual_stim,test
allen_vcnp_v2,mouse_demo,session_demo_02,unit_003,2.9,0.05,0,,0.006393,visual_stim,test
allen_vcnp_v2,mouse_demo,session_demo_02,unit_003,2.95,0.05,0,,0.089966,visual_stim,test
allen_vcnp_v2,mouse_demo,session_demo_02,unit_003,3.0,0.05,1,,0.174517,visual_stim,test
allen_vcnp_v2,mouse_demo,session_demo_02,unit_003,3.05,0.05,0,,0.259293,visual_stim,test
allen_vcnp_v2,mouse_demo,session_demo_02,unit_003,3.1,0.05,1,,0.343544,visual_stim,test
allen_vcnp_v2,mouse_demo,session_demo_02,unit_003,3.15,0.05,0,,0.42652,visual_stim,test
allen_vcnp_v2,mouse_demo,session_demo_02,unit_003,3.2,0.05,1,,0.507486,visual_stim,test
allen_vcnp_v2,mouse_demo,session_demo_02,unit_003,3.25,0.05,0,,0.585722,visual_stim,test
allen_vcnp_v2,mouse_demo,session_demo_02,unit_003,3.3,0.05,0,,0.660535,visual_stim,test
allen_vcnp_v2,mouse_demo,session_demo_02,unit_003,3.35,0.05,1,,0.731259,visual_stim,test
allen_vcnp_v2,mouse_demo,session_demo_02,unit_003,3.4,0.05,0,,0.797269,visual_stim,test
allen_vcnp_v2,mouse_demo,session_demo_02,unit_003,3.45,0.05,0,,0.857977,visual_stim,test
allen_vcnp_v2,mouse_demo,session_demo_02,unit_003,3.5,0.05,1,,0.912845,visual_stim,test
allen_vcnp_v2,mouse_demo,session_demo_02,unit_003,3.55,0.05,0,,0.961385,visual_stim,test
allen_vcnp_v2,mouse_demo,session_demo_02,unit_003,3.6,0.05,1,,1.003168,visual_stim,test
allen_vcnp_v2,mouse_demo,session_demo_02,unit_003,3.65,0.05,0,,1.037821,visual_stim,test
allen_vcnp_v2,mouse_demo,session_demo_02,unit_003,3.7,0.05,1,,1.065038,visual_stim,test
allen_vcnp_v2,mouse_demo,session_demo_02,unit_003,3.75,0.05,2,,1.084577,visual_stim,test
allen_vcnp_v2,mouse_demo,session_demo_02,unit_003,3.8,0.05,2,,1.096264,visual_stim,test
allen_vcnp_v2,mouse_demo,session_demo_02,unit_003,3.85,0.05,0,,1.099996,visual_stim,test
allen_vcnp_v2,mouse_demo,session_demo_02,unit_003,3.9,0.05,0,,1.095739,visual_stim,test
allen_vcnp_v2,mouse_demo,session_demo_02,unit_003,3.95,0.05,1,,1.083532,visual_stim,test
allen_vcnp_v2,mouse_demo,session_demo_02,unit_003,4.0,0.05,0,,1.063482,visual_stim,test
allen_vcnp_v2,mouse_demo,session_demo_02,unit_003,4.05,0.05,0,,1.035769,visual_stim,test
allen_vcnp_v2,mouse_demo,session_demo_02,unit_003,4.1,0.05,0,,1.000636,visual_stim,test
allen_vcnp_v2,mouse_demo,session_demo_02,unit_003,4.15,0.05,0,,0.958398,visual_stim,test
allen_vcnp_v2,mouse_demo,session_demo_02,unit_003,4.2,0.05,0,,0.909428,visual_stim,test
allen_vcnp_v2,mouse_demo,session_demo_02,unit_003,4.25,0.05,0,,0.85416,visual_stim,test
allen_vcnp_v2,mouse_demo,session_demo_02,unit_003,4.3,0.05,3,,0.793087,visual_stim,test
allen_vcnp_v2,mouse_demo,session_demo_02,unit_003,4.35,0.05,0,,0.726749,visual_stim,test
allen_vcnp_v2,mouse_demo,session_demo_02,unit_003,4.4,0.05,0,,0.655736,visual_stim,test
allen_vcnp_v2,mouse_demo,session_demo_02,unit_003,4.45,0.05,1,,0.580677,visual_stim,test
allen_vcnp_v2,mouse_demo,session_demo_02,unit_003,4.5,0.05,0,,0.50224,visual_stim,test
allen_vcnp_v2,mouse_demo,session_demo_02,unit_003,4.55,0.05,0,,0.42112,visual_stim,test
allen_vcnp_v2,mouse_demo,session_demo_02,unit_003,4.6,0.05,0,,0.338037,visual_stim,test
allen_vcnp_v2,mouse_demo,session_demo_02,unit_003,4.65,0.05,1,,0.253729,visual_stim,test
allen_vcnp_v2,mouse_demo,session_demo_02,unit_003,4.7,0.05,0,,0.168944,visual_stim,test
allen_vcnp_v2,mouse_demo,session_demo_02,unit_003,4.75,0.05,0,,0.084435,visual_stim,test
allen_vcnp_v2,mouse_demo,session_demo_02,unit_003,4.8,0.05,0,,0.000952,visual_stim,test
allen_vcnp_v2,mouse_demo,session_demo_02,unit_003,4.85,0.05,0,,-0.080765,visual_stim,test
allen_vcnp_v2,mouse_demo,session_demo_02,unit_003,4.9,0.05,0,,-0.15999,visual_stim,test
allen_vcnp_v2,mouse_demo,session_demo_02,unit_003,4.95,0.05,0,,-0.236019,visual_stim,test
allen_vcnp_v2,mouse_demo,session_demo_02,unit_003,5.0,0.05,0,,-0.608178,visual_stim,test
allen_vcnp_v2,mouse_demo,session_demo_02,unit_003,5.05,0.05,0,,-0.675827,visual_stim,test
allen_vcnp_v2,mouse_demo,session_demo_02,unit_003,5.1,0.05,0,,-0.738364,visual_stim,test
allen_vcnp_v2,mouse_demo,session_demo_02,unit_003,5.15,0.05,0,,-0.795236,visual_stim,test
allen_vcnp_v2,mouse_demo,session_demo_02,unit_003,5.2,0.05,0,,-0.845936,visual_stim,test
allen_vcnp_v2,mouse_demo,session_demo_02,unit_003,5.25,0.05,1,,-0.890015,visual_stim,test
allen_vcnp_v2,mouse_demo,session_demo_02,unit_003,5.3,0.05,0,,-0.927082,visual_stim,test
allen_vcnp_v2,mouse_demo,session_demo_02,unit_003,5.35,0.05,2,,-0.956808,visual_stim,test
allen_vcnp_v2,mouse_demo,session_demo_02,unit_003,5.4,0.05,0,,-0.978929,visual_stim,test
allen_vcnp_v2,mouse_demo,session_demo_02,unit_003,5.45,0.05,0,,-0.993248,visual_stim,test
allen_vcnp_v2,mouse_demo,session_demo_02,unit_003,5.5,0.05,0,,-0.999639,visual_stim,test
allen_vcnp_v2,mouse_demo,session_demo_02,unit_003,5.55,0.05,0,,-0.998045,visual_stim,test
allen_vcnp_v2,mouse_demo,session_demo_02,unit_003,5.6,0.05,0,,-0.988479,visual_stim,test
allen_vcnp_v2,mouse_demo,session_demo_02,unit_003,5.65,0.05,0,,-0.971027,visual_stim,test
allen_vcnp_v2,mouse_demo,session_demo_02,unit_003,5.7,0.05,0,,-0.945844,visual_stim,test
allen_vcnp_v2,mouse_demo,session_demo_02,unit_003,5.75,0.05,1,,-0.913154,visual_stim,test
allen_vcnp_v2,mouse_demo,session_demo_02,unit_003,5.8,0.05,0,,-0.873245,visual_stim,test
allen_vcnp_v2,mouse_demo,session_demo_02,unit_003,5.85,0.05,0,,-0.826473,visual_stim,test
allen_vcnp_v2,mouse_demo,session_demo_02,unit_003,5.9,0.05,0,,-0.773253,visual_stim,test
allen_vcnp_v2,mouse_demo,session_demo_02,unit_003,5.95,0.05,0,,-0.714057,visual_stim,test
allen_vcnp_v2,mouse_demo,session_demo_02,unit_003,6.0,0.05,0,,-0.649411,visual_stim,test
allen_vcnp_v2,mouse_demo,session_demo_02,unit_003,6.05,0.05,0,,-0.579888,visual_stim,test
allen_vcnp_v2,mouse_demo,session_demo_02,unit_003,6.1,0.05,0,,-0.506106,visual_stim,test
allen_vcnp_v2,mouse_demo,session_demo_02,unit_003,6.15,0.05,0,,-0.428719,visual_stim,test
allen_vcnp_v2,mouse_demo,session_demo_02,unit_003,6.2,0.05,1,,-0.348414,visual_stim,test
allen_vcnp_v2,mouse_demo,session_demo_02,unit_003,6.25,0.05,1,,-0.265904,visual_stim,test
allen_vcnp_v2,mouse_demo,session_demo_02,unit_003,6.3,0.05,0,,-0.181922,visual_stim,test
allen_vcnp_v2,mouse_demo,session_demo_02,unit_003,6.35,0.05,0,,-0.097212,visual_stim,test
allen_vcnp_v2,mouse_demo,session_demo_02,unit_003,6.4,0.05,0,,-0.012528,visual_stim,test
allen_vcnp_v2,mouse_demo,session_demo_02,unit_003,6.45,0.05,1,,0.071381,visual_stim,test
allen_vcnp_v2,mouse_demo,session_demo_02,unit_003,6.5,0.05,1,,0.153768,visual_stim,test
allen_vcnp_v2,mouse_demo,session_demo_02,unit_003,6.55,0.05,3,,0.233902,visual_stim,test
allen_vcnp_v2,mouse_demo,session_demo_02,unit_003,6.6,0.05,0,,0.311073,visual_stim,test
allen_vcnp_v2,mouse_demo,session_demo_02,unit_003,6.65,0.05,1,,0.384595,visual_stim,test
allen_vcnp_v2,mouse_demo,session_demo_02,unit_003,6.7,0.05,1,,0.453816,visual_stim,test
allen_vcnp_v2,mouse_demo,session_demo_02,unit_003,6.75,0.05,1,,0.518122,visual_stim,test
allen_vcnp_v2,mouse_demo,session_demo_02,unit_003,6.8,0.05,0,,0.57694,visual_stim,test
allen_vcnp_v2,mouse_demo,session_demo_02,unit_003,6.85,0.05,0,,0.62975,visual_stim,test
allen_vcnp_v2,mouse_demo,session_demo_02,unit_003,6.9,0.05,1,,0.676083,visual_stim,test
allen_vcnp_v2,mouse_demo,session_demo_02,unit_003,6.95,0.05,1,,0.715527,visual_stim,test
allen_vcnp_v2,mouse_demo,session_demo_02,unit_003,7.0,0.05,0,,0.747733,visual_stim,test
allen_vcnp_v2,mouse_demo,session_demo_02,unit_003,7.05,0.05,1,,0.772414,visual_stim,test
allen_vcnp_v2,mouse_demo,session_demo_02,unit_003,7.1,0.05,1,,0.789351,visual_stim,test
allen_vcnp_v2,mouse_demo,session_demo_02,unit_003,7.15,0.05,1,,0.798395,visual_stim,test
allen_vcnp_v2,mouse_demo,session_demo_02,unit_003,7.2,0.05,1,,0.799464,visual_stim,test
allen_vcnp_v2,mouse_demo,session_demo_02,unit_003,7.25,0.05,0,,0.79255,visual_stim,test
allen_vcnp_v2,mouse_demo,session_demo_02,unit_003,7.3,0.05,1,,0.777713,visual_stim,test
allen_vcnp_v2,mouse_demo,session_demo_02,unit_003,7.35,0.05,0,,0.755085,visual_stim,test
allen_vcnp_v2,mouse_demo,session_demo_02,unit_003,7.4,0.05,0,,0.724868,visual_stim,test
allen_vcnp_v2,mouse_demo,session_demo_02,unit_003,7.45,0.05,1,,0.687329,visual_stim,test
allen_vcnp_v2,mouse_demo,session_demo_02,unit_003,7.5,0.05,0,,0.642802,visual_stim,test
allen_vcnp_v2,mouse_demo,session_demo_02,unit_003,7.55,0.05,0,,0.591682,visual_stim,test
allen_vcnp_v2,mouse_demo,session_demo_02,unit_003,7.6,0.05,0,,0.534422,visual_stim,test
allen_vcnp_v2,mouse_demo,session_demo_02,unit_003,7.65,0.05,1,,0.471531,visual_stim,test
allen_vcnp_v2,mouse_demo,session_demo_02,unit_003,7.7,0.05,0,,0.403567,visual_stim,test
allen_vcnp_v2,mouse_demo,session_demo_02,unit_003,7.75,0.05,0,,0.331133,visual_stim,test
allen_vcnp_v2,mouse_demo,session_demo_02,unit_003,7.8,0.05,1,,0.254873,visual_stim,test
allen_vcnp_v2,mouse_demo,session_demo_02,unit_003,7.85,0.05,0,,0.175463,visual_stim,test
allen_vcnp_v2,mouse_demo,session_demo_02,unit_003,7.9,0.05,1,,0.093607,visual_stim,test
allen_vcnp_v2,mouse_demo,session_demo_02,unit_003,7.95,0.05,1,,0.010034,visual_stim,test
allen_vcnp_v2,mouse_demo,session_demo_02,unit_003,8.0,0.05,0,,-0.074517,visual_stim,test
allen_vcnp_v2,mouse_demo,session_demo_02,unit_003,8.05,0.05,0,,-0.159293,visual_stim,test
allen_vcnp_v2,mouse_demo,session_demo_02,unit_003,8.1,0.05,0,,-0.243544,visual_stim,test
allen_vcnp_v2,mouse_demo,session_demo_02,unit_003,8.15,0.05,0,,-0.32652,visual_stim,test
allen_vcnp_v2,mouse_demo,session_demo_02,unit_003,8.2,0.05,0,,-0.407486,visual_stim,test
allen_vcnp_v2,mouse_demo,session_demo_02,unit_003,8.25,0.05,0,,-0.485722,visual_stim,test
allen_vcnp_v2,mouse_demo,session_demo_02,unit_003,8.3,0.05,3,,-0.560535,visual_stim,test
allen_vcnp_v2,mouse_demo,session_demo_02,unit_003,8.35,0.05,0,,-0.631259,visual_stim,test
allen_vcnp_v2,mouse_demo,session_demo_02,unit_003,8.4,0.05,0,,-0.697269,visual_stim,test
allen_vcnp_v2,mouse_demo,session_demo_02,unit_003,8.45,0.05,1,,-0.757977,visual_stim,test
allen_vcnp_v2,mouse_demo,session_demo_02,unit_003,8.5,0.05,0,,-0.812845,visual_stim,test
allen_vcnp_v2,mouse_demo,session_demo_02,unit_003,8.55,0.05,0,,-0.861385,visual_stim,test
allen_vcnp_v2,mouse_demo,session_demo_02,unit_003,8.6,0.05,0,,-0.903168,visual_stim,test
allen_vcnp_v2,mouse_demo,session_demo_02,unit_003,8.65,0.05,0,,-0.937821,visual_stim,test
allen_vcnp_v2,mouse_demo,session_demo_02,unit_003,8.7,0.05,1,,-0.965038,visual_stim,test
allen_vcnp_v2,mouse_demo,session_demo_02,unit_003,8.75,0.05,0,,-0.984577,visual_stim,test
allen_vcnp_v2,mouse_demo,session_demo_02,unit_003,8.8,0.05,0,,-0.996264,visual_stim,test
allen_vcnp_v2,mouse_demo,session_demo_02,unit_003,8.85,0.05,0,,-0.999996,visual_stim,test
allen_vcnp_v2,mouse_demo,session_demo_02,unit_003,8.9,0.05,1,,-0.995739,visual_stim,test
allen_vcnp_v2,mouse_demo,session_demo_02,unit_003,8.95,0.05,1,,-0.983532,visual_stim,test
allen_vcnp_v2,mouse_demo,session_demo_02,unit_003,9.0,0.05,1,,-0.963482,visual_stim,test
allen_vcnp_v2,mouse_demo,session_demo_02,unit_003,9.05,0.05,1,,-0.935769,visual_stim,test
allen_vcnp_v2,mouse_demo,session_demo_02,unit_003,9.1,0.05,0,,-0.900636,visual_stim,test
allen_vcnp_v2,mouse_demo,session_demo_02,unit_003,9.15,0.05,1,,-0.858398,visual_stim,test
allen_vcnp_v2,mouse_demo,session_demo_02,unit_003,9.2,0.05,0,,-0.809428,visual_stim,test
allen_vcnp_v2,mouse_demo,session_demo_02,unit_003,9.25,0.05,0,,-0.75416,visual_stim,test
allen_vcnp_v2,mouse_demo,session_demo_02,unit_003,9.3,0.05,0,,-0.693087,visual_stim,test
allen_vcnp_v2,mouse_demo,session_demo_02,unit_003,9.35,0.05,2,,-0.626749,visual_stim,test
allen_vcnp_v2,mouse_demo,session_demo_02,unit_003,9.4,0.05,0,,-0.555736,visual_stim,test
allen_vcnp_v2,mouse_demo,session_demo_02,unit_003,9.45,0.05,0,,-0.480677,visual_stim,test
allen_vcnp_v2,mouse_demo,session_demo_02,unit_003,9.5,0.05,0,,-0.40224,visual_stim,test
allen_vcnp_v2,mouse_demo,session_demo_02,unit_003,9.55,0.05,1,,-0.32112,visual_stim,test
allen_vcnp_v2,mouse_demo,session_demo_02,unit_003,9.6,0.05,1,,-0.238037,visual_stim,test
allen_vcnp_v2,mouse_demo,session_demo_02,unit_003,9.65,0.05,1,,-0.153729,visual_stim,test
allen_vcnp_v2,mouse_demo,session_demo_02,unit_003,9.7,0.05,0,,-0.068944,visual_stim,test
allen_vcnp_v2,mouse_demo,session_demo_02,unit_003,9.75,0.05,0,,0.015565,visual_stim,test
allen_vcnp_v2,mouse_demo,session_demo_02,unit_003,9.8,0.05,1,,0.099048,visual_stim,test
allen_vcnp_v2,mouse_demo,session_demo_02,unit_003,9.85,0.05,0,,0.180765,visual_stim,test
allen_vcnp_v2,mouse_demo,session_demo_02,unit_003,9.9,0.05,2,,0.25999,visual_stim,test
allen_vcnp_v2,mouse_demo,session_demo_02,unit_003,9.95,0.05,0,,0.336019,visual_stim,test
allen_vcnp_v2,mouse_demo,session_demo_02,unit_003,10.0,0.05,2,,0.408178,visual_stim,test
allen_vcnp_v2,mouse_demo,session_demo_02,unit_003,10.05,0.05,0,,0.475827,visual_stim,test
allen_vcnp_v2,mouse_demo,session_demo_02,unit_003,10.1,0.05,3,,0.538364,visual_stim,test
allen_vcnp_v2,mouse_demo,session_demo_02,unit_003,10.15,0.05,0,,0.595236,visual_stim,test
allen_vcnp_v2,mouse_demo,session_demo_02,unit_003,10.2,0.05,1,,0.645936,visual_stim,test
allen_vcnp_v2,mouse_demo,session_demo_02,unit_003,10.25,0.05,1,,0.690015,visual_stim,test
allen_vcnp_v2,mouse_demo,session_demo_02,unit_003,10.3,0.05,0,,0.727082,visual_stim,test
allen_vcnp_v2,mouse_demo,session_demo_02,unit_003,10.35,0.05,0,,0.756808,visual_stim,test
allen_vcnp_v2,mouse_demo,session_demo_02,unit_003,10.4,0.05,1,,0.778929,visual_stim,test
allen_vcnp_v2,mouse_demo,session_demo_02,unit_003,10.45,0.05,2,,0.793248,visual_stim,test
allen_vcnp_v2,mouse_demo,session_demo_02,unit_003,10.5,0.05,0,,0.799639,visual_stim,test
allen_vcnp_v2,mouse_demo,session_demo_02,unit_003,10.55,0.05,0,,0.798045,visual_stim,test
allen_vcnp_v2,mouse_demo,session_demo_02,unit_003,10.6,0.05,1,,0.788479,visual_stim,test
allen_vcnp_v2,mouse_demo,session_demo_02,unit_003,10.65,0.05,0,,0.771027,visual_stim,test
allen_vcnp_v2,mouse_demo,session_demo_02,unit_003,10.7,0.05,1,,0.745844,visual_stim,test
allen_vcnp_v2,mouse_demo,session_demo_02,unit_003,10.75,0.05,2,,0.713154,visual_stim,test
allen_vcnp_v2,mouse_demo,session_demo_02,unit_003,10.8,0.05,1,,0.673245,visual_stim,test
allen_vcnp_v2,mouse_demo,session_demo_02,unit_003,10.85,0.05,1,,0.626473,visual_stim,test
allen_vcnp_v2,mouse_demo,session_demo_02,unit_003,10.9,0.05,0,,0.573253,visual_stim,test
allen_vcnp_v2,mouse_demo,session_demo_02,unit_003,10.95,0.05,0,,0.514057,visual_stim,test
allen_vcnp_v2,mouse_demo,session_demo_02,unit_003,11.0,0.05,1,,0.449411,visual_stim,test
allen_vcnp_v2,mouse_demo,session_demo_02,unit_003,11.05,0.05,0,,0.379888,visual_stim,test
allen_vcnp_v2,mouse_demo,session_demo_02,unit_003,11.1,0.05,2,,0.306106,visual_stim,test
allen_vcnp_v2,mouse_demo,session_demo_02,unit_003,11.15,0.05,0,,0.228719,visual_stim,test
allen_vcnp_v2,mouse_demo,session_demo_02,unit_003,11.2,0.05,0,,0.148414,visual_stim,test
allen_vcnp_v2,mouse_demo,session_demo_02,unit_003,11.25,0.05,0,,0.065904,visual_stim,test
allen_vcnp_v2,mouse_demo,session_demo_02,unit_003,11.3,0.05,0,,-0.018078,visual_stim,test
allen_vcnp_v2,mouse_demo,session_demo_02,unit_003,11.35,0.05,0,,-0.102788,visual_stim,test
allen_vcnp_v2,mouse_demo,session_demo_02,unit_003,11.4,0.05,0,,-0.187472,visual_stim,test
allen_vcnp_v2,mouse_demo,session_demo_02,unit_003,11.45,0.05,1,,-0.271381,visual_stim,test
allen_vcnp_v2,mouse_demo,session_demo_02,unit_003,11.5,0.05,1,,-0.353768,visual_stim,test
allen_vcnp_v2,mouse_demo,session_demo_02,unit_003,11.55,0.05,1,,-0.433902,visual_stim,test
allen_vcnp_v2,mouse_demo,session_demo_02,unit_003,11.6,0.05,0,,-0.511073,visual_stim,test
allen_vcnp_v2,mouse_demo,session_demo_02,unit_003,11.65,0.05,1,,-0.584595,visual_stim,test
allen_vcnp_v2,mouse_demo,session_demo_02,unit_003,11.7,0.05,2,,-0.653816,visual_stim,test
allen_vcnp_v2,mouse_demo,session_demo_02,unit_003,11.75,0.05,1,,-0.718122,visual_stim,test
allen_vcnp_v2,mouse_demo,session_demo_02,unit_003,11.8,0.05,1,,-0.77694,visual_stim,test
allen_vcnp_v2,mouse_demo,session_demo_02,unit_003,11.85,0.05,0,,-0.82975,visual_stim,test
allen_vcnp_v2,mouse_demo,session_demo_02,unit_003,11.9,0.05,1,,-0.876083,visual_stim,test
allen_vcnp_v2,mouse_demo,session_demo_02,unit_003,11.95,0.05,0,,-0.915527,visual_stim,test
allen_vcnp_v2,mouse_demo,session_demo_02,unit_003,12.0,0.05,0,,-0.947733,visual_stim,test
allen_vcnp_v2,mouse_demo,session_demo_02,unit_003,12.05,0.05,0,,-0.972414,visual_stim,test
allen_vcnp_v2,mouse_demo,session_demo_02,unit_003,12.1,0.05,2,,-0.989351,visual_stim,test
allen_vcnp_v2,mouse_demo,session_demo_02,unit_003,12.15,0.05,0,,-0.998395,visual_stim,test
allen_vcnp_v2,mouse_demo,session_demo_02,unit_003,12.2,0.05,0,,-0.999464,visual_stim,test
allen_vcnp_v2,mouse_demo,session_demo_02,unit_003,12.25,0.05,0,,-0.99255,visual_stim,test
allen_vcnp_v2,mouse_demo,session_demo_02,unit_003,12.3,0.05,0,,-0.977713,visual_stim,test
allen_vcnp_v2,mouse_demo,session_demo_02,unit_003,12.35,0.05,0,,-0.955085,visual_stim,test
allen_vcnp_v2,mouse_demo,session_demo_02,unit_003,12.4,0.05,0,,-0.924868,visual_stim,test
allen_vcnp_v2,mouse_demo,session_demo_02,unit_003,12.45,0.05,1,,-0.887329,visual_stim,test
allen_vcnp_v2,mouse_demo,session_demo_02,unit_003,12.5,0.05,1,,-0.842802,visual_stim,test
allen_vcnp_v2,mouse_demo,session_demo_02,unit_003,12.55,0.05,0,,-0.791682,visual_stim,test
allen_vcnp_v2,mouse_demo,session_demo_02,unit_003,12.6,0.05,0,,-0.734422,visual_stim,test
allen_vcnp_v2,mouse_demo,session_demo_02,unit_003,12.65,0.05,0,,-0.671531,visual_stim,test
allen_vcnp_v2,mouse_demo,session_demo_02,unit_003,12.7,0.05,1,,-0.603567,visual_stim,test
allen_vcnp_v2,mouse_demo,session_demo_02,unit_003,12.75,0.05,0,,-0.531133,visual_stim,test
allen_vcnp_v2,mouse_demo,session_demo_02,unit_003,12.8,0.05,0,,-0.454873,visual_stim,test
allen_vcnp_v2,mouse_demo,session_demo_02,unit_003,12.85,0.05,0,,-0.375463,visual_stim,test
allen_vcnp_v2,mouse_demo,session_demo_02,unit_003,12.9,0.05,0,,-0.293607,visual_stim,test
allen_vcnp_v2,mouse_demo,session_demo_02,unit_003,12.95,0.05,1,,-0.210034,visual_stim,test
allen_vcnp_v2,mouse_demo,session_demo_02,unit_003,13.0,0.05,2,,-0.125483,visual_stim,test
allen_vcnp_v2,mouse_demo,session_demo_02,unit_003,13.05,0.05,0,,-0.040707,visual_stim,test
allen_vcnp_v2,mouse_demo,session_demo_02,unit_003,13.1,0.05,1,,0.043544,visual_stim,test
allen_vcnp_v2,mouse_demo,session_demo_02,unit_003,13.15,0.05,1,,0.12652,visual_stim,test
allen_vcnp_v2,mouse_demo,session_demo_02,unit_003,13.2,0.05,0,,0.207486,visual_stim,test
allen_vcnp_v2,mouse_demo,session_demo_02,unit_003,13.25,0.05,0,,0.285722,visual_stim,test
allen_vcnp_v2,mouse_demo,session_demo_02,unit_003,13.3,0.05,0,,0.360535,visual_stim,test
allen_vcnp_v2,mouse_demo,session_demo_02,unit_003,13.35,0.05,1,,0.431259,visual_stim,test
allen_vcnp_v2,mouse_demo,session_demo_02,unit_003,13.4,0.05,0,,0.497269,visual_stim,test
allen_vcnp_v2,mouse_demo,session_demo_02,unit_003,13.45,0.05,0,,0.557977,visual_stim,test
allen_vcnp_v2,mouse_demo,session_demo_02,unit_003,13.5,0.05,0,,0.612845,visual_stim,test
allen_vcnp_v2,mouse_demo,session_demo_02,unit_003,13.55,0.05,1,,0.661385,visual_stim,test
allen_vcnp_v2,mouse_demo,session_demo_02,unit_003,13.6,0.05,0,,0.703168,visual_stim,test
allen_vcnp_v2,mouse_demo,session_demo_02,unit_003,13.65,0.05,1,,0.737821,visual_stim,test
allen_vcnp_v2,mouse_demo,session_demo_02,unit_003,13.7,0.05,0,,0.765038,visual_stim,test
allen_vcnp_v2,mouse_demo,session_demo_02,unit_003,13.75,0.05,1,,0.784577,visual_stim,test
allen_vcnp_v2,mouse_demo,session_demo_02,unit_003,13.8,0.05,0,,0.796264,visual_stim,test
allen_vcnp_v2,mouse_demo,session_demo_02,unit_003,13.85,0.05,0,,0.799996,visual_stim,test
allen_vcnp_v2,mouse_demo,session_demo_02,unit_003,13.9,0.05,1,,0.795739,visual_stim,test
allen_vcnp_v2,mouse_demo,session_demo_02,unit_003,13.95,0.05,0,,0.783532,visual_stim,test
allen_vcnp_v2,mouse_demo,session_demo_02,unit_003,14.0,0.05,1,,0.763482,visual_stim,test
allen_vcnp_v2,mouse_demo,session_demo_02,unit_003,14.05,0.05,2,,0.735769,visual_stim,test
allen_vcnp_v2,mouse_demo,session_demo_02,unit_003,14.1,0.05,3,,0.700636,visual_stim,test
allen_vcnp_v2,mouse_demo,session_demo_02,unit_003,14.15,0.05,1,,0.658398,visual_stim,test
allen_vcnp_v2,mouse_demo,session_demo_02,unit_003,14.2,0.05,3,,0.609428,visual_stim,test
allen_vcnp_v2,mouse_demo,session_demo_02,unit_003,14.25,0.05,1,,0.55416,visual_stim,test
allen_vcnp_v2,mouse_demo,session_demo_02,unit_003,14.3,0.05,1,,0.493087,visual_stim,test
allen_vcnp_v2,mouse_demo,session_demo_02,unit_003,14.35,0.05,0,,0.426749,visual_stim,test
allen_vcnp_v2,mouse_demo,session_demo_02,unit_003,14.4,0.05,0,,0.355736,visual_stim,test
allen_vcnp_v2,mouse_demo,session_demo_02,unit_003,14.45,0.05,0,,0.280677,visual_stim,test
allen_vcnp_v2,mouse_demo,session_demo_02,unit_003,14.5,0.05,1,,0.20224,visual_stim,test
allen_vcnp_v2,mouse_demo,session_demo_02,unit_003,14.55,0.05,1,,0.12112,visual_stim,test
allen_vcnp_v2,mouse_demo,session_demo_02,unit_003,14.6,0.05,0,,0.038037,visual_stim,test
allen_vcnp_v2,mouse_demo,session_demo_02,unit_003,14.65,0.05,0,,-0.046271,visual_stim,test
allen_vcnp_v2,mouse_demo,session_demo_02,unit_003,14.7,0.05,1,,-0.131056,visual_stim,test
allen_vcnp_v2,mouse_demo,session_demo_02,unit_003,14.75,0.05,0,,-0.215565,visual_stim,test
allen_vcnp_v2,mouse_demo,session_demo_02,unit_003,14.8,0.05,0,,-0.299048,visual_stim,test
allen_vcnp_v2,mouse_demo,session_demo_02,unit_003,14.85,0.05,1,,-0.380765,visual_stim,test
allen_vcnp_v2,mouse_demo,session_demo_02,unit_003,14.9,0.05,0,,-0.45999,visual_stim,test
allen_vcnp_v2,mouse_demo,session_demo_02,unit_003,14.95,0.05,0,,-0.536019,visual_stim,test
allen_vcnp_v2,mouse_demo,session_demo_02,unit_003,15.0,0.05,0,,-0.308178,visual_stim,test
allen_vcnp_v2,mouse_demo,session_demo_02,unit_003,15.05,0.05,0,,-0.375827,visual_stim,test
allen_vcnp_v2,mouse_demo,session_demo_02,unit_003,15.1,0.05,3,,-0.438364,visual_stim,test
allen_vcnp_v2,mouse_demo,session_demo_02,unit_003,15.15,0.05,0,,-0.495236,visual_stim,test
allen_vcnp_v2,mouse_demo,session_demo_02,unit_003,15.2,0.05,0,,-0.545936,visual_stim,test
allen_vcnp_v2,mouse_demo,session_demo_02,unit_003,15.25,0.05,1,,-0.590015,visual_stim,test
allen_vcnp_v2,mouse_demo,session_demo_02,unit_003,15.3,0.05,0,,-0.627082,visual_stim,test
allen_vcnp_v2,mouse_demo,session_demo_02,unit_003,15.35,0.05,0,,-0.656808,visual_stim,test
allen_vcnp_v2,mouse_demo,session_demo_02,unit_003,15.4,0.05,0,,-0.678929,visual_stim,test
allen_vcnp_v2,mouse_demo,session_demo_02,unit_003,15.45,0.05,1,,-0.693248,visual_stim,test
allen_vcnp_v2,mouse_demo,session_demo_02,unit_003,15.5,0.05,0,,-0.699639,visual_stim,test
allen_vcnp_v2,mouse_demo,session_demo_02,unit_003,15.55,0.05,0,,-0.698045,visual_stim,test
allen_vcnp_v2,mouse_demo,session_demo_02,unit_003,15.6,0.05,0,,-0.688479,visual_stim,test
allen_vcnp_v2,mouse_demo,session_demo_02,unit_003,15.65,0.05,0,,-0.671027,visual_stim,test
allen_vcnp_v2,mouse_demo,session_demo_02,unit_003,15.7,0.05,2,,-0.645844,visual_stim,test
allen_vcnp_v2,mouse_demo,session_demo_02,unit_003,15.75,0.05,1,,-0.613154,visual_stim,test
allen_vcnp_v2,mouse_demo,session_demo_02,unit_003,15.8,0.05,0,,-0.573245,visual_stim,test
allen_vcnp_v2,mouse_demo,session_demo_02,unit_003,15.85,0.05,1,,-0.526473,visual_stim,test
allen_vcnp_v2,mouse_demo,session_demo_02,unit_003,15.9,0.05,0,,-0.473253,visual_stim,test
allen_vcnp_v2,mouse_demo,session_demo_02,unit_003,15.95,0.05,0,,-0.414057,visual_stim,test
allen_vcnp_v2,mouse_demo,session_demo_02,unit_003,16.0,0.05,0,,-0.349411,visual_stim,test
allen_vcnp_v2,mouse_demo,session_demo_02,unit_003,16.05,0.05,0,,-0.279888,visual_stim,test
allen_vcnp_v2,mouse_demo,session_demo_02,unit_003,16.1,0.05,1,,-0.206106,visual_stim,test
allen_vcnp_v2,mouse_demo,session_demo_02,unit_003,16.15,0.05,0,,-0.128719,visual_stim,test
allen_vcnp_v2,mouse_demo,session_demo_02,unit_003,16.2,0.05,0,,-0.048414,visual_stim,test
allen_vcnp_v2,mouse_demo,session_demo_02,unit_003,16.25,0.05,1,,0.034096,visual_stim,test
allen_vcnp_v2,mouse_demo,session_demo_02,unit_003,16.3,0.05,1,,0.118078,visual_stim,test
allen_vcnp_v2,mouse_demo,session_demo_02,unit_003,16.35,0.05,0,,0.202788,visual_stim,test
allen_vcnp_v2,mouse_demo,session_demo_02,unit_003,16.4,0.05,1,,0.287472,visual_stim,test
allen_vcnp_v2,mouse_demo,session_demo_02,unit_003,16.45,0.05,0,,0.371381,visual_stim,test
allen_vcnp_v2,mouse_demo,session_demo_02,unit_003,16.5,0.05,0,,0.453768,visual_stim,test
allen_vcnp_v2,mouse_demo,session_demo_02,unit_003,16.55,0.05,0,,0.533902,visual_stim,test
allen_vcnp_v2,mouse_demo,session_demo_02,unit_003,16.6,0.05,1,,0.611073,visual_stim,test
allen_vcnp_v2,mouse_demo,session_demo_02,unit_003,16.65,0.05,2,,0.684595,visual_stim,test
allen_vcnp_v2,mouse_demo,session_demo_02,unit_003,16.7,0.05,1,,0.753816,visual_stim,test
allen_vcnp_v2,mouse_demo,session_demo_02,unit_003,16.75,0.05,0,,0.818122,visual_stim,test
allen_vcnp_v2,mouse_demo,session_demo_02,unit_003,16.8,0.05,0,,0.87694,visual_stim,test
allen_vcnp_v2,mouse_demo,session_demo_02,unit_003,16.85,0.05,0,,0.92975,visual_stim,test
allen_vcnp_v2,mouse_demo,session_demo_02,unit_003,16.9,0.05,1,,0.976083,visual_stim,test
allen_vcnp_v2,mouse_demo,session_demo_02,unit_003,16.95,0.05,0,,1.015527,visual_stim,test
allen_vcnp_v2,mouse_demo,session_demo_02,unit_003,17.0,0.05,1,,1.047733,visual_stim,test
allen_vcnp_v2,mouse_demo,session_demo_02,unit_003,17.05,0.05,1,,1.072414,visual_stim,test
allen_vcnp_v2,mouse_demo,session_demo_02,unit_003,17.1,0.05,2,,1.089351,visual_stim,test
allen_vcnp_v2,mouse_demo,session_demo_02,unit_003,17.15,0.05,3,,1.098395,visual_stim,test
allen_vcnp_v2,mouse_demo,session_demo_02,unit_003,17.2,0.05,1,,1.099464,visual_stim,test
allen_vcnp_v2,mouse_demo,session_demo_02,unit_003,17.25,0.05,1,,1.09255,visual_stim,test
allen_vcnp_v2,mouse_demo,session_demo_02,unit_003,17.3,0.05,1,,1.077713,visual_stim,test
allen_vcnp_v2,mouse_demo,session_demo_02,unit_003,17.35,0.05,1,,1.055085,visual_stim,test
allen_vcnp_v2,mouse_demo,session_demo_02,unit_003,17.4,0.05,0,,1.024868,visual_stim,test
allen_vcnp_v2,mouse_demo,session_demo_02,unit_003,17.45,0.05,0,,0.987329,visual_stim,test
allen_vcnp_v2,mouse_demo,session_demo_02,unit_003,17.5,0.05,1,,0.942802,visual_stim,test
allen_vcnp_v2,mouse_demo,session_demo_02,unit_003,17.55,0.05,0,,0.891682,visual_stim,test
allen_vcnp_v2,mouse_demo,session_demo_02,unit_003,17.6,0.05,1,,0.834422,visual_stim,test
allen_vcnp_v2,mouse_demo,session_demo_02,unit_003,17.65,0.05,2,,0.771531,visual_stim,test
allen_vcnp_v2,mouse_demo,session_demo_02,unit_003,17.7,0.05,0,,0.703567,visual_stim,test
allen_vcnp_v2,mouse_demo,session_demo_02,unit_003,17.75,0.05,0,,0.631133,visual_stim,test
allen_vcnp_v2,mouse_demo,session_demo_02,unit_003,17.8,0.05,0,,0.554873,visual_stim,test
allen_vcnp_v2,mouse_demo,session_demo_02,unit_003,17.85,0.05,0,,0.475463,visual_stim,test
allen_vcnp_v2,mouse_demo,session_demo_02,unit_003,17.9,0.05,0,,0.393607,visual_stim,test
allen_vcnp_v2,mouse_demo,session_demo_02,unit_003,17.95,0.05,0,,0.310034,visual_stim,test
allen_vcnp_v2,mouse_demo,session_demo_02,unit_003,18.0,0.05,1,,0.225483,visual_stim,test
allen_vcnp_v2,mouse_demo,session_demo_02,unit_003,18.05,0.05,1,,0.140707,visual_stim,test
allen_vcnp_v2,mouse_demo,session_demo_02,unit_003,18.1,0.05,1,,0.056456,visual_stim,test
allen_vcnp_v2,mouse_demo,session_demo_02,unit_003,18.15,0.05,0,,-0.02652,visual_stim,test
allen_vcnp_v2,mouse_demo,session_demo_02,unit_003,18.2,0.05,0,,-0.107486,visual_stim,test
allen_vcnp_v2,mouse_demo,session_demo_02,unit_003,18.25,0.05,0,,-0.185722,visual_stim,test
allen_vcnp_v2,mouse_demo,session_demo_02,unit_003,18.3,0.05,0,,-0.260535,visual_stim,test
allen_vcnp_v2,mouse_demo,session_demo_02,unit_003,18.35,0.05,0,,-0.331259,visual_stim,test
allen_vcnp_v2,mouse_demo,session_demo_02,unit_003,18.4,0.05,1,,-0.397269,visual_stim,test
allen_vcnp_v2,mouse_demo,session_demo_02,unit_003,18.45,0.05,0,,-0.457977,visual_stim,test
allen_vcnp_v2,mouse_demo,session_demo_02,unit_003,18.5,0.05,0,,-0.512845,visual_stim,test
allen_vcnp_v2,mouse_demo,session_demo_02,unit_003,18.55,0.05,1,,-0.561385,visual_stim,test
allen_vcnp_v2,mouse_demo,session_demo_02,unit_003,18.6,0.05,0,,-0.603168,visual_stim,test
allen_vcnp_v2,mouse_demo,session_demo_02,unit_003,18.65,0.05,3,,-0.637821,visual_stim,test
allen_vcnp_v2,mouse_demo,session_demo_02,unit_003,18.7,0.05,0,,-0.665038,visual_stim,test
allen_vcnp_v2,mouse_demo,session_demo_02,unit_003,18.75,0.05,0,,-0.684577,visual_stim,test
allen_vcnp_v2,mouse_demo,session_demo_02,unit_003,18.8,0.05,1,,-0.696264,visual_stim,test
allen_vcnp_v2,mouse_demo,session_demo_02,unit_003,18.85,0.05,0,,-0.699996,visual_stim,test
allen_vcnp_v2,mouse_demo,session_demo_02,unit_003,18.9,0.05,1,,-0.695739,visual_stim,test
allen_vcnp_v2,mouse_demo,session_demo_02,unit_003,18.95,0.05,1,,-0.683532,visual_stim,test
allen_vcnp_v2,mouse_demo,session_demo_02,unit_003,19.0,0.05,0,,-0.663482,visual_stim,test
allen_vcnp_v2,mouse_demo,session_demo_02,unit_003,19.05,0.05,2,,-0.635769,visual_stim,test
allen_vcnp_v2,mouse_demo,session_demo_02,unit_003,19.1,0.05,0,,-0.600636,visual_stim,test
allen_vcnp_v2,mouse_demo,session_demo_02,unit_003,19.15,0.05,0,,-0.558398,visual_stim,test
allen_vcnp_v2,mouse_demo,session_demo_02,unit_003,19.2,0.05,0,,-0.509428,visual_stim,test
allen_vcnp_v2,mouse_demo,session_demo_02,unit_003,19.25,0.05,1,,-0.45416,visual_stim,test
allen_vcnp_v2,mouse_demo,session_demo_02,unit_003,19.3,0.05,0,,-0.393087,visual_stim,test
allen_vcnp_v2,mouse_demo,session_demo_02,unit_003,19.35,0.05,1,,-0.326749,visual_stim,test
allen_vcnp_v2,mouse_demo,session_demo_02,unit_003,19.4,0.05,0,,-0.255736,visual_stim,test
allen_vcnp_v2,mouse_demo,session_demo_02,unit_003,19.45,0.05,0,,-0.180677,visual_stim,test
allen_vcnp_v2,mouse_demo,session_demo_02,unit_003,19.5,0.05,1,,-0.10224,visual_stim,test
allen_vcnp_v2,mouse_demo,session_demo_02,unit_003,19.55,0.05,0,,-0.02112,visual_stim,test
allen_vcnp_v2,mouse_demo,session_demo_02,unit_003,19.6,0.05,1,,0.061963,visual_stim,test
allen_vcnp_v2,mouse_demo,session_demo_02,unit_003,19.65,0.05,0,,0.146271,visual_stim,test
allen_vcnp_v2,mouse_demo,session_demo_02,unit_003,19.7,0.05,1,,0.231056,visual_stim,test
allen_vcnp_v2,mouse_demo,session_demo_02,unit_003,19.75,0.05,1,,0.315565,visual_stim,test
allen_vcnp_v2,mouse_demo,session_demo_02,unit_003,19.8,0.05,1,,0.399048,visual_stim,test
allen_vcnp_v2,mouse_demo,session_demo_02,unit_003,19.85,0.05,3,,0.480765,visual_stim,test
allen_vcnp_v2,mouse_demo,session_demo_02,unit_003,19.9,0.05,0,,0.55999,visual_stim,test
allen_vcnp_v2,mouse_demo,session_demo_02,unit_003,19.95,0.05,0,,0.636019,visual_stim,test
allen_vcnp_v2,mouse_demo,session_demo_02,unit_003,20.0,0.05,0,,0.408178,visual_stim,test
allen_vcnp_v2,mouse_demo,session_demo_02,unit_003,20.05,0.05,2,,0.475827,visual_stim,test
allen_vcnp_v2,mouse_demo,session_demo_02,unit_003,20.1,0.05,0,,0.538364,visual_stim,test
allen_vcnp_v2,mouse_demo,session_demo_02,unit_003,20.15,0.05,0,,0.595236,visual_stim,test
allen_vcnp_v2,mouse_demo,session_demo_02,unit_003,20.2,0.05,2,,0.645936,visual_stim,test
allen_vcnp_v2,mouse_demo,session_demo_02,unit_003,20.25,0.05,1,,0.690015,visual_stim,test
allen_vcnp_v2,mouse_demo,session_demo_02,unit_003,20.3,0.05,2,,0.727082,visual_stim,test
allen_vcnp_v2,mouse_demo,session_demo_02,unit_003,20.35,0.05,2,,0.756808,visual_stim,test
allen_vcnp_v2,mouse_demo,session_demo_02,unit_003,20.4,0.05,2,,0.778929,visual_stim,test
allen_vcnp_v2,mouse_demo,session_demo_02,unit_003,20.45,0.05,1,,0.793248,visual_stim,test
allen_vcnp_v2,mouse_demo,session_demo_02,unit_003,20.5,0.05,2,,0.799639,visual_stim,test
allen_vcnp_v2,mouse_demo,session_demo_02,unit_003,20.55,0.05,2,,0.798045,visual_stim,test
allen_vcnp_v2,mouse_demo,session_demo_02,unit_003,20.6,0.05,1,,0.788479,visual_stim,test
allen_vcnp_v2,mouse_demo,session_demo_02,unit_003,20.65,0.05,1,,0.771027,visual_stim,test
allen_vcnp_v2,mouse_demo,session_demo_02,unit_003,20.7,0.05,1,,0.745844,visual_stim,test
allen_vcnp_v2,mouse_demo,session_demo_02,unit_003,20.75,0.05,0,,0.713154,visual_stim,test
allen_vcnp_v2,mouse_demo,session_demo_02,unit_003,20.8,0.05,2,,0.673245,visual_stim,test
allen_vcnp_v2,mouse_demo,session_demo_02,unit_003,20.85,0.05,0,,0.626473,visual_stim,test
allen_vcnp_v2,mouse_demo,session_demo_02,unit_003,20.9,0.05,2,,0.573253,visual_stim,test
allen_vcnp_v2,mouse_demo,session_demo_02,unit_003,20.95,0.05,0,,0.514057,visual_stim,test
allen_vcnp_v2,mouse_demo,session_demo_02,unit_003,21.0,0.05,0,,0.449411,visual_stim,test
allen_vcnp_v2,mouse_demo,session_demo_02,unit_003,21.05,0.05,0,,0.379888,visual_stim,test
allen_vcnp_v2,mouse_demo,session_demo_02,unit_003,21.1,0.05,0,,0.306106,visual_stim,test
allen_vcnp_v2,mouse_demo,session_demo_02,unit_003,21.15,0.05,1,,0.228719,visual_stim,test
allen_vcnp_v2,mouse_demo,session_demo_02,unit_003,21.2,0.05,2,,0.148414,visual_stim,test
allen_vcnp_v2,mouse_demo,session_demo_02,unit_003,21.25,0.05,0,,0.065904,visual_stim,test
allen_vcnp_v2,mouse_demo,session_demo_02,unit_003,21.3,0.05,0,,-0.018078,visual_stim,test
allen_vcnp_v2,mouse_demo,session_demo_02,unit_003,21.35,0.05,0,,-0.102788,visual_stim,test
allen_vcnp_v2,mouse_demo,session_demo_02,unit_003,21.4,0.05,1,,-0.187472,visual_stim,test
allen_vcnp_v2,mouse_demo,session_demo_02,unit_003,21.45,0.05,2,,-0.271381,visual_stim,test
allen_vcnp_v2,mouse_demo,session_demo_02,unit_003,21.5,0.05,1,,-0.353768,visual_stim,test
allen_vcnp_v2,mouse_demo,session_demo_02,unit_003,21.55,0.05,2,,-0.433902,visual_stim,test
allen_vcnp_v2,mouse_demo,session_demo_02,unit_003,21.6,0.05,0,,-0.511073,visual_stim,test
allen_vcnp_v2,mouse_demo,session_demo_02,unit_003,21.65,0.05,0,,-0.584595,visual_stim,test
allen_vcnp_v2,mouse_demo,session_demo_02,unit_003,21.7,0.05,0,,-0.653816,visual_stim,test
allen_vcnp_v2,mouse_demo,session_demo_02,unit_003,21.75,0.05,0,,-0.718122,visual_stim,test
allen_vcnp_v2,mouse_demo,session_demo_02,unit_003,21.8,0.05,0,,-0.77694,visual_stim,test
allen_vcnp_v2,mouse_demo,session_demo_02,unit_003,21.85,0.05,0,,-0.82975,visual_stim,test
allen_vcnp_v2,mouse_demo,session_demo_02,unit_003,21.9,0.05,0,,-0.876083,visual_stim,test
allen_vcnp_v2,mouse_demo,session_demo_02,unit_003,21.95,0.05,0,,-0.915527,visual_stim,test
allen_vcnp_v2,mouse_demo,session_demo_02,unit_003,22.0,0.05,0,,-0.947733,visual_stim,test
allen_vcnp_v2,mouse_demo,session_demo_02,unit_003,22.05,0.05,0,,-0.972414,visual_stim,test
allen_vcnp_v2,mouse_demo,session_demo_02,unit_003,22.1,0.05,1,,-0.989351,visual_stim,test
allen_vcnp_v2,mouse_demo,session_demo_02,unit_003,22.15,0.05,0,,-0.998395,visual_stim,test
allen_vcnp_v2,mouse_demo,session_demo_02,unit_003,22.2,0.05,0,,-0.999464,visual_stim,test
allen_vcnp_v2,mouse_demo,session_demo_02,unit_003,22.25,0.05,2,,-0.99255,visual_stim,test
allen_vcnp_v2,mouse_demo,session_demo_02,unit_003,22.3,0.05,0,,-0.977713,visual_stim,test
allen_vcnp_v2,mouse_demo,session_demo_02,unit_003,22.35,0.05,0,,-0.955085,visual_stim,test
allen_vcnp_v2,mouse_demo,session_demo_02,unit_003,22.4,0.05,0,,-0.924868,visual_stim,test
allen_vcnp_v2,mouse_demo,session_demo_02,unit_003,22.45,0.05,0,,-0.887329,visual_stim,test
allen_vcnp_v2,mouse_demo,session_demo_02,unit_003,22.5,0.05,0,,-0.842802,visual_stim,test
allen_vcnp_v2,mouse_demo,session_demo_02,unit_003,22.55,0.05,0,,-0.791682,visual_stim,test
allen_vcnp_v2,mouse_demo,session_demo_02,unit_003,22.6,0.05,3,,-0.734422,visual_stim,test
allen_vcnp_v2,mouse_demo,session_demo_02,unit_003,22.65,0.05,1,,-0.671531,visual_stim,test
allen_vcnp_v2,mouse_demo,session_demo_02,unit_003,22.7,0.05,1,,-0.603567,visual_stim,test
allen_vcnp_v2,mouse_demo,session_demo_02,unit_003,22.75,0.05,0,,-0.531133,visual_stim,test
allen_vcnp_v2,mouse_demo,session_demo_02,unit_003,22.8,0.05,0,,-0.454873,visual_stim,test
allen_vcnp_v2,mouse_demo,session_demo_02,unit_003,22.85,0.05,1,,-0.375463,visual_stim,test
allen_vcnp_v2,mouse_demo,session_demo_02,unit_003,22.9,0.05,2,,-0.293607,visual_stim,test
allen_vcnp_v2,mouse_demo,session_demo_02,unit_003,22.95,0.05,1,,-0.210034,visual_stim,test
allen_vcnp_v2,mouse_demo,session_demo_02,unit_003,23.0,0.05,2,,-0.125483,visual_stim,test
allen_vcnp_v2,mouse_demo,session_demo_02,unit_003,23.05,0.05,0,,-0.040707,visual_stim,test
allen_vcnp_v2,mouse_demo,session_demo_02,unit_003,23.1,0.05,0,,0.043544,visual_stim,test
allen_vcnp_v2,mouse_demo,session_demo_02,unit_003,23.15,0.05,2,,0.12652,visual_stim,test
allen_vcnp_v2,mouse_demo,session_demo_02,unit_003,23.2,0.05,0,,0.207486,visual_stim,test
allen_vcnp_v2,mouse_demo,session_demo_02,unit_003,23.25,0.05,1,,0.285722,visual_stim,test
allen_vcnp_v2,mouse_demo,session_demo_02,unit_003,23.3,0.05,0,,0.360535,visual_stim,test
allen_vcnp_v2,mouse_demo,session_demo_02,unit_003,23.35,0.05,0,,0.431259,visual_stim,test
allen_vcnp_v2,mouse_demo,session_demo_02,unit_003,23.4,0.05,0,,0.497269,visual_stim,test
allen_vcnp_v2,mouse_demo,session_demo_02,unit_003,23.45,0.05,0,,0.557977,visual_stim,test
allen_vcnp_v2,mouse_demo,session_demo_02,unit_003,23.5,0.05,0,,0.612845,visual_stim,test
allen_vcnp_v2,mouse_demo,session_demo_02,unit_003,23.55,0.05,0,,0.661385,visual_stim,test
allen_vcnp_v2,mouse_demo,session_demo_02,unit_003,23.6,0.05,0,,0.703168,visual_stim,test
allen_vcnp_v2,mouse_demo,session_demo_02,unit_003,23.65,0.05,1,,0.737821,visual_stim,test
allen_vcnp_v2,mouse_demo,session_demo_02,unit_003,23.7,0.05,2,,0.765038,visual_stim,test
allen_vcnp_v2,mouse_demo,session_demo_02,unit_003,23.75,0.05,0,,0.784577,visual_stim,test
allen_vcnp_v2,mouse_demo,session_demo_02,unit_003,23.8,0.05,0,,0.796264,visual_stim,test
allen_vcnp_v2,mouse_demo,session_demo_02,unit_003,23.85,0.05,0,,0.799996,visual_stim,test
allen_vcnp_v2,mouse_demo,session_demo_02,unit_003,23.9,0.05,0,,0.795739,visual_stim,test
allen_vcnp_v2,mouse_demo,session_demo_02,unit_003,23.95,0.05,0,,0.783532,visual_stim,test
allen_vcnp_v2,mouse_demo,session_demo_02,unit_003,24.0,0.05,1,,0.763482,visual_stim,test
allen_vcnp_v2,mouse_demo,session_demo_02,unit_003,24.05,0.05,0,,0.735769,visual_stim,test
allen_vcnp_v2,mouse_demo,session_demo_02,unit_003,24.1,0.05,0,,0.700636,visual_stim,test
allen_vcnp_v2,mouse_demo,session_demo_02,unit_003,24.15,0.05,1,,0.658398,visual_stim,test
allen_vcnp_v2,mouse_demo,session_demo_02,unit_003,24.2,0.05,2,,0.609428,visual_stim,test
allen_vcnp_v2,mouse_demo,session_demo_02,unit_003,24.25,0.05,0,,0.55416,visual_stim,test
allen_vcnp_v2,mouse_demo,session_demo_02,unit_003,24.3,0.05,0,,0.493087,visual_stim,test
allen_vcnp_v2,mouse_demo,session_demo_02,unit_003,24.35,0.05,1,,0.426749,visual_stim,test
allen_vcnp_v2,mouse_demo,session_demo_02,unit_003,24.4,0.05,0,,0.355736,visual_stim,test
allen_vcnp_v2,mouse_demo,session_demo_02,unit_003,24.45,0.05,0,,0.280677,visual_stim,test
allen_vcnp_v2,mouse_demo,session_demo_02,unit_003,24.5,0.05,1,,0.20224,visual_stim,test
allen_vcnp_v2,mouse_demo,session_demo_02,unit_003,24.55,0.05,1,,0.12112,visual_stim,test
allen_vcnp_v2,mouse_demo,session_demo_02,unit_003,24.6,0.05,1,,0.038037,visual_stim,test
allen_vcnp_v2,mouse_demo,session_demo_02,unit_003,24.65,0.05,2,,-0.046271,visual_stim,test
allen_vcnp_v2,mouse_demo,session_demo_02,unit_003,24.7,0.05,0,,-0.131056,visual_stim,test
allen_vcnp_v2,mouse_demo,session_demo_02,unit_003,24.75,0.05,0,,-0.215565,visual_stim,test
allen_vcnp_v2,mouse_demo,session_demo_02,unit_003,24.8,0.05,0,,-0.299048,visual_stim,test
allen_vcnp_v2,mouse_demo,session_demo_02,unit_003,24.85,0.05,0,,-0.380765,visual_stim,test
allen_vcnp_v2,mouse_demo,session_demo_02,unit_003,24.9,0.05,0,,-0.45999,visual_stim,test
allen_vcnp_v2,mouse_demo,session_demo_02,unit_003,24.95,0.05,0,,-0.536019,visual_stim,test
allen_vcnp_v2,mouse_demo,session_demo_02,unit_003,25.0,0.05,0,,-0.608178,visual_stim,test
allen_vcnp_v2,mouse_demo,session_demo_02,unit_003,25.05,0.05,0,,-0.675827,visual_stim,test
allen_vcnp_v2,mouse_demo,session_demo_02,unit_003,25.1,0.05,2,,-0.738364,visual_stim,test
allen_vcnp_v2,mouse_demo,session_demo_02,unit_003,25.15,0.05,0,,-0.795236,visual_stim,test
allen_vcnp_v2,mouse_demo,session_demo_02,unit_003,25.2,0.05,0,,-0.845936,visual_stim,test
allen_vcnp_v2,mouse_demo,session_demo_02,unit_003,25.25,0.05,0,,-0.890015,visual_stim,test
allen_vcnp_v2,mouse_demo,session_demo_02,unit_003,25.3,0.05,1,,-0.927082,visual_stim,test
allen_vcnp_v2,mouse_demo,session_demo_02,unit_003,25.35,0.05,0,,-0.956808,visual_stim,test
allen_vcnp_v2,mouse_demo,session_demo_02,unit_003,25.4,0.05,2,,-0.978929,visual_stim,test
allen_vcnp_v2,mouse_demo,session_demo_02,unit_003,25.45,0.05,0,,-0.993248,visual_stim,test
allen_vcnp_v2,mouse_demo,session_demo_02,unit_003,25.5,0.05,2,,-0.999639,visual_stim,test
allen_vcnp_v2,mouse_demo,session_demo_02,unit_003,25.55,0.05,1,,-0.998045,visual_stim,test
allen_vcnp_v2,mouse_demo,session_demo_02,unit_003,25.6,0.05,0,,-0.988479,visual_stim,test
allen_vcnp_v2,mouse_demo,session_demo_02,unit_003,25.65,0.05,0,,-0.971027,visual_stim,test
allen_vcnp_v2,mouse_demo,session_demo_02,unit_003,25.7,0.05,1,,-0.945844,visual_stim,test
allen_vcnp_v2,mouse_demo,session_demo_02,unit_003,25.75,0.05,1,,-0.913154,visual_stim,test
allen_vcnp_v2,mouse_demo,session_demo_02,unit_003,25.8,0.05,0,,-0.873245,visual_stim,test
allen_vcnp_v2,mouse_demo,session_demo_02,unit_003,25.85,0.05,0,,-0.826473,visual_stim,test
allen_vcnp_v2,mouse_demo,session_demo_02,unit_003,25.9,0.05,1,,-0.773253,visual_stim,test
allen_vcnp_v2,mouse_demo,session_demo_02,unit_003,25.95,0.05,0,,-0.714057,visual_stim,test
allen_vcnp_v2,mouse_demo,session_demo_02,unit_003,26.0,0.05,1,,-0.649411,visual_stim,test
allen_vcnp_v2,mouse_demo,session_demo_02,unit_003,26.05,0.05,0,,-0.579888,visual_stim,test
allen_vcnp_v2,mouse_demo,session_demo_02,unit_003,26.1,0.05,0,,-0.506106,visual_stim,test
allen_vcnp_v2,mouse_demo,session_demo_02,unit_003,26.15,0.05,0,,-0.428719,visual_stim,test
allen_vcnp_v2,mouse_demo,session_demo_02,unit_003,26.2,0.05,0,,-0.348414,visual_stim,test
allen_vcnp_v2,mouse_demo,session_demo_02,unit_003,26.25,0.05,0,,-0.265904,visual_stim,test
allen_vcnp_v2,mouse_demo,session_demo_02,unit_003,26.3,0.05,0,,-0.181922,visual_stim,test
allen_vcnp_v2,mouse_demo,session_demo_02,unit_003,26.35,0.05,0,,-0.097212,visual_stim,test
allen_vcnp_v2,mouse_demo,session_demo_02,unit_003,26.4,0.05,0,,-0.012528,visual_stim,test
allen_vcnp_v2,mouse_demo,session_demo_02,unit_003,26.45,0.05,1,,0.071381,visual_stim,test
allen_vcnp_v2,mouse_demo,session_demo_02,unit_003,26.5,0.05,0,,0.153768,visual_stim,test
allen_vcnp_v2,mouse_demo,session_demo_02,unit_003,26.55,0.05,0,,0.233902,visual_stim,test
allen_vcnp_v2,mouse_demo,session_demo_02,unit_003,26.6,0.05,0,,0.311073,visual_stim,test
allen_vcnp_v2,mouse_demo,session_demo_02,unit_003,26.65,0.05,1,,0.384595,visual_stim,test
allen_vcnp_v2,mouse_demo,session_demo_02,unit_003,26.7,0.05,1,,0.453816,visual_stim,test
allen_vcnp_v2,mouse_demo,session_demo_02,unit_003,26.75,0.05,0,,0.518122,visual_stim,test
allen_vcnp_v2,mouse_demo,session_demo_02,unit_003,26.8,0.05,0,,0.57694,visual_stim,test
allen_vcnp_v2,mouse_demo,session_demo_02,unit_003,26.85,0.05,0,,0.62975,visual_stim,test
allen_vcnp_v2,mouse_demo,session_demo_02,unit_003,26.9,0.05,1,,0.676083,visual_stim,test
allen_vcnp_v2,mouse_demo,session_demo_02,unit_003,26.95,0.05,2,,0.715527,visual_stim,test
allen_vcnp_v2,mouse_demo,session_demo_02,unit_003,27.0,0.05,1,,0.747733,visual_stim,test
allen_vcnp_v2,mouse_demo,session_demo_02,unit_003,27.05,0.05,2,,0.772414,visual_stim,test
allen_vcnp_v2,mouse_demo,session_demo_02,unit_003,27.1,0.05,1,,0.789351,visual_stim,test
allen_vcnp_v2,mouse_demo,session_demo_02,unit_003,27.15,0.05,0,,0.798395,visual_stim,test
allen_vcnp_v2,mouse_demo,session_demo_02,unit_003,27.2,0.05,0,,0.799464,visual_stim,test
allen_vcnp_v2,mouse_demo,session_demo_02,unit_003,27.25,0.05,0,,0.79255,visual_stim,test
allen_vcnp_v2,mouse_demo,session_demo_02,unit_003,27.3,0.05,1,,0.777713,visual_stim,test
allen_vcnp_v2,mouse_demo,session_demo_02,unit_003,27.35,0.05,0,,0.755085,visual_stim,test
allen_vcnp_v2,mouse_demo,session_demo_02,unit_003,27.4,0.05,0,,0.724868,visual_stim,test
allen_vcnp_v2,mouse_demo,session_demo_02,unit_003,27.45,0.05,0,,0.687329,visual_stim,test
allen_vcnp_v2,mouse_demo,session_demo_02,unit_003,27.5,0.05,1,,0.642802,visual_stim,test
allen_vcnp_v2,mouse_demo,session_demo_02,unit_003,27.55,0.05,0,,0.591682,visual_stim,test
allen_vcnp_v2,mouse_demo,session_demo_02,unit_003,27.6,0.05,0,,0.534422,visual_stim,test
allen_vcnp_v2,mouse_demo,session_demo_02,unit_003,27.65,0.05,0,,0.471531,visual_stim,test
allen_vcnp_v2,mouse_demo,session_demo_02,unit_003,27.7,0.05,0,,0.403567,visual_stim,test
allen_vcnp_v2,mouse_demo,session_demo_02,unit_003,27.75,0.05,1,,0.331133,visual_stim,test
allen_vcnp_v2,mouse_demo,session_demo_02,unit_003,27.8,0.05,0,,0.254873,visual_stim,test
allen_vcnp_v2,mouse_demo,session_demo_02,unit_003,27.85,0.05,0,,0.175463,visual_stim,test
allen_vcnp_v2,mouse_demo,session_demo_02,unit_003,27.9,0.05,0,,0.093607,visual_stim,test
allen_vcnp_v2,mouse_demo,session_demo_02,unit_003,27.95,0.05,0,,0.010034,visual_stim,test
allen_vcnp_v2,mouse_demo,session_demo_02,unit_003,28.0,0.05,2,,-0.074517,visual_stim,test
allen_vcnp_v2,mouse_demo,session_demo_02,unit_003,28.05,0.05,0,,-0.159293,visual_stim,test
allen_vcnp_v2,mouse_demo,session_demo_02,unit_003,28.1,0.05,0,,-0.243544,visual_stim,test
allen_vcnp_v2,mouse_demo,session_demo_02,unit_003,28.15,0.05,1,,-0.32652,visual_stim,test
allen_vcnp_v2,mouse_demo,session_demo_02,unit_003,28.2,0.05,0,,-0.407486,visual_stim,test
allen_vcnp_v2,mouse_demo,session_demo_02,unit_003,28.25,0.05,2,,-0.485722,visual_stim,test
allen_vcnp_v2,mouse_demo,session_demo_02,unit_003,28.3,0.05,0,,-0.560535,visual_stim,test
allen_vcnp_v2,mouse_demo,session_demo_02,unit_003,28.35,0.05,0,,-0.631259,visual_stim,test
allen_vcnp_v2,mouse_demo,session_demo_02,unit_003,28.4,0.05,0,,-0.697269,visual_stim,test
allen_vcnp_v2,mouse_demo,session_demo_02,unit_003,28.45,0.05,0,,-0.757977,visual_stim,test
allen_vcnp_v2,mouse_demo,session_demo_02,unit_003,28.5,0.05,1,,-0.812845,visual_stim,test
allen_vcnp_v2,mouse_demo,session_demo_02,unit_003,28.55,0.05,0,,-0.861385,visual_stim,test
allen_vcnp_v2,mouse_demo,session_demo_02,unit_003,28.6,0.05,0,,-0.903168,visual_stim,test
allen_vcnp_v2,mouse_demo,session_demo_02,unit_003,28.65,0.05,0,,-0.937821,visual_stim,test
allen_vcnp_v2,mouse_demo,session_demo_02,unit_003,28.7,0.05,1,,-0.965038,visual_stim,test
allen_vcnp_v2,mouse_demo,session_demo_02,unit_003,28.75,0.05,0,,-0.984577,visual_stim,test
allen_vcnp_v2,mouse_demo,session_demo_02,unit_003,28.8,0.05,1,,-0.996264,visual_stim,test
allen_vcnp_v2,mouse_demo,session_demo_02,unit_003,28.85,0.05,0,,-0.999996,visual_stim,test
allen_vcnp_v2,mouse_demo,session_demo_02,unit_003,28.9,0.05,1,,-0.995739,visual_stim,test
allen_vcnp_v2,mouse_demo,session_demo_02,unit_003,28.95,0.05,0,,-0.983532,visual_stim,test
allen_vcnp_v2,mouse_demo,session_demo_02,unit_003,29.0,0.05,1,,-0.963482,visual_stim,test
allen_vcnp_v2,mouse_demo,session_demo_02,unit_003,29.05,0.05,1,,-0.935769,visual_stim,test
allen_vcnp_v2,mouse_demo,session_demo_02,unit_003,29.1,0.05,1,,-0.900636,visual_stim,test
allen_vcnp_v2,mouse_demo,session_demo_02,unit_003,29.15,0.05,0,,-0.858398,visual_stim,test
allen_vcnp_v2,mouse_demo,session_demo_02,unit_003,29.2,0.05,0,,-0.809428,visual_stim,test
allen_vcnp_v2,mouse_demo,session_demo_02,unit_003,29.25,0.05,0,,-0.75416,visual_stim,test
allen_vcnp_v2,mouse_demo,session_demo_02,unit_003,29.3,0.05,0,,-0.693087,visual_stim,test
allen_vcnp_v2,mouse_demo,session_demo_02,unit_003,29.35,0.05,2,,-0.626749,visual_stim,test
allen_vcnp_v2,mouse_demo,session_demo_02,unit_003,29.4,0.05,0,,-0.555736,visual_stim,test
allen_vcnp_v2,mouse_demo,session_demo_02,unit_003,29.45,0.05,0,,-0.480677,visual_stim,test
allen_vcnp_v2,mouse_demo,session_demo_02,unit_003,29.5,0.05,2,,-0.40224,visual_stim,test
allen_vcnp_v2,mouse_demo,session_demo_02,unit_003,29.55,0.05,0,,-0.32112,visual_stim,test
allen_vcnp_v2,mouse_demo,session_demo_02,unit_003,29.6,0.05,0,,-0.238037,visual_stim,test
allen_vcnp_v2,mouse_demo,session_demo_02,unit_003,29.65,0.05,0,,-0.153729,visual_stim,test
allen_vcnp_v2,mouse_demo,session_demo_02,unit_003,29.7,0.05,0,,-0.068944,visual_stim,test
allen_vcnp_v2,mouse_demo,session_demo_02,unit_003,29.75,0.05,2,,0.015565,visual_stim,test
allen_vcnp_v2,mouse_demo,session_demo_02,unit_003,29.8,0.05,1,,0.099048,visual_stim,test
allen_vcnp_v2,mouse_demo,session_demo_02,unit_003,29.85,0.05,0,,0.180765,visual_stim,test
allen_vcnp_v2,mouse_demo,session_demo_02,unit_003,29.9,0.05,0,,0.25999,visual_stim,test
allen_vcnp_v2,mouse_demo,session_demo_02,unit_003,29.95,0.05,0,,0.336019,visual_stim,test
GSE286175,sample_000,GSE286175_batch_01,bulk,0.0,1.0,,0.42953,0.243624,control,train
GSE286175,sample_001,GSE286175_batch_01,bulk,1.0,1.0,,0.490915,0.292732,control,train
GSE286175,sample_002,GSE286175_batch_01,bulk,2.0,1.0,,0.431912,0.24553,control,train
GSE286175,sample_003,GSE286175_batch_01,bulk,3.0,1.0,,0.424795,0.239836,control,train
GSE286175,sample_004,GSE286175_batch_01,bulk,4.0,1.0,,0.375599,0.200479,control,train
GSE286175,sample_005,GSE286175_batch_01,bulk,5.0,1.0,,0.432936,0.246349,control,train
GSE286175,sample_006,GSE286175_batch_01,bulk,6.0,1.0,,0.538953,0.331163,control,train
GSE286175,sample_007,GSE286175_batch_01,bulk,7.0,1.0,,0.483932,0.287145,control,train
GSE286175,sample_008,GSE286175_batch_01,bulk,8.0,1.0,,0.53295,0.32636,control,train
GSE286175,sample_009,GSE286175_batch_01,bulk,9.0,1.0,,0.469912,0.27593,control,train
GSE286175,sample_010,GSE286175_batch_01,bulk,10.0,1.0,,0.481582,0.285265,control,train
GSE286175,sample_011,GSE286175_batch_01,bulk,11.0,1.0,,0.464826,0.271861,control,train
GSE286175,sample_012,GSE286175_batch_01,bulk,12.0,1.0,,0.316715,0.153372,control,train
GSE286175,sample_013,GSE286175_batch_01,bulk,13.0,1.0,,0.51842,0.314736,control,train
GSE286175,sample_014,GSE286175_batch_01,bulk,14.0,1.0,,0.490511,0.292409,control,train
GSE286175,sample_015,GSE286175_batch_01,bulk,15.0,1.0,,0.489905,0.291924,control,train
GSE286175,sample_016,GSE286175_batch_01,bulk,16.0,1.0,,0.314691,0.151753,control,train
GSE286175,sample_017,GSE286175_batch_01,bulk,17.0,1.0,,0.310489,0.148391,control,train
GSE286175,sample_018,GSE286175_batch_01,bulk,18.0,1.0,,0.378831,0.203065,control,train
GSE286175,sample_019,GSE286175_batch_01,bulk,19.0,1.0,,0.412545,0.230036,control,train
GSE286175,sample_020,GSE286175_batch_01,bulk,20.0,1.0,,0.730545,0.484436,mTOR_perturb,train
GSE286175,sample_021,GSE286175_batch_01,bulk,21.0,1.0,,0.695409,0.456327,mTOR_perturb,train
GSE286175,sample_022,GSE286175_batch_01,bulk,22.0,1.0,,0.752097,0.501678,mTOR_perturb,train
GSE286175,sample_023,GSE286175_batch_01,bulk,23.0,1.0,,0.635777,0.408621,mTOR_perturb,train
GSE286175,sample_024,GSE286175_batch_01,bulk,24.0,1.0,,0.73087,0.484696,mTOR_perturb,train
GSE286175,sample_025,GSE286175_batch_01,bulk,25.0,1.0,,0.739415,0.491532,mTOR_perturb,train
GSE286175,sample_026,GSE286175_batch_01,bulk,26.0,1.0,,0.633886,0.407109,mTOR_perturb,train
GSE286175,sample_027,GSE286175_batch_01,bulk,27.0,1.0,,0.871753,0.597402,mTOR_perturb,train
GSE286175,sample_028,GSE286175_batch_01,bulk,28.0,1.0,,0.755661,0.504529,mTOR_perturb,valid
GSE286175,sample_029,GSE286175_batch_01,bulk,29.0,1.0,,0.819701,0.55576,mTOR_perturb,valid
GSE286175,sample_030,GSE286175_batch_01,bulk,30.0,1.0,,0.637967,0.410373,mTOR_perturb,valid
GSE286175,sample_031,GSE286175_batch_01,bulk,31.0,1.0,,0.626048,0.400839,mTOR_perturb,valid
GSE286175,sample_032,GSE286175_batch_01,bulk,32.0,1.0,,0.665595,0.432476,mTOR_perturb,valid
GSE286175,sample_033,GSE286175_batch_01,bulk,33.0,1.0,,0.689358,0.451486,mTOR_perturb,valid
GSE286175,sample_034,GSE286175_batch_01,bulk,34.0,1.0,,0.763208,0.510566,mTOR_perturb,test
GSE286175,sample_035,GSE286175_batch_01,bulk,35.0,1.0,,0.724843,0.479874,mTOR_perturb,test
GSE286175,sample_036,GSE286175_batch_01,bulk,36.0,1.0,,0.655265,0.424212,mTOR_perturb,test
GSE286175,sample_037,GSE286175_batch_01,bulk,37.0,1.0,,0.604309,0.383447,mTOR_perturb,test
GSE286175,sample_038,GSE286175_batch_01,bulk,38.0,1.0,,0.647941,0.418353,mTOR_perturb,test
GSE286175,sample_039,GSE286175_batch_01,bulk,39.0,1.0,,0.822092,0.557674,mTOR_perturb,test
GSE247367,sample_000,GSE247367_batch_01,bulk,0.0,1.0,,0.374739,0.199792,WT,train
GSE247367,sample_001,GSE247367_batch_01,bulk,1.0,1.0,,0.467815,0.274252,WT,train
GSE247367,sample_002,GSE247367_batch_01,bulk,2.0,1.0,,0.553478,0.342783,WT,train
GSE247367,sample_003,GSE247367_batch_01,bulk,3.0,1.0,,0.572772,0.358218,WT,train
GSE247367,sample_004,GSE247367_batch_01,bulk,4.0,1.0,,0.544494,0.335595,WT,train
GSE247367,sample_005,GSE247367_batch_01,bulk,5.0,1.0,,0.453823,0.263058,WT,train
GSE247367,sample_006,GSE247367_batch_01,bulk,6.0,1.0,,0.476362,0.28109,WT,train
GSE247367,sample_007,GSE247367_batch_01,bulk,7.0,1.0,,0.430413,0.24433,WT,train
GSE247367,sample_008,GSE247367_batch_01,bulk,8.0,1.0,,0.345596,0.176477,WT,train
GSE247367,sample_009,GSE247367_batch_01,bulk,9.0,1.0,,0.412952,0.230362,WT,train
GSE247367,sample_010,GSE247367_batch_01,bulk,10.0,1.0,,0.52553,0.320424,WT,train
GSE247367,sample_011,GSE247367_batch_01,bulk,11.0,1.0,,0.469847,0.275877,WT,train
GSE247367,sample_012,GSE247367_batch_01,bulk,12.0,1.0,,0.424716,0.239773,WT,train
GSE247367,sample_013,GSE247367_batch_01,bulk,13.0,1.0,,0.365975,0.19278,WT,train
GSE247367,sample_014,GSE247367_batch_01,bulk,14.0,1.0,,0.442701,0.254161,WT,train
GSE247367,sample_015,GSE247367_batch_01,bulk,15.0,1.0,,0.403792,0.223033,WT,train
GSE247367,sample_016,GSE247367_batch_01,bulk,16.0,1.0,,0.45292,0.262336,WT,train
GSE247367,sample_017,GSE247367_batch_01,bulk,17.0,1.0,,0.488688,0.29095,WT,train
GSE247367,sample_018,GSE247367_batch_01,bulk,18.0,1.0,,0.2686,0.11488,WT,train
GSE247367,sample_019,GSE247367_batch_01,bulk,19.0,1.0,,0.442851,0.254281,WT,train
GSE247367,sample_020,GSE247367_batch_01,bulk,20.0,1.0,,0.554586,0.343669,TSC2_variant,train
GSE247367,sample_021,GSE247367_batch_01,bulk,21.0,1.0,,0.607168,0.385734,TSC2_variant,train
GSE247367,sample_022,GSE247367_batch_01,bulk,22.0,1.0,,0.576721,0.361377,TSC2_variant,train
GSE247367,sample_023,GSE247367_batch_01,bulk,23.0,1.0,,0.810536,0.548429,TSC2_variant,train
GSE247367,sample_024,GSE247367_batch_01,bulk,24.0,1.0,,0.766604,0.513283,TSC2_variant,train
GSE247367,sample_025,GSE247367_batch_01,bulk,25.0,1.0,,0.749466,0.499573,TSC2_variant,train
GSE247367,sample_026,GSE247367_batch_01,bulk,26.0,1.0,,0.626291,0.401033,TSC2_variant,train
GSE247367,sample_027,GSE247367_batch_01,bulk,27.0,1.0,,0.557038,0.345631,TSC2_variant,train
GSE247367,sample_028,GSE247367_batch_01,bulk,28.0,1.0,,0.662226,0.429781,TSC2_variant,valid
GSE247367,sample_029,GSE247367_batch_01,bulk,29.0,1.0,,0.720227,0.476182,TSC2_variant,valid
GSE247367,sample_030,GSE247367_batch_01,bulk,30.0,1.0,,0.692796,0.454237,TSC2_variant,valid
GSE247367,sample_031,GSE247367_batch_01,bulk,31.0,1.0,,0.768263,0.51461,TSC2_variant,valid
GSE247367,sample_032,GSE247367_batch_01,bulk,32.0,1.0,,0.664546,0.431637,TSC2_variant,valid
GSE247367,sample_033,GSE247367_batch_01,bulk,33.0,1.0,,0.878623,0.602898,TSC2_variant,valid
GSE247367,sample_034,GSE247367_batch_01,bulk,34.0,1.0,,0.765095,0.512076,TSC2_variant,test
GSE247367,sample_035,GSE247367_batch_01,bulk,35.0,1.0,,0.898151,0.618521,TSC2_variant,test
GSE247367,sample_036,GSE247367_batch_01,bulk,36.0,1.0,,0.724381,0.479505,TSC2_variant,test
GSE247367,sample_037,GSE247367_batch_01,bulk,37.0,1.0,,0.676924,0.441539,TSC2_variant,test
GSE247367,sample_038,GSE247367_batch_01,bulk,38.0,1.0,,0.615789,0.392631,TSC2_variant,test
GSE247367,sample_039,GSE247367_batch_01,bulk,39.0,1.0,,0.780266,0.524213,TSC2_variant,test
