author	exact_title	publication_year	volume	issue	pages	document_type	subfield	contemporaneous_review_status	technical_depth_availability	target_line_exclusion_status	full_text_status
	JSL volume 14 issue 4 Cover and Front matter	1950	14	4	f1-f6	cover/front/back matter	editorial/association apparatus				metadata only; full text not reached
Frederic B. Fitch	A further consistent extension of basic logic	1950	14	4	209-218	primary technical publication	proof theory and formal systems	in-block contemporaneous review entry immediately identified			metadata only; full text not reached
J. B. Rosser; A. R. Turquette	A note on the deductive completeness of m-valued propositional calculi	1950	14	4	219-225	primary technical publication	model theory and semantics	in-block contemporaneous review entry immediately identified			metadata only; full text not reached
R. M. Martin	A note on nominalistic syntax	1950	14	4	226-227	primary technical publication	philosophy, language, and inductive logic	in-block contemporaneous review entry immediately identified			metadata only; full text not reached
Nelson Goodman	An improvement in the theory of simplicity	1950	14	4	228-229	primary technical publication	unclassified from title metadata	in-block contemporaneous review entry immediately identified			metadata only; full text not reached
Sören Halldén	Results concerning the decision problem of Lewis's calculi S3 and S6	1950	14	4	230-236	primary technical publication	propositional, many-valued, and modal logic	in-block contemporaneous review entry immediately identified			metadata only; full text not reached
Paul Bernays	Rudolf Carnap. Meaning and necessity. A study in semantics and modal logic. The University of Chicago Press, Chicago1947, viii + 210 pp.	1950	14	4	237-241	review	model theory and semantics	review-of-record entry reached			metadata only; full text not reached
A. F. Bausch	E. P. Northrop, R. S. Fouch, I. R. Hershner, S. P. Hughart, W. S. Karush, J. S. Leech, D. M. Merriell, W. H. L. Meyer, H. F. Mist, A. L. Putnam, S. Sherman, G. F. Simmons, E. F. Trombley. Fundamental mathematics. Prepared for the general course Mathematics 1 in the College. Third edition, lithoprinted, vol. 1. The University of Chicago Press, Chicago1948, pp. vi, 1–281. - E. P. Northrop, R. S. Fouch, M. Friedman, S. P. Hughart, W. S. Karush, J. S. Leech, D. M. Merriell, W. H. L. Meyer, E. H. Ostrow, A. L. Putnam, G. F. Simmons, E. F. Trombley. Fundamental mathematics. Prepared for the general course Mathematics 1 in the College. Third edition, lithoprinted, vols. 2 and 3. The University of Chicago Press, Chicago1949, pp. v, 282–533; v, 534–921.	1950	14	4	242-243	review	unclassified from title metadata	review-of-record entry reached			metadata only; full text not reached
George L. Kline	L. P. Gokiéli. K problémé aksiomatizacii logiki (On the problem of the axiomatization of logic). Akadémiá Nauk Gruzinskoj SSR, Tiflis 1947, 86 pp. - L. P. Gokiéli. Matématičeskié rukopisi Karla Marksa i voprosy obosnovaniá matématiki (The mathematical manuscripts of Karl Marx and problems of the foundation of mathematics). Akadémiá Nauk Gruzinkoj SSR, Tiflis 1947, 111 pp.	1950	14	4	243-244	review	proof theory and formal systems	review-of-record entry reached			metadata only; full text not reached
Anders Wedberg	Leonard Nelson. Critical philosophy and mathematical axiomatics. English translation of 3711, 2, by Thomas K. Brown III. Socratic method and critical philosophy, Selected essays by Leonard Nelson, Yale University Press, New Haven1949, pp. 158–184. - Julius Kraft. Introduction. English translation of 3711, 2, by Thomas K. Brown III. Socratic method and critical philosophy, Selected essays by Leonard Nelson, Yale University Press, New Haven1949, pp. ix–xxii.	1950	14	4	244-246	review	proof theory and formal systems	review-of-record entry reached			metadata only; full text not reached
Carl G. Hempel	Kazimierz Ajdukiewicz. Epistemology and semiotic. Actes du Xme Congrès International de Philosophie (Amsterdam, 11–18 août, 1948)—Proceedings of the Tenth International Congress of Philosophy (Amsterdam, August 11–18, 1948), North-Holland Publishing Company, Amsterdam1949, pp. 607–609.	1950	14	4	246-247	review	philosophy, language, and inductive logic	review-of-record entry reached			metadata only; full text not reached
Paulette Destouches-Février	Paul Mouy. Logique et philosophie des sciences. Cours de philosophie, publié sous la direction de M. G. Davy. Librairie Hachette, Paris 1944 (réimprimé 1948), 249 pp.	1950	14	4	246-246	review	philosophy, language, and inductive logic	review-of-record entry reached			metadata only; full text not reached
Carl G. Hempel	G. Vaccarino. Dimensions of signs and metascience. Actes du Xme Congrès International de Philosophie (Amsterdam, 11–18 août, 1948)—Proceedings of the Tenth International Congress of Philosophy (Amsterdam, August 11–18, 1948), North-Holland Publishing Company, Amsterdam1949, pp. 668–670.	1950	14	4	247-247	review	philosophy, language, and inductive logic	review-of-record entry reached			metadata only; full text not reached
Carl G. Hempel	H.B. Curry. Languages and formal systems. Actes du Xme Congrès International de Philosophie (Amsterdam, 11–18 août, 1948)—Proceedings of the Tenth International Congress of Philosophy (Amsterdam, August 11–18, 1948), North-Holland Publishing Company, Amsterdam1949, pp. 770–772.	1950	14	4	247-247	review	proof theory and formal systems	review-of-record entry reached			metadata only; full text not reached
J. Barkley Rosser	J. Dopp. La notion d'existence dans la logique moderne. Actes du Xme Congrès International de Philosophie (Amsterdam, 11–18 août, 1948)—Proceedings of the Tenth International Congress of Philosophy (Amsterdam, August 11–18, 1948), North-Holland Publishing Company, Amsterdam1949, pp. 735–739.	1950	14	4	247-247	review	philosophy, language, and inductive logic	review-of-record entry reached			metadata only; full text not reached
Carl G. Hempel	J. Kotarbińska. Le physicalisme et les étapes de son évolution. Actes du Xme Congrès International de Philosophie (Amsterdam, 11–18 août, 1948)—Proceedings of the Tenth International Congress of Philosophy (Amsterdam, August 11–18, 1948), North-Holland Publishing Company, Amsterdam1949, pp. 636–639.	1950	14	4	247-247	review	philosophy, language, and inductive logic	review-of-record entry reached			metadata only; full text not reached
Carl G. Hempel	Maria Kokoszyńska. On a certain condition of a semantical theory of science. Actes du Xme Congrès International de Philosophie (Amsterdam, 11–18 août, 1948)—Proceedings of the Tenth International Congress of Philosophy (Amsterdam, August 11–18, 1948), North-Holland Publishing Company, Amsterdam1949, pp. 773–775.	1950	14	4	247-248	review	model theory and semantics	review-of-record entry reached			metadata only; full text not reached
J. Barkley Rosser	P. G. J. Vredenduin. The constructive method. Actes du Xme Congrès International de Philosophie (Amsterdam, 11–18 août, 1948)—Proceedings of the Tenth International Congress of Philosophy (Amsterdam, August 11–18, 1948), North-Holland Publishing Company, Amsterdam1949, pp. 749–751.	1950	14	4	247-247	review	philosophy, language, and inductive logic	review-of-record entry reached			metadata only; full text not reached
J. Barkley Rosser	Robert Feys. L'abstraction en logique formalisée. Actes du Xme Congrès International de Philosophie (Amsterdam, 11–18 août, 1948)—Proceedings of the Tenth International Congress of Philosophy (Amsterdam, August 11–18, 1948), North-Holland Publishing Company, Amsterdam1949, pp. 731–734.	1950	14	4	247-247	review	philosophy, language, and inductive logic	review-of-record entry reached			metadata only; full text not reached
Max Black	D. Rynin. Meaning and formation rules. Actes du Xme Congrès International de Philosophie (Amsterdam, 11–18 août, 1948)—Proceedings of the Tenth International Congress of Philosophy (Amsterdam, August 11–18, 1948), North-Holland Publishing Company, Amsterdam1949, pp. 782–784.	1950	14	4	248-248	review	philosophy, language, and inductive logic	review-of-record entry reached			metadata only; full text not reached
Carl G. Hempel	Georg Henrik von Wright. On confirmation. Actes du Xme Congrès International de Philosophie (Amsterdam, 11–18 août, 1948)—Proceedings of the Tenth International Congress of Philosophy (Amsterdam, August 11–18, 1948), North-Holland Publishing Company, Amsterdam1949, pp. 794–796.	1950	14	4	248-248	review	philosophy, language, and inductive logic	review-of-record entry reached			metadata only; full text not reached
Carl G. Hempel	Sigismond Zawirski. Observations sur la méthode des sciences de la nature. Actes du Xme Congrès International de Philosophie (Amsterdam, 11–18 août, 1948)—Proceedings of the Tenth International Congress of Philosophy (Amsterdam, August 11–18, 1948), North-Holland Publishing Company, Amsterdam1949, pp. 803–805.	1950	14	4	248-248	review	philosophy, language, and inductive logic	review-of-record entry reached			metadata only; full text not reached
Max Black	Zygmunt Zawirski. Uwagi o metodzie nauk przyrodniczych. Przeglad filozoficzny, vol. 44 (1948), pp. 315–318. - Jean Cavaillès. Sur la logique et la théorie de la science. Presses Universitaires de France, Paris1947, VIII + 78 pp. - G. Canguilhem and Ch. Ehresmann. Avertissement des éditeurs. Therein, pp. V–VIII.	1950	14	4	248-249	review	unclassified from title metadata	review-of-record entry reached			metadata only; full text not reached
Paul Ziff	Arthur Pap. Logical nonsense. Philosophy and phenomenological research, vol. 9 no. 2 (1948), pp. 269–283.	1950	14	4	249-250	review	philosophy, language, and inductive logic	review-of-record entry reached			metadata only; full text not reached
Max Black; Gustav Bergmann	Concerning Carnap's Definition of `Extensional' and `Intensional.'	1950	14	4	249	review	unclassified from title metadata	review-of-record entry reached			metadata only; full text not reached
Max Black	Felix Kaufmann. Rudolf Carnap's analysis of ‘truth.’Philosophy and phenomenological research, vol. 9 no. 2 (1948), pp. 294–299. - Rudolf Carnap. Reply to Felix Kaufmann. Philosophy and phenomenological research, vol. 9 no. 2 (1948), pp. 300–304.	1950	14	4	249-249	review	philosophy, language, and inductive logic	review-of-record entry reached			metadata only; full text not reached
Max Black	Felix Kaufmann. Three meanings of “truth.”The journal of philosophy, vol. 45 (1948), pp. 337–350.	1950	14	4	249-249	review	philosophy, language, and inductive logic	review-of-record entry reached			metadata only; full text not reached
Max Black	Morton G. White. On the Church-Frege solution of the paradox of analysis. Philosophy and phenomenological research, vol. 9 no. 2 (1948), pp. 305–308.	1950	14	4	249-249	review	proof theory and formal systems	review-of-record entry reached			metadata only; full text not reached
Max Black; Morton G. White	On the Church-Frege Solution of the Paradox of Analysis.	1950	14	4	249	review	proof theory and formal systems	review-of-record entry reached			metadata only; full text not reached
Mieczysław Choynowski	Everett J. Nelson. The relation of logic to metaphysics. The philosophical review, vol. 58 (1949), pp. 1–11. Reprinted, with addition of a Spanish abstract in Philosophy and phenomenological research, vol. 9 no. 3 (1949), pp. 609–619. - Alice Ambrose. Everett J. Nelson on “the relation of logic to metaphysics.”The philosophical review, vol. 58 (1949), pp. 12–15. - Everett W. Hall. The metaphysics of logic. The philosophical review, vol. 58 (1949), pp. 16–25. - Ernest Nagel. In defense of logic without metaphysics. The philosophical review, vol. 58 (1949), pp. 26–34.	1950	14	4	250-253	review	philosophy, language, and inductive logic	review-of-record entry reached			metadata only; full text not reached
Roderick M. Chisholm	Uuno Saarnio. Der Begriff des Guten. Theoria, vol. 14 (1948), pp. 68–83.	1950	14	4	250-250	review	unclassified from title metadata	review-of-record entry reached			metadata only; full text not reached
Robert E. Luce	Heinrich Scholz. Logik, Grammatik, Metaphysik. Archiv für Rechts- und Sozial-Philosophie, vol. 36, no. 3 (1944), pp. 393–433. Reprinted in Archiv für Philosophie (Stuttgart), no. 1 (1947), pp. 39–80.	1950	14	4	253-254	review	philosophy, language, and inductive logic	review-of-record entry reached			metadata only; full text not reached
Robert E. Luce	Jürgen V. Kempski. Bemerkungen zu Heinrich Scholz' Grundlegung der Metaphysik. Archiv für Philosophie, no. 2 (1948), pp. 112–124.	1950	14	4	254-254	review	philosophy, language, and inductive logic	review-of-record entry reached			metadata only; full text not reached
Carl G. Hempel	Michel Cazin. Algorilhmes et théories physiques. Comptes rendus hebdomadaires des séances de l'Académie des Sciences (Paris), vol. 224 (1947), pp. 541–543.	1950	14	4	254-255	review	unclassified from title metadata	review-of-record entry reached			metadata only; full text not reached
Charles A. Baylis	R. I. Aaron. Our knowledge of universale. Proceedings of the British Academy, vol. 31. Published also as a separate pamphlet by Humphry Milford, London1945, 28 pp.	1950	14	4	254-254	review	unclassified from title metadata	review-of-record entry reached			metadata only; full text not reached
Carl G. Hempel	Jean-Louis Destouches. Quelques aspects théoriques de la notion de complémentarité. Dialectics vol. 2 (1948), pp. 351–381. Abstracts in French and English, ibid., pp. 381–382.	1950	14	4	255-255	review	unclassified from title metadata	review-of-record entry reached			metadata only; full text not reached
Andrzej Mostowski	P. S. Novikov. O klassah régulárnosti (On regularity classes). Doklady Akadémii Nauk SSSR, vol. 64 (1949), pp. 293–295.	1950	14	4	255-256	review	set theory and foundations	review-of-record entry reached			metadata only; full text not reached
Carl G. Hempel	Paulette Destouches-Février. Adéquation et développement dialectique des théories physiques. Comptes rendus hebdomadaires des stances de l'Académie des Sciences (Paris), vol. 224 (1947), pp. 803–805.	1950	14	4	255-255	review	unclassified from title metadata	review-of-record entry reached			metadata only; full text not reached
Carl G. Hempel; Jean-Louis Destouches	Quelques Aspects Theoriques de la Notion de Notion de Complementarite.	1950	14	4	255	review	unclassified from title metadata	review-of-record entry reached			metadata only; full text not reached
Andrzej Mostowski	P. S. Novikov. Ob aksiomé polnoj indukcii (On the axiom of complete induction). Doklady Akadémii Nauk SSSR, vol. 64 (1949), pp. 457–459.	1950	14	4	256-257	review	proof theory and formal systems	review-of-record entry reached			metadata only; full text not reached
W. Ackermann	Alfred Tarski. Axiomatic and algebraic aspects of two theorems on sums of cardinals. Ebd., S. 79–104.	1950	14	4	257-258	review	algebraic logic	review-of-record entry reached			metadata only; full text not reached
W. Ackermann	Andrzej Mostowski. On the principle of dependent choices. Fundamenta mathematicae Bd. 35 (1948), S. 127–130.	1950	14	4	257-257	review	unclassified from title metadata	review-of-record entry reached			metadata only; full text not reached
W. V. Quine	José Tola Pasquel. Sobre una cierta generalización de la noción de equivalencia. Revista de ciencias (Lima), vol. 50 (1948), pp. 205–213.	1950	14	4	257-257	review	unclassified from title metadata	review-of-record entry reached			metadata only; full text not reached
W. Ackermann	Frederic B. Fitch. On natural numbers, integers, and rationals. The journal of symbolic logic, Bd. 14 (1949), S. 81–84.	1950	14	4	258-258	review	general mathematical logic	review-of-record entry reached			metadata only; full text not reached
J. Barkley Rosser	N. Bourbaki. Foundations of mathematics for the working mathematician. The journal of symbolic logic, Bd. 14 (1949), S. pp. 1–8.	1950	14	4	258-259	review	general mathematical logic	review-of-record entry reached			metadata only; full text not reached
Burton Spencer Dreben	J. B. Rosser and A. R. Turquette. Axiom schemes for m-valued functional calculi of first order. Part I. Definition of axiom schemes and proof of plausibility. The journal of symbolic logic, vol. 13 (1948), pp. 177–192.	1950	14	4	259-260	review	propositional, many-valued, and modal logic	review-of-record entry reached			metadata only; full text not reached
Martin Davis	Marshall Hall Jr. The word problem for semigroups with two generators. The journal of symbolic logic, Bd. 14 (1949), S. pp. 115–118.	1950	14	4	259-259	review	general mathematical logic	review-of-record entry reached			metadata only; full text not reached
J. C. C. McKinsey	Gustav Bergmann. A syntactical characterization of S5. The journal of symbolic logic, vol. 14 (1949), pp. 173–174.	1950	14	4	260-260	review	propositional, many-valued, and modal logic	review-of-record entry reached			metadata only; full text not reached
Paul Bernays	John R. Myhill. Note on an idea of Fitch. The journal of symbolic logic, vol. 14 (1949), pp. 175–176.	1950	14	4	260-261	review	general mathematical logic	review-of-record entry reached			metadata only; full text not reached
A. R. Turquette	Frederic B. Fitch. Intuitionistic modal logic with quantifiers. Portugaliae mathematica, vol. 7 no. 2 (for 1948, pub. 1949), pp. 113–118.	1950	14	4	261-261	review	propositional, many-valued, and modal logic	review-of-record entry reached			metadata only; full text not reached
Bolesław Sobociński	J. Ridder. Über mehrwertige Aussagenkalküle und mehrwertige engere Prädikatenkalküle. II–III. Koninhlijke Nederlandsche Akademie van Wetenschappen, Proceedings of the section of sciences, t. 51 (1948), pp. 836–845 et 991–995; aussi Indagationes mathematicae, t. 10 (1948), pp. 264–273 et 324–328.	1950	14	4	261-262	review	unclassified from title metadata	review-of-record entry reached			metadata only; full text not reached
A. R. Turquette	Tzu-Hua Hoo. m-valued sub-system of (m+n)-valued propositional calculus. The journal of symbolic logic, vol. 14 (1949), pp. 177–181.	1950	14	4	261-261	review	propositional, many-valued, and modal logic	review-of-record entry reached			metadata only; full text not reached
Alfons Borgers	L. E. J. Brouwer. Contradictoriteit der elementaire meetkunde (Contradictoriness of elementary geometry). Koninhlijke Nederlandsche Akademie van Wetenschappen, Proceedings of the section of sciences vol. 52 (1949), pp. 315–316; also ibid., vol. 11 (1949), pp. 89–90.	1950	14	4	262-263	review	unclassified from title metadata	review-of-record entry reached			metadata only; full text not reached
I. M. Bocheński	Antoni Korcik. Teoria sylogizmu zdań asertorycznych u Arystotelesa na tie logiki tradycyjnej. Studium historyczno-krytyczne. (The theory of the syllogism of assertoric propositions in Aristotle against the background of traditional logic. A historical and critical study.) Towarzystwo Naukowe Katolickiego Uniwersytetu Lubelskiego. Rozprawy Wydziału Historyczno-Filozoficznego, Sekcja filozoficzne, no. 2. Lublin 1948, 88 pp.	1950	14	4	263-264	review	general mathematical logic	review-of-record entry reached			metadata only; full text not reached
I. M. Bocheński	Kazimierz Kłósak. Teoria indeterminizmu ontologicznego a trójwartościowa logika zdań prof. Jana Łukasiewcza (The theory of ontological indeterminism and the three-valued logic of propositions of Prof. Jan Łukasiewicz). Ateneum Kaplanskie, vol. 49 (1948), pp. 209–320. - Kazimierz Kłósak. Konieczność wyjścia poza logikę dwuwartościową (The necessity of going beyond the two-valued logic). Ateneum Kaplanskie vol. 50 (1949), pp. 105–116.	1950	14	4	263-263	review	general mathematical logic	review-of-record entry reached			metadata only; full text not reached
I. M. Bocheński	Benson Mates. Diodorean implication. The philosophical review, vol. 58 (1949), pp. 234–242.	1950	14	4	264-264	review	philosophy, language, and inductive logic	review-of-record entry reached			metadata only; full text not reached
I. M. Bocheński	Ludovico Geymonat. Studi per un nuovo razionalismo. Chiantore, Turin1945, X + 349 pp.	1950	14	4	264-264	review	unclassified from title metadata	review-of-record entry reached			metadata only; full text not reached
Henryk Greniewski	Antoni Korcik. Gottlob Frege jako twórca pierwszego systemu aksjomatycznego współczesnej logiki zdań (Gottlob Frege, auteur du premier système axiomatique de la logique contemporaine des propositions). Roczniki filozoficzne, vol. 1 (1948), pp. 138–164. French abstract, ibid., p. 322.	1950	14	4	265-265	review	proof theory and formal systems	review-of-record entry reached			metadata only; full text not reached
Robert Feys	I. M. Bocheński. On analogy. The Thomist, vol. 11 (1948), pp. 424–447.	1950	14	4	265-266	review	unclassified from title metadata	review-of-record entry reached			metadata only; full text not reached
Robert Feys	André Darbon. La philosophie des Mathématiques. Etude sur la logistique de Russell. Presses Universitaires de France, Paris1949, xii + 203 pp.	1950	14	4	266-266	review	philosophy, language, and inductive logic	review-of-record entry reached			metadata only; full text not reached
Robert Feys	Filippo Selvaggi. Dalla filosofia alla tecnica (La logica del potenziamento). Università Gregoriana, Rome1947 xii + 269 pp.	1950	14	4	266-266	review	unclassified from title metadata	review-of-record entry reached			metadata only; full text not reached
Robert Feys	Marcel Boll. Eléments de logique scientifique. Dunod, Paris, 1942, vii + 243 pp. - Marcel Boll. Manuel de logique scientifique. Remplaçantet complétant les Eléments de logique scientifique 1942. Dunod, Paris1948, ix + 544 pp.	1950	14	4	266-267	review	unclassified from title metadata	review-of-record entry reached			metadata only; full text not reached
	Index of reviews Volumes XIII, XIV	1950	14	4	268-283	bibliographical notice / unattributed review	unclassified from title metadata	review-of-record entry reached; reviewer metadata absent			metadata only; full text not reached
	Association for symbolic logic	1950	14	4	284-284	bibliographical notice / unattributed review	general mathematical logic	review-of-record entry reached; reviewer metadata absent			metadata only; full text not reached
	Errata	1950	14	4	iv-iv	errata	editorial/association apparatus				metadata only; full text not reached
	JSL volume 15 issue 1 Cover and Front matter and Errata	1950	15	1	f1-f6	cover/front/back matter	editorial/association apparatus				metadata only; full text not reached
Yehoshua Bar-Hillel	On syntactical categories	1950	15	1	1-16	primary technical publication	philosophy, language, and inductive logic	in-block contemporaneous review entry immediately identified			metadata only; full text not reached
Frederic B. Fitch	A demonstrably consistent mathematics—Part I	1950	15	1	17-24	primary technical publication	proof theory and formal systems		technical-depth potentially sufficient		page-verified complete local full text
Hao Wang	A formal system of logic	1950	15	1	25-32	primary technical publication	proof theory and formal systems	in-block contemporaneous review entry immediately identified			metadata only; full text not reached
Wilhelm Ackermann	Widerspruchsfreier Aufbau der Logik I	1950	15	1	33-57	primary technical publication	unclassified from title metadata	in-block contemporaneous review entry immediately identified	technical-depth potentially sufficient		page-verified complete local full text
Alonzo Church	G. H. v. Wright. On the idea of logical truth (I). Societas Scientarum Fennica, Commentationes physico-mathematicae, vol. 14 no. 4. Helsingfors1948, 20 pp. - G. H. von Wright. Form and content in logic. An inaugural lecture delivered on 26 May 1949 in the University of Cambridge. University Press, Cambridge1949, 35 pp.	1950	15	1	58-59	review	general mathematical logic	review-of-record entry reached			metadata only; full text not reached
Alonzo Church	D. Hilbert and W. Ackermann. Grundzüge der theoretischen Logik. Die Grundlehren der mathematischen Wissenschaften in Einzeldarstellungen, vol. 27. 3rd edn., Springer-Verlag, Berlin-Göttingen-Heidelberg1949, VIII + 155 pp.	1950	15	1	59-59	review	unclassified from title metadata	review-of-record entry reached			metadata only; full text not reached
Alonzo Church	Garrett Birkhoff. Lattice theory. Revised edition. American Mathematical Society Colloquium publications, vol. 25. American Mathematical Society, New York1948, xiii + 283 pp.	1950	15	1	59-60	review	algebraic logic	review-of-record entry reached			metadata only; full text not reached
Alonzo Church	Karl Menger. Are variables necessary in calculus?The American mathematical monthly, vol. 56 (1949), pp. 609–620.	1950	15	1	61-61	review	propositional, many-valued, and modal logic	review-of-record entry reached			metadata only; full text not reached
Alonzo Church	Katsumi Nakamura. Ronrigaku risetsu—Kagahuronrigahu ni totte—(The theory of logic—A contribution to scientific logic—). Baihukan, Tokyo1942, 3 + 280 pp. - Katsumi Nakamura. Zum logistischen Gestaltbegriffe. Appendix to the foregoing, pp. 257–280.	1950	15	1	61-62	review	general mathematical logic	review-of-record entry reached			metadata only; full text not reached
Alonzo Church	Kurt Grelling and Paul Oppenheim. Der Gestaltbegriff im Lichte der neuen Logik. Erkenntnis, vol. 7 (1937–1939), pp. 211–225. - Kurt Grelling and Paul Oppenheim. Supplementary remarks on the concept of gestall. Erkenntnis, vol. 7 (1937–1939), pp. 357–359.	1950	15	1	61-61	review	unclassified from title metadata	review-of-record entry reached			metadata only; full text not reached
Alonzo Church	John E. Freund. Statistical vs. pragmatic inference. Philosophy of science, vol. 16 (1949), pp. 142–147. - Thomas A. Cowan. A note on Churchman's “Statistics, pragmatics, induction.”Philosophy of science, vol. 16 (1949), pp. 148–150. - C. West Churchman. Reply to comments on “Statistics, pragmatics, induction.”Philosophy of science, vol. 16 (1949), pp. 151–153.	1950	15	1	62-63	review	philosophy, language, and inductive logic	review-of-record entry reached			metadata only; full text not reached
Alonzo Church	Uuno Saarnio. Über die Konverse der Relation. Ajatus (Helsinki), vol. 15 (for 1948, pub. 1949), pp. 167–176.	1950	15	1	62-62	review	unclassified from title metadata	review-of-record entry reached			metadata only; full text not reached
Alonzo Church	Benson Mates. Stoic logic and the text of Sextus Empiricus. American journal of philology (Baltimore), vol. 70 (1949), pp. 290–298.	1950	15	1	63-64	review	general mathematical logic	review-of-record entry reached			metadata only; full text not reached
Alonzo Church	Frederic B. Fitch. The problem of the Morning Star and the Evening Star. Philosophy of science, vol. 16 (1949), pp. 137–141.	1950	15	1	63-63	review	philosophy, language, and inductive logic	review-of-record entry reached			metadata only; full text not reached
Alonzo Church	L. Jonathan Cohen. Are philosophical theses relative to language?Analysis (Oxford), vol. 9 no. 5 (1949), pp. 72–77.	1950	15	1	63-63	review	philosophy, language, and inductive logic	review-of-record entry reached			metadata only; full text not reached
Jan Kalicki	Andrzej Grzegorczyk. Próba ugruntowania semantyki jezyka opisowego (An essay at founding the semantics of a descriptive language). Przeglqd filozoficzny, vol. 44 (1948), pp. 348–371.	1950	15	1	64-65	review	model theory and semantics	review-of-record entry reached			metadata only; full text not reached
Alonzo Church	Bolesław Sobociński. An investigation of protothetic. Cahiers de l'Institut d'Études Polonaises en Belgique, no. 5. Polycopié. Institut d'Etudes Polonaises en Belgique, Brussels1949, V + 44 pp.	1950	15	1	64-64	review	unclassified from title metadata	review-of-record entry reached			metadata only; full text not reached
Alonzo Church	Inocenty M. Bocheński. Stan i potrzeby hislorii logiki formalnej (The condition and the needs of the history of formal logic). Przeglqd filozoficzny, vol. 41 (1948), pp. 389–394.	1950	15	1	64-64	review	philosophy, language, and inductive logic	review-of-record entry reached			metadata only; full text not reached
Andrzej Mostowski	Adam Wiegner. Elementy logiki formalnej (Elements of formal logic). Księgarnia Akademicka, Poznań1948, 180 pp.	1950	15	1	65-66	review	general mathematical logic	review-of-record entry reached			metadata only; full text not reached
Andrzej Mostowski	Tadeusz Kotarbiński. Przeglqd problematyki logiczno-semantycznej (A review of logico-semantical problems). Łódzkie Towarzystwo Naukowe, Sprawozdania z czynności i posiedzeń, vol. 2 (1947), pp. 46–53.	1950	15	1	65-65	review	model theory and semantics	review-of-record entry reached			metadata only; full text not reached
Andrzej Mostowski	A. A. Markov. O prédstavlènii rékursivnyh funkcij (On the representation of recursive functions). Izvéstiá Akadémii Nauk SSSR, Sériá matématičeskaá, vol. 13 (1949), pp. 417–424.	1950	15	1	66-66	review	computability, recursion, and decidability	review-of-record entry reached			metadata only; full text not reached
E. W. Beth	Alfons Borgers. Het natuurlijke getal (The natural number). Simon Stevin (Groningen-Batavia-Ghent), vol. 26 (1948–1949), pp. 32–73.	1950	15	1	66-67	review	unclassified from title metadata	review-of-record entry reached			metadata only; full text not reached
Andrzej Mostowski	Roman Suszko. W sprawie logiki bez aksjomatów (Concerning logic without axioms). Kwartalnik filozoficzny, vol. 17 (1948), pp. 199–205.	1950	15	1	66-66	review	proof theory and formal systems	review-of-record entry reached			metadata only; full text not reached
Rózsa Péter	Ernst Specker. Nicht konstruktiv beweisbare Sätze der Analysis. The journal of symbolic logic, Bd. 14 (1949), S. 145–158.	1950	15	1	67-68	review	general mathematical logic	review-of-record entry reached			metadata only; full text not reached
Th. Skolem	Julia Robinson. Definability and decision problems in arithmetic. The journal of symbolic logic, Bd. 14 (1949), pp. 98–114.	1950	15	1	68-69	review	model theory and semantics	review-of-record entry reached			metadata only; full text not reached
W. Ackermann	Leon Henkin. The completeness of the first-order functional calculus. The journal of symbolic logic, Bd. 14 (1949), 159–166.	1950	15	1	68-68	review	model theory and semantics	review-of-record entry reached			metadata only; full text not reached
Frederic B. Fitch	Nathan P. Levin. Computational logic. The journal of symbolic logic, Bd. 14 (1949), pp. 167–172.	1950	15	1	69-69	review	computability, recursion, and decidability	review-of-record entry reached			metadata only; full text not reached
Alonzo Church; Nicholas Rescher	Z. P. Dienes. On an implication function in many-valued systems of logic. The journal of symbolic logic, Bd. 14 (1949), pp. 95–97.	1950	15	1	69-70	review	propositional, many-valued, and modal logic	review-of-record entry reached			metadata only; full text not reached
John G. Kemeny	Hao Wang. On Zermelo's and von Neumann's axioms for set theory. Proceedings of the National Academy of Sciences of the United States of America, vol. 35 (1949), pp. 150–155.	1950	15	1	70-71	review	set theory and foundations	review-of-record entry reached			metadata only; full text not reached
J. C. C. McKinsey	Sören Halldén. An analogy in modal logic to the Lesniewski-Mihailescu theorem. Norsk matematisk tidsskrift, vol. 31 (1949), pp. 4–9.	1950	15	1	70-70	review	propositional, many-valued, and modal logic	review-of-record entry reached			metadata only; full text not reached
A. R. Turquette	Sören Halldén. Results concerning the decision problem of Lewis's calculi S3 and S6. The journal of symbolic logic, Bd. 14 (1949), pp. 230–236.	1950	15	1	70-70	review	propositional, many-valued, and modal logic	review-of-record entry reached			metadata only; full text not reached
A. R. Turquette	Karl Egil Aubert. Relations généralisées et indépendence logique des notions de réflexivité, symétrie et transitivité. Comptes rendus hebdomadaires des séances de l'Académie des Sciences (Paris), vol. 229 (1949), pp. 284–286.	1950	15	1	71-71	review	unclassified from title metadata	review-of-record entry reached			metadata only; full text not reached
John G. Kemeny	R. L. Goodstein. Proof by reductio ad absurdum. The mathematical gazette, vol. 32 (1948), pp. 198–204.	1950	15	1	71-71	review	proof theory and formal systems	review-of-record entry reached			metadata only; full text not reached
W. V. Quine	Robert Feys. A simple notation for relations. Methodos (Milan), vol. 1 no. 1 (1949), pp. 79–93.	1950	15	1	71-72	review	unclassified from title metadata	review-of-record entry reached			metadata only; full text not reached
Roderick M. Chisholm	E. W. Beth. Symbolische Logik und Grundlegung der exakten Wissenschaften. Bibliographische Einführungen in das Studium der Philosophie, herausgegeben von I. M. Bocheński, Bern1948, 28 pp. - Karl Dürr. Der logische Positivismus. Bibliographische Einführungen in das Studium der Philosophie, herausgegeben von I. M. Bocheński, no. 11. Bern1948, 24 pp.	1950	15	1	72-72	review	philosophy, language, and inductive logic	review-of-record entry reached			metadata only; full text not reached
G. D. W. Berry	Virgil G. HinshawJr. Epistemological relativism and the sociology of knowledge. Philosophy of science, vol. 15 (1948), pp. 4–10.	1950	15	1	72-73	review	philosophy, language, and inductive logic	review-of-record entry reached			metadata only; full text not reached
Anders Wedberg	Arne Næss. Interpretation and preciseness. II. Mimeographed. Oslo1948, 57 pp. - Arne Næss. Interpretation and preciseness. III. “To define” and to make precise. IV. Misinterpretation and pseudoagreement. Mimeographed. Universitetets Studentkontor, Oslo1948, 39 + 21 pp.	1950	15	1	73-74	review	model theory and semantics	review-of-record entry reached			metadata only; full text not reached
Robert Feys	Guido Calogero. Lezioni di filosofia. Volume primo. Logica, gnoseologia, ontologia. Giulio Einaudi, Turin1948, IX + 278 pp. - Guido Calogero. Lezioni di filosofia. Volume terzo. Estetica, semanlica, istorica. Giulio Einaudi, Turin1947, IX + 392 pp.	1950	15	1	73-73	review	unclassified from title metadata	review-of-record entry reached			metadata only; full text not reached
Robert Feys	Herman Meyer. Kennis en realiteit (Knowledge and reality). Philosophische Bibliotheek, ed. by J. Clay. Uitgeversmaatschappij W. De Haan, Utrecht1949, 307 pp.	1950	15	1	73-73	review	philosophy, language, and inductive logic	review-of-record entry reached			metadata only; full text not reached
	Related Citations	1950	15	1	74-75	citation-linkage matter	editorial/association apparatus				metadata only; full text not reached
Paul Ziff	W. H. Werkmeister. The basis and structure of knowledge. Harper and Brothers, New York1948, xi + 451 pp.	1950	15	1	74-74	review	unclassified from title metadata	review-of-record entry reached			metadata only; full text not reached
	Abstracts of papers	1950	15	1	76-80	meeting abstracts	editorial/association apparatus				metadata only; full text not reached
Morton G. White	Twelfth meeting of the Association for Symbolic Logic	1950	15	1	76-76	meeting report	editorial/association apparatus				metadata only; full text not reached
	Elections	1950	15	1	80-80	association record	editorial/association apparatus				metadata only; full text not reached
	Institutional contributing subscribers to the Journal	1950	15	1	80-80	association record	editorial/association apparatus				metadata only; full text not reached
	Errata	1950	15	1		errata	editorial/association apparatus				metadata only; full text not reached
	JSL volume 15 issue 2 Cover and Front matter and Errata	1950	15	2	f1-f6	cover/front/back matter	editorial/association apparatus				metadata only; full text not reached
Leon Henkin	Completeness in the theory of types	1950	15	2	81-91	primary technical publication	set theory and foundations	in-block contemporaneous review entry immediately identified			metadata only; full text not reached
Ruth Barcan Marcus	The elimination of contextually defined predicates in a modal system	1950	15	2	92-92	primary technical publication	propositional, many-valued, and modal logic				metadata only; full text not reached
W. V. Quine	On natural deduction	1950	15	2	93-102	primary technical publication	proof theory and formal systems	in-block contemporaneous review entry immediately identified			metadata only; full text not reached
Hao Wang	Existence of classes and value specification of variables	1950	15	2	103-112	primary technical publication	set theory and foundations	in-block contemporaneous review entry immediately identified			metadata only; full text not reached
J. Barkley Rosser; Hao Wang	Non-standard models for formal logics	1950	15	2	113-129	primary technical publication	model theory and semantics	in-block contemporaneous review entry immediately identified	technical-depth potentially sufficient		page-verified complete local full text
John R. Myhill	A reduction in the number of primitive ideas of arithmetic	1950	15	2	130-130	primary technical publication	unclassified from title metadata	in-block contemporaneous review entry immediately identified			metadata only; full text not reached
R. M. Martin	On virtual classes and real numbers	1950	15	2	131-134	primary technical publication	set theory and foundations	in-block contemporaneous review entry immediately identified			metadata only; full text not reached
Martin Davis	Andrzej Mostowski. On a set of integers not definable by means of one-quantifier predicates. Annales de la Société Polonaise de Mathématique, vol. 21 (1948), pp. 114–119.	1950	15	2	135-135	review	model theory and semantics	review-of-record entry reached			metadata only; full text not reached
A. Borgers	G. F. C. Griss. Over de negatie (On negation). Feestbundel aangeboden door vrienden en leerlingen aan Prof. Dr. H. J. Pos, Noord-Hollandsche Uitgevers Maatschappij, Amsterdam1948, pp. 96–106.	1950	15	2	135-136	review	unclassified from title metadata	review-of-record entry reached			metadata only; full text not reached
Alonzo Church	Garrett Birkhoff. Théorie el applications des treillis. Annales de l'Institut Henri Poincaré, vol. 11 no. 5 (1949), pp. 227–240.	1950	15	2	136-136	review	unclassified from title metadata	review-of-record entry reached			metadata only; full text not reached
Albert A. Bennett	Mario Dolcher. Nozione generale di struttura per un insieme. Rendiconti del Seminario Matematico della Università di Padova, vol. 18 (1949), pp. 265–291.	1950	15	2	136-137	review	unclassified from title metadata	review-of-record entry reached			metadata only; full text not reached
Mieczysław Choynowski	Ú. M. Gajduk. Algébra logiki i éé métamorfozy (The algebra of logic and its metamorphoses). Matématika v školé, 1949, no. 4, pp. 13–20.	1950	15	2	136-136	review	general mathematical logic	review-of-record entry reached			metadata only; full text not reached
S. C. Kleene	Frederic B. Fitch. The Heine-Borel theorem in extended basic logic. The journal of symbolic logic, vol. 14 (1949), pp. 9–15.	1950	15	2	137-137	review	proof theory and formal systems	review-of-record entry reached			metadata only; full text not reached
A. F. Bausch	J. B. Rosser and A. R. Turquette. A note on the deductive completeness of m-valued propositional calculi. The journal of symbolic logic, vol. 14 (1949), pp. 219–225.	1950	15	2	137-138	review	model theory and semantics	review-of-record entry reached			metadata only; full text not reached
Wilhelm Ackermann	Veli Valpola. Über den Begriff der Quantität. Ajatus (Helsinki), Bd. 15 (für 1948, 1949 erschienen), S. 261–298.	1950	15	2	137-137	review	unclassified from title metadata	review-of-record entry reached			metadata only; full text not reached
Alonzo Church; W. Mays; D. G. Prinz	A Relay Machine for the Demonstration of Symbolic Logic.	1950	15	2	138	review	general mathematical logic	review-of-record entry reached			metadata only; full text not reached
Alonzo Church	Hao Wang. A proof of independence. The American mathematical monthly, vol. 57 (1950), pp. 99–100.	1950	15	2	138-138	review	proof theory and formal systems	review-of-record entry reached			metadata only; full text not reached
Alonzo Church	M. O. Gonzalez and J. D. Mancill. On the system of natural numbers. The American mathematical monthly, vol. 57 (1950), pp. 104–112.	1950	15	2	138-139	review	unclassified from title metadata	review-of-record entry reached			metadata only; full text not reached
W. V. Quine	Alan Rose. A reduction in the number of the axioms of the propositional calculus. Norsk matematisk tidsskrift, vol. 31 (1949), pp. 113–115. - Th. Skolem. Bemerkning til artiklene av H. Rasiowa og A. Rose i denne drgang (Remark on the articles of H. Rasiowa and A. Rose in this volume). Norsk matematisk tidsskrift, vol. 31 (1949), p. 115.	1950	15	2	139-139	review	model theory and semantics	review-of-record entry reached			metadata only; full text not reached
A. R. Turquette	H. Rasiowa. Axiomatisation d'un système partiel de la théorie de la déduction. Towarzystwo Navkowe Warszawskie, Sprawozdania z posiedzeń wydzialu III nauk matematyczno-fizycznych (Société des Sciences et des Lettres de Varsovié, Comptes rendus des séances de la classe III, Sciences mathématiques et physiques), vol. 40 (for 1947, pub. 1948), pp. 22–37.	1950	15	2	139-139	review	set theory and foundations	review-of-record entry reached			metadata only; full text not reached
Andrzej Mostowski	Helena Rasiowa. Z dziedziny logiki matematycznej.—I. Klasyczny rachunek zdań. (From the domain of mathematical logic.—I. The classical propositional calculus.) Matemaíyka, vol. 2 (1949), pp. 3–8. - Stanisław Goląb. O kilku trudnościach zwiqzanych z prostymi kwestiami logicznymi (On some difficulties connected with simple logical questions). Matemaíyka, vol. 2 (1949), pp. 27–29. - Jerzy Słupecki. O własnościach okresu warunkowego (On properties of the conditional). Matemaíyka, vol. 2 (1949), pp. 32–35.	1950	15	2	139-140	review	propositional, many-valued, and modal logic	review-of-record entry reached			metadata only; full text not reached
Andrzej Mostowski	Adam Krokiewicz. O logice stoików (On the logic of Stoics). Kwartalnik filozoficzny, vol. 17 (1948) pp. 173–197.	1950	15	2	140-140	review	general mathematical logic	review-of-record entry reached			metadata only; full text not reached
Alonzo Church	I. M. Bochenski. On the categorical syllogism. Dominican studies (Oxford), vol. 1 (1948), pp. 35–57.	1950	15	2	140-141	review	model theory and semantics	review-of-record entry reached			metadata only; full text not reached
Alonzo Church	Ivo Thomas. CS(n): An extension of CS. Dominican studies (Oxford), vol. 2 (1949), pp. 145–160.	1950	15	2	141-142	review	unclassified from title metadata	review-of-record entry reached			metadata only; full text not reached
Alonzo Church	Anders Wedberg. The Aristotelian theory of classes. Ajatus (Helsinki), vol. 15 (for 1948, pub. 1949), pp. 299–314.	1950	15	2	142-142	review	set theory and foundations	review-of-record entry reached			metadata only; full text not reached
Alonzo Church	Ivo Thomas. Logic and theology. Dominican studies (Oxford), vol. 1 no. 4 (1948). Offprint, 22 pp.	1950	15	2	142-143	review	general mathematical logic	review-of-record entry reached			metadata only; full text not reached
Alonzo Church	Ettore Carruccio. Il problema della razionalità del reale. Archimede (Firenze) vol. 1 no. 1 (1949), pp. 18–21.	1950	15	2	143-143	review	unclassified from title metadata	review-of-record entry reached			metadata only; full text not reached
Alonzo Church	Ettore Carruccio. Sulla potenza dell'insieme delle proposizioni di un dato sistema ipotetico-deduttivo. Bollettino della Unione Matematica Italiana, ser. 3 vol. 4 (1949), pp. 299–306.	1950	15	2	143-143	review	unclassified from title metadata	review-of-record entry reached			metadata only; full text not reached
Alonzo Church	Ivo Thomas. Some laws of the calculus of quantifiers. Dominican studies (Oxford), vol. 2 (1949), p. 285.	1950	15	2	143-143	review	proof theory and formal systems	review-of-record entry reached			metadata only; full text not reached
Alonzo Church	Jean Cavaillès. Mathématiques et formalisme. Revue internationale de philosophie (Brussels), vol. 3 (1949), pp. 158–165.	1950	15	2	143-144	review	philosophy, language, and inductive logic	review-of-record entry reached			metadata only; full text not reached
Alonzo Church; Ivo Thomas	Some Laws of the Calculus of Quantifiers.	1950	15	2	143	review	proof theory and formal systems	review-of-record entry reached			metadata only; full text not reached
Frederic B. Fitch	Jean-Louis Destouches. La théorie physique et ses principes fondamentaux. With discussion by Bauer, Bayer, Julien Benda, Bouligand, Bréhier, Cazin, Césari, Mme. Destouches-Février, Hyppolite, Mme. Lévy-Strauss, Metz, Ullmo, Wolff, and the author. Bulletin de la Société française de Philosophie vol. 42 no. 1–2 (1948), pp. 1–32.	1950	15	2	144-144	review	philosophy, language, and inductive logic	review-of-record entry reached			metadata only; full text not reached
Herbert Feigl	K. R. Popper. A note on natural laws and so-called “contrary-to-fact conditionals.”Mind, n.s. vol. 58 (1949), pp. 62–66.	1950	15	2	144-145	review	unclassified from title metadata	review-of-record entry reached			metadata only; full text not reached
J. C. C. McKinsey	A. F. Peters. R. M. Hare on imperative sentences: A criticism. Mind, n.s. vol. 58 (1949), pp. 535–540.	1950	15	2	145-145	review	unclassified from title metadata	review-of-record entry reached			metadata only; full text not reached
Roderick M. Chisholm	Ph. Devaux. Dialectique et logique. Dialectica, vol. 2 (1948), pp. 95–108. Reprinted in Pouvoir de l'esprit sur le réel. Éditions du Griffon, Neuchâtel 1948, pp. 15–28. - E. W. Beth. Les relations de la dialectique à la logique. Dialectica, vol. 2 (1948), pp. 109–119. Reprinted ibid., pp. 29–39. - F. Gonseth. A propos des exposés de MM. Ph. Devaux et E. W. Beth. Dialectica, vol. 2 (1948), pp. 120–125. Reprinted ibid., pp. 40–45. - Discussion by Ch. Perelman, Un lecteur de Dialectica, I. M. Bochenski, F. Gonseth, J. Piaget, M. Fréshet, A. Apéry, M. Barzin. Ibid., pp. 126–142. Reprinted ibid., pp. 46–62.	1950	15	2	145-147	review	unclassified from title metadata	review-of-record entry reached			metadata only; full text not reached
J. C. C. McKinsey	R. M. Hare. Imperative sentences. Mind, n.s. vol. 58 (1949), pp. 21–39.	1950	15	2	145-145	review	unclassified from title metadata	review-of-record entry reached			metadata only; full text not reached
Charles A. Baylis	Arthur Francis Smullyan. The variety of philosophic idioms. The journal of philosophy, vol. 45 (1948), pp. 350–356.	1950	15	2	147-147	review	philosophy, language, and inductive logic	review-of-record entry reached			metadata only; full text not reached
Charles A. Baylis	Arthur N. Prior. Determinables, determinates and determinants. Mind, n.s. vol. 58 (1949), pp. 1–20, 178–194.	1950	15	2	147-148	review	unclassified from title metadata	review-of-record entry reached			metadata only; full text not reached
Charles A. Baylis	Stephen Toulmin. A defence of ‘synthetic necessary truth.’Mind, n.s. vol. 58 (1949), pp. 164–177.	1950	15	2	148-149	review	propositional, many-valued, and modal logic	review-of-record entry reached			metadata only; full text not reached
George D. W. Berry	Charles Morris. Comments on Mr. Storer's paper. Philosophy of science, vol. 15 (1948), pp. 330–332.	1950	15	2	149-149	review	philosophy, language, and inductive logic	review-of-record entry reached			metadata only; full text not reached
W. V. Quine	Leonard Linsky. Some notes on Carnap's concept of inlensional isomorphism and the paradox of analysis. Philosophy of science, vol. 16 (1949), pp. 343–347. - Rudolf Carnap. A reply to Leonard Linsky. Philosophy of science, vol. 16 (1949), pp. 347–350.	1950	15	2	149-150	review	proof theory and formal systems	review-of-record entry reached			metadata only; full text not reached
George D. W. Berry	Thomas Storer. The philosophical relevance of a “behavioristic semiotic.”Philosophy of science, vol. 15 (1948), pp. 316–330.	1950	15	2	149-149	review	philosophy, language, and inductive logic	review-of-record entry reached			metadata only; full text not reached
Charles A. Baylis	Arthur Pap. Synonymity and logical equivalence. Analysis (Oxford), vol. 9 no. 4 (1949), pp. 51–57.	1950	15	2	150-150	review	general mathematical logic	review-of-record entry reached			metadata only; full text not reached
Alonzo Church	Nelson Goodman. On likeness of meaning. Analysis (Oxford), vol. 10 no. 1 (1949), pp. 1–7.	1950	15	2	150-151	review	philosophy, language, and inductive logic	review-of-record entry reached			metadata only; full text not reached
Alonzo Church	Austin Duncan-Jones. Fugitive propositions. Analysis (Oxford), vol. 10 no. 1 (1949), pp. 21–23.	1950	15	2	151-151	review	unclassified from title metadata	review-of-record entry reached			metadata only; full text not reached
Alonzo Church	Peter Thomas Geach. On rigour in semantics. Mind, n. s. vol. 58 (1949), pp. 518–522. - R. M. Martin. Mr. Geach on mention and use. Mind, n. s. vol. 58 (1949), pp. 523–524. See Corrigenda, ibid., vol. 59 (1950), p. 144.	1950	15	2	151-151	review	model theory and semantics	review-of-record entry reached			metadata only; full text not reached
Alonzo Church	Ernest H. Hutten. A note on semantics. Philosophy, vol. 24 (1949), pp. 381–383.	1950	15	2	152-152	review	model theory and semantics	review-of-record entry reached			metadata only; full text not reached
G. D. W. Berry	Willard V. Quine. On what there is. The review of metaphysics (New Haven), vol. 2 no. 5 (1948), pp. 21–38.	1950	15	2	152-153	review	unclassified from title metadata	review-of-record entry reached			metadata only; full text not reached
John Myhill	R. M. Martin. A note on nominalism and recursive functions. The journal of symbolic logic, vol. 14 (1949), pp. 27–31.	1950	15	2	153-153	review	computability, recursion, and decidability	review-of-record entry reached			metadata only; full text not reached
John Myhill	R. M. Martin. A note on nominalistic syntax. The journal of symbolic logic, vol. 14 (1949), pp. 226–227.	1950	15	2	153-153	review	philosophy, language, and inductive logic	review-of-record entry reached			metadata only; full text not reached
Carl G. Hempel	Arne Næss. Toward a theory of interpretation and preciseness. Theoria, vol. 15 (1949), pp. 220–241.	1950	15	2	154-154	review	model theory and semantics	review-of-record entry reached			metadata only; full text not reached
Carl G. Hempel	Victor Kraft. Mathematik, Logik und Erfahrung. Springer-Verlag, Vienna1947, VI + 129 pp.	1950	15	2	154-155	review	unclassified from title metadata	review-of-record entry reached			metadata only; full text not reached
	Yehoshua Bar-Hillel. (Theory of syntactical categories). Mimeographed. Dissertation, Hebrew University, Jerusalem, 1947, II + 51 pp.	1950	15	2	155-156	bibliographical notice / unattributed review	philosophy, language, and inductive logic	review-of-record entry reached; reviewer metadata absent			metadata only; full text not reached
Felix Kaufmann	Cassirer's Theory of Scientific Knowledge.	1950	15	2	156	review	unclassified from title metadata	review-of-record entry reached			metadata only; full text not reached
Max Black	Felix Kaufmann. Cassirer's theory of scientific knowledge. The philosophy of Ernst Cassirer, edited by Paul Arthur Schilpp, The Library of Living Philosophers, Inc., Evanston1949, pp. 183–213. - Albert Einstein. Autobiographical notes. Albert Einstein: Philosopher-scientist, edited by Paul Arthur Schilpp, The Library of Living Philosophers, Inc., Evanston1949, pp. 2–95.	1950	15	2	156-157	review	philosophy, language, and inductive logic	review-of-record entry reached			metadata only; full text not reached
Max Black	May Brodbeck. The new rationalism: Dewey's theory of induction. The journal of philosophy, vol. 46 (1949), pp. 780–791. - Harold R. Smart. Cassirer's theory of mathematical concepts. The philosophy of Ernst Cassirer, edited by Paul Arthur Schilpp, The Library of Living Philosophers, Inc., Evanston1949, pp. 239–267.	1950	15	2	156-156	review	philosophy, language, and inductive logic	review-of-record entry reached			metadata only; full text not reached
Charles A. Baylis	Morris Weitz. Analysis and real definition. Philosophical studies (Minneapolis), vol. 1 no. 1 (1950), pp. 1–8.	1950	15	2	156-156	review	philosophy, language, and inductive logic	review-of-record entry reached			metadata only; full text not reached
Paul Ziff	Paul Edwards. Ordinary language and absolute certainty. Philosophical studies (Minneapolis), vol. 1 no. 1 (1950), pp. 8–16. - Paul Edwards. Necessary propositions and the future. The journal of philosophy, vol. 46 (1949), pp. 155–157. - John Dewey and Arthur F. Bentley. Knowing and the known. The Beacon Press, Boston1949, xiii + 334 pp.	1950	15	2	156-156	review	propositional, many-valued, and modal logic	review-of-record entry reached			metadata only; full text not reached
May Brodbeck	The New Rationalism: Dewey's Theory of Induction.	1950	15	2	156	review	philosophy, language, and inductive logic	review-of-record entry reached			metadata only; full text not reached
Robert Feys	A. N. Whitehead. Indication, classes, numbers, validation. Essays in science and philosophy, by A. N. Whitehead, Rider and Company, London1948, pp. 227–240.	1950	15	2	157-157	review	set theory and foundations	review-of-record entry reached			metadata only; full text not reached
Max Black; Albert Einstein; Paul Arthur Schilpp	Autobiographical Notes.	1950	15	2	157	review	unclassified from title metadata	review-of-record entry reached			metadata only; full text not reached
Alonzo Church	Bertrand Russell. Introduction to mathematical philosophy. Sixth impression. George Allen & Unwin, London1948, xv + 208 pp.	1950	15	2	157-157	review	philosophy, language, and inductive logic	review-of-record entry reached			metadata only; full text not reached
Alonzo Church	J. Wisdom. L. Susan Stebbing, 1885–1943. Philosophical studies, Essays in memory of L. Susan Stebbing, Published for the Aristotelian Society by George Allen & Unwin Ltd., London1948, pp. 1–4. - A. C. Ewing. Philosophical analysis. Philosophical studies, Essays in memory of L. Susan Stebbing, Published for the Aristotelian Society by George Allen & Unwin Ltd., London1948, pp. 67–84. - Frank Plumpton Ramsey. The foundations of mathematics and other logical essays. Edited by R. B. Braithwaite, with a preface by G. E. Moore. Routledge & Kegan Paul, London; The Humanities Press, New York 1950; xviii + 292 pp.	1950	15	2	157-157	review	philosophy, language, and inductive logic	review-of-record entry reached			metadata only; full text not reached
Alonzo Church	Ludwig Wittgenstein. Tractatus logico-philosophicus. With an introduction by Bertrand Russell. Fourth impression. Routledge & Kegan Paul, London1949, 189 pp.	1950	15	2	157-157	review	philosophy, language, and inductive logic	review-of-record entry reached			metadata only; full text not reached
Robert Feys	Régis Jolivet. Traité de philosophie (2nd edn.). Vol. I. Introduction générale, logique, cosmologie. Vitte, Lyon-Paris1945, 476 pp.	1950	15	2	157-157	review	philosophy, language, and inductive logic	review-of-record entry reached			metadata only; full text not reached
	Related Citations	1950	15	2	158-160	citation-linkage matter	editorial/association apparatus				metadata only; full text not reached
	JSL volume 15 issue 3 Cover and Front matter and Errata	1950	15	3	f1-f5	cover/front/back matter	editorial/association apparatus				metadata only; full text not reached
László Kalmár; János Surányi	On the reduction of the decision problem. Third paper. Pepis prefix, a single binary predicate	1950	15	3	161-173	primary technical publication	general mathematical logic				metadata only; full text not reached
Jan Kalicki	Note on truth-tables	1950	15	3	174-181	primary technical publication	propositional, many-valued, and modal logic	in-block contemporaneous review entry immediately identified			metadata only; full text not reached
Jan Kalicki	A test for the existence of tautologies according to many-valued truth-tables	1950	15	3	182-184	primary technical publication	propositional, many-valued, and modal logic	in-block contemporaneous review entry immediately identified			metadata only; full text not reached
John R. Myhill	A complete theory of natural, rational, and real numbers	1950	15	3	185-196	primary technical publication	unclassified from title metadata	in-block contemporaneous review entry immediately identified			metadata only; full text not reached
Frank Harary	On complete atomic proper relation algebras	1950	15	3	197-198	primary technical publication	algebraic logic	in-block contemporaneous review entry immediately identified			metadata only; full text not reached
Alonzo Church	G. H. v. Wright. On the idea of logical truth (I). Societas Scientiarum Fennica, Commentationes physico-mathematicae, vol. 14 no. 4. Helsingfors1948, 20 pp. - G. H. von Wright. Form and content in logic. An inaugural lecture delivered on 26 May 1949 in the University of Cambridge. University Press, Cambridge1949, 35 pp.	1950	15	3	199-199	review	general mathematical logic	review-of-record entry reached			metadata only; full text not reached
J. C. Cooley	I. M. Bocheński. Précis de logique mathématique. Collection Synthese, no. 2. F. G. Kroonder, Bussum, The Netherlands, 1949, 90 pp.	1950	15	3	199-200	review	unclassified from title metadata	review-of-record entry reached			metadata only; full text not reached
Robert Feys	Gonzalo Zubieta Russi. Sobre el cálculo funcional de primer orden. Dissertation. Universidad Nacional Autonoma de México, Faculta d de Ciencias, Mexico1950, ii + vi + 33 pp.	1950	15	3	200-200	review	unclassified from title metadata	review-of-record entry reached			metadata only; full text not reached
Ernst Specker	Heinrich Scholz. Vorlesungen über Grundzüge der mathematischen Logik. Mimeographiert. Ausarbeitungen mathematischer und physikalischer Vorlesungen, Bde. VI, VII. Aschendorff'sche Verlagsbuchhandlung, Münster (Westf.) 1949, zwei Bände, XII + 316 S., X + 311 S.	1950	15	3	200-201	review	unclassified from title metadata	review-of-record entry reached			metadata only; full text not reached
Alonzo Church	E. Kamke. Theory of sets. Translated from the second German edition by Frederick Bagemihl. Dover Publications, New York1950, vii + 144 pp.	1950	15	3	201-201	review	unclassified from title metadata	review-of-record entry reached			metadata only; full text not reached
Alonzo Church	Paul Lévy. Axiome de Zermelo et nombres transfinis. Annates scientifigues de l'École Normale Supérieur, ser. 3 vol. 67 (1950), pp. 15–49.	1950	15	3	201-202	review	proof theory and formal systems	review-of-record entry reached			metadata only; full text not reached
Alonzo Church	Edmund Callis Berkeley. Giant brains. Or machines that think. John Wiley Sons, New York; Chapman & Hall, London; 1949, xvi + 270 pp.	1950	15	3	202-203	review	unclassified from title metadata	review-of-record entry reached			metadata only; full text not reached
Alonzo Church	Émile Borel. Analyse et géomérie euclidiennes. Comptes rendus hebdomadaires des séances de l'Académie des Sciences (Paris), vol. 230 (1950), pp. 1989–1990.	1950	15	3	202-202	review	unclassified from title metadata	review-of-record entry reached			metadata only; full text not reached
Atwell R. Turquette	Willard van Orman Quine. Methods of logic. Henry Holt & Company, New York1950, xx + 264 pp.	1950	15	3	203-204	review	general mathematical logic	review-of-record entry reached			metadata only; full text not reached
Anders Wedberg	Arne Næss. Interpretation and preciseness. V. Principles of elementary analysis. Mimeographed. Universitetets Studentkontor, Oslo1949, II + 83 pp.	1950	15	3	204-204	review	model theory and semantics	review-of-record entry reached			metadata only; full text not reached
Max Black	Bruno V. Freytag gen. Löringhoff. Gedanken zur Philosophie der Mathematik. Westkulturverlag Anton Hain, Meisenheim am Glan1948, 53 pp.	1950	15	3	204-204	review	philosophy, language, and inductive logic	review-of-record entry reached			metadata only; full text not reached
Max Black; Frederic Brenton Fitch	Attribute and Class.	1950	15	3	205	review	unclassified from title metadata	review-of-record entry reached			metadata only; full text not reached
Max Black	Donald Cary Williams. Probability, induction, and the provident man. Philosophic thought in France and the United States, Essays representing major trends in contemporary French and American philosophy, edited by Marvin Farber, University of Buffalo publications in philosophy, Buffalo1950, pp. 525–543.	1950	15	3	205-206	review	philosophy, language, and inductive logic	review-of-record entry reached			metadata only; full text not reached
Max Black	Felix Kaufmann. Basic issues in logical positivism. Philosophic thought in France and the United States, Essays representing major trends in contemporary French and American philosophy, edited by Marvin Farber, University of Buffalo publications in philosophy, Buffalo1950, pp. 565–588.	1950	15	3	205-206	review	philosophy, language, and inductive logic	review-of-record entry reached			metadata only; full text not reached
Max Black	Frederic Brenton Fitch. Attribute and class. Philosophic thought in France and the United States, Essays representing major trends in contemporary French and American philosophy, edited by Marvin Farber, University of Buffalo publications in philosophy, Buffalo1950, pp. 545–563.	1950	15	3	205-206	review	philosophy, language, and inductive logic	review-of-record entry reached			metadata only; full text not reached
Max Black	Marcel Boll and Jacques Reinhart. Logic in France in the twentieth century. Philosophic thought in France and the United States, Essays representing major trends in contemporary French and American philosophy, edited by Marvin Farber, University of Buffalo publications in philosophy, Buffalo1950, pp. 181–201.	1950	15	3	205-206	review	philosophy, language, and inductive logic	review-of-record entry reached			metadata only; full text not reached
Max Black	Victor F. Lenzen. Philosophy of science in America. Philosophic thought in France and the United States, Essays representing major trends in contemporary French and American philosophy, edited by Marvin Farber, University of Buffalo publications in philosophy, Buffalo1950, pp. 505–524.	1950	15	3	205-206	review	philosophy, language, and inductive logic	review-of-record entry reached			metadata only; full text not reached
Heinrich Scholz	Hermann Weyl. Philosophy of mathematics and natural science. Revised and augmented English edition based on a translation by Olaf Helmer. Princeton University Press, Princeton1949, x + 311 S.	1950	15	3	206-208	review	philosophy, language, and inductive logic	review-of-record entry reached			metadata only; full text not reached
Andrzej Mostowski	Richard McKeon. An American reaction to the present situation in French philosophy. Philosophic thought in France and the United States, Essays representing major trends in contemporary French and American philosophy, edited by Marvin Farber, University of Buffalo publications in philosophy, Buffalo1950, pp. 337–362. - A. Cornelius Benjamin. Philosophy in America between the two wars. Philosophic thought in France and the United States, Essays representing major trends in contemporary French and American philosophy, edited by Marvin Farber, University of Buffalo publications in philosophy, Buffalo1950, pp. 365–388. - Charles A. Baylis. The given and perceptual knowledge. Philosophic thought in France and the United States, Essays representing major trends in contemporary French and American philosophy, edited by Marvin Farber, University of Buffalo publications in philosophy, Buffalo1950, pp. 443–461. - Morton G. White. Toward an analytic philosophy of history. Philosophic thought in France and the United States, Essays representing major trends in contemporary French and American philosophy, edited by Marvin Farber, University of Buffalo publications in philosophy, Buffalo1950, pp. 705–725. - André Lalande. Reflections of a French philosopher on the preceding American essays. Philosophic thought in France and the United States, Essays representing major trends in contemporary French and American philosophy, edited by Marvin Farber, University of Buffalo publications in philosophy, Buffalo1950, pp. 745–763. - Benedykt Bornstein. Teoria absolutu—Metafizyka jako nauka ścisla (Theory of the absolute—Metaphysics as an exact science). Łódzkie Towarzystwo Naukowe, Łódź1948, 130 pp.	1950	15	3	206-206	review	philosophy, language, and inductive logic	review-of-record entry reached			metadata only; full text not reached
Jerzy Słupecki	Tadeusz Czeżowski. Logika. Podręcznik dla studiujących nauki filozoficzne. (Logic. Text-book for students of the philosophical sciences.) Państwowe Zakłady Wydawnictw Szkolynch, Warsaw1949, 273 pp.	1950	15	3	206-206	review	philosophy, language, and inductive logic	review-of-record entry reached			metadata only; full text not reached
Philotheus Boehner	Henry Veatch. Concerning the ontological status of logical forms. The review of metaphysics, vol. 2 (1948), pp. 40–64.	1950	15	3	208-210	review	general mathematical logic	review-of-record entry reached			metadata only; full text not reached
J. F. Thomson	Max Black. Linguistic method in philosophy. Language and philosophy, Studies in method, by Max Black, Cornell University Press, Ithaca, N. Y., 1949, pp. 1–22. (Reprinted from Philosophy and phenomenological research, vol. 8 no. 4 (1948), pp. 635–649.) - Max Black. Vagueness: An exercise in logical analysis. A reprint of III 48(3). Language and philosophy, Studies in method, by Max Black, Cornell University Press, Ithaca, N. Y., 1949, pp. 23–58. - Max Black. The justification of induction. Language and philosophy, Studies in method, by Max Black, Cornell University Press, Ithaca, N. Y., 1949, pp. 59–88. (Including a reprint of the abstract XIV 144(4)). - Max Black. The semantic definition of truth. A reprint of XIII 150. Language and philosophy, Studies in method, by Max Black, Cornell University Press, Ithaca, N. Y., 1949, 89–107. - Max Black. Russell's philosophy of language. A reprint of IX 78(2). Language and philosophy, Studies in method, by Max Black, Cornell University Press, Ithaca, N. Y., 1949, pp. 109–138. - Max Black. Wittgenstein's Tractatus. A reprint of V 120(4). Language and philosophy, Studies in method, by Max Black, Cornell University Press, Ithaca, N. Y., 1949, pp. 139–165. - Max Black. The semiotic of Charles Morris. A reprint of XII 146(1). Language and philosophy, Studies in method, by Max Black, Cornell University Press, Ithaca, N. Y., 1949, pp. 167–185. - Max Black. Ogden and Richard's theory of interpretation. A reprint of VII 102(5). Language and philosophy, Studies in method, by Max Black, Cornell University Press, Ithaca, N. Y., 1949, pp. 186–200. - Max Black. Questions about emotive meaning. Language and philosophy, Studies in method, by Max Black, Cornell University Press, Ithaca, N. Y., 1949, pp. 201–220. (Reprinted from The philosophical review, vol. 57, (1948), pp. 111–126.) - Max Black. Korzybski's general semantics. Language and philosophy, Studies in method, by Max Black, Cornell University Press, Ithaca, N. Y., 1949, pp. 221–246. - Max Black. Additional notes and references. Language and philosophy, Studies in method, by Max Black, Cornell University Press, Ithaca, N. Y., 1949, pp. 247–257.	1950	15	3	210-213	review	model theory and semantics	review-of-record entry reached			metadata only; full text not reached
Robert Feys	Bertrand Russell. Human knowledge, its scope and limits. George Allen and Unwin, London1948, 538 pp; Simon and Schuster, New York 1948, xvi + 524 pp.	1950	15	3	213-215	review	unclassified from title metadata	review-of-record entry reached			metadata only; full text not reached
Olaf Helmer	Max Black. Logic and semantics. Philosophical studies, Essays in memory of L. Susan Stebbing, Published for the Aristotelian Society by George Allen & Unwin Ltd., London1948, pp. 98–128.	1950	15	3	213-213	review	model theory and semantics	review-of-record entry reached			metadata only; full text not reached
Roderick M. Chisholm	David Pears. Hypotheticals. Analysis (Oxford), vol. 10 no. 3 (1950), pp. 49–63.	1950	15	3	215-216	review	unclassified from title metadata	review-of-record entry reached			metadata only; full text not reached
W. V. Quine	J. F. Thomson. A note on truth. Analysis (Oxford) vol. 9 no. 5 (1949), pp. 67–72. See Corrections, ibid., vol. 10 no. 1 (1949), pp. 23–24.	1950	15	3	215-215	review	unclassified from title metadata	review-of-record entry reached			metadata only; full text not reached
E. W. Beth	P. F. Strawson. Truth. Analysis (Oxford), vol. 9 no. 6 (1949), pp. 83–97.	1950	15	3	215-215	review	unclassified from title metadata	review-of-record entry reached			metadata only; full text not reached
Carl G. Hempel	D. J. O'Connor. Some consequences of Professor A. J. Ayer's verification principle. Analysis (Oxford), vol. 10 no. 3 (1950), pp. 67–72.	1950	15	3	216-216	review	unclassified from title metadata	review-of-record entry reached			metadata only; full text not reached
Alonzo Church	Nathaniel Lawrence. Heterology and hierarchy. Analysis (Oxford), vol. 10 no. 4 (1950), pp. 77–84.	1950	15	3	216-217	review	unclassified from title metadata	review-of-record entry reached			metadata only; full text not reached
Alonzo Church	Stuart Hampshire. Multiply general sentences. Analysis (Oxford), vol. 10 no. 4 (1950), pp. 73–76.	1950	15	3	216-216	review	unclassified from title metadata	review-of-record entry reached			metadata only; full text not reached
Alonzo Church	P. T. Geach. Russell's theory of descriptions. Analysis (Oxford), vol. 10 no. 4 (1950), pp. 84–88.	1950	15	3	217-217	review	unclassified from title metadata	review-of-record entry reached			metadata only; full text not reached
Alonzo Church	S. Körner. Entailment and the meaning of words. Analysis (Oxford), vol. 10 no. 4 (1950), pp. 88–92.	1950	15	3	217-218	review	philosophy, language, and inductive logic	review-of-record entry reached			metadata only; full text not reached
Charles A. Baylis	Gustav Bergmann. On non-perceptual intuition. Philosophy and phenomenological research, vol. 10 no. 2 (1949), pp. 263–264.	1950	15	3	218-219	review	philosophy, language, and inductive logic	review-of-record entry reached			metadata only; full text not reached
Alonzo Church	J. J. C. Smart. Whitehead and Russell's theory of types. Analysis (Oxford), vol. 10 no. 4 (1950), pp. 93–96.	1950	15	3	218-218	review	set theory and foundations	review-of-record entry reached			metadata only; full text not reached
Frederic B. Fitch	Nelson Goodman. Some reflections of the theory of systems. English with Spanish abstract. Philosophy and phenomenological research, vol. 9 no. 3 (1949), pp. 620–626.	1950	15	3	218-218	review	philosophy, language, and inductive logic	review-of-record entry reached			metadata only; full text not reached
S. C. Kleene	Frederic B. Fitch. A further consistent extension of basic logic, The journal of symbolic logic. vol. 14 (1949), pp. 209–218.	1950	15	3	219-220	review	proof theory and formal systems	review-of-record entry reached			metadata only; full text not reached
Frederic B. Fitch	Nelson Goodman. The logical simplicity of predicates. The journal of symbolic logic, vol. 14 (1949), pp. 32–41. - Nelson Goodman. An improvement in the theory of simplicity. The journal of symbolic logic, vol. 14 (1949), pp. 228–229.	1950	15	3	219-219	review	general mathematical logic	review-of-record entry reached			metadata only; full text not reached
Charles A. Baylis	David Pears. Synthetic necessary truth. Mind, n. s. vol. 59 (1950), pp. 199–208.	1950	15	3	220-221	review	propositional, many-valued, and modal logic	review-of-record entry reached			metadata only; full text not reached
John Myhill	Yehoshua Bar-Hillel. On syntactical categories. The journal of symbolic logic, vol. 15 (1950), pp. 1–16.	1950	15	3	220-220	review	philosophy, language, and inductive logic	review-of-record entry reached			metadata only; full text not reached
Alonzo Church	Atwell R. Turquette. Gödel and the synthetic a priori. The journal of philosophy, vol. 47 (1950), pp. 125–129.	1950	15	3	221-222	review	philosophy, language, and inductive logic	review-of-record entry reached			metadata only; full text not reached
Alonzo Church	Irving M. Copi (Copilowish). Modern logic and the synthetic a priori. The journal of philosophy, vol. 46 (1949), pp. 243–245.	1950	15	3	221-221	review	philosophy, language, and inductive logic	review-of-record entry reached			metadata only; full text not reached
J. C. C. McKinsey	Arthur W. Burks and Irving M. Copi. Lewis Carroll's barber shop paradox. Mind, n.s. vol. 59 (1950), pp. 219–222.	1950	15	3	222-223	review	proof theory and formal systems	review-of-record entry reached			metadata only; full text not reached
Nelson Goodman	C. H. Langford. The nature of formal analysis. Mind, n.s. vol. 58 (1949), pp. 210–214.	1950	15	3	222-222	review	unclassified from title metadata	review-of-record entry reached			metadata only; full text not reached
Alonzo Church	Wilfrid Sellars. Acquaintance and description again. The journal of philosophy, vol. 46 (1949), pp. 496–504.	1950	15	3	222-222	review	philosophy, language, and inductive logic	review-of-record entry reached			metadata only; full text not reached
Andrzej Mostowski	Helen Rasiowa. Z dziedziny logiki matematycznej. II. Logiki wielowartościowe Łukasiewicza. (From the domain of matematical logic. II. The many-valued logics of Łukasiewicz.) Matematyka, vol. 3 (1950), pp. 4–11.	1950	15	3	223-223	review	propositional, many-valued, and modal logic	review-of-record entry reached			metadata only; full text not reached
Jan Kalicki	Roman Suszko. O analitycznych aksjomatach i logicznych regułach wnioskowania (Analytic axioms and logical rules of inference). Poznańskie Towarzysttwo Przyjaciół Nauk, Prace Komisji Filozoficznej, vol. 7 no. 5 (1949), pp. 1–30 ([373]–[402]).	1950	15	3	223-224	review	proof theory and formal systems	review-of-record entry reached			metadata only; full text not reached
W. T. Parry	Gustav Bergmann. The finite representations of S5. Methodos (Milan), vol. 1 no. 2 (1949), pp. 217–219.	1950	15	3	224-225	review	propositional, many-valued, and modal logic	review-of-record entry reached			metadata only; full text not reached
Jan Kalicki	Roman Suszko. Z teorii definicji (Theory of definition). Poznańskie Towarzysttwo Przyjaciół Nauk, Prace Komisji Filozoficznej, vol. 7 no. 5 (1949), pp. 31–59 ([403]–[431]).	1950	15	3	224-224	review	unclassified from title metadata	review-of-record entry reached			metadata only; full text not reached
J. C. C. McKinsey	Sören Halldén. On the decision-problem of Lewis' calculus S5. Norsk malematisk tidsskrift, vol. 31 (1949), pp. 89–94.	1950	15	3	224-224	review	propositional, many-valued, and modal logic	review-of-record entry reached			metadata only; full text not reached
Wilhelm Ackermann	Paul Dienes. On ternary logic. The journal of symbolic logic, Bd. 14 (1949), S. 85–94.	1950	15	3	225-225	review	general mathematical logic	review-of-record entry reached			metadata only; full text not reached
Wilhelm Ackermann	Sören Halldén. The logic of nonsense. Uppsala Universitets årsskrift, 1949, Heft 9 (1949), 132 S.	1950	15	3	225-226	review	general mathematical logic	review-of-record entry reached			metadata only; full text not reached
John G. Kemeny	Erik Stenius. Das Problem der logischen Antinomien. Societas Scientiarum Fennica, Commentationes physico-mathematicae, vol. 14 no. 4. Helsingfors1949, VIII + 89 pp.	1950	15	3	226-227	review	unclassified from title metadata	review-of-record entry reached			metadata only; full text not reached
H. E. Vaughan	Paul Lorenzen. Einführung in die Logik. Archiv der Mathematik (Karlsruhe), vol. 2 (1949–1950), pp. 60–65.	1950	15	3	227-228	review	unclassified from title metadata	review-of-record entry reached			metadata only; full text not reached
Th. Skolem	David Nelson. Constructible falsity. The journal of symbolic logic, vol. 14 (1949), pp. 16–26.	1950	15	3	228-228	review	general mathematical logic	review-of-record entry reached			metadata only; full text not reached
Theodore Hailperin	Hao Wang. A formal system of logic. The journal of symbolic logic, vol. 15 (1950), pp. 25–32.	1950	15	3	228-229	review	proof theory and formal systems	review-of-record entry reached			metadata only; full text not reached
Andrzej Mostowski	B. A. Trahténbrot. Névozmožnost' algorifma dlá problémy razréšimosti na konéčnyh klassah (Impossibility of an algorithm for the decision problem in finite classes). Doklady Akademii Nauk SSSR, vol. 70 (1950), pp. 569–572.	1950	15	3	229-229	review	set theory and foundations	review-of-record entry reached			metadata only; full text not reached
A. R. Turquette	Alfred L. Foster. On n-ality theories in rings and their logical algebras, including triality principle in three valued logics. American journal of mathematics, vol. 72 (1950), pp. 101–123.	1950	15	3	230-230	review	general mathematical logic	review-of-record entry reached			metadata only; full text not reached
Leon Henkin	Lászió Kalmár. Une forme du théorème de Gödel sous des hypothèses minimales. Comptes rendus hebdomadaires des séances de l'Académie des Sciences (Paris), vol. 229 (1949), pp. 963–965. - Lászió Kalmár. Quelques formes générales du théorème de Gödel. Comptes rendus hebdomadaires des séances de l'Académie des Sciences (Paris), vol. 229 (1949), pp. 1047–1049.	1950	15	3	230-230	review	unclassified from title metadata	review-of-record entry reached			metadata only; full text not reached
Alonzo Church	P. Finsler. Das Kontinuumproblem. Elemente der Mathematik (Basel), vol. 5 (1950), pp. 63–65.	1950	15	3	230-230	review	unclassified from title metadata	review-of-record entry reached			metadata only; full text not reached
J. C. C. McKinsey	Victor Lalan. Equations fonctionnelles dans un anneau booléien. Comptes rendus hebdomadaires des séances de l'Académie des Sciences (Paris), vol. 230 (1950), pp. 603–605.	1950	15	3	230-231	review	unclassified from title metadata	review-of-record entry reached			metadata only; full text not reached
Albert A. Bennett	J. Ridder. Logic of propositions. Synthese (Bussum), vol. 6 (1947–1948), pp. 496–502.	1950	15	3	231-231	review	general mathematical logic	review-of-record entry reached			metadata only; full text not reached
A. R. Turquette	R. de Bengy-Puyvallée. La notion de composabilité en logique. Synthese (Bussum), vol. 7 (1948–1749), pp. 201–205. - Renaud de Bengy-Puyvallée. Sur les règles de composabilité dans la logique de la mathématique intuitioniste sans négation. Comptes rendus hebdomadaires des séances de l'Académie des Sciences (Paris), vol. 226 (1948), pp. 454–456. - Renaud de Bengy-Puyvallée. Sur la relation de composabilité dans les logiques de complémentarité. Comptes rendus hebdomadaires des séances de l'Académie des Sciences (Paris), vol. 228 (1949), pp. 624–626. - Renaud de Bengy-Puyvalleé. Sur les relations d'incomposabilité dans les logiques de complémentarité. Comptes rendus hebdomadaires des séances de l'Académie des Sciences (Paris), vol. 230 (1950), pp. 265–267.	1950	15	3	231-232	review	propositional, many-valued, and modal logic	review-of-record entry reached			metadata only; full text not reached
A. R. Turquette	J. L. Destouches. Intervention d'une logique de modalité dans une théorie physique. Synthese (Bussum), vol. 7 (1948–1949), pp. 411–417. - P. Destouches-Février. Logique et théories physiques. Synthese (Bussum), vol. 7, pp. 400–410.	1950	15	3	232-233	review	propositional, many-valued, and modal logic	review-of-record entry reached			metadata only; full text not reached
Robert Feys	E. W. Beth. Eenheid der wetensckap (Unity of science). Algemeen Nederlands tijd-schrift voor wijsbegeerte en psychologie, vol. 41 no. 5 (1949), pp. 249–256.	1950	15	3	233-233	review	unclassified from title metadata	review-of-record entry reached			metadata only; full text not reached
Charles A. Baylis	E.-W. Beth. General logic and semiotics. Philosophie (Chronique des années de guerre 1939–1945), XI Philosophie des sciences—psychologie, publiée par l'Institut International de Philosophie, publication entreprise sous les auspices de l'U.N.E.S.C.O., Actualités scientifiques et industrielles 1089, Hermann & Cie, Paris1950, pp. 3–16.	1950	15	3	233-233	review	philosophy, language, and inductive logic	review-of-record entry reached			metadata only; full text not reached
A. R. Turquette	Paulette Destouches-Février. Connexions entre les calculs des constructions, des problèmes, des propositions. Comptes rendus hebdomadaires des séances de l'Académie des Sciences (Paris), vol. 228 (1949), pp. 31–33.	1950	15	3	233-233	review	unclassified from title metadata	review-of-record entry reached			metadata only; full text not reached
P. Destouches-Février	G. F. C. Griss. Sur la négation (dans les mathématiques et la logique). Synthese (Bussum), vol. 7 (1948–1949), pp. 71–74.	1950	15	3	234-234	review	unclassified from title metadata	review-of-record entry reached			metadata only; full text not reached
E. W. Beth	P. Hoenen. Het principium exclusi tertii in de branding, een stitdie in logica (The principle of the excluded third at stake, a study in logic). Bijdragen uitgegeven door de philosophische en theologische faculteiten der Noord- en Zuid-Nederlandse Jezuieten, vol. 10 no. 3 (1949), pp. 241–263.	1950	15	3	234-234	review	philosophy, language, and inductive logic	review-of-record entry reached			metadata only; full text not reached
Julius Kraft	R. Feys. Neo-positivisme en symbolische logica (Neo-positivism and symbolic logic). Annalen van het Thijmgenootschap, vol. 37 no. 2 (1949), pp. 150–157. Discussion by P. van Lent, E. Hüffer, B. Delfgaauw, and the author, ibid., pp. 158–159.	1950	15	3	234-234	review	general mathematical logic	review-of-record entry reached			metadata only; full text not reached
Charles A. Baylis	Robert Feys. Logistique. Philosophie (Chronique des années de guerre 1939–1945), XI Philosophie des sciences—psychologie, publiéo par l'Institu t International de Philosophie, publication entreprise sous les auspices de l'U.N.E.S.C.O., Actuality scientifiques et industrielles 1089, Hermann & Cie, Paris1950, pp. 17–40.	1950	15	3	234-234	review	philosophy, language, and inductive logic	review-of-record entry reached			metadata only; full text not reached
Alonzo Church	B. Bykhovsky. The morass of modern bourgeois philosophy. Translated by Anatol Rapoport, with a brief editorial foreword by S.I. Hayakawa. ETC.: A review of general semantics, vol. 6 (1948–1949), pp. 1–15.	1950	15	3	235-236	review	model theory and semantics	review-of-record entry reached			metadata only; full text not reached
P. Destouches-Février	G. F. C. Griss. Logique des mathématiques intuitionistes sans négation. Comptes rendus hebdomadaires des séances de l'Académie des Sciences (Paris), vol. 227 (1948), pp. 946–948	1950	15	3	235-235	review	propositional, many-valued, and modal logic	review-of-record entry reached			metadata only; full text not reached
Alonzo Church	S. I. Hayakawa. Semantics. 10 eventful years, Encyclopaedia Britannica, Inc., Chicago-London-Toronto1947, vol. 4, pp. 28–32. - Alfred Korzybski. The brotherhood of doctrines. ETC.: A review of general semantics, vol. 1 (1943–1944), pp. 51–57. [Reprinted from The builder, August, 1922.] - Stillman Drake. A. B.Johnson and his works on language. ETC.: A review of general semantics, vol. 1 (1943–1944), pp. 238–252. - S. I. Hayakawa. Semantics, general semantics: An attempt at definition. ETC.: A review of general semantics, vol. 2 (1944–1945), pp. 116–120. [Reprinted from ETC.: A review of general semantics, Philosophical Library, Inc., New York.] - S. I. Hayakawa. Semantics, general semantics. ETC.: A review of general semantics, vol. 4 (1946–1947), pp. 161–170. [A reprint of XV 235(3) with mino r changes.] - Guthrie E. Janssen. Hayakawa's article censured. ETC.: A review of general semantics, vol. 5 (1947–1948), pp. 70–75. [Discussion of the foregoing.] - Rudolf Carnap. Probability as a guide in life. ETC.: A review of general semantics, vol. 5 (1947–1948) pp. 263–267. [A reprint of XII 104(1).] - Guila F. Beattie. Hayakawa censured again. ETC.: A review of general semantics, vol. 5 (1947–1948), pp. 286–287. - Anatol Rapoport and S. I. Hayakawa. Semantics, general semantics again. ETC.: A review of general semantics, vol. 5 (1947–1948), pp. 288–290.	1950	15	3	235-235	review	model theory and semantics	review-of-record entry reached			metadata only; full text not reached
Alonzo Church	Semantics, general semantics, semiotic. New acceptations of old terms. Synthese (Bussum), vol. 7 (1948–1949), pp. 229–232.	1950	15	3	235-235	review	model theory and semantics	review-of-record entry reached			metadata only; full text not reached
Alonzo Church	Leonard Greenberg. The ‘is’ of identity in definitions. ETC.: A review of general semantics, vol. 1 (1943–4), pp. 109–111. - Charles Morris. Science and discourse. Synthese (Bussum), vol. 5 (1946–7), pp. 296–308. - Brugt H. Kazemier. Remarks on logical positivism. Synthese (Bussum), vol. 5 (1946–7), pp. 327–332. - Arnold Reymond. Congrès de Berne de I'unité et de la méthode dans les sciences. Synthese (Bussum), vol. 5 (1946–7), pp. 475–485. - Anonymous. The relativistic standpoint with regard to the foundation of mathematics. Synthese (Bussum), vol. 5 (1946–7), pp. 519–521. - Jean-Louis Destouches. Logique el réalité. Synthese (Bussum), vol. 6 (1947–8), pp. 300–304. - F. Denk. Sprache, Modell und Exaktheit. Synthese (Bussum), vol. 5 (1946–7), pp. 487–494. - P. H. Esser. Inaugural address. English with French abstract. Synthese (Bussum), vol. 7 (1948–9), pp. 16–22. - Karl Dürr. Logislik als Forschungsmethode. Synthese (Bussum), vol. 5 (1946–7), pp. 27–31. - Louis van Haecht. Les aspects psychologique et logique de I'analyse du langage. Synthese (Bussum), vol. 5 (1946–7), pp. 100–108.	1950	15	3	236-236	review	model theory and semantics	review-of-record entry reached			metadata only; full text not reached
	Related Citations	1950	15	3	237-240	citation-linkage matter	editorial/association apparatus				metadata only; full text not reached
	JSL volume 15 issue 4 Cover and Front matter and Errata	1950	15	4	f1-f5	cover/front/back matter	editorial/association apparatus				metadata only; full text not reached
Hao Wang	Set-theoretical basis for real numbers	1950	15	4	241-247	primary technical publication	set theory and foundations	in-block contemporaneous review entry immediately identified			metadata only; full text not reached
Rózsa Péter	Zusammenhang der mehrfachen und transfiniten Rekursionen	1950	15	4	248-272	primary technical publication	unclassified from title metadata	in-block contemporaneous review entry immediately identified			metadata only; full text not reached
Gisbert Hasenjaeger	Über eine Art von Unvollständigkeit des Prädikatenkalküls der ersten Stufe	1950	15	4	273-276	primary technical publication	unclassified from title metadata	in-block contemporaneous review entry immediately identified			metadata only; full text not reached
Antoni Janiczak	A remark concerning decidability of complete theories	1950	15	4	277-279	primary technical publication	computability, recursion, and decidability	in-block contemporaneous review entry immediately identified			metadata only; full text not reached
Alonzo Church	G. H. v. Wright. On the idea of logical truth (I). Societas Scientiarum Fennica, Commentationes physico-mathematicae, vol. 14 no. 4. Helsingfors1948, 20 pp. - G. H. von Wright. Form and content in logic. An inaugural lecture delivered on 26 May 1949 in the University of Cambridge. University Press, Cambridge1949, 35 pp.	1950	15	4	280-280	review	general mathematical logic	review-of-record entry reached			metadata only; full text not reached
Bolesław Sobociński	Henryk Mehlberg. 0 niesprawdzalnych założeniach nauki (On the unverifiable assumptions of science). Przeglqd filozoficzny, vol. 44 (1948), pp. 319–335.	1950	15	4	280-280	review	unclassified from title metadata	review-of-record entry reached			metadata only; full text not reached
Bolesław Sobociński	Kazimierz Ajdukiewicz. Epistemologia i semiotyka (Epistemology and semiotic). Przeglqd filozoficzny, vol. 44 (1948), pp. 336–347.	1950	15	4	280-281	review	unclassified from title metadata	review-of-record entry reached			metadata only; full text not reached
Bolesław Sobociński	Maria Kokoszyńska. O pewnym warunku semantycznej teorii wiedzy (On a certain condition for a semantical theory of knowledge). Przeglqd filozoficzny, vol. 44 (1948), pp. 372–381.	1950	15	4	281-281	review	model theory and semantics	review-of-record entry reached			metadata only; full text not reached
Alonzo Church	Baruch Germansky. (A new set of axioms sufficient for the development of the theory of natural numbers). , (Riveon lematematika), vol. 3 (1949), pp. 65–67.	1950	15	4	282-282	review	proof theory and formal systems	review-of-record entry reached			metadata only; full text not reached
Alonzo Church	Baruch Germansky. (An alternative proof of a theorem of equivalence concerning axioms of natural numbers). (Riveon lematematika), vol. 4 (1950), pp. 18–21.	1950	15	4	282-282	review	proof theory and formal systems	review-of-record entry reached			metadata only; full text not reached
Alonzo Church	Baruch Germansky. (Supplement to my paper “Axioms of the natural numbers”). (Riveon lematematika), vol. 3 (1949), p. 8.	1950	15	4	282-282	review	proof theory and formal systems	review-of-record entry reached			metadata only; full text not reached
C. D. Firestone	R. Shukla. A system for general set theory. The journal of the Indian Mathematical Society, n. s. vol. 12 (1948), pp. 121–124.	1950	15	4	282-283	review	set theory and foundations	review-of-record entry reached			metadata only; full text not reached
B. Germànsky	Yehoshua Bar-Hillel. (The present state of the problem of the antinomies. The semantical antinomies.) (Tarbits), vol. 12 (1940/1941), pp. 275–286.	1950	15	4	282-282	review	model theory and semantics	review-of-record entry reached			metadata only; full text not reached
	Further Citations	1950	15	4	283	citation-linkage matter	editorial/association apparatus				metadata only; full text not reached
Wilhelm Ackermann	J. Richard Büchi. Die Boole'sche Partialordnung und die Paarung von Gefuegen. Portugaliae mathematica, Bd. 7 Hefte 3–4 (für 1948, erschienen 1949), S. 119–180.	1950	15	4	283-283	review	unclassified from title metadata	review-of-record entry reached			metadata only; full text not reached
Ernst Specker	Pascual Jordan. Zur Quanten-Logik. Archiv der Mathematik (Karlsruhe), Bd. 2 (1949–1950), S. 166–171.	1950	15	4	283-283	review	unclassified from title metadata	review-of-record entry reached			metadata only; full text not reached
	Related Citations	1950	15	4	283-285	citation-linkage matter	editorial/association apparatus				metadata only; full text not reached
	List of officers and members of the Association for Symbolic Logic	1950	15	4	286-291	association record	editorial/association apparatus				metadata only; full text not reached
	Index of reviews by subjects	1950	15	4	292-312	review index	editorial/association apparatus				metadata only; full text not reached
Robert McNaughton	A theorem about infinite-valued sentential logic	1951	16	1	1-13	primary technical publication	propositional, many-valued, and modal logic	in-block contemporaneous review entry immediately identified			metadata only; full text not reached
	JSL volume 16 issue 1 Cover and Back matter	1951	16	1	b1-b2	cover/front/back matter	editorial/association apparatus				metadata only; full text not reached
	JSL volume 16 issue 1 Cover and Front matter	1951	16	1	f1-f2	cover/front/back matter	editorial/association apparatus				metadata only; full text not reached
Alfred Horn	On sentences which are true of direct unions of algebras	1951	16	1	14-21	primary technical publication	unclassified from title metadata	in-block contemporaneous review entry immediately identified			metadata only; full text not reached
J. B. Rosser; A. R. Turquette	Axiom schemes for m-valued functional calculi of first order. Part II	1951	16	1	22-34	primary technical publication	propositional, many-valued, and modal logic	in-block contemporaneous review entry immediately identified			metadata only; full text not reached
John Myhill	Report on some investigations concerning the consistency of the axiom of reducibility	1951	16	1	35-42	primary technical publication	proof theory and formal systems	in-block contemporaneous review entry immediately identified			metadata only; full text not reached
Maurice L'abbé	On the independence of Henkin's axioms for fragments of the propositional calculus	1951	16	1	43-45	primary technical publication	propositional, many-valued, and modal logic	in-block contemporaneous review entry immediately identified			metadata only; full text not reached
George L. Kline	S. A. Ánovskaá. Osnovaniá matématiki i matématičéskaá logika (Foundations of mathematics and mathematical logic). Matématika v SSSR za tridcat′ lét 1917–1947 (Mathematics in the USSR for the thirty years 1917–1947), OGIZ, Moscow and Leningrad1948, pp. 9–50.	1951	16	1	46-48	review	general mathematical logic	review-of-record entry reached			metadata only; full text not reached
John G. Kemeny	Hans Reichenbach. The theory of probability. An inquiry into the logical and mathematical foundations of the calculus of probability. English translation by Ernest H. Hutten and Maria Reichenbach. University of California Press, Berkeley and Los Angeles1949, xvi + 492 pp.	1951	16	1	48-51	review	proof theory and formal systems	review-of-record entry reached			metadata only; full text not reached
Alonzo Church	G. Udny Yule and M. G. Kendall. An introduction to the theory of statistics. Fourteenth edition, revised and enlarged. Charles Griffin & Company, London1950, xxiv + 701 pp.	1951	16	1	51-51	review	unclassified from title metadata	review-of-record entry reached			metadata only; full text not reached
H. E. Vaughan	R. B. Kershner and L. R. Wilcox. The anatomy of mathematics. The Ronald Press Company, New York1950, xi + 416 pp.	1951	16	1	51-52	review	unclassified from title metadata	review-of-record entry reached			metadata only; full text not reached
G. Zubieta R.	D. Hilbert and W. Ackermann. Principles of mathematical logic. English translation of III 83(2) by Lewis M. Hammond, George G. Leckie, and F. Steinhardt. Edited and with notes by Robert E. Luce. Chelsea Publishing Company, New York1950, xii + 172 pp.	1951	16	1	52-53	review	general mathematical logic	review-of-record entry reached			metadata only; full text not reached
Ernest H. Hutten	Gerrit Mannoury. Les fondements psycho-linguistiques des mathématiques. French translation of 1164 by L. Roelandt and M. A. Preissmann. Bibliothèque scientifique No. 7. Éditions du Griffon, Neuchatel1947, 63 pp. - D. van Dantzig. Signifies, and its relations to semiotics. Library of the Tenth International Congress of Philosophy, Vol. II, Philosophical essays, Amsterdam1949, pp. 176–189.	1951	16	1	53-55	review	philosophy, language, and inductive logic	review-of-record entry reached			metadata only; full text not reached
Leon Henkin	Heinrich Scholz. Zur Erhellung des Verstehens. Geistige Gestalten und Probleme, Eduard Spranger zum 60. Geburstag (27. Juni 1942), edited by Hans Wenke, Quelle & Meyer, Leipzig1942, pp. 291–310.	1951	16	1	53-53	review	unclassified from title metadata	review-of-record entry reached			metadata only; full text not reached
Paul Bernays	Max Bense. Einleitung in die Philosophie. Eine Einübung des Geistes. (Collection Einheit des Wissens, edited by M. Bense.) Ed. R. Oldenbourg, Munich and Berlin1941, 191 pp.	1951	16	1	55-55	review	philosophy, language, and inductive logic	review-of-record entry reached			metadata only; full text not reached
Paul Bernays	R. Feys. De ontwikkeling van het logisch denken (The development of logical thought). Prepared for publication by A. Borgers. Philosophische bibliotheek. Standaard-Boekhandel, Antwerp; Dekker & van de Vegt, Nijmegen; 1949, 220 pp.	1951	16	1	55-56	review	philosophy, language, and inductive logic	review-of-record entry reached			metadata only; full text not reached
Wilhelm Ackermann	Haskell B. Curry. A theory of formal deducibility. Notre Dame mathematical lectures, no. 6. Lithoprinted. University of Notre Dame, Notre Dame, Indiana, 1950, ix + 126 Seiten.	1951	16	1	56-58	review	unclassified from title metadata	review-of-record entry reached			metadata only; full text not reached
Johannes Bendiek	Henry Veatch. In defense of the syllogism. The modern Schoolman, Bd. 27 (1950), S. 184–202.	1951	16	1	58-58	review	unclassified from title metadata	review-of-record entry reached			metadata only; full text not reached
Henry Hiż	Jerzy Łoś. Podstawy analizy metodologicznej kanonów Milla (Foundations of the methodological analysis of Mill's canons). Annates Universitatis Mariae Curie-Shlodowska, Sectio F, vol. 2 (for 1947, pub. 1948), pp. 269–301.	1951	16	1	58-59	review	unclassified from title metadata	review-of-record entry reached			metadata only; full text not reached
Jan Kalicki	Jerzt Łoś. O matrycach logicznych (On logical matrices). Prace Wrocławskiego Towarzystwa Naukowego, series B, no. 19. Wrocław1949, 42 pp.	1951	16	1	59-61	review	algebraic logic	review-of-record entry reached			metadata only; full text not reached
Oystein Ore	Jacques Riguet. Quelques propriétés des relations difonctionnelles. Comptes rendus hebdomadaires des séances de l'Académie des Sciences (Paris), vol. 230 (1950), pp. 1999–2000.	1951	16	1	61-61	review	unclassified from title metadata	review-of-record entry reached			metadata only; full text not reached
Oystein Ore	Jacques Riguet. Relations binaires, fermetures, correspondences de Galois. Bulletin de la Société Mathématique de France, vol. 76 (1948), pp. 114–155.	1951	16	1	61-61	review	unclassified from title metadata	review-of-record entry reached			metadata only; full text not reached
Alonzo Church	A. Archer. A Venn diagram analogue computer. Nature, vol. 166 (1950), p. 829.	1951	16	1	62-62	review	computability, recursion, and decidability	review-of-record entry reached			metadata only; full text not reached
Alonzo Church	F. L. Bauer. Zur Algebraik des Logikkalküls. Methodos, vol. 1 (1949), pp. 288–292.	1951	16	1	62-62	review	unclassified from title metadata	review-of-record entry reached			metadata only; full text not reached
H. E. Vaughan	Ladislav Rieger. A note on topological representations of distributive lattices (Poznámka o topologických representacích distributivních svazů). Časopis pro péstování matematiky a fysiky, vol. 74 (1949), pp. 55–61. - Kiyoski Iseki. Une condition pour qu'un lattice soit distributif. Comptes rendus hebdomadaires des séances de l'Académie des Sciences (Paris), vol. 230 (1950), pp. 1726–1727.	1951	16	1	62-62	review	algebraic logic	review-of-record entry reached			metadata only; full text not reached
G. H. von Wright	Th. Skolem. De logiske paradokser og botemidlene mot dem (The logical paradoxes and the remedies for them). Norsk matematisk tidsskrift, vol. 32 (1950), pp. 2–11.	1951	16	1	62-62	review	model theory and semantics	review-of-record entry reached			metadata only; full text not reached
Charles A. Baylis	C. H. Langford. The institutional use of the. Philosophy and phenomenological research, vol. 10 no. 1 (1949), pp. 115–120.	1951	16	1	63-63	review	philosophy, language, and inductive logic	review-of-record entry reached			metadata only; full text not reached
Roderick M. Chisholm	Elizabeth Lane Beardsley. “Non-accidental” and counlerfactual sentences. The journal of philosophy, vol. 46 (1949), pp. 573–591.	1951	16	1	63-64	review	philosophy, language, and inductive logic	review-of-record entry reached			metadata only; full text not reached
Albert A. Bennett	Ugo Cassina. Le dimostrazioni in matematica. Annali di matematica pura ed applicata, ser. 4 vol. 29 (1949), pp. 131–146.	1951	16	1	63-63	review	unclassified from title metadata	review-of-record entry reached			metadata only; full text not reached
J. C. C. McKinsey	R. M. Martin. On virtual classes and real numbers. The journal of symbolic logic, vol. 15 (1950), pp. 131–134.	1951	16	1	64-64	review	set theory and foundations	review-of-record entry reached			metadata only; full text not reached
Roderick M. Chisholm	William Kneale. Natural laws and contrary-to-fact conditionals. Analysis (Oxford), vol. 10 no. 6 (1950), pp. 121–125.	1951	16	1	64-64	review	unclassified from title metadata	review-of-record entry reached			metadata only; full text not reached
J. C. C. McKinsey	Jan Kalicki. A test for the existence of tautologies according to many-valued truth-tables. The journal of symbolic logic, vol. 15 (1950), pp. 182–184.	1951	16	1	65-65	review	propositional, many-valued, and modal logic	review-of-record entry reached			metadata only; full text not reached
J. C. C. McKinsey	Jan Kalicki. Note on truth-tables. The journal of symbolic logic, vol. 15 (1950), pp. 174–181. See Errata, ibid., p. iv.	1951	16	1	65-65	review	propositional, many-valued, and modal logic	review-of-record entry reached			metadata only; full text not reached
W. V. Quine	John R. Myhill. A complete theory of natural, rational, and real numbers. The journal of symbolic logic, vol. 15 (1950), pp. 185–196. See Errata, ibid., p. iv.	1951	16	1	65-67	review	general mathematical logic	review-of-record entry reached			metadata only; full text not reached
Mieczysław Choynowski	D. Rynin. Remarks on M. Schlick's essay “Positivism and realism.”Synthese, vol. 7 (1948–1949), pp. 466–477. - M. Schlick. Positivism and realism. Translated by David Rynin. Synthese, vol. 7 (1948–1949), pp. 478–505. - Morris Lazerowitz. Are self-contradictory expressions meaningless?The philosophical review, vol. 58 (1949), pp. 563–584.	1951	16	1	67-69	review	philosophy, language, and inductive logic	review-of-record entry reached			metadata only; full text not reached
Max Black	Gottlob Frege, The foundations of arithmetic. A logico-mathematical enquiry into the concept of number. German with English translation by J. L. Austin. Basil Blackwell, Oxford1950; Philosophical Library, New York 1950; pages i–xii, I–XI, 1–119, and parallel pages vie–xiie, Ie–XIe, 1e–119e.	1951	16	1	67-67	review	philosophy, language, and inductive logic	review-of-record entry reached			metadata only; full text not reached
J. Sebastião e Silva	Manuel Granell. Lógica. Manuales de la Revista de Occidente, Madrid1949, 478 pp.	1951	16	1	69-70	review	unclassified from title metadata	review-of-record entry reached			metadata only; full text not reached
Jørgen Jørgensen	Sören Halldén. Några resultat i modal logik (Some results in modal logic). Almquist & Wiksells boktryckeri AB. Dissertation, Uppsala1950, 34 pp.	1951	16	1	70-70	review	propositional, many-valued, and modal logic	review-of-record entry reached			metadata only; full text not reached
Jan Kalicki	O. V. Zich. Příspěvek k theorii celých čísel a jednojednoznačného zobrazení (A contribution to the theory of whole numbers and of one-to-one transformations). Rozpravy II, Třídy České Akademie, vol. 58 no. 11 (1948), 12 pp.	1951	16	1	71-72	review	unclassified from title metadata	review-of-record entry reached			metadata only; full text not reached
Rózsa Péter	Leon Henkin. Completeness in the theory of types. The journal of symbolic logic, vol. 15 (1950), S. 81–91.	1951	16	1	72-73	review	set theory and foundations	review-of-record entry reached			metadata only; full text not reached
J. Barkely Rosser	Wilhelm Ackermann. Widerspruchsfreier Aufbau der Logik I. Typenfreies System ohne tertium non datur. The journal of symbolic logic, vol. 15 (1950), pp. 33–57.	1951	16	1	72-72	review	general mathematical logic	review-of-record entry reached			page-verified complete local full text
Frederic B. Fitch	Ruth Barcan Marcus. The elimination of contexlually defined predicates in a modal system. The journal of symbolic logic, vol. 15 (1950), p. 92.	1951	16	1	73-74	review	propositional, many-valued, and modal logic	review-of-record entry reached			metadata only; full text not reached
R. C. Lyndon	Frank Harary. On complete atomic proper relation algebras. The journal of symbolic logic, vol. 15 (1950), pp. 197–198.	1951	16	1	74-74	review	algebraic logic	review-of-record entry reached			metadata only; full text not reached
Anders Wedberg	Ivo Thomas. The logical square and modes of categorical syllogism. Contemplations presented to The Dominican Tertiaries of Glasgow 1924–1949, Blackfriars, Oxford (1949), offprint 14 pp.	1951	16	1	74-75	review	model theory and semantics	review-of-record entry reached			metadata only; full text not reached
Paul Bernays	John R. Myhill. A reduction in the number of primitive ideas of arithmetic. The journal of symbolic logic, vol. 15 (1950), p. 130.	1951	16	1	74-74	review	general mathematical logic	review-of-record entry reached			metadata only; full text not reached
Roderick M. Chisholm	Evert W. Beth. Logical and psychological aspects in the consideration of language. Synthese, vol. 5 (1946–1947), pp. 542–544.	1951	16	1	75-75	review	philosophy, language, and inductive logic	review-of-record entry reached			metadata only; full text not reached
Roderick M. Chisholm	Friedrich Waismann. The many-level-structure of language. Synthese, vol. 5 (1946–1947), pp. 221–229.	1951	16	1	75-75	review	philosophy, language, and inductive logic	review-of-record entry reached			metadata only; full text not reached
William Marshall	Alonzo Church. On Carnap's analysis of statements of assertion and belief. Analysis (Oxford), vol. 10 no. 5 (1950), pp. 97–99.	1951	16	1	76-77	review	unclassified from title metadata	review-of-record entry reached			metadata only; full text not reached
Roderick M. Chisholm	Friedrich Waismann. Logische und psychologische Aspekte in der Sprachbetrachtung. Synthese, vol. 6 (1947–1948), pp. 460–475.	1951	16	1	76-76	review	unclassified from title metadata	review-of-record entry reached			metadata only; full text not reached
Martin Davis	W. V. Quine. On decidability and completeness. Synthese, vol. 7 (1948–1949), pp. 441–446.	1951	16	1	76-76	review	computability, recursion, and decidability	review-of-record entry reached			metadata only; full text not reached
Carl G. Hempel	Bent Schultzer. Empiricism as a logical problem. Theoria, vol. 15 (1949), pp. 298–314.	1951	16	1	77-78	review	general mathematical logic	review-of-record entry reached			metadata only; full text not reached
Charles A. Baylis	David Rynin. Meaning and formation rules. The journal of philosophy, vol. 46 (1949), pp. 373–386.	1951	16	1	77-77	review	philosophy, language, and inductive logic	review-of-record entry reached			metadata only; full text not reached
Charles A. Baylis	Paul Edwards. Do necessary propositions “mean nothing”?The journal of philosophy, vol. 46 (1949), pp. 457–468.	1951	16	1	77-77	review	propositional, many-valued, and modal logic	review-of-record entry reached			metadata only; full text not reached
	Related Citations	1951	16	1	78-80	citation-linkage matter	editorial/association apparatus				metadata only; full text not reached
Alonzo Church	Victor Kraft. Die moderne und die traditionelle Logik. Wissenschaft und Weltbild (Vienna), vol. 3 no. 1 (1950), pp. 28–34.	1951	16	1	78-78	review	unclassified from title metadata	review-of-record entry reached			metadata only; full text not reached
	Elections	1951	16	1	80-80	association record	editorial/association apparatus				metadata only; full text not reached
	Institutional contributing subscribers to the Journal	1951	16	1	80-80	association record	editorial/association apparatus				metadata only; full text not reached
	JSL volume 16 issue 2 Cover and Front matter	1951	16	2	f1-f2	cover/front/back matter	editorial/association apparatus				metadata only; full text not reached
Paul Lorenzen	Algebraische und logistische Untersuchungen über freie Verbände	1951	16	2	81-106	primary technical publication	unclassified from title metadata	in-block contemporaneous review entry immediately identified	technical-depth potentially sufficient		page-verified complete local full text
Andrzej Mostowski	On the rules of proof in the pure functional calculus of the first order	1951	16	2	107-111	primary technical publication	proof theory and formal systems	in-block contemporaneous review entry immediately identified			metadata only; full text not reached
Schiller Joe Scroggs	Extensions of the Lewis system S5	1951	16	2	112-120	primary technical publication	propositional, many-valued, and modal logic	in-block contemporaneous review entry immediately identified			metadata only; full text not reached
Frederic B. Fitch	A demonstrably consistent mathematics—Part II	1951	16	2	121-124	primary technical publication	proof theory and formal systems		technical-depth potentially sufficient		page-verified complete local full text
Raphael M. Robinson	Arithmetical definability of field elements	1951	16	2	125-126	primary technical publication	model theory and semantics	in-block contemporaneous review entry immediately identified			metadata only; full text not reached
Sören Halldén	On the semantic non-completeness of certain Lewis calculi	1951	16	2	127-129	primary technical publication	model theory and semantics	in-block contemporaneous review entry immediately identified			metadata only; full text not reached
John Myhill	Towards a consistent set-theory	1951	16	2	130-136	primary technical publication	set theory and foundations	in-block contemporaneous review entry immediately identified		mechanically obvious target-line exclusion from title/metadata	metadata only; full text not reached
E. W. Beth	Jonathan Cohen. Mr. Strawson's analysis of truth. Analysis (Oxford), vol. 10 no. 6 (1950), pp. 136–140.	1951	16	2	137-138	review	unclassified from title metadata	review-of-record entry reached			metadata only; full text not reached
Victor Kraft	Rudolf Carnap. Testability and meaning. Neuer Abdruck von II 49(2), S. 419–471, 2–40, nebst Titelblatt, Corrigenda and additions (S. 40A–40C) und Additions to bibliography (S. 40C–40F). Graduate Philosophy Club, Yale University, New Haven, Conn., 1950.	1951	16	2	137-137	review	philosophy, language, and inductive logic	review-of-record entry reached			metadata only; full text not reached
W. V. Quine	Paul D. Wienpahl. Frege's Sinn und Bedeutung. Mind, n.s. vol. 59 (1950), pp. 483–494.	1951	16	2	138-138	review	unclassified from title metadata	review-of-record entry reached			metadata only; full text not reached
W. V. Quine	Peter Thomas Geach. Subject and predicate. Mind, n.s. vol. 59 (1950), pp. 461–482.	1951	16	2	138-138	review	general mathematical logic	review-of-record entry reached			metadata only; full text not reached
W. V. Quine	Armando Asti Vera. El locus de los entes matemáticos. Episteme (Buenos Aires), no. 3–4 (1948), pp. 112–114.	1951	16	2	139-139	review	unclassified from title metadata	review-of-record entry reached			metadata only; full text not reached
W. V. Quine; Armando Asti Vera	El Locus de los Entes Matematicos.	1951	16	2	139	review	unclassified from title metadata	review-of-record entry reached			metadata only; full text not reached
Robert Feys	Ettore Carruccio. Recenti sviluppi della logica matematica nei riflessi sull'insegnamento. Atti del Convegno di Pisa (23–27 settembre 1948). Offprint 1949, 22 pp.	1951	16	2	139-140	review	unclassified from title metadata	review-of-record entry reached			metadata only; full text not reached
Robert Feys	Giuseppe Vaccarino. Caratteri e funzione della logica. Archimede (Firenze), vol. 1 no. 5 (1949), pp. 149–154.	1951	16	2	139-139	review	unclassified from title metadata	review-of-record entry reached			metadata only; full text not reached
W. V. Quine	Juan David García Bacca. Historia esquemática de los conceplos de finito e infinito. Episteme (Buenos Aires), no. 5 (1949), pp. 149–171.	1951	16	2	139-139	review	unclassified from title metadata	review-of-record entry reached			metadata only; full text not reached
W. V. Quine	L. Allende Lezama and C. R. Pérés de Cambiaso. La oratión: Definitión y división. Episteme (Buenos Aires), no. 2 (1948), pp. 38–53. - Armando Asti Vera. Introductión a la epistemologiá. Episteme (Buenos Aires), no. 2 (1948), pp. 53–58. - L. Allende Lezama and Armando Asti Vera. El concepto de implication en la ciencia y en la filosofia. Episteme (Buenos Aires), no. 3–4 (1948), pp. 67–75. See Fe de erratas, ibid., no. 5 (1949), p. 192. - L. Allende Lezama and Armando Asti Vera. The concept of implication in science and philosophy. English translation of the preceding by E. Fressone, E. Williams, and N. Bottino. Episteme (Buenos Aires), no. 3–1, pp. 76–84. - L. Allende Lezama and A. Asti Vera. Introductión al conocimiento. Episteme (Buenos Aires), no. 5, pp. 131–148.	1951	16	2	139-139	review	philosophy, language, and inductive logic	review-of-record entry reached			metadata only; full text not reached
Roderick M. Chisholm	Arthur Pap. Are all necessary propositions analytic?The philosophical review, vol. 58 (1949) pp. 299–320.	1951	16	2	140-140	review	propositional, many-valued, and modal logic	review-of-record entry reached			metadata only; full text not reached
Roderick M. Chisholm	Arthur Pap. Logic and the synthetic a priori. English with Spanish abstract. Philosophy and phenomenological research, vol. 10 no. 4 (1950), pp. 500–514.	1951	16	2	140-140	review	philosophy, language, and inductive logic	review-of-record entry reached			metadata only; full text not reached
Robert Feys	Marcel Boll and Jacques Reinhart. La conquête de la vérité. Récti simplifié des derniers progrès de la logique scientifique. Editions du Sablon, Brussels-Paris1947, 288 pp.	1951	16	2	140-140	review	unclassified from title metadata	review-of-record entry reached			metadata only; full text not reached
J. F. Thomson	Wilfrid Sellars. Quotation marks, sentences, and propositions. English with Spanish abstract. Philosophy and phenomenological research, vol. 10 no. 4 (1950), pp. 515–525.	1951	16	2	140-141	review	philosophy, language, and inductive logic	review-of-record entry reached			metadata only; full text not reached
J. F. Thomson	Arthur Pap. Are individual concepts necessary?Philosophical studies, vol. 1 (1950), pp. 17–24.	1951	16	2	141-142	review	propositional, many-valued, and modal logic	review-of-record entry reached			metadata only; full text not reached
J. F. Thomson	Wilfrid Sellars. The identity of linguistic expressions and the paradox of analysis. Philosophical studies, vol. 1 (1950), pp. 24–31. - Wilfrid Sellars. Gestalt qualities and the paradox of analysis. Philosophical studies, vol. 1 (1950), pp. 92–94.	1951	16	2	141-141	review	proof theory and formal systems	review-of-record entry reached			metadata only; full text not reached
Andrzej Mostowski	Hao Wang. Remarks on the comparison of axiom systems. Proceedings of the National Academy of Sciences of the United States of America, vol. 36 (1950), pp. 448–453.	1951	16	2	142-143	review	proof theory and formal systems	review-of-record entry reached			metadata only; full text not reached
J. Barkley Rosser	Hao Wang. The non-finitizability of impredicalive principles. Proceedings of the National Academy of Sciences of the United States of America, vol. 36 (1950), pp. 479–484.	1951	16	2	143-144	review	unclassified from title metadata	review-of-record entry reached			metadata only; full text not reached
G. D. W. Berry	Hao Wang. Existence of classes and value specification of variables. The journal of symbolic logic, vol. 15 (1950), pp. 103–112.	1951	16	2	144-145	review	set theory and foundations	review-of-record entry reached			metadata only; full text not reached
Th. Skolem	J. Barkley Rosser and Hao Wang. Non-standard models for formal logics. The journal of symbolic logic, vol. 15 (1950), pp. 113–129. See Errata, ibid., p. iv.	1951	16	2	145-146	review	model theory and semantics	review-of-record entry reached			partial local page image; p. 145 reached, p. 146 not reached
Rózsa Péter	Antoni Janiczak. A remark concerning decidability of complete theories. The journal of symbolic logic, vol. 15 (1950), 277–279.	1951	16	2	146-147	review	computability, recursion, and decidability	review-of-record entry reached			metadata only; full text not reached
Rózsa Péter	Gisbert Hasenjaeger. Über eine Art von Unvollständigkeit des Prädikatenkalküls der ersten Stufe. The journal of symbolic logic, vol. 15 (1950), 273–276.	1951	16	2	146-146	review	general mathematical logic	review-of-record entry reached			metadata only; full text not reached
Wilhelm Ackermann	G. H. von Wright. On the idea of logical truth (II). Societas Scientiaru m Fennica, Commentationes physico-mathematicae, Bd. 15, Nr. 10. Kopenhagen und Helsingfors1950, 45 S.	1951	16	2	147-148	review	general mathematical logic	review-of-record entry reached			metadata only; full text not reached
Rózsa Péter	S. C. Kleene. A symmetric form of Gödel's theorem. Koninklijke Nederlandse Akademie van Wetenschappen, Proceedings of the section of sciences, Bd. 53 (1950), S. 800–802; auch Indagationes mathematicae, Bd. 12 (1950), S. 244–246.	1951	16	2	147-147	review	proof theory and formal systems	review-of-record entry reached			metadata only; full text not reached
Heinrich Scholz	Hellmuth Kneseh. Notio und notatio. Jahresbericht der Deutschen Mathematiker-Vereinigung, Bd. 53 (1943), Abt. 2, S. 9–21.	1951	16	2	148-148	review	unclassified from title metadata	review-of-record entry reached			metadata only; full text not reached
Heinrich Scholz	Max E. Eisenking. Johann Heinrich Lambert und die wissenschaftliche Philosophie der Gegenwart. Dissertation Zürich1944, 112 S.	1951	16	2	148-148	review	philosophy, language, and inductive logic	review-of-record entry reached			metadata only; full text not reached
Johannes Bendiek	Henry Veatch. Aristotelian and mathematical logic. The Thomist, Bd. 13 (1950), S. 50–96.	1951	16	2	149-149	review	general mathematical logic	review-of-record entry reached			metadata only; full text not reached
Heinrich Scholz	J. Salamucha. Die Aussagenlogik bei Wilhelm Ockham. Aus dem Polnischen übersetzt von Johannes Bendiek. Franziskanische Studien, Bd. 32 (1950), S. 97–134.	1951	16	2	149-149	review	unclassified from title metadata	review-of-record entry reached			metadata only; full text not reached
Heinrich Scholz	Johannes Bendiek. Scholastische und malhematische Logik. Franziskanische Studien, Bd. 31 (1949), S. 13–48.	1951	16	2	149-149	review	unclassified from title metadata	review-of-record entry reached			metadata only; full text not reached
Frederic B. Fitch	Edward A. Maziarz. The philosophy of mathematics. Philosophical Library, New York1950, viii + 286 pp.	1951	16	2	150-150	review	philosophy, language, and inductive logic	review-of-record entry reached			metadata only; full text not reached
Alonzo Church	Gottfried Martin. Über ein zweiwertiges Modell einer vierwertigen Logik. Methodos, vol. 1 (1949), pp. 386–389.	1951	16	2	150-150	review	unclassified from title metadata	review-of-record entry reached			metadata only; full text not reached
Benson Mates	René van den Driessche. Sur le “De syllogismo hypothetico” de Boèce. Methodos, vol. 1 (1949), pp. 293–307.	1951	16	2	150-150	review	unclassified from title metadata	review-of-record entry reached			metadata only; full text not reached
Frederick B. Thompson	Alan Rose. A lattice-theoretic characterisation of three-valued logic. Journal of the London Mathematical Society, vol. 25 (1950), pp. 255–259. - Alan Rose. Post lattices. Norsk matematisk tidsskrift, vol. 32 (1950), pp. 40–41.	1951	16	2	151-151	review	algebraic logic	review-of-record entry reached			metadata only; full text not reached
R. C. Lyndon	Arthur H. Copeland. Implicative Boolean algebra. Mathematische Zeitschrift, vol. 53 (1950), pp. 285–290.	1951	16	2	151-152	review	algebraic logic	review-of-record entry reached			metadata only; full text not reached
J. C. C. McKinsey	J. Kalicki. On the structure of bracket-free formulae. Norsk matematisk tidsskrift, vol. 32 (1950), pp. 33–39.	1951	16	2	151-151	review	unclassified from title metadata	review-of-record entry reached			metadata only; full text not reached
Z. Suetuna	Takeo Sugihaba. Tachi ronrigaku (Many-valued logic). Tetsugaku kenkyû, vol. 33 no. 11 (1950), pp. 684–703 (no. 392, pp. 44–63).	1951	16	2	151-151	review	propositional, many-valued, and modal logic	review-of-record entry reached			metadata only; full text not reached
Hao Wang	Alfons Borgers. Development of the notion of set and of the axioms for sets. Synthese, vol. 7 (1948–1949), pp. 374–390.	1951	16	2	152-153	review	proof theory and formal systems	review-of-record entry reached			metadata only; full text not reached
R. C. Lyndon	Hermann Wendelin. Untersuchungen zur Mengenalgebra. Journal für die reine und angewandte Mathematik, vol. 188 (1950), pp. 78–99.	1951	16	2	152-152	review	unclassified from title metadata	review-of-record entry reached			metadata only; full text not reached
H. E. Vaughan	Tadashi Michiura. On characteristic properties of Boolean algebras. Journal of the Osaka Institute of Science and Technology, Part I, mathematic s and physics, vol. 1 (1949), pp. 129–133.	1951	16	2	152-152	review	unclassified from title metadata	review-of-record entry reached			metadata only; full text not reached
I. L. Novak	E. W. Beth. Les fondements logiques des mathématiques. With a preface b y P. Destouches-Février. Collection de logique mathématique, série A. Lithographed. Gauthier-Villars, Paris; E. Nauwelaerts, Louvain; 1950, 222 pp.	1951	16	2	153-154	review	unclassified from title metadata	review-of-record entry reached			metadata only; full text not reached
Alonzo Church	Irving M. Copi. The inconsistency or redundancy of Principia mathematica. English with Spanish abstract. Philosophy and phenomenological research, vol. 11 no. 2 (1950), pp. 190–199.	1951	16	2	154-155	review	philosophy, language, and inductive logic	review-of-record entry reached			metadata only; full text not reached
Alfons Borgers	Kurt Schütte. Schlussweisen-Kalküle der Prädikatenlogik. Mathematische Annalen, vol. 122 (1950), pp. 47–65.	1951	16	2	155-156	review	unclassified from title metadata	review-of-record entry reached			metadata only; full text not reached
A. R. Turquette	Ira Rosenbaum. Introduction to mathematical logic and its applications. Publications in mathematics, no. 2. University of Miami Press, Coral Gables1950, iii + 98 pp.	1951	16	2	156-158	review	general mathematical logic	review-of-record entry reached			metadata only; full text not reached
John Myhill	Elisabeth Walther. Kleiner Abriss der mathematischen Logik. Berckers kleine Volksbibliothek. Verlag Butzon & Bercker, Kevelaer Rheinland1949, 32 pp.	1951	16	2	158-158	review	unclassified from title metadata	review-of-record entry reached			metadata only; full text not reached
	Related Citations	1951	16	2	158-159	citation-linkage matter	editorial/association apparatus				metadata only; full text not reached
	Notice of a meeting of the Association	1951	16	2	160-160	meeting/bibliographical notice	editorial/association apparatus				metadata only; full text not reached
	Problems in symbolic logic	1951	16	2	160-160	problem notice	editorial/association apparatus				metadata only; full text not reached
	JSL volume 16 issue 3 Cover and Back matter	1951	16	3	b1-b2	cover/front/back matter	editorial/association apparatus				metadata only; full text not reached
	JSL volume 16 issue 3 Cover and Front matter	1951	16	3	f1-f2	cover/front/back matter	editorial/association apparatus				metadata only; full text not reached
J. C. Shepherdson	Inner models for set theory—Part I	1951	16	3	161-190	primary technical publication	set theory and foundations			mechanically obvious target-line exclusion from title/metadata	metadata only; full text not reached
R. M. Martin; J. H. Woodger	Toward an inscriptional semantics	1951	16	3	191-203	primary technical publication	model theory and semantics	in-block contemporaneous review entry immediately identified			metadata only; full text not reached
Alan Rose	Strong completeness of fragments of the propositional calculus	1951	16	3	204-204	primary technical publication	model theory and semantics	in-block contemporaneous review entry immediately identified			metadata only; full text not reached
Ernest H. Hutten	Rudolf Carnap. Logical foundations of probability. The University of Chicago Press, Chicago1950, xvii + 607 pp.	1951	16	3	205-208	review	philosophy, language, and inductive logic	review-of-record entry reached			metadata only; full text not reached
Ernest H. Hutten; D. R. Cousin	Carnap's Theories of Truth.	1951	16	3	207	review	unclassified from title metadata	review-of-record entry reached			metadata only; full text not reached
Alonzo Church	Leonard Linsky. On using inverted commas. Methodos, vol. 2 no. 6–7 (1950), pp. 232–236.	1951	16	3	208-209	review	unclassified from title metadata	review-of-record entry reached			metadata only; full text not reached
Carl G. Hempel	Paul Wienpahl. Dewey's theory of language and meaning. John Dewey: philosopher of science and freedom, a symposium, edited by Sidney Hook, The Dial Press, New York1950, pp. 271–288.	1951	16	3	209-209	review	philosophy, language, and inductive logic	review-of-record entry reached			metadata only; full text not reached
Carl G. Hempel	Wilfrid Sellars. Language, rules and behavior. John Dewey: philosopher of science and freedom, a symposium, edited by Sidney Hook, The Dial Press, New York1950, pp. 289–315.	1951	16	3	209-210	review	philosophy, language, and inductive logic	review-of-record entry reached			metadata only; full text not reached
Carl G. Hempel	Morton G. White. The analytic and the synthetic: an untenable dualism. John Dewey: philosopher of science and freedom, a symposium, edited by Sidney Hook, The Dial Press, New York1950, pp. 316–330.	1951	16	3	210-211	review	philosophy, language, and inductive logic	review-of-record entry reached			metadata only; full text not reached
Carl G. Hempel	Arthur Pap. The philosophical analysis of natural language. Methodos, vol. 1 (1949) pp. 344–369.	1951	16	3	211-211	review	philosophy, language, and inductive logic	review-of-record entry reached			metadata only; full text not reached
J. F. Thomson	C.D. Rollins. The philosophical denial of sameness of meaning. Analysis, vol. 11 no. 2 (1950), pp. 38–45. - Arthur Smullyan. Φ-symbols. Analysis, vol. 11 no. 3 (1951), pp. 69–72.	1951	16	3	211-212	review	philosophy, language, and inductive logic	review-of-record entry reached			metadata only; full text not reached
J. F. Thomson	Robert A. Price. A note on likeness of meaning. Analysis, vol. 11 no. 1 (1950), pp. 18–19.	1951	16	3	212-212	review	philosophy, language, and inductive logic	review-of-record entry reached			metadata only; full text not reached
Nicholas Rescher; J. F. Thomson	Veli Valpola. Über Namen. Eine logische Untersuchung. Annales Academiae Scientiarum Fennicae, series B, vol. 68, no. 1. Helsinki1950, 21 pp.	1951	16	3	212-213	review	unclassified from title metadata	review-of-record entry reached			metadata only; full text not reached
Leon Henkin	Hugues Leblanc. On definitions. Philosophy of science, vol. 17 (1950), pp. 302–309.	1951	16	3	213-214	review	philosophy, language, and inductive logic	review-of-record entry reached			metadata only; full text not reached
Leon Henkin	Hugues Leblanc. The semiotic function of predicates. The journal of philosophy, vol. 46 (1949), pp. 838–844.	1951	16	3	213-213	review	philosophy, language, and inductive logic	review-of-record entry reached			metadata only; full text not reached
Leon Henkin	James K. Feibleman. Class-membership and the ontological problem. Philosophy of science, vol. 17 (1950), pp. 254–259.	1951	16	3	213-213	review	philosophy, language, and inductive logic	review-of-record entry reached			metadata only; full text not reached
W. V. Quine	Definición. Episteme (Buenos Aires), no. 1 (1947), pp. 24–26.	1951	16	3	214-214	review	unclassified from title metadata	review-of-record entry reached			metadata only; full text not reached
W. V. Quine	Luciano Allende Lezama and Armando Asti Vera. El concepto de inversión en et pensamiento. Episteme (Buenos Aires), no. 1 (1947), pp. 11–23.	1951	16	3	214-214	review	unclassified from title metadata	review-of-record entry reached			metadata only; full text not reached
Andrzej Mostowski	A. Markov. Névožmoinost' nékotoryh algoritmov v téorii associativnyh sistém (Impossibility of certain algorithms in the theory of associative systems). Doklady Akadémii Nauk SSSR, vol. 77 (1951), pp. 19–20.	1951	16	3	215-215	review	computability, recursion, and decidability	review-of-record entry reached			metadata only; full text not reached
Th. Skolem	László Kalmár and János Surányi. On the decision problem. Third paper. Pepis prefix, a single binary predicate. The journal of symbolic logic, vol. 15 (1950), pp. 161–173.	1951	16	3	215-216	review	general mathematical logic	review-of-record entry reached			metadata only; full text not reached
R. C. Lyndon	Alfred Horn. On sentences which are true of direct unions of algebras. The journal of symbolic logic, vol. 16 (1951), pp. 14–21.	1951	16	3	216-217	review	general mathematical logic	review-of-record entry reached			metadata only; full text not reached
J. Barkley Rosser	Hao Wang. Set-theoretical basis for real numbers. The journal of symbolic logic, vol. 15 (1950), pp. 241–247.	1951	16	3	216-216	review	set theory and foundations	review-of-record entry reached			metadata only; full text not reached
S. C. Kleene	Rózsa Peter. Zum Begriff der rekursiven reellen Zahl. Acta scientiarum mathematicarum, vol. 12 part A (1950), pp. 239–245.	1951	16	3	216-216	review	unclassified from title metadata	review-of-record entry reached			metadata only; full text not reached
R. M. Robinson	Rózsa Péter. Zusammenhang der mehrfachen und transfiniten Rekursionen. The journal of symbolic logic, vol. 15 (1950), pp. 248–272.	1951	16	3	216-216	review	general mathematical logic	review-of-record entry reached			metadata only; full text not reached
W. V. Quine	John Myhill. Report on some investigations concerning the consistency of the axiom of reducibility. The journal of symbolic logic, vol. 16 (1951), pp. 35–42.	1951	16	3	217-218	review	proof theory and formal systems	review-of-record entry reached			metadata only; full text not reached
G. Zubieta R	G. Hasenjaeger. Ein Beitrag zur Ordnungstheorie. Archiv für mathematische Logik und Grundlagenforschung, vol. 1 no. 1 (1950), pp. 30–31; - G. Hasenjaeger. Ein Beitrag zur Ordnungstheorie. Archiv für Philosophie, vol. 4 no. 1 (1950), pp. 110–111.	1951	16	3	218-218	review	philosophy, language, and inductive logic	review-of-record entry reached			metadata only; full text not reached
Paul Bernays	J. C. C. McKinsey. A new definition of truth. Synthese, vol. 7 (1948–1949), pp. 428–433.	1951	16	3	218-220	review	unclassified from title metadata	review-of-record entry reached			metadata only; full text not reached
G. Zubieta R	Karl Schröter. Der Nutzen der mathemalischen Logik für die Mathematik. Archiv für mathematische Logik und Grundlagenforschung, vol. 1 no. 1 (1950), pp. 2–16; also Archiv für Philosophie, vol. 4 no. 1 (1950), pp. 82-96.	1951	16	3	218-218	review	philosophy, language, and inductive logic	review-of-record entry reached			metadata only; full text not reached
Frederic B. Fitch	M. A. MacConaill. Causality in embryology. Dominican studies, vol. 3 (1950), pp. 220–235.	1951	16	3	218-218	review	unclassified from title metadata	review-of-record entry reached			metadata only; full text not reached
Paul Bernays	Th. Skolem. A remark on the induction scheme. Det Kongelige Norske Videnskabers Selskab, Forhandlinger, vol. 22 (1950), pp. 167–170.	1951	16	3	220-221	review	model theory and semantics	review-of-record entry reached			metadata only; full text not reached
Johannes Bendiek	I. M. Bochenski. On the syntactical categories. The new scholasticism, Bd. 23 (1949), S. 257–280.	1951	16	3	221-222	review	philosophy, language, and inductive logic	review-of-record entry reached			metadata only; full text not reached
Wilhelm Ackermann	Kurt Schütte. Beweistheoretische Erfassung der unendlichen Induktion in der Zahlen-theorie. Mathematische Annalen, Bd. 122 Heft 5 (1951), S. 369–389.	1951	16	3	221-221	review	unclassified from title metadata	review-of-record entry reached			metadata only; full text not reached
Paul Kustaanheimo	Josef Lense. Vom Wesen der Mathematik und ihren Grundlagen. Leibniz Verlag, München1949, 68 S.	1951	16	3	222-223	review	unclassified from title metadata	review-of-record entry reached			metadata only; full text not reached
Alonzo Church	H. W. Leggett. Bertrand Russell, O. M. A pictorial biography. Philosophical Library, New York1950, 79 pp.	1951	16	3	223-223	review	philosophy, language, and inductive logic	review-of-record entry reached			metadata only; full text not reached
Alonzo Church	M. O. Gonzalez and J. D. Mancill. Remarks on natural numbers. The American mathematical monthly, vol. 58 (1951), pp. 186–188.	1951	16	3	223-223	review	unclassified from title metadata	review-of-record entry reached			metadata only; full text not reached
Roderick M. Chisholm	A. N. Prior. Categoricals and hypotheticals in George Boole and his successors. The Australasian journal of philosophy, vol. 27 (1949), pp. 171–196.	1951	16	3	224-224	review	model theory and semantics	review-of-record entry reached			metadata only; full text not reached
I. M. Bocheński	Antoinette Virieux-Reymond. La logique et l'épistémologie des stoicïens. Leurs rapports avec: a) La logique d'Aristote b) La logistigue et la pensée contemporaine. Librairie de l'Université, Lausanne1949, 331 pp. - Antoinette Vikieux-Reymond. La logique et l'épistémologie des stoicïens. Leurs rapports avec la logique d'Aristote, la logistique et la pensée contemporaine. Avec une préface de M. Emile Bréhier. Librairie de l'University Lausanne1949, VI + 331 pp. [The same work with an added preface.]	1951	16	3	224-224	review	unclassified from title metadata	review-of-record entry reached			metadata only; full text not reached
Alonzo Church	George Boole. An investigation of the laws of thought, on which are founded the mathematical theories of logic and probabilities. Dover Publications, Inc., New York1951, 11 + 424 pp.	1951	16	3	224-225	review	philosophy, language, and inductive logic	review-of-record entry reached			metadata only; full text not reached
Alonzo Church	Clarence Irving Lewis and Cooper Harold Langford. Symbolic logic. Dover Publications, Inc., New York1951, 7 pp. + pp. 3–506.	1951	16	3	225-225	review	general mathematical logic	review-of-record entry reached			metadata only; full text not reached
E. W. Beth	W. Peremans. Een opmerking over intuilionistische logica (A remark on intuitionistic logic). Mimeographed. Mathematisch Centrum, Amsterdam, Rapport Z. W.1949, 016, 4 pp.	1951	16	3	225-226	review	propositional, many-valued, and modal logic	review-of-record entry reached			metadata only; full text not reached
Helena Rasiowa	B. Ú. Pil'čak. O problémé razréšimosti dlá isčisléniá zadač (On the decision problem for the calculus of problems.) Doklady Akadémii Nauk SSSR, vol. 75 (1950), pp. 773–776.	1951	16	3	226-227	review	proof theory and formal systems	review-of-record entry reached			metadata only; full text not reached
H. E. Vaughan	K. Wagner. Zum Repräsentanlenproblem der Logik für Aussagenfunktionen mit beliebig endlich oder unendlich vielen Wahrheitswerten. Mathematische Zeitschrift, vol. 53 no. 4 (1950), pp. 364–374.	1951	16	3	227-227	review	unclassified from title metadata	review-of-record entry reached			metadata only; full text not reached
H. E. Vaughan	Robert McNaughton. A theorem about infinite-valued sentential logic. The journal of symbolic logic, vol. 16 (1951), pp. 1–13.	1951	16	3	227-228	review	propositional, many-valued, and modal logic	review-of-record entry reached			metadata only; full text not reached
A. R. Turquette	Alan Rose. Completeness of Łukasiewicz-Tarski propositional calculi. Mathematische Annalen, vol. 122 no. 3 (1950), pp. 296–298.	1951	16	3	228-229	review	model theory and semantics	review-of-record entry reached			metadata only; full text not reached
Jan Kalicki	Andrzej Mostowski. Kilka refleksyj na temat zadań logicznych z “Matematyki” (Some reflections on the subject of the logical exercises in “Matematyka”). Matematyha (Warsaw), vol. 3 no. 3(10) (1950), pp. 6–11.	1951	16	3	228-228	review	general mathematical logic	review-of-record entry reached			metadata only; full text not reached
Jan Kalicki	Anonymous. Rozwiqzania zadań z zeszytu nr 2(4) (ciqg dalszy) (Solutions of exercises in number 2(4) (continued)). Matematyha (Warsaw), vol. 3 no. 3(10) (1950), pp. 55–58.	1951	16	3	228-228	review	unclassified from title metadata	review-of-record entry reached			metadata only; full text not reached
Sören Halldén	Maurice L'Abbé. On the independence of Henkin's axioms for fragments of the propositional calculus. The journal of symbolic logic, vol. 16 (1951) pp. 43–45.	1951	16	3	228-228	review	propositional, many-valued, and modal logic	review-of-record entry reached			metadata only; full text not reached
Alonzo Church	Jan Łukasiewicz. On variable functors of propositional arguments. Proceedings of the Royal Irish Academy, vol. 64 section A no. 2 (1951), pp. 25–35. - C. A. Meredith. On an extended system of the propositional calculus. Proceedings of the Royal Irish Academy, vol. 64 section A no. 3 (1951), pp. 37–47.	1951	16	3	229-230	review	propositional, many-valued, and modal logic	review-of-record entry reached			metadata only; full text not reached
W. T. Parry	Arnold Schmidt. Systematische Basisreduktion der Modalitäten bei Idempolenz der positiven Grundmodalitäten. Mathematische Annalen, vol. 122 (1950), pp. 71–89.	1951	16	3	230-231	review	propositional, many-valued, and modal logic	review-of-record entry reached			metadata only; full text not reached
Nicholas Rescher	C. I. Lewis. Notes on the logic of intension. Structure, method, and meaning, Essays in honor of Henry M. Sheffer, edited by Paul Henle, Horace M. Kallen, and Susanne K. Langer, The Liberal Arts Press, New York1951, pp. 25–34.	1951	16	3	231-232	review	philosophy, language, and inductive logic	review-of-record entry reached			metadata only; full text not reached
A. F. Bausch	Erik Götlind. A system of postulates for Lewis's calculus S1. Norsk matematisk tidsskrift, vol. 32 (1950), pp. 89–92.	1951	16	3	231-231	review	propositional, many-valued, and modal logic	review-of-record entry reached			metadata only; full text not reached
Alan Rose	Sören Halldén. A reduction of the primitive symbols of the Lewis calculi. Portugaliae mathematica, vol. 8 no. 2 (for 1949, pub. 1950), pp. 85–88.	1951	16	3	231-231	review	proof theory and formal systems	review-of-record entry reached			metadata only; full text not reached
	Related Citations	1951	16	3	232-235	citation-linkage matter	editorial/association apparatus				metadata only; full text not reached
Alonzo Church	W. Sierpiński. L'axiome de M. Zermelo et son róle dans la théorie des ensembles et l'analyse. Bulletin international de l'Académie des Sciences de Cracovie, Classe des sciences mathématiques et naturelles, Séie A, Sciences mathématiques, année 1918, pp. 97–152. - Wacław Sierpiński. Les exemples effectifs et l'axiome du choix. Fundamenta mathematicae, vol. 2 (1921), pp. 112–118. - Waclaw Sierpiński. Sur les ensembles de points qu'on sait definir effectivement. Verhandlungen des Internationalen Mathematiker-Kongresses Zürich 1932, vol. 1 (Zurich1933), pp. 280–287.	1951	16	3	235-235	review	set theory and foundations	review-of-record entry reached			metadata only; full text not reached
	Abstracts of papers	1951	16	3	236-240	meeting abstracts	editorial/association apparatus				metadata only; full text not reached
Clifford D. Firestone	Thirteenth meeting of the Association for Symbolic Logic	1951	16	3	236-236	meeting report	editorial/association apparatus				metadata only; full text not reached
	JSL volume 16 issue 4 Cover and Front matter and Errata	1951	16	4	f1-f6	cover/front/back matter	editorial/association apparatus				metadata only; full text not reached
G. Kreisel	On the interpretation of non-finitist proofs—Part I	1951	16	4	241-267	primary technical publication	model theory and semantics		technical-depth potentially sufficient		page-verified complete local full text
R. M. Martin; Frederic B. Fitch	A Demonstrably Consistent Mathematics.	1951	16	4	268	review	proof theory and formal systems	review-of-record entry reached			metadata only; full text not reached
R. M. Martin	Frederic B. Fitch. A demonstrably consistent mathematics. The journal of symbolic logic, vol. 15 (1950), pp. 17–24, and vol. 16 (1951), pp. 121–124.	1951	16	4	268-269	review	proof theory and formal systems	review-of-record entry reached			partial local page image; p. 268 reached, p. 269 not reached
A. R. Turquette; Willard Van Orman Quine	Methods of Logic.	1951	16	4	268	review	general mathematical logic	review-of-record entry reached			metadata only; full text not reached
A. R. Turquette	Willard Van Orman Quine. Methods of logic. Henry Holt & Company, New York1950, xx + 264 pp.	1951	16	4	268-268	review	general mathematical logic	review-of-record entry reached			metadata only; full text not reached
Hao Wang; Paul Lorenzen	Algebraische und Logistische Untersuchungen Uber Freie Verbande.	1951	16	4	269	review	unclassified from title metadata	review-of-record entry reached			metadata only; full text not reached
Burton Spencer Dreben; J. B. Rosser; A. R. Turquette	Axiom Schemes for m-Valued Functional Calculi of First Order. Part II. Deductive Completeness.	1951	16	4	269	review	model theory and semantics	review-of-record entry reached			metadata only; full text not reached
Burton Spencer Dreben	J. B. Rosser and A. R. Turquette. Axiom schemes for m-valued functional calculi of first order. Part II. Deductive completeness. The journal of symbolic logic, vol. 16 (1951), pp. 22–34. See Errata, ibid., p. iv.	1951	16	4	269-269	review	model theory and semantics	review-of-record entry reached			metadata only; full text not reached
Hao Wang	Paul Lorenzen. Algebraische und logistische Untersuchungen über freie Verbände. The journal of symbolic logic, vol. 16 (1951), pp. 81–106.	1951	16	4	269-272	review	general mathematical logic	review-of-record entry reached			page-verified complete local full text
G. D. W. Berry	Andrzej Mostowski. On the rules of proof in the pure functional calculus of the first order. The journal of symbolic logic, vol. 16 (1951), pp. 107–111.	1951	16	4	272-272	review	proof theory and formal systems	review-of-record entry reached			metadata only; full text not reached
Naoto Yonemitsu; Schiller Joe Scroggs	Extensions of the Lewis System S5.	1951	16	4	272	review	propositional, many-valued, and modal logic	review-of-record entry reached			metadata only; full text not reached
G. D. W. Berry; Andrzej Mostowski	On the Rules of Proof in the Pure Functional Calculus of the First Order.	1951	16	4	272	review	proof theory and formal systems	review-of-record entry reached			metadata only; full text not reached
Naoto Yonemitsu	Schiller Joe Scroggs. Extensions of the Lewis system S5. The journal of symbolic logic, vol. 16 (1951), pp. 112–120.	1951	16	4	272-273	review	propositional, many-valued, and modal logic	review-of-record entry reached			metadata only; full text not reached
Th. Skolem; I. L. Novak	A Construction for Models of Consistent Systems.	1951	16	4	273	review	model theory and semantics	review-of-record entry reached			metadata only; full text not reached
Th. Skolem	I. L. Novak. A construction for models of consistent systems. Fundamenta mathematicae, vol. 37 (for 1950, pub. 1951), pp. 87–110.	1951	16	4	273-274	review	model theory and semantics	review-of-record entry reached			metadata only; full text not reached
W. V. Quine	John Myhill. Towards a consistent set-theory. The journal of symbolic logic, vol. 16 (1951), pp. 130–136. See Errata, ibid., p. iv.	1951	16	4	273-273	review	set theory and foundations	review-of-record entry reached		mechanically obvious target-line exclusion from title/metadata	metadata only; full text not reached
W. T. Parry; Sorend Hallden	On the Semantic Non-Completeness of Certain Lewis Calculi.	1951	16	4	273	review	model theory and semantics	review-of-record entry reached			metadata only; full text not reached
W. T. Parry	Sören Halldén. On the semantic non-completeness of certain Lewis calculi. The journal of symbolic logic, vol. 16 (1951), pp. 127–129.	1951	16	4	273-273	review	model theory and semantics	review-of-record entry reached			metadata only; full text not reached
W. V. Quine; John Myhill	Towards a Consistent Set-Theory.	1951	16	4	273	review	set theory and foundations	review-of-record entry reached		mechanically obvious target-line exclusion from title/metadata	metadata only; full text not reached
Th. Skolem	Andrzej Mostowski. Some impredicative definitions in the axiomatic set-theory. Fundamenta mathematicae, vol. 37 (for 1950, pub. 1951), pp. 111–124.	1951	16	4	274-275	review	set theory and foundations	review-of-record entry reached			metadata only; full text not reached
Th. Skolem; Andrzej Mostowski	Some Impredicative Definitions in the Axiomatic Set-Theory.	1951	16	4	274	review	set theory and foundations	review-of-record entry reached			metadata only; full text not reached
A. R. Turquette	Alan Rose. Conditioned disjunction as a primitive connective for the m-valued propositional calculus. Mathematische Annalen, vol. 123 (1951), pp. 76–78.	1951	16	4	275-275	review	propositional, many-valued, and modal logic	review-of-record entry reached			metadata only; full text not reached
A. R. Turquette; Alan Rose	Conditioned Disjunction as a Primitive Connective for the m-Valued Propositional Calculus.	1951	16	4	275	review	propositional, many-valued, and modal logic	review-of-record entry reached			metadata only; full text not reached
H. Hiż	Hans Hermes. Zur Theorie der aussagenlogischen Matrizen. Mathematische Zeitschrift, vol. 53 no. 5 (1951), pp. 414–418.	1951	16	4	275-275	review	unclassified from title metadata	review-of-record entry reached			metadata only; full text not reached
Alan Rose	Norman M. Martin. Some analogues of the Sheffer stroke function in n-valued logic. Koninklijke Nederlandse Akademie van Wetenschappen, Proceedings of the section of sciences, vol. 53 (1950), pp. 1100–1107; also Indagationes mathematicae, vol. 12 (1950), pp. 393–400.	1951	16	4	275-276	review	propositional, many-valued, and modal logic	review-of-record entry reached			metadata only; full text not reached
Alan Rose; Norman M. Martin	Some Analogues of the Sheffer Stroke Function in n-Valued Logic.	1951	16	4	275	review	propositional, many-valued, and modal logic	review-of-record entry reached			metadata only; full text not reached
H. Hiz; Hans Hermes	Zur Theorie der Aussagenlogischen Matrizen.	1951	16	4	275	review	unclassified from title metadata	review-of-record entry reached			metadata only; full text not reached
Nicholas Rescher; Alan Rose	A New Proof of a Theorem of Dienes.	1951	16	4	276	review	proof theory and formal systems	review-of-record entry reached			metadata only; full text not reached
Nicholas Rescher	Alan Rose. A new proof of a theorem of Dienes. Norsk matematish tidsskrift, vol. 33 (1951), pp. 27–29.	1951	16	4	276-276	review	proof theory and formal systems	review-of-record entry reached			metadata only; full text not reached
Nicholas Rescher	John E. Pfeiffer. Symbolic logic. Scientific American, vol. 183 no. 6 (1950), pp. 22–24. - Robert S. Hahn, O. F. Krause, Charles Bomgren, Alexander B. Morris, J. C. Brown, Charles E. Bures, Mark I. Halpern, John E. Pfeiffer. Letters. Scientific American, vol. 184 no. 2 (1951), pp. 2–6.	1951	16	4	276-276	review	general mathematical logic	review-of-record entry reached			metadata only; full text not reached
Nicholas Rescher; Edmund Whittaker	Mathematics.	1951	16	4	276	review	unclassified from title metadata	review-of-record entry reached			metadata only; full text not reached
Nicholas Rescher	SirEdmund Whittaker. Mathematics. Scientific American, vol. 183 no. 3 (1950), pp. 40–42.	1951	16	4	276-276	review	unclassified from title metadata	review-of-record entry reached			metadata only; full text not reached
Nicholas Rescher; John E. Pfeiffer; Robert S. Hahn; O. F. Krause; Charles Bomgren; Alexander B. Morris; J. C. Brown; Charles E. Bures; Mark I. Halpern; John E. Pfeiffer	Symbolic Logic.	1951	16	4	276	review	general mathematical logic	review-of-record entry reached			metadata only; full text not reached
Nicholas Rescher	Alan Rose. Axiom systems for three-valued logic. The journal of the London Mathematical Society, vol. 26 (1951), pp. 50–58.	1951	16	4	277-277	review	proof theory and formal systems	review-of-record entry reached			metadata only; full text not reached
Nicholas Rescher	Arthur W. Burks. The logic of causal propositions. Mind, n.s. vol. 60 (1951), pp. 363–382.	1951	16	4	277-278	review	general mathematical logic	review-of-record entry reached			metadata only; full text not reached
Nicholas Rescher; Alan Rose	Axiom Systems for Three-Valued Logic.	1951	16	4	277	review	proof theory and formal systems	review-of-record entry reached			metadata only; full text not reached
Nicholas Rescher; Arthur W. Burks	The Logic of Causal Propositions.	1951	16	4	277	review	general mathematical logic	review-of-record entry reached			metadata only; full text not reached
Nicholas Rescher	Albert Menne. Zur Wahrheitsstruktur des Urteils. Methodos, vol. 1 (1949), pp. 390–404.	1951	16	4	278-278	review	unclassified from title metadata	review-of-record entry reached			metadata only; full text not reached
Sören Halldén	Naoto Yonemitsu. On systems of strict implication. Tôhoku mathematical journal, ser. 2 vol. 3 (1951), pp. 48–58.	1951	16	4	278-278	review	propositional, many-valued, and modal logic	review-of-record entry reached			metadata only; full text not reached
Soren Hallden; Naoto Yonemitsu	On Systems of Strict Implication.	1951	16	4	278	review	propositional, many-valued, and modal logic	review-of-record entry reached			metadata only; full text not reached
Nicholas Rescher; Albert Menne	Zur Wahrheitsstruktur des Urteils.	1951	16	4	278	review	unclassified from title metadata	review-of-record entry reached			metadata only; full text not reached
Alonzo Church	Alan Rose. Remarque sur les notions d'indépendence et de non-contradiction. Comptes rendus hebdomadaires des séances de l'Académie des Sciences (Paris), vol. 233 (1951), pp. 512–513.	1951	16	4	279-279	review	proof theory and formal systems	review-of-record entry reached			metadata only; full text not reached
Paul Bernays; Francois Moch	Ensembles, Especes et Logique.	1951	16	4	279	review	unclassified from title metadata	review-of-record entry reached			metadata only; full text not reached
Paul Bernays	François Moch. Ensembles, espèces et logique. Comptes rendus hebdomadaires des séances de l'Académie des Sciences (Paris), vol. 232 (1951), pp. 201–202.	1951	16	4	279-279	review	unclassified from title metadata	review-of-record entry reached			metadata only; full text not reached
Alonzo Church; Alan Rose	Remarque Sur les Notions d'Independance et de Non-Contradiction.	1951	16	4	279	review	proof theory and formal systems	review-of-record entry reached			metadata only; full text not reached
C. J. Everett	Roger C. Lyndon. The representation of relational algebras. Annals of mathematics, ser. 2 vol. 51 (1950), pp. 707–729.	1951	16	4	279-280	review	unclassified from title metadata	review-of-record entry reached			metadata only; full text not reached
C. J. Everett; Roger C. Lyndon	The Representation of Relational Algebras.	1951	16	4	279	review	unclassified from title metadata	review-of-record entry reached			metadata only; full text not reached
Martin Davis; Julia Robinson	General Recursive Functions.	1951	16	4	280	review	computability, recursion, and decidability	review-of-record entry reached			metadata only; full text not reached
Martin Davis	Julia Robinson. General recursive functions. Proceedings of the American Mathematical Society, vol. 1 no. 6 (for 1950, pub. 1951), pp. 703–718.	1951	16	4	280-280	review	computability, recursion, and decidability	review-of-record entry reached			metadata only; full text not reached
Raphael M. Robinson; Rozsa Peter	Rekursive Funktionen	1951	16	4	280	review	unclassified from title metadata	review-of-record entry reached			metadata only; full text not reached
Raphael M. Robinson	Rózsa Péter. Rekursive Funktionen. Akadémiai Kiadó (Akademischer Verlag), Budapest1951, 206 pp.	1951	16	4	280-282	review	unclassified from title metadata	review-of-record entry reached			metadata only; full text not reached
William Craig	Paul Kustaanheimo. Über die Vollständigkeil der Axiomensysteme mit einem endlichen Individuenbereich. Annates Academiae Scientiarium Fennicae, Series A, I. Mathematica-Physica 63. Helsinki1949, 44 pp.	1951	16	4	282-283	review	proof theory and formal systems	review-of-record entry reached			metadata only; full text not reached
William Craig; Paul Kustaanheimo	Uber die vollstandigkeit der Axiomensysteme mit Einem Endlichen Individuenbereich.	1951	16	4	282	review	proof theory and formal systems	review-of-record entry reached			metadata only; full text not reached
Alonzo Church	Alfred Tarski. Introducción a la lógica y a la metodología de las ciencias deductivas. Translated by T. R. Bachiller and J. R. Fuentes. Espase-Calpe Argentina, Buenos Aires and Mexico City1951, 237 pp.	1951	16	4	283-284	review	proof theory and formal systems	review-of-record entry reached			metadata only; full text not reached
Alonzo Church; Alfred Tarski; T. R. Bachiller; J. R. Fuentes	Introduccion a la Logica y a la Metodologia de las Ciencias Deductivas.	1951	16	4	283	review	proof theory and formal systems	review-of-record entry reached			metadata only; full text not reached
Robert E. Luce; Vieira de Almeida	Logica Elementar.	1951	16	4	284	review	unclassified from title metadata	review-of-record entry reached			metadata only; full text not reached
Robert E. Luce	Vieira de Almeida. Lógica elementar. Collecção Stvdivm no. 38. Livraria Académica, Saraiva & C.a, São Paulo, Brazil, 1943, 186 pp.	1951	16	4	284-285	review	unclassified from title metadata	review-of-record entry reached			metadata only; full text not reached
Robert E. Luce	G. W. v. Leibniz. Selections. Edited by Philip P. Wiener. The Modern Student's Library. Charles Scribner's Sons, New York1951, li + 606 pp.	1951	16	4	285-286	review	unclassified from title metadata	review-of-record entry reached			metadata only; full text not reached
Robert E. Luce; G. W. v. Leibniz; Philip P. Wiener	Selections.	1951	16	4	285	review	unclassified from title metadata	review-of-record entry reached			metadata only; full text not reached
A. S. Householder; James T. Culbertson	Consciousness and Behavior. A Neural Analysis of Behavior and of Consciousness.	1951	16	4	286	review	unclassified from title metadata	review-of-record entry reached			metadata only; full text not reached
A. S. Householder	James T. Culbertson. Consciousness and behavior. A neural analysis of behavior and of consciousness. Wm. C. Brown Company, Dubuque1950, xxi + 210 pp.	1951	16	4	286-287	review	unclassified from title metadata	review-of-record entry reached			metadata only; full text not reached
H. Hiz; Wladyslaw Tatarkiewicz	History of Philosophy.	1951	16	4	287	review	philosophy, language, and inductive logic	review-of-record entry reached			metadata only; full text not reached
Ivo Thomas	James Wilkinson Miller. The logic of terms. Structure, method and meaning, Essays in honor of Henry M. Sheffer, edited by Paul Henle, Horace M. Kallen, and Susanne K. Langer, The Liberal Arts Press, New York1951, pp. 35–41.	1951	16	4	287-288	review	philosophy, language, and inductive logic	review-of-record entry reached			metadata only; full text not reached
H. Hiż	Rudolf Carnap. The nature and application of inductive logic, consisting of six sections from: Logical foundations of probability. The University of Chicago Press, Chicago1951, pp. i–viii, 161–202, 242–279.	1951	16	4	287-287	review	philosophy, language, and inductive logic	review-of-record entry reached			metadata only; full text not reached
Ivo Thomas; James Wilkinson Miller; Paul Henle; Horace M. Kallen; Susanne K. Langer	The Logic of Terms.	1951	16	4	287	review	general mathematical logic	review-of-record entry reached			metadata only; full text not reached
John G. Kemeny; Rudolf Carnap	The Nature and Application of Inductive Logic, Consisting of Six Sections from: Logical Foundations of Probability.	1951	16	4	287	review	philosophy, language, and inductive logic	review-of-record entry reached			metadata only; full text not reached
H. Hiż	Władysław Tatarkiewicz. Historia filozofii (History of philosophy). Vol. 3. Filozofia XIX wieku i współczesna (Nineteenth century and contemporary philosophy). Czytelnik, Warsaw1950, 602 pp.	1951	16	4	287-287	review	philosophy, language, and inductive logic	review-of-record entry reached			metadata only; full text not reached
Jan Kalicki	Henry S. Leonard. Two-valued truth tables for modal functions. Structure, method and meaning, Essays in honor of Henry M. Sheffer, edited by Paul Henle, Horace M. Kallen, and Susanne K. Langer, The Liberal Arts Press, New York1951, pp. 42–67.	1951	16	4	288-288	review	propositional, many-valued, and modal logic	review-of-record entry reached			metadata only; full text not reached
Alfred L. Foster	Paul Henle. n-valued Boolean algebra. Structure, method and meaning, Essays in honor of Henry M. Sheffer, edited by Paul Henle, Horace M. Kallen, and Susanne K. Langer, The Liberal Arts Press, New York1951, pp. 68–73.	1951	16	4	288-289	review	propositional, many-valued, and modal logic	review-of-record entry reached			metadata only; full text not reached
Jan Kalicki; Henry S. Leonard	Two-Valued Truth Tables for Modal Functions.	1951	16	4	288	review	propositional, many-valued, and modal logic	review-of-record entry reached			metadata only; full text not reached
Alfred L. Foster; Paul Henle	n-Valued Boolean Algebra.	1951	16	4	288	review	propositional, many-valued, and modal logic	review-of-record entry reached			metadata only; full text not reached
G. Hasenjaeger	Hans Reichenbach. Philosophische Grundlagen der Quantenmechanik. Übersetzt von Maria Reichenbach. Verlag Birkhäuser, Basel1949, 198 S.	1951	16	4	289-290	review	philosophy, language, and inductive logic	review-of-record entry reached			metadata only; full text not reached
Victor Kraft	Joergen Joergensen. The development of logical empiricism. International encyclopedia of unified science, Bd. 2 Heft 9. The University of Chicago Press, Chicago1951, iii + 100 S. - Norman M. Martin. Postcript. Darin, S. 91–99. - Editor's note. Darin, S. 99–100.	1951	16	4	289-289	review	general mathematical logic	review-of-record entry reached			metadata only; full text not reached
G. Hasenjaeger; Hans Reichenbach	Philosophische Grundlagen der Quantenmechanik.	1951	16	4	289	review	philosophy, language, and inductive logic	review-of-record entry reached			metadata only; full text not reached
Victor Kraft; Joergen Joergensen; Norman M. Martin	The Development of Logical Empiricism.	1951	16	4	289	review	general mathematical logic	review-of-record entry reached			metadata only; full text not reached
J. Barkley Rosser; W. V. Quine	The Ordered Pair in Number Theory.	1951	16	4	289	review	unclassified from title metadata	review-of-record entry reached			metadata only; full text not reached
J. Barkley Rosser	W. V. Quine. The ordered pair in number theory. Structure, method and meaning, Essays in honor of Henry M. Sheffer, edited by Paul Henle, Horace M. Kallen, and Susanne K. Langer, The Liberal Arts Press, New York1951, pp. 84–87.	1951	16	4	289-289	review	philosophy, language, and inductive logic	review-of-record entry reached			metadata only; full text not reached
Wilhelm Ackermann; Leon Henkin	An Algebraic Characterization of Quantifiers.	1951	16	4	290	review	algebraic logic	review-of-record entry reached			metadata only; full text not reached
Wilhelm Ackermann	Leon Henkin. An algebraic characterization of quantifiers. Fundamenta mathematicae, Bd. 37 (1950, veröff. 1951), S. 63–74.	1951	16	4	290-291	review	algebraic logic	review-of-record entry reached			metadata only; full text not reached
A. R. Turquette	Daniel Dugué. L'infini en logique et les éléments définis et non calculables. Bulletin de la Société Royale des Sciences de Liège, vol. 19 (1950), pp. 490–499.	1951	16	4	291-291	review	unclassified from title metadata	review-of-record entry reached			metadata only; full text not reached
Carl G. Hempel; Yrjo Reenpaa	Die Dualitat des Verstandes.	1951	16	4	291	review	unclassified from title metadata	review-of-record entry reached			metadata only; full text not reached
Maurice L'Abbé	Gonzalo Zubieta R. Sobre la substitución de las variables funcionales en el cáculo funcional de primer orden. Boletin de la Sociedad Matemática Mexicana, vol. 7 no. 1–2 (1950), pp. 1–21.	1951	16	4	291-291	review	unclassified from title metadata	review-of-record entry reached			metadata only; full text not reached
A. R. Turquette; Daniel Dugue	L'Infini en Logique et les Elements Definis et non Calculables.	1951	16	4	291	review	unclassified from title metadata	review-of-record entry reached			metadata only; full text not reached
Maurice L'Abbe; Gonzalo Zubieta R.	Sobre la Substitucion de las Variables Funcionales en el Calculo Functional de Primer Orden.	1951	16	4	291	review	unclassified from title metadata	review-of-record entry reached			metadata only; full text not reached
Carl G. Hempel	Yrjö Reenpää. Die Dualität des Verstandes. Sitzungsberichte der Heidelberger Akademie der Wissenschaften, Mathematisch-naturwissenschaftliche Klasse, 1950, no. 7, pp. 341–414. Reprinted, Springer-Verlag, Heidelberg 1950, 76 pp.	1951	16	4	291-292	review	unclassified from title metadata	review-of-record entry reached			metadata only; full text not reached
Roderick M. Chisholm	Andrzej Grzegorczyk. The pragmatic foundations of semantics. Synthese, vol. 8 (1950–1951), pp. 300–324.	1951	16	4	292-292	review	model theory and semantics	review-of-record entry reached			metadata only; full text not reached
Mieczysław Choynowski	Bertrand Russell. Logical positivism. Revue Internationale de philosophie (Brussels), vol. 4 (1950), pp. 3–19. - Rudolf Carnap. Empiricism, semantics, and ontology. Revue Internationale de philosophie (Brussels), vol. 4 (1950), pp. 20–40. - Carl G. Hempel. Problems and changes in the empiricist criterion of meaning. Revue Internationale de philosophie (Brussels), vol. 4 (1950), pp. 41–63. - Herbert Feigl. The mind-body problem in the development of logical empiricism. Revue Internationale de philosophie (Brussels), vol. 4 (1950), pp. 64–83. - Marcel Barzin. L'empirisme logique. Revue Internationale de philosophie (Brussels), vol. 4 (1950), pp. 84–94. - Herbert Feigl. Selected bibliography of logical empiricism. Revue Internationale de philosophie (Brussels), vol. 4 (1950), pp. 95–102.	1951	16	4	292-298	review	model theory and semantics	review-of-record entry reached			metadata only; full text not reached
Roderick M. Chisholm; Karl Durr	Der Begriff der Funktion in der Symbolischen Logik.	1951	16	4	292	review	unclassified from title metadata	review-of-record entry reached			metadata only; full text not reached
Roderick M. Chisholm; Wilhelm Britzelmayr	Interpretation von Kalkulen.	1951	16	4	292	review	model theory and semantics	review-of-record entry reached			metadata only; full text not reached
Roderick M. Chisholm	Karl Dürr. Der Begriff der Funktion in der symbolischen Logik. Synthese, vol. 7 (1948–1949), pp. 418–427.	1951	16	4	292-292	review	unclassified from title metadata	review-of-record entry reached			metadata only; full text not reached
Mieczyslaw Choynowski; Bertrand Russell	Revue internationale de philosophic	1951	16	4	292	review	philosophy, language, and inductive logic	review-of-record entry reached			metadata only; full text not reached
Roderick M. Chisholm; Andrzej Grzegorczyk	The Pragmatic Foundations of Semantics.	1951	16	4	292	review	model theory and semantics	review-of-record entry reached			metadata only; full text not reached
Roderick M. Chisholm	Wilhelm Britzelmayr. Interpretation von Kalkülen. Synthese, vol. 7 (1948–1949), pp. 50–57.	1951	16	4	292-292	review	model theory and semantics	review-of-record entry reached			metadata only; full text not reached
Charles A. Baylis	Max Black. Introduction. Philosophical analysis, A collection of essays, edited by Max Black, Cornell University Press, Ithaca, N. Y., 1950, pp. 1–14. - Alice Ambrose. The problem of linguistic inadequacy. Philosophical analysis, A collection of essays, edited by Max Black, Cornell University Press, Ithaca, N. Y., 1950, pp. 15–37.	1951	16	4	298-299	review	philosophy, language, and inductive logic	review-of-record entry reached			metadata only; full text not reached
Charles A. Baylis; Max Black	Philosophical Analysis	1951	16	4	298	review	philosophy, language, and inductive logic	review-of-record entry reached			metadata only; full text not reached
Charles A. Baylis	A. J. Ayer. Basic propositions. Philosophical analysis, A collection of essays, edited by Max Black, Cornell University Press, Ithaca, N. Y., 1950, pp. 60–74.	1951	16	4	299-299	review	philosophy, language, and inductive logic	review-of-record entry reached			metadata only; full text not reached
Charles A. Baylis; A. J. Ayer	Basic Propositions.	1951	16	4	299	review	unclassified from title metadata	review-of-record entry reached			metadata only; full text not reached
Charles A. Baylis	C. Lewy. Entailment and necessary propositions. Philosophical analysis, A collection of essays, edited by Max Black, Cornell University Press, Ithaca, N. Y., 1950, pp. 195–210.	1951	16	4	299-300	review	propositional, many-valued, and modal logic	review-of-record entry reached			metadata only; full text not reached
Charles A. Baylis; Herbert Feigl	De Principiis non Disputandum � ?	1951	16	4	299	review	unclassified from title metadata	review-of-record entry reached			metadata only; full text not reached
Charles A. Baylis; C. Lewy	Entailment and Necessary Propositions.	1951	16	4	299	review	propositional, many-valued, and modal logic	review-of-record entry reached			metadata only; full text not reached
Charles A. Baylis	Herbert Feigl. De principiis non disputandum …?Philosophical analysis, A collection of essays, edited by Max Black, Cornell University Press, Ithaca, N. Y., 1950, pp. 119–156.	1951	16	4	299-299	review	philosophy, language, and inductive logic	review-of-record entry reached			metadata only; full text not reached
Charles A. Baylis	Morris Lazerowitz. Substratum. Philosophical analysis, A collection of essays, edited by Max Black, Cornell University Press, Ithaca, N. Y., 1950, pp. 176–194.	1951	16	4	299-299	review	philosophy, language, and inductive logic	review-of-record entry reached			metadata only; full text not reached
Charles A. Baylis	Roderick M. Chisholm. The theory of appearing. Philosophical analysis, A collection of essays, edited by Max Black, Cornell University Press, Ithaca, N. Y., 1950, pp. 102–118.	1951	16	4	299-299	review	philosophy, language, and inductive logic	review-of-record entry reached			metadata only; full text not reached
Charles A. Baylis; Morris Lazerowitz	Substratum.	1951	16	4	299	review	unclassified from title metadata	review-of-record entry reached			metadata only; full text not reached
Charles A. Baylis; Roderick M. Chisholm	The Theory of Appearing.	1951	16	4	299	review	unclassified from title metadata	review-of-record entry reached			metadata only; full text not reached
Charles A. Baylis; Gilbert Ryle	"""If,"" ""So,"" and ""Because."""	1951	16	4	300	review	unclassified from title metadata	review-of-record entry reached			metadata only; full text not reached
Charles A. Baylis	Frederick L. Will. Generalization and evidence. Philosophical analysis, A collection of essays, edited by Max Black, Cornell University Press, Ithaca, N. Y., 1950, pp. 384–413.	1951	16	4	300-300	review	philosophy, language, and inductive logic	review-of-record entry reached			metadata only; full text not reached
Charles A. Baylis; Frederick L. Will	Generalization and Evidence.	1951	16	4	300	review	unclassified from title metadata	review-of-record entry reached			metadata only; full text not reached
Charles A. Baylis	Gilbert Ryle. “If,” “so,” and “because.”Philosophical analysis, A collection of essays, edited by Max Black, Cornell University Press, Ithaca, N. Y., 1950, pp. 323–340.	1951	16	4	300-300	review	philosophy, language, and inductive logic	review-of-record entry reached			metadata only; full text not reached
Charles A. Baylis	Norman Malcolm. The verification argument. Philosophical analysis, A collection of essays, edited by Max Black, Cornell University Press, Ithaca, N. Y., 1950, pp. 244–298.	1951	16	4	300-300	review	philosophy, language, and inductive logic	review-of-record entry reached			metadata only; full text not reached
Charles A. Baylis	Paul Marhenke. Phenomenalism. Philosophical analysis, A collection of essays, edited by Max Black, Cornell University Press, Ithaca, N. Y., 1950, pp. 299–322.	1951	16	4	300-300	review	philosophy, language, and inductive logic	review-of-record entry reached			metadata only; full text not reached
Charles A. Baylis; Paul Marhenke	Phenomenalism.	1951	16	4	300	review	unclassified from title metadata	review-of-record entry reached			metadata only; full text not reached
Charles A. Baylis; Norman Malcolm	The Verification Argument.	1951	16	4	300	review	unclassified from title metadata	review-of-record entry reached			metadata only; full text not reached
Charles A. Baylis; John Wisdom	A Note on Probability.	1951	16	4	301	review	philosophy, language, and inductive logic	review-of-record entry reached			metadata only; full text not reached
J. F. Thomson; Richard Rudner	Counter-Intuitivity and the Method of Analysis.	1951	16	4	301	review	unclassified from title metadata	review-of-record entry reached			metadata only; full text not reached
Charles A. Baylis	D. J. O'Connor. The analysis of conditional sentences. Mind, n.s., vol. 60 (1951), pp. 351–362.	1951	16	4	301-302	review	unclassified from title metadata	review-of-record entry reached			metadata only; full text not reached
C. Lewy; Ivo Thomas	Existence and Coherence.	1951	16	4	301	review	unclassified from title metadata	review-of-record entry reached			metadata only; full text not reached
C. Lewy	Ivo Thomas. Existence and coherence. Methodos, vol. 2 no. 5 (1950), pp. 76–80.	1951	16	4	301-301	review	unclassified from title metadata	review-of-record entry reached			metadata only; full text not reached
Charles A. Baylis	John Wisdom. A note on probability. Philosophical analysis, A collection of essays, edited by Max Black, Cornell University Press, Ithaca, N. Y., 1950, pp. 414–420.	1951	16	4	301-301	review	philosophy, language, and inductive logic	review-of-record entry reached			metadata only; full text not reached
J. F. Thomson	Richard Rudner. Counter-intuitivity and the method of analysis. Philosophical studies, vol. 1 (1950), pp. 83–89.	1951	16	4	301-301	review	philosophy, language, and inductive logic	review-of-record entry reached			metadata only; full text not reached
Charles A. Baylis; D. J. O'Connor	The Analysis of Conditional Sentences.	1951	16	4	301	review	unclassified from title metadata	review-of-record entry reached			metadata only; full text not reached
Hao Wang; Shen Yu-Ting	Language, Thought and Meaning.	1951	16	4	302	review	philosophy, language, and inductive logic	review-of-record entry reached			metadata only; full text not reached
Hao Wang	Shen Yu-Ting. Yü-yen, ssǔ-hsiang, yü i-i (Language, thought, and meaning). Che-hsüeh p'ing-lun (The philosophical review) (Chungking), vol. 8 no. 3 (1943), pp. 1–21.	1951	16	4	302-303	review	philosophy, language, and inductive logic	review-of-record entry reached			metadata only; full text not reached
Hao Wang; Yin Fu-Sheng	Characteristics of Scientific Empiricism and Comments Thereon.	1951	16	4	304	review	unclassified from title metadata	review-of-record entry reached			metadata only; full text not reached
	Related Citations	1951	16	4	304-304	citation-linkage matter	editorial/association apparatus				metadata only; full text not reached
Hao Wang	Yin Fu-Sheng. K'o-hsüeh-ching-yen-lun it cheng-hsing chi ch'i p'i-p'ing (Characteristics of scientific empiricism and comments thereon). Kuo-li T'aiwan-ta-hsüeh wen-shih-che hsüeh-pao (Taipei), no. 2 (1951), pp. 193–213.	1951	16	4	304-304	review	unclassified from title metadata	review-of-record entry reached			metadata only; full text not reached
	List of officers and members of the Association for Symbolic Logic	1951	16	4	305-311	association record	editorial/association apparatus				metadata only; full text not reached
	Index of reviews	1951	16	4	312-329	review index	editorial/association apparatus				metadata only; full text not reached
	Errata	1951	16	4		errata	editorial/association apparatus				metadata only; full text not reached
	JSL volume 17 issue 1 Cover and Front matter and Errata	1952	17	1	f1-f5	cover/front/back matter	editorial/association apparatus				metadata only; full text not reached
Andrzej Mostowski	On direct products of theories	1952	17	1	1-31	primary technical publication	unclassified from title metadata	in-block contemporaneous review entry immediately identified			metadata only; full text not reached
Alan Rose	An extension of computational logic	1952	17	1	32-34	primary technical publication	computability, recursion, and decidability				metadata only; full text not reached
Haskell B. Curry	The system LD	1952	17	1	35-42	primary technical publication	unclassified from title metadata	in-block contemporaneous review entry immediately identified			metadata only; full text not reached
G. Kreisel	On the interpretation of non-finitist proofs–Part II	1952	17	1	43-58	primary technical publication	model theory and semantics		technical-depth potentially sufficient		page-verified complete local full text
K. Schütte	Oskar Becker. Einführung in die Logistik, vorzüglich in den Modalkalkül. Westkulturverlag Anton Hain, Meisenheim am Glan1951, 92 S.	1952	17	1	59-60	review	propositional, many-valued, and modal logic	review-of-record entry reached			metadata only; full text not reached
H. Hiz	Tadeusz Kotarbiński. Kurs logiki dla prawników (A course in logic for law students). Gebethner i Wolff, Warsaw1951, 255 pp.	1952	17	1	60-61	review	general mathematical logic	review-of-record entry reached			metadata only; full text not reached
Roderick M. Ch sholm	Emil J. Walter. Anwendung der Logistik und analytischen Sozialpsychologie in der Grundlagenforschung der Sozialwissenschaften (Eine wissenschaftlich-methodische Untersuchung einiger Grundbegriffe der Soziologie und Sozialpsychologie). Synthese, vol. 7 (1948–1949), pp. 115–126. - Emil J. Walter. Individuum, Gesellschaft und Staat (Eine wissenschaftlogisch-soziologische Untersuchung). Synthese, vol. 7 (1948–1949), pp. 536–549. - Emil J. Walter Ideal- und Realtypender Planwirtschaft (Ein formal-klassifikatorischer Beitrag zur Terminologie der modernen Wirtschaftssysteme). Synthese, vol. 8 (1950–1951), pp. 54–64.	1952	17	1	61-61	review	unclassified from title metadata	review-of-record entry reached			metadata only; full text not reached
Frederic B. Fitch	Fritz Paradies. Die Konformationsregeln der empirischen Rechtswissenschaft. Methodos, vol. 1 (1949), pp. 259–269. - Fritz Paradies. The conformation rules of empirical jurisprudence. English translation of the preceding by Ernst v. Glasersfeld. Methodos, vol. 1 (1949), pp. 270–276.	1952	17	1	61-61	review	unclassified from title metadata	review-of-record entry reached			metadata only; full text not reached
Robert Feys	Richard Robinson. Definition. The Clarendon Press, Oxford1950, viii + 207 pp.	1952	17	1	61-62	review	unclassified from title metadata	review-of-record entry reached			metadata only; full text not reached
Paul Bernays	Arnold Schmidt. Wie dürfen wir mit dem Unendlichen umgehen? (Die Grundlage des mathematischen Intuitionismus.)Mathematisch-physikalische Semesterberichte zur Pflege des Zusammenhangs von Schule und Universität (Gottingen), vol. 1 no. 3–4 (1950), pp. 200–212.	1952	17	1	62-62	review	propositional, many-valued, and modal logic	review-of-record entry reached			metadata only; full text not reached
Ernest H. Hutten	Victor Kraft. Der Wiener Kreis. Der Ursprung des Neopositivismus. Ein Kapitel der jüngsten Philosophiegeschichte. Springer Verlag, Vienna1950, VI + 179 pp.	1952	17	1	62-62	review	philosophy, language, and inductive logic	review-of-record entry reached			metadata only; full text not reached
M. Kondô	Zyoiti Suetuna. Sûri to ronri (Mathematics and logic). Kôbundosyohô, Tokyo1947, 103 pp.	1952	17	1	62-63	review	general mathematical logic	review-of-record entry reached			metadata only; full text not reached
Z. Suetuna	Motokiti Kondô. Kahuban-syûgô ni tuite (On enumerable sets). Tôkyô Buturigakkô zassi, vol. 47, no. 567 (1939), pp. 50–55.	1952	17	1	63-64	review	unclassified from title metadata	review-of-record entry reached			metadata only; full text not reached
Z. Suetuna	Tomoharu Hirano. Sûgakuteki kinôhô ni tuite (On mathematical induction). Tôkyô Buturigakkô zassi, vol. 47 (1938), pp. 501–506.	1952	17	1	63-63	review	philosophy, language, and inductive logic	review-of-record entry reached			metadata only; full text not reached
M. Kondô	Zyoiti Suetuna. Sûgaku ni okeru mugen no haaku (Understanding of infinity in mathematics). Kisokagaku, vol. 2 no. 1 (1948), pp. 68–70 (no. 3, pp. 4–6).	1952	17	1	63-63	review	unclassified from title metadata	review-of-record entry reached			metadata only; full text not reached
M. Kondô	Zyoiti Suetuna. Sûgaku no kiso wo nasu tyokkan ni tuite (On the intuition which forms the foundation of mathematics). Kisokagaku, vol. 3 no. 5 (1949), pp. 347–350 (no. 12, pp. 1–4).	1952	17	1	63-63	review	unclassified from title metadata	review-of-record entry reached			metadata only; full text not reached
M. Kondô	Zyoiti Suetuna. Sûgakuleki sonzai ni tuite (On mathematical existence). Kisokagaku, vol. 1 no. 1 (1947), pp. 1–3.	1952	17	1	63-63	review	unclassified from title metadata	review-of-record entry reached			metadata only; full text not reached
M. Kondô	Zyoiti Suetuna. Sügaku no saiken ni tuite (On the reconstruction of mathematics). Risô, no. 197 (1949), pp. 17–26.	1952	17	1	63-63	review	unclassified from title metadata	review-of-record entry reached			metadata only; full text not reached
Alonzo Church	Carlos Vaz Fekreira. Transcendentalizaciones matemáticas ilegítimas y falacias correlacionadas. Versión taquigráfica de las conferencias pronunciadas en la Facultad de Filosofía y Letras de Buenos Aires. Publicaciones de filosofía contemporánea, vol. 2. Universidad de Buenos Aires, Facultad de Filosofía y Letras, Instituto de Filosofía, Buenos Aires1940, 44 pp.	1952	17	1	64-64	review	unclassified from title metadata	review-of-record entry reached			metadata only; full text not reached
Alonzo Church	Henry Veatch. Basic confusions in current notions of propositional calculi. The Thomist, vol. 14 (1951), pp. 238–258.	1952	17	1	64-66	review	propositional, many-valued, and modal logic	review-of-record entry reached			metadata only; full text not reached
Z. Suetuna	Motokiti Kondô. Syûgô-ron ni okeru effective no gainen ni tuite (On the notion of effectiveness in the theory of sets). Tôkyô Buturigakkô zassi, vol. 47, no. 600 (1941), pp. 377–381.	1952	17	1	64-64	review	computability, recursion, and decidability	review-of-record entry reached			metadata only; full text not reached
Alonzo Church	Alan Rose. A formalization of the C-0 propositional calculus. Proceedings of the Cambridge Philosophical Society, vol. 47 (1951), pp. 635–636.	1952	17	1	66-66	review	propositional, many-valued, and modal logic	review-of-record entry reached			metadata only; full text not reached
Nicholas Rescher	R. K. P. Singh and R. Shukla. A note on Gôtlind's axiom system for the calculus of propositions. The mathematics student, vol. 18 (1950), pp. 108–110.	1952	17	1	66-67	review	proof theory and formal systems	review-of-record entry reached			metadata only; full text not reached
Nicholas Rescher	Jan Kalicki. On Tarski's matrix method. Comptes rendus des séances de la Société des Sciences et des Lettres de Varsovie, Classe III, vol. 41 (for 1948, pub. 1950), pp. 130–142.	1952	17	1	67-67	review	set theory and foundations	review-of-record entry reached			metadata only; full text not reached
Nicholas Rescher	Yuki Wooyenaka. Remark on a set of postulates for distributive lattices. Proceedings of the Japan Academy, vol. 27 (1951), pp. 162–165.	1952	17	1	67-68	review	algebraic logic	review-of-record entry reached			metadata only; full text not reached
Nicholas Rescher	C. H. Whiteley. The idea of logical form. Mind, n.s. vol. 60 (1951), pp. 539–541.	1952	17	1	68-68	review	general mathematical logic	review-of-record entry reached			metadata only; full text not reached
Nicholas Rescher	Norwood R. Hanson. Mr. Pap on synonymity. Mind, n.s. vol. 60 (1951), pp. 548–549.	1952	17	1	68-69	review	unclassified from title metadata	review-of-record entry reached			metadata only; full text not reached
Nicholas Rescher; C. H. Whiteley	The Idea of Logical Form.	1952	17	1	68	review	general mathematical logic	review-of-record entry reached			metadata only; full text not reached
J. F. Thomson; Bernard Mayo; Vaclav Edvard Benes	"""Rules"" of Language."	1952	17	1	69	review	philosophy, language, and inductive logic	review-of-record entry reached			metadata only; full text not reached
J. F. Thomson	Bernard Mayo. “Rules” of language. Philosophical studies, vol. 2 (1951), pp. 1–7. - Vaclav Edvard Benes. Mr. Mayo on “rules” of language. Philosophical studies, vol. 2 (1951), pp. 33–36.	1952	17	1	69-69	review	philosophy, language, and inductive logic	review-of-record entry reached			metadata only; full text not reached
J. F. Thomson	W. H. Hay and J. R. Weinberg. Concerning allegedly necessary nonanalylic propositions. Philosophical studies, vol. 2 (1951), pp. 17–21. Corrections in a mimeographed supplement to Philosophical studies, vol. 2 no. 4.	1952	17	1	69-69	review	propositional, many-valued, and modal logic	review-of-record entry reached			metadata only; full text not reached
J. F. Thomson	Yehoshua Bar-Hillel. Comments on logical form. Philosophical studies, vol. 2 no. 4., pp. 26–29.	1952	17	1	69-69	review	philosophy, language, and inductive logic	review-of-record entry reached			metadata only; full text not reached
Alonzo Church	R. M. Martin. Some comments on truth and designation. Analysis (Oxford), vol. 10 no. 3 (1950), pp. 63–67. - P. T. Geach. Designation and truth—a reply. Analysis (Oxford), vol. 10 no. 5 (1950), pp. 118–119.	1952	17	1	70-71	review	unclassified from title metadata	review-of-record entry reached			metadata only; full text not reached
J. F. Thomson	Roderick M. Chisholm. Reichenbach on observing and perceiving. Philosophical studies, vol. 2 no. 4. pp. 45–48.	1952	17	1	70-70	review	philosophy, language, and inductive logic	review-of-record entry reached			metadata only; full text not reached
Y. Bar-Hillel	R. M. Martin and J. H. Woodger. Toward an inscriptional semantics. The journal of symbolic logic, vol. 16 (1951), pp. 191–203.	1952	17	1	71-72	review	model theory and semantics	review-of-record entry reached			metadata only; full text not reached
Alonzo Church	A. A. Markov. On the representation of recursive functions. English translation of XV 66 (2). American Mathematical Society, translation number 54. Lithoprinted. New York1951, 13 pp.	1952	17	1	72-73	review	computability, recursion, and decidability	review-of-record entry reached			metadata only; full text not reached
Solomon Feferman	H. Rasiowa and R. Sikorski. A proof of the completeness theorem of Gödel. Fundamenta mathemalicae, vol. 37 (for 1950, pub. 1951), pp. 193–200.	1952	17	1	72-72	review	model theory and semantics	review-of-record entry reached			metadata only; full text not reached
Wilhelm Ackermann	Alonzo Church. Special cases of the decision problem. Revue philosophique de Louvain, Bd. 49 (1951), S. 203–221.	1952	17	1	73-74	review	philosophy, language, and inductive logic	review-of-record entry reached			metadata only; full text not reached
Alonzo Church	Lászlô Kalmár. Contributions to the reduction theory of the decision problem. First paper. Prefix (X1)(x2)(Ex3) … (Exn−1) (xn), a single binary predicate. English with Russian abstract. Acta mathematica Academiae Scientiarum Hungaricae (Budapest), vol. 1 no. 1 (1950), pp. 64–73.	1952	17	1	73-73	review	general mathematical logic	review-of-record entry reached			metadata only; full text not reached
William W. Boone	A. M. Turing. The word problem in semi-groups with cancellation. Annals of mathematics, ser. 2 vol. 52 (1950), pp. 491–505.	1952	17	1	74-76	review	unclassified from title metadata	review-of-record entry reached			metadata only; full text not reached
S. C. Kleene	Alonzo Church. The calculi of lambda-conversion. Annals of Mathematics studies, no. 6. Second printing. Lithoprinted. Princeton University Press, Princeton1951, 82 pp.	1952	17	1	76-76	review	proof theory and formal systems	review-of-record entry reached			metadata only; full text not reached
Hao Wang	Arnold Schmidt. Die Zulässigkeit der Behandlung mehrsortiger Theorien mittels der üblichen einsortigen Prädikatenlogik. Mathematische Annalen, vol. 123 (1951), pp. 187–200.	1952	17	1	76-76	review	unclassified from title metadata	review-of-record entry reached			metadata only; full text not reached
S. C. Kleene	Haskell B. Curry. A simplification of the theory of combinators. Synthese, vol. 7 (1948–1949), pp. 391–399.	1952	17	1	76-76	review	unclassified from title metadata	review-of-record entry reached			metadata only; full text not reached
Alonzo Church	W. V. Quine. On natural deduction. The journal of symbolic logic, vol. 15 (1950), pp. 93–102. See erratum, ibid., p. iv.	1952	17	1	76-77	review	proof theory and formal systems	review-of-record entry reached			metadata only; full text not reached
Alonzo Church	A. Natucci. 2 + 2 fanno 4. Periodico di matematiche, ser. 4 vol. 29 (1951), pp. 198–204.	1952	17	1	77-77	review	unclassified from title metadata	review-of-record entry reached			metadata only; full text not reached
George W. Patterson	D. B. McCallum and J. B. Smith. Mechanized reasoning—logical computers and their design. Electronics engineering, vol. 23 (1951), pp. 126–133.	1952	17	1	77-77	review	computability, recursion, and decidability	review-of-record entry reached			metadata only; full text not reached
George W. Patterson	W. Mays, C. E. M. Hansel, D. P. Henry. Note on the exhibition of logical machines at the joint session, July 1950. Mind, n.s. vol. 60 (1951), pp. 262–264.	1952	17	1	77-78	review	general mathematical logic	review-of-record entry reached			metadata only; full text not reached
George W. Patterson	Edmund C. Berkeley. The relations between symbolic logic and large-scale calculating machines. Science, vol. 112 (1950), pp. 395–399.	1952	17	1	78-78	review	general mathematical logic	review-of-record entry reached			metadata only; full text not reached
	Related Citations	1952	17	1	78-80	citation-linkage matter	editorial/association apparatus				metadata only; full text not reached
	Eratta	1952	17	1		errata	editorial/association apparatus				metadata only; full text not reached
	JSL volume 17 issue 2 Cover and Front matter and Errata	1952	17	2	f1-f6	cover/front/back matter	editorial/association apparatus				metadata only; full text not reached
G. Hasenjaeger	Über ω-Unvollständigkeit in der Peano-Arithmetik	1952	17	2	81-97	primary technical publication	unclassified from title metadata				metadata only; full text not reached
Haskell B. Curry	On the definition of negation by a fixed proposition in inferential calculus	1952	17	2	98-104	primary technical publication	proof theory and formal systems	in-block contemporaneous review entry immediately identified			metadata only; full text not reached
Hao Wang	Logic of many-sorted theories	1952	17	2	105-116	primary technical publication	general mathematical logic	in-block contemporaneous review entry immediately identified			metadata only; full text not reached
I. M. Bocheński	Daniel Henry Holmes Ingalls. Materials for the study of Navya-nyāya logic. Harvard oriental series, vol. 40. Harvard University Press, Cambridge, Mass., 1951, 182 pp.	1952	17	2	117-119	review	general mathematical logic	review-of-record entry reached			metadata only; full text not reached
Heinrich Scholz	Y. Bar-Hillel. Bolzano's definition of analytic propositions. Methodos, Bd. 2 Heft 5 (1950), S. 32–55; zugleich Theoria, Bd. 16 (1950), S. 91–117.	1952	17	2	119-122	review	unclassified from title metadata	review-of-record entry reached			metadata only; full text not reached
Nicholas Rescher	Karl Dürr. Die mathematische Logik von Leibniz. Studia philosophica (Basel), vol. 7 (1947), pp. 87–102.	1952	17	2	122-122	review	philosophy, language, and inductive logic	review-of-record entry reached			metadata only; full text not reached
Nicholas Rescher	Karl Dürr. Leibniz' Forschungen im Gebiet der Syllogistik. Leibniz zu seinem 300. Geburtstag 1646–1946, Lieferung 5. Walter de Gruyter & Co., Berlin1949, 40 pp.	1952	17	2	122-122	review	unclassified from title metadata	review-of-record entry reached			metadata only; full text not reached
Benson Mates	Karl Dürr. The propositional logic of Boethius. Studies in logic and the foundations of mathematics. North-Holland Publishing Company, Amsterdam1951, X + 79 pp. - Norman M. Martin. Appendix. Therein, pp. 74–79.	1952	17	2	122-123	review	propositional, many-valued, and modal logic	review-of-record entry reached			metadata only; full text not reached
Alonzo Church	Philotheus Boehner. Bemerkungen zur Geschichte der De Morgansche Gesetze in der Scholastik. Archiv für Philosophie, vol. 4 no. 2 (1951), pp. 113–146.	1952	17	2	123-124	review	philosophy, language, and inductive logic	review-of-record entry reached			metadata only; full text not reached
George L. Kline	P. V. Tavanéc. O vidah suždéniá (On types of judgment). Izvéstiá Akadémii Nauk SSSR, Sériá istorii i filosofii, vol. 7 (1950), pp. 69–84. - P. V. Tavanéc. Kritika istolkovaniá prirody suždénij logikoj otnošénij (A critique of the interpretation of the nature of judgments in the logic of relations). Izvéstiá Akadémii Nauk SSSR, Sériá istorii i filosofii, vol. 7 (1950), pp. 360–372. - K. S. Bakradzé. K voprosu o sootnošénii logiki i dialéktiki (On the question of the relationship of logic to dialectic). Voprosy filosofii, no. 2 (1950), pp. 198–209. - V. I. Čérkésov. O logiké i marksistskoj dialéktiké (On logic and Marxist dialectic). Voprosy filosofii, no. 2 (1950), pp. 209–222. - M. S. Strogovič. O prédmété formal'noj logiki (On the subject matter of formal logic). Voprosy filosofii, no. 3 (1950), pp. 309–317. - I. I. Os'makov. O logiké myšéniá i o nauké logiké (On the logic of thought and the science of logic). Voprosy filosofii, no. 3 (1950), pp. 317–330. - P. S. Popov. Prédméi formal'noj logiki i dialéktika (Dialectic and the subject matter of formal logic). Voprosy filosofii, no. 1 (1951), pp. 210–218. - N. V. Zavadskaá. K diskussii po voprosam logiki (On the discussion of questions of logic). Voprosy filosofii, no. 1 (1951), pp. 218–222. - A. O. Makovél'skij. Čém, dolžna byt' logika kak nauka? (What should logic be as a science?) Voprosy filosofii, no. 2 (1951), pp. 179–181. - Dobrin Spasov. Dialéktičéskuú logiku nado né otricat', a razrabatyvat' (Dialectical logic should not be rejected but elaborated). Voprosy filosofii, no. 2 (1951), pp. 182–184. - M. N. Alékséév. Obsuždénié voprosov logiki v Moskovskom Gosudarstvénnom Univérsdtété (Discussion of questions of logic at the State University of Moscow). Voprosy filosofii, no. 2 (1951), pp. 184–192. - A. D. Aléksandrov. O logiké (On logic). Voprosy filosofii, no. 3 (1951), pp. 152–163. - F. Á. Ostrouh. Protiv iskažéniá marksizma v voprosah logiki (Versus distortion of Marxism in questions of logic). Voprosy filosofii, no. 3 (1951), pp. 164–173.	1952	17	2	124-128	review	model theory and semantics	review-of-record entry reached			metadata only; full text not reached
George L. Kline	V. P. Tugarinov and L. É. Majstrov. Protiv idéalizma, v matématiˇéskoj logiké (Versus idealism in mathematical logic). Voprosy filsofii, no. 3 (1950), pp. 331–339. - S. A. Ánovskaá. Pis'mo v rédakciú (Letter to the editors). Voprosy filsofii, no. 3 (1950), pp. 339–342.	1952	17	2	128-129	review	general mathematical logic	review-of-record entry reached			metadata only; full text not reached
W. V. Quine	Jose Ferrater Mora. Diccionario de filosofia. Third edition. Editorial Sudamericana, Buenos Aires1951, 1047 pp.	1952	17	2	129-130	review	unclassified from title metadata	review-of-record entry reached			metadata only; full text not reached
Jose Ferrater Mora	Esquema Para una Historia de la Logica.	1952	17	2	130	review	unclassified from title metadata	review-of-record entry reached			metadata only; full text not reached
Paul Henle	José Ferrater Mora. Esquema para una historia de la Iógica. Asomanle (San Juan, Puerto Rico), vol. 4 no. 4 (1948), pp. 5–16. - José Ferrater Mora. Quí es la logistica?Notas y estudios de filosofta (Tucumán), vol. 1 no. 1 (1949), pp. 2–10. - Nelson Goodman. The structure of appearance. Harvard University Press, Cambridge, Mass., 1951, XV + 315 pp.	1952	17	2	130-133	review	unclassified from title metadata	review-of-record entry reached			metadata only; full text not reached
Jose Ferrater Mora	Que es la Logistica?	1952	17	2	130	review	unclassified from title metadata	review-of-record entry reached			metadata only; full text not reached
Rulon Wells	Alonzo Church. A formulation of the logic of sense and denotation. Structure, method and meaning, Essays in honor of Henry M. Sheffer, edited by Paul Henle, Horace M. Kallen, and Susanne K. Langer, The Liberal Arts Press, New York1951, pp. 3–24.	1952	17	2	133-134	review	philosophy, language, and inductive logic	review-of-record entry reached			metadata only; full text not reached
William H. Hay	Hans Reichenbach. The verifiability theory of meaning. Proceedings of the American Academy of Arts and Sciences, vol. 80 no. 1 (1951), pp. 46–60. - Carl G. Hempel. The concept of cognitive significance: a reconsideration. Proceedings of the American Academy of Arts and Sciences, vol. 80 no. 1 (1951), pp. 61–77. - Gustav Bergmann. Comments on Professor Hempel's “The concept of cognitive significance.”Proceedings of the American Academy of Arts and Sciences, vol. 80 no. 1 (1951), pp. 78–86.	1952	17	2	134-136	review	philosophy, language, and inductive logic	review-of-record entry reached			metadata only; full text not reached
Yehoshua Bar-Hillel	John Lotz. Natural and scientific language. Proceedings of the American Academy of Arts and Sciences, vol. 80 no. 1 (1951), pp. 87–88.	1952	17	2	136-136	review	philosophy, language, and inductive logic	review-of-record entry reached			metadata only; full text not reached
Yehoshua Bar-Hillel	W. V. Quine. Semantics and abstract objects. Proceedings of the American Academy of Arts and Sciences, vol. 80 no. 1 (1951), pp. 90–96. - Max Black. Comments on preceding paper of W. V. Quine. Proceedings of the American Academy of Arts and Sciences, vol. 80 no. 1 (1951), pp. 97–99.	1952	17	2	136-137	review	model theory and semantics	review-of-record entry reached			metadata only; full text not reached
Yehoshua Bar-Hillel	Alonzo Church. The need for abstract entities in semantic analysis. Proceedings of the American Academy of Arts and Sciences, vol. 80 no. 1 (1951), pp. 100–112.	1952	17	2	137-139	review	model theory and semantics	review-of-record entry reached			metadata only; full text not reached
Carl G. Hempel	Gustav Bergmann. A note on ontology. Philosophical studies, vol. 1 (1950), pp. 89–92.	1952	17	2	139-140	review	philosophy, language, and inductive logic	review-of-record entry reached			metadata only; full text not reached
Carl G. Hempel	Leonard Linsky. A note on Carnap's “Truth and confirmation.”Philosophical studies, vol. 1 (1950), pp. 81–82. - Rudolf Carnap. Rejoinder to Linsky. Philosophical studies, vol. 1 (1950), p. 83.	1952	17	2	139-139	review	philosophy, language, and inductive logic	review-of-record entry reached			metadata only; full text not reached
Carl G. Hempel	Rudolf Carnap. Wahrheit und Bewährung. Actes du Congrès International de Philosophie Scientifique, IV Induction et probabilité, Actualités scientifiques et industrielles 391, Hermann & Cie, Paris1936, pp. 18–23.	1952	17	2	139-139	review	philosophy, language, and inductive logic	review-of-record entry reached			metadata only; full text not reached
Carl G. Hempel; Rudolf Carnap	Wahrheit und Bewahrung.	1952	17	2	139	review	unclassified from title metadata	review-of-record entry reached			metadata only; full text not reached
Frederic B. Fitch	Ellis Evans. Notes on the symbolic process. Mind, n. s. vol. 60 (1951), pp. 62–79.	1952	17	2	140-141	review	unclassified from title metadata	review-of-record entry reached			metadata only; full text not reached
Frederic B. Fitch	G. H. von Wright. Deontic logic. Mind, n. s. vol. 60 (1951), pp. 1–15.	1952	17	2	140-140	review	general mathematical logic	review-of-record entry reached			metadata only; full text not reached
Carl G. Hempel	W. V. Quine. Ontology and ideology. Philosophical studies, vol. 2 (1951), pp. 11–15.	1952	17	2	140-140	review	philosophy, language, and inductive logic	review-of-record entry reached			metadata only; full text not reached
Frederic B. Fitch	Gustav Bergmann. Concerning the definition of classes. Mind, n. s. vol. 60 (1951), pp. 95–96.	1952	17	2	141-141	review	set theory and foundations	review-of-record entry reached			metadata only; full text not reached
W. V. Quine	Kazimierz Ajdukiewicz. On the notion of existence. Some remarks connected with the problem of idealism. Studia philosophica (Poznań), vol. 4 (for 1949–50, pub. 1951), pp. 7–22.	1952	17	2	141-142	review	philosophy, language, and inductive logic	review-of-record entry reached			metadata only; full text not reached
Hugues Leblanc	Daniel S. Robinson. Editor's preface. Royce's logical essays, Wm. C. Brown Company, Dubuque1951, pp. xi–xiii.	1952	17	2	142-142	review	general mathematical logic	review-of-record entry reached			metadata only; full text not reached
Hugues Leblanc	Josiah Royce. Recent logical inquiries and their psychological bearings. Royce's logical essays, Wm. C. Brown Company, Dubuque1951, pp. 3–34. (Reprinted from Psychological review, vol. 9 (1902).)	1952	17	2	142-143	review	general mathematical logic	review-of-record entry reached			metadata only; full text not reached
Roderick M. Chisholm	Stanisław Jaśkowski. On the modal and causal functions in symbolic logic. Studia philosophica (Poznań), vol. 4 (for 1949–50, pub. 1951), pp. 71–92.	1952	17	2	142-142	review	propositional, many-valued, and modal logic	review-of-record entry reached			metadata only; full text not reached
Hugues Leblanc	Josiah Royce. Axiom. Royce's logical essays, Wm. C. Brown Company, Dubuque1951, pp. 125–138. (Reprinted from Encyclopedia of religion and ethics, New York 1913.)	1952	17	2	143-143	review	proof theory and formal systems	review-of-record entry reached			metadata only; full text not reached
Hugues Leblanc	Josiah Royce. Error and truth. Royce's logical essays, Wm. C. Brown Company, Dubuque1951, pp. 98–124. (Reprinted from Encyclopedia of religion and ethics, New York 1913.)	1952	17	2	143-143	review	general mathematical logic	review-of-record entry reached			metadata only; full text not reached
Hugues Leblanc	Josiah Royce. Individual. Royce's logical essays, Wm. C. Brown Company, Dubuque1951, pp. 139–145. (Reprinted from Dictionary of philosophy and psychology, New York 1901.)	1952	17	2	143-143	review	philosophy, language, and inductive logic	review-of-record entry reached			metadata only; full text not reached
Hugues Leblanc	Josiah Royce. Negation. Royce's logical essays, Wm. C. Brown Company, Dubuque1951, pp. 179–203. (Reprinted from Encyclopedia of religion and ethics, New York 1913.)	1952	17	2	143-143	review	general mathematical logic	review-of-record entry reached			metadata only; full text not reached
Hugues Leblanc	Josiah Royce. Order. Royce's logical essays, Wm. C. Brown Company, Dubuque1951, pp. 204–231. (Reprinted from Encyclopedia of religion and ethics, New York 1913.)	1952	17	2	143-143	review	general mathematical logic	review-of-record entry reached			metadata only; full text not reached
Hugues Leblanc	Josiah Royce. The problem of truth in the light of recent discussion. Royce's logical essays, Wm. C. Brown Company, Dubuque1951, pp. 63–97. (Reprinted from Bericht über den III. Internationalen Kongress für Philosophie zu Heidelberg (Heidelberg 1909) and William James and other essays on the philosophy of life (New York 1912).)	1952	17	2	143-143	review	philosophy, language, and inductive logic	review-of-record entry reached			metadata only; full text not reached
Hugues Leblanc	Josiah Royce. Introduction to Poincare's Foundations of science. Royce's logical essays, Wm. C. Brown Company, Dubuque1951, pp. 268–284. [Cf. 13712.] - Josiah Royce. Benno Erdmann's Logic. Royce's logical essays, Wm. C. Brown Company, Dubuque1951, pp. 285–290. (Reprinted from The philosophical review, vol. 1 (1892).) - Josiah Royce. An extension of the algebra of logic. A reprint of 1404. Royce's logical essays, Wm. C. Brown Company, Dubuque1951, pp. 293–309.	1952	17	2	144-144	review	philosophy, language, and inductive logic	review-of-record entry reached			metadata only; full text not reached
Hugues Leblanc	Josiah Royce. The principles of logic. A reprint of 1403. Royce's logical essays, Wm. C. Brown Company, Dubuque1951, pp. 310–378.	1952	17	2	144-145	review	general mathematical logic	review-of-record entry reached			metadata only; full text not reached
Lindley J. Burton; Hugues Leblanc	Josiah Royce. The relation of the principles of logic to the foundations of geometry. A reprint of 1401. Royce's logical essays, Wm. C. Brown Company, Dubuque1951, pp. 379–441.	1952	17	2	145-146	review	general mathematical logic	review-of-record entry reached			metadata only; full text not reached
Frederick B. Thompson	Ladislav Rieger. On the lattice theory of Brouwerian propositional logic. Acta Facultatis Rerum Naturalium Universitatis Carolinae, no. 189. F. Řivnáč, Prague1949, 40 pp.	1952	17	2	146-147	review	propositional, many-valued, and modal logic	review-of-record entry reached			metadata only; full text not reached
R. C. Lyndon	Alan Rose. Strong completeness of fragments of the propositional calculus. The journal of symbolic logic, vol. 16 (1951), p. 204. - Alan Rose. The degree of completeness of a partial system of the 2-valued Propositional Calculus. Mathematische Zeitschrift, vol. 54 (1951), pp. 181–183.	1952	17	2	147-147	review	model theory and semantics	review-of-record entry reached			metadata only; full text not reached
A. R. Turquette	Alan Rose. Systems of logic whose truth-values form lattices. Mathematische Annalen, vol. 123 (1951), pp. 152–165. - Alan Rose. A lattice-theoretic characterisation of the ℵ0-valued Propositional Calculus. Mathematische Annalen, vol. 123 (1951), pp. 285–287. - Alan Rose. The degree of completeness of some Łukasiewicz-Tarski propositional calculi. The journal of the London Mathematical Society, vol. 26 (1951), pp. 47–49.	1952	17	2	147-148	review	model theory and semantics	review-of-record entry reached			metadata only; full text not reached
José Sebastião e Silva	Jeanne-Pierre Zahlen. Sur une application de la logislique à un problème de calcul des probabilités. Euclides (Madrid), t. 10 (1950), pp. 160–165.	1952	17	2	148-148	review	philosophy, language, and inductive logic	review-of-record entry reached			metadata only; full text not reached
Augustus F. Bausch	Olav Valen-Sendstad. Der Wahrheilsbegriff in der zweiwertigen Logik. Theoria, vol. 15 (1949), pp. 367–383.	1952	17	2	148-149	review	unclassified from title metadata	review-of-record entry reached			metadata only; full text not reached
Václav Edvard Beneš	Willard van Orman Quine. Mathematical logic. Revised edition. Harvard University Press, Cambridge, Mass., 1951, xii + 346 pp.	1952	17	2	149-150	review	general mathematical logic	review-of-record entry reached			metadata only; full text not reached
John G. Kemeny	László Kalmár. Eine einfache Konstruktion unenlscheidbarer Sätze in formalen Systemen. Methodos, vol. 2 no. 6–7 (1950), pp. 220–226. - László Kalmár. A simple construction of undecidable propositions in formal systems. English translation of the preceding by Ernst v. Glasersfeld. Methodos, vol. 2 no. 6–7 (1950), pp. 227–231.	1952	17	2	150-151	review	computability, recursion, and decidability	review-of-record entry reached			metadata only; full text not reached
Andrzej Mostowski	A. Markov. Névozmožnost' algorifmov raspoznavaniá nékotoryh svojstv associativnyh sistém (Impossibility of algorithms for recognizing some properties of associative systems). Doklady Akadémii Nauk SSSR, vol. 77 (1951), pp. 953–956.	1952	17	2	151-152	review	computability, recursion, and decidability	review-of-record entry reached			metadata only; full text not reached
Andrzej Mostowski	A. Markov. Ob odnoj nérazréšimoj problémé, kasaúščéjsá matric (On an unsolvable problem concerning matrices). Doklady Akadémii Nauk SSSR, vol. 78 (1951), pp. 1089–1092.	1952	17	2	152-152	review	algebraic logic	review-of-record entry reached			metadata only; full text not reached
Alonzo Church	Wilhelm Ackermann. Konstruktiver Aufbau eines Abschnitts der zweiten Cantorschen Zahlenklasse. Malhematische Zeitschrift, vol. 53 (1950–1951), pp. 403–413.	1952	17	2	152-153	review	unclassified from title metadata	review-of-record entry reached			metadata only; full text not reached
Nicholas Rescher	Moh Shaw-Kwei. The deduction theorems and two new logical systems. Methodos, vol. 2 no. 5 (1950), pp. 56–75.	1952	17	2	153-154	review	proof theory and formal systems	review-of-record entry reached			metadata only; full text not reached
Alonzo Church	Crispin Kim-Bradley. Symbolic logic and metamathematics. Astounding science fiction, vol. 48 no. 6 (1952), pp. 94–102.	1952	17	2	154-154	review	general mathematical logic	review-of-record entry reached			metadata only; full text not reached
Alonzo Church	Ramón Crespo Pereira. Sobre el álgebra de la lógica de Schröder. Revista matemática hispano-americana, ser. 4 vol. 11 (1951), pp. 222–239.	1952	17	2	154-154	review	unclassified from title metadata	review-of-record entry reached			metadata only; full text not reached
	Related Citations	1952	17	2	154-155	citation-linkage matter	editorial/association apparatus				metadata only; full text not reached
	Abstracts of papers	1952	17	2	156-159	meeting abstracts	editorial/association apparatus				metadata only; full text not reached
James Willard Oliver	Fourteenth meeting of the Association for Symbolic Logic	1952	17	2	156-156	meeting report	editorial/association apparatus				metadata only; full text not reached
	Elections	1952	17	2	159-159	association record	editorial/association apparatus				metadata only; full text not reached
	Problems	1952	17	2	160-160	problem notice	editorial/association apparatus				metadata only; full text not reached
	JSL volume 17 issue 3 Cover and Front matter and Errata	1952	17	3	f1-f6	cover/front/back matter	editorial/association apparatus				metadata only; full text not reached
Jan Kalicki	A test for the equality of truth-tables	1952	17	3	161-163	primary technical publication	propositional, many-valued, and modal logic	in-block contemporaneous review entry immediately identified			metadata only; full text not reached
John Myhill	A finitary metalanguage for extended basic logic	1952	17	3	164-178	primary technical publication	proof theory and formal systems	in-block contemporaneous review entry immediately identified	technical-depth potentially sufficient		page-verified complete local full text
Alonzo Church; W. V. Quine	Some theorems on definability and decidability	1952	17	3	179-187	primary technical publication	computability, recursion, and decidability	in-block contemporaneous review entry immediately identified			metadata only; full text not reached
William Craig; W. V. Quine	On reduction to a symmetric relation	1952	17	3	188-188	primary technical publication	unclassified from title metadata	in-block contemporaneous review entry immediately identified			metadata only; full text not reached
Nelson Goodman	New notes on simplicity	1952	17	3	189-191	primary technical publication	unclassified from title metadata	in-block contemporaneous review entry immediately identified			metadata only; full text not reached
John Myhill	A derivation of number theory from ancestral theory	1952	17	3	192-197	primary technical publication	proof theory and formal systems	in-block contemporaneous review entry immediately identified			metadata only; full text not reached
Alonzo Church	Arnold Schmidt. Mathematische Grundlagenforschung. Enzyklopädie der mathematischen Wissenschaften, Band I. Algebra und Zahlentheorie, 1. Teil, Heft 1, Teil II, B.G. Teubner, Leipzig1950, 48 pp.	1952	17	3	198-199	review	unclassified from title metadata	review-of-record entry reached			metadata only; full text not reached
Alonzo Church	Pedbo Pi Calleja. La objeción de Grandjot a la teoría de Peano del número natural. Mathematicae notae, vol. 9 (1949), pp. 143–151.	1952	17	3	199-200	review	unclassified from title metadata	review-of-record entry reached			metadata only; full text not reached
Alonzo Church	B. Levi. A propósito de la Nota del Dr. Pi Calleja. Sobre paradojas lógicas y principio del tertium non datur. Mathematicae notae, vol. 9 (1949), pp. 155–159.	1952	17	3	200-201	review	unclassified from title metadata	review-of-record entry reached			metadata only; full text not reached
Alonzo Church	Pedbo Pi Calleja. El tercero incluído en la contraparadoja de Russell. Mathematicae notae, vol. 9 (1949), pp. 152–154.	1952	17	3	200-200	review	unclassified from title metadata	review-of-record entry reached			metadata only; full text not reached
Wilhelm Ackermann	G. H. von Wright. On double quantification. Societas Scientiarum Fennica, Commentationes physico-mathematicae, Bd. 16, Nr. 3. Helsingfors1952, 14 S.	1952	17	3	201-203	review	general mathematical logic	review-of-record entry reached			metadata only; full text not reached
Alonzo Church	Giovanni Ricci. Elementi di teoria dei numeri. Repertorio di matematiche, a cur a di Mario Villa, Casa Editrice Dott. A. Milani, Padua1951, pp. 1–61.	1952	17	3	201-201	review	unclassified from title metadata	review-of-record entry reached			metadata only; full text not reached
Alonzo Church	Julio Rey Pastor, Pedro Pi Calleja, César A. Trejo. Análisis matemático. Vol. I. Análisis algebraico—Teoría de ecuaciones—Cálculo infinitesimal de una variable. Editorial Kapelusz, Buenos Aires1952, XXVII + 817 pp.	1952	17	3	201-201	review	algebraic logic	review-of-record entry reached			metadata only; full text not reached
I. L. Novak	Andrzej Mostowski. On direct products of theories. The journal of symbolic logic, vol. 17 (1952), pp. 1–31.	1952	17	3	203-204	review	general mathematical logic	review-of-record entry reached			metadata only; full text not reached
Frederic B. Fitch; Alan Rose	An Extension of Computational Logic.	1952	17	3	204	review	computability, recursion, and decidability	review-of-record entry reached			metadata only; full text not reached
Alan Rose	Norman M. Martin. A note on Sheffer functions in n-valued logic. Methodos, vol. 3 (1951), pp. 240–242.	1952	17	3	204-205	review	propositional, many-valued, and modal logic	review-of-record entry reached			metadata only; full text not reached
Leon Henkin	Abraham Robinson. On the metamathematics of algebra. Studies in logic and the foundations of mathematics. North-Holland Publishing Company, Amsterdam1951, IX + 195 pp.	1952	17	3	205-207	review	general mathematical logic	review-of-record entry reached			metadata only; full text not reached
A. R. Turquette	Alfred L. Foster. Ring-logics and p-rings. University of California publications in mathematics, n.s. vol. 1 no. 10 (1951), pp. 385–395.	1952	17	3	205-205	review	unclassified from title metadata	review-of-record entry reached			metadata only; full text not reached
Leon Henkin	Alfred Tarski. A decision method for elementary algebra and geometry. Prepared for publication with the assistance of J. C. C. McKinsey. Second edition, revised. Lithoprinted. University of California Press, Berkeley and Los Angeles1951, iii + 63 pp.	1952	17	3	207-207	review	unclassified from title metadata	review-of-record entry reached			metadata only; full text not reached
Leon Henkin	Kurt Gödel. The consistency of the axiom of choice and the generalized continuum-hypothesis with the axioms of set theory. Annals of Mathematics studies, no. 3. Second printing, lithoprinted. Princeton University Press, Princeton1951, 69 pp.	1952	17	3	207-208	review	set theory and foundations	review-of-record entry reached		mechanically obvious target-line exclusion from title/metadata	metadata only; full text not reached
Nohman M. Martin	E. W. Beth. Symbolische logica (Symbolic logic). Servire's encyclopaedic, afdeling Logica, D2/5. Servire, The Hague1950, 63 pp.	1952	17	3	208-209	review	general mathematical logic	review-of-record entry reached			metadata only; full text not reached
Alonzo Church	Friedrich Waismann. Introduction to mathematical thinking. The formation of concepts in modern mathematics. With a foreword by Karl Menger. Translated by Theodore J. Benac. Frederick Ungar Publishing Co., New York1951, XI + 260 pp.	1952	17	3	208-208	review	unclassified from title metadata	review-of-record entry reached			metadata only; full text not reached
Alonzo Church	Georg Cantor. Contributions to the founding of the theory of transfinite numbers. Translated, and provided with an introduction and notes, by Philip E. B. Jourdain. Dover Publications, New York1952, ix + 211 pp.	1952	17	3	208-208	review	unclassified from title metadata	review-of-record entry reached			metadata only; full text not reached
Philotheus Boehner	Jan Łukasiewicz. Aristotle's syllogistic from the standpoint of modern formal logic. Clarendon Press, Oxford1951; Oxford University Press, London and New York; xi + 141 pp.	1952	17	3	209-210	review	general mathematical logic	review-of-record entry reached			metadata only; full text not reached
Ivo Thomas	Jerzy Słupecki. On Aristotelian syllogistic. Studia philosophica (Poznán), vol. 4 (for 1949–1950, pub. 1951), pp. 275–300.	1952	17	3	210-211	review	philosophy, language, and inductive logic	review-of-record entry reached			metadata only; full text not reached
Jan Kalicki	Roman Suszko. Canonic axiomatic systems. Studia philosophica (Poznán), vol. 4 (for 1949–1950, pub. 1951), pp. 301–330.	1952	17	3	211-212	review	proof theory and formal systems	review-of-record entry reached			metadata only; full text not reached
Carl G. Hempel	J. H. Woodger. Science without properties. The British journal for the philosophy of science, vol. 2 no. 7 (1951), pp. 193–216.	1952	17	3	212-213	review	philosophy, language, and inductive logic	review-of-record entry reached			metadata only; full text not reached
Václav Edvard Beneš	W. V. Quine. On the consistency of “New foundations.”Proceedings of the National Academy of Sciences of the United States of America, vol. 37 (1951), pp. 538–540.	1952	17	3	212-212	review	set theory and foundations	review-of-record entry reached			metadata only; full text not reached
J. F. Thomson	Arthur W. Burks. A theory of proper names. Philosophical studies, vol. 2 (1951), pp. 36–45.	1952	17	3	213-214	review	philosophy, language, and inductive logic	review-of-record entry reached			metadata only; full text not reached
Carl G. Hempel	Yehoshua Bar-Hillel. A note on state-descriptions. Philosophical studies, vol. 2 (1951), pp. 72–75. - Rudolf Carnap. The problem of relations in inductive logic. Philosophical studies, vol. 2 (1951), pp. 75–80. - John G. Kemeny. Extension of the methods of inductive logic. Philosophical studies, vol. 3 (1952), pp. 38–42.	1952	17	3	214-215	review	philosophy, language, and inductive logic	review-of-record entry reached			metadata only; full text not reached
George D. W. Berry	Thompson M. Clarke. Reflections on likeness of meaning. Philosophical studies, vol. 3 (1952), pp. 9–13.	1952	17	3	215-216	review	philosophy, language, and inductive logic	review-of-record entry reached			metadata only; full text not reached
Alonzo Church	Anatol Rapoport. What is semantics?American scientist, vol. 40 (1952), pp. 123–135.	1952	17	3	216-217	review	model theory and semantics	review-of-record entry reached			metadata only; full text not reached
Norman M. Martin	H. Meyer. Ideologie en wetenschap (Ideology and science). IV Symposium, Haagse Societeit voor Culturele Samenwerking, pub. 1950, pp. 44–75. - E. J. E. Huffer, B. H. Kazemier, Ch. van Os, J. C. Opstelten, H. Rümke, H. Meyer. Discussie over de voordracht van H. Meyer (Discussion of th e paper of H. Meyer). IV Symposium, Haagse Societeit voor Culturele Samenwerking pub. 1950. pp. 122–131.	1952	17	3	217-218	review	unclassified from title metadata	review-of-record entry reached			metadata only; full text not reached
Alonzo Church	Martin Gardner. Logic machines. Scientific American, vol. 186 no. 3 (1952), pp. 68–73. - W. Mays. Letter. Scientific American, vol. 186 no. 6 (1952), pp. 2, 4.	1952	17	3	217-217	review	general mathematical logic	review-of-record entry reached			metadata only; full text not reached
Alonzo Church	Robert S. Brumbaugh. An Aristotelian defense of “non-Aristotelian” logics. The journal of philosophy, vol. 48 (1951), pp. 582–585.	1952	17	3	217-217	review	philosophy, language, and inductive logic	review-of-record entry reached			metadata only; full text not reached
George D. W. Berry	James K. Feibleman. The metaphysics of logical positivism. The review of metaphysics, vol. 5 no. 1 (1951), pp. 55–82.	1952	17	3	218-218	review	general mathematical logic	review-of-record entry reached			metadata only; full text not reached
Yin Fu-Sheng	Chang Hsei-Wu. Yüan-hsüeh hsiang ho ch'u ch'ü (Where is metaphysics going?). Che-hsüeh p'ing-lun (The philosophical review) (Shanghai), vol. 10 no. 4 (1947), pp. 29–37.	1952	17	3	219-219	review	philosophy, language, and inductive logic	review-of-record entry reached			metadata only; full text not reached
	G. Watts Cunningham. On the meaningfulness of vague language. The philosophical review, vol. 58 (1949), pp. 541–562.	1952	17	3	219-220	bibliographical notice / unattributed review	philosophy, language, and inductive logic	review-of-record entry reached; reviewer metadata absent			metadata only; full text not reached
Yin Fu-Sheng	Wang Hao. Yü-yen ho hsing-shang-hsüeh (Language and metaphysics). Che-hsüeh p'ing-lun (The philosophical review) (Shanghai), vol. 10 no. 1 (1946), pp. 35–38.	1952	17	3	219-219	review	philosophy, language, and inductive logic	review-of-record entry reached			metadata only; full text not reached
Charles A. Baylis	Emmanuel G. Mesthene. On the status of the laws of logic. English with Spanish abstract. Philosophy and phenomenological research, vol. 10 no. 3 (1950), pp. 354–373.	1952	17	3	220-220	review	philosophy, language, and inductive logic	review-of-record entry reached			metadata only; full text not reached
Charles A. Baylis	Joshua C. Gregory. Heterological and homological. Mind, n.s. vol. 61 (1952), pp. 85–88.	1952	17	3	220-220	review	unclassified from title metadata	review-of-record entry reached			metadata only; full text not reached
	Related Citations	1952	17	3	220-224	citation-linkage matter	editorial/association apparatus				metadata only; full text not reached
Charles A. Baylis	W. H. Walsh. A note on truth. Mind, n.s. vol. 61 (1952), pp. 72–74.	1952	17	3	220-220	review	unclassified from title metadata	review-of-record entry reached			metadata only; full text not reached
	A meeting of the Association for Symbolic Logic	1952	17	3	224-224	meeting/bibliographical notice	editorial/association apparatus				metadata only; full text not reached
	JSL volume 17 issue 4 Cover and Front matter and Errata	1952	17	4	f1-f6	cover/front/back matter	editorial/association apparatus				metadata only; full text not reached
J. C. Shepherdson	Inner models for set theory—Part II	1952	17	4	225-237	primary technical publication	set theory and foundations			mechanically obvious target-line exclusion from title/metadata	metadata only; full text not reached
J. Barkley Rosser	The axiom of infinity in Quine's New Foundations	1952	17	4	238-242	primary technical publication	set theory and foundations	in-block contemporaneous review entry immediately identified			metadata only; full text not reached
Moh Shaw-Kwei	A note on the theory of quantification	1952	17	4	243-244	primary technical publication	general mathematical logic	in-block contemporaneous review entry immediately identified			metadata only; full text not reached
Haskell B. Curry	The permutability of rules in the classical inferential calculus	1952	17	4	245-248	primary technical publication	proof theory and formal systems	in-block contemporaneous review entry immediately identified			metadata only; full text not reached
Haskell B. Curry	The elimination theorem when modality is present	1952	17	4	249-265	primary technical publication	propositional, many-valued, and modal logic	in-block contemporaneous review entry immediately identified	technical-depth potentially sufficient		page-verified complete local full text
Wilhelm Ackermann	Frederic Brenton Fitch. Symbolic logic. An introduction. The Ronald Press Company, New York 1952, x + 238 S.	1952	17	4	266-268	review	general mathematical logic	review-of-record entry reached			metadata only; full text not reached
Rózsa Péter	Raphael M. Robinson. Undecidable—rings. Transactions of the American Mathematical Society, Bd. 70 (1951), S.137–159.	1952	17	4	268-269	review	computability, recursion, and decidability	review-of-record entry reached			metadata only; full text not reached
Johannes Bendiek	Stanisław Jaśkowski. O interpretacjach zdan kategorycznych Arystotelesa w rachunku predykatów (On the interpretations of Aristotelian categorical propositions in the predicate calculus). Polnisch mit englischem Auszug. Ebd., Bd. 2 Heft 3 (1950), S.77–90.	1952	17	4	268-268	review	model theory and semantics	review-of-record entry reached			metadata only; full text not reached
Johannes Bendiek	Tadeusz Czeżowski. Przyczynek do sylogistyki Arystotelesa (Brentanowska teoria wnioskdw kategorycznych) (Contribution à la syllogistique d'Aristote (La théorie du raisonnement catégorique chez Breniano)). Polnisch mit französischem Auszug. Studia Societatis Scientiarum Torunensis, Sectio A, Bd. 2 Heft 2 (1950), S.65–76.	1952	17	4	268-268	review	unclassified from title metadata	review-of-record entry reached			metadata only; full text not reached
Rózsa Péter	Raphael M. Robinson. Arithmetical definitions in the ring of integers. Proceedings of the American Mathematical Society, Bd. 2 (1951), S.279–284.	1952	17	4	269-270	review	unclassified from title metadata	review-of-record entry reached			metadata only; full text not reached
Rózsa Péter	A. V. Kuznécov. O primitivno rékursivnyh funkciáh bol'šogo razmaha (Über umfangsreiche primitiv-rekursive Funktionen). Doklady Akadémii Nauk SSSR, Bd. 71 (1950), S.233–236.	1952	17	4	270-271	review	unclassified from title metadata	review-of-record entry reached			metadata only; full text not reached
Rózsa Péter	Raphael M. Robinson. Arithmetical definability of field elements. The journal of symbolic logic, Bd. 16 (1951), S.125–126.	1952	17	4	270-270	review	model theory and semantics	review-of-record entry reached			metadata only; full text not reached
Andrzej Mostowski	G. Hasenjaeger. Über ω-Unvollständigkeit in der Peano-Arithmelik. The journal of symbolic logic, vol. 17 (1952), pp. 81–97.	1952	17	4	271-272	review	general mathematical logic	review-of-record entry reached			metadata only; full text not reached
Andrzej Mostowski	I. I. Zégalkin (I. Gégalkine). Probléma razréšimosti na konéčnyh klassah (Sur le problème de la résolubilité pour les classes finies). Russian with French abstract. Moskovskij Gosudarstvénnyj Univérsitét, Učényé zapiski, no. 100 (Matématika, vol. 1) (1946), pp. 155–211.	1952	17	4	271-271	review	set theory and foundations	review-of-record entry reached			metadata only; full text not reached
G. Kreisel	Paul Bernays. Über das Indukttonsschema in der rekursiven Zahlentheorie. Kontrolliertes Denken, Untersuchungen zum Logikkalkül und zur Logik der Einzelwissenschaften, rotaprint, Kommissions-Verlag Karl Alber, Munich 1951, pp. 10–17.	1952	17	4	272-273	review	unclassified from title metadata	review-of-record entry reached			metadata only; full text not reached
Nicholas Rescher	Ulrich Klug. Zur logischen Analyse der Kausalitätsformel im Strafrecht. Kontrolliertes Denken, Untersuchungen zum Logikkalkül und zur Logik der Einzelwissenschaften, rotaprint, Kommissions-Verlag Karl Alber, Munich 1951, pp. 65–72.	1952	17	4	273-274	review	unclassified from title metadata	review-of-record entry reached			metadata only; full text not reached
David Nelson	Andrzej Mostowski. A classification of logical systems. Studia philosophica (Poznań), vol. 4 (for 1949–50, pub. 1951), pp. 237–274.	1952	17	4	274-275	review	philosophy, language, and inductive logic	review-of-record entry reached			metadata only; full text not reached
Nicholas Rescher	Ulrich Klug. Juristische Logik. Springer-Verlag, Berlin-Göttingen-Heidelberg, 1951, VIII + 160 pp.	1952	17	4	274-274	review	unclassified from title metadata	review-of-record entry reached			metadata only; full text not reached
Paul Bernays	Paul Lorenzen. Über endliche Mengen. Mathematische Annalen, vol. 123 (1951), pp. 331–338.	1952	17	4	275-276	review	unclassified from title metadata	review-of-record entry reached			metadata only; full text not reached
Paul Bernays	Paul F. Linke. Die mehrwertigen Logiken und das Wahrheitsproblem. (Vortrag gehalten auf dem Philosophen-Kongress in Garmisch-Partenkirchen, September 1947.) Zeilschrift für philosophische Forschung, vol. 3 (1948), pp. 378–398, 530–546.	1952	17	4	276-277	review	philosophy, language, and inductive logic	review-of-record entry reached			metadata only; full text not reached
Alonzo Church	Erik Götlind. A note on an article by R. K. P. Singh and R. Shukla. The mathematics student, vol. 19 no. 3–4 (for 1951, pub. 1952), pp. 120–121.	1952	17	4	277-277	review	unclassified from title metadata	review-of-record entry reached			metadata only; full text not reached
Helena Rasiowa	Eugen Gh. Mihailescu. Cercetǎri asupra subsistemelor calculului propoziţiilor (Researches on sub-systems of the propositional calculus). Roumanian, with abstracts in Russian and French. Studii şi cercetӑri matematice, Academia Republicii Populate Romane, Institutul de Matematica, vol. 2 (1951), pp. 1–44.	1952	17	4	277-278	review	propositional, many-valued, and modal logic	review-of-record entry reached			metadata only; full text not reached
Alan Rose	Takeo Sugihara. Negation in many-valued logic. Memoirs of Liberal Arts College, Fukui University, vol. 1 (1952), pp. 1–5.	1952	17	4	278-279	review	propositional, many-valued, and modal logic	review-of-record entry reached			metadata only; full text not reached
A. R. Turquette	Alfred L. Foster, pk-rings and ring-logics. Annali delta Scuola Normale Superiore di Pisa, Scienze fisiche e matematiche, ser. 3 vol. 5 (1951), pp. 279–300.	1952	17	4	279-279	review	unclassified from title metadata	review-of-record entry reached			metadata only; full text not reached
A. R. Turquette	Max Bense. Charakteristik einer ternären Logik. Theoria, vol. 16 (1950), pp. 78–81. - Jürgen von Kempski. Senses Charakteristik einer ternären Logik. Theoria, vol. 16 (1950), pp. 152–153. - Albert Menne. Zu den triadischen bivalenten Aussagefunktoren. Theoria, vol. 18 (1952), pp. 66–69.	1952	17	4	279-280	review	unclassified from title metadata	review-of-record entry reached			metadata only; full text not reached
Arthur W. Burks	George W. Patterson. Logical syntax and transformation rules. Proceedings of a Second Symposium on Large-Scale Calculating Machinery (Cambridge, Mass., September 13–16, 1949), Harvard University Press, Cambridge, Mass., 1951, pp. 125–133.	1952	17	4	280-280	review	philosophy, language, and inductive logic	review-of-record entry reached			metadata only; full text not reached
Nicholas Rescher	Henry Hiż. On the inferential sense of contrary-to-fact conditionals. The journal of philosophy, vol. 48 (1951), pp. 586–587.	1952	17	4	280-280	review	proof theory and formal systems	review-of-record entry reached			metadata only; full text not reached
George W. Patterson	Wilton R. Abbott. Computing logical truth with the California Digital Computer. Mathematical tables and other aids to computation, vol. 5 (1951), pp. 120–128.	1952	17	4	280-281	review	computability, recursion, and decidability	review-of-record entry reached			metadata only; full text not reached
John G. Kemeny	W. V. Quine. Two dogmas of empiricism. The philosophical review, vol. 60 (1951), pp. 20–43.	1952	17	4	281-283	review	philosophy, language, and inductive logic	review-of-record entry reached			metadata only; full text not reached
John G. Kemeny	Benson Mates. Analytic sentences. The philosophical review, vol. 60 (1951), pp. 525–534.	1952	17	4	283-283	review	philosophy, language, and inductive logic	review-of-record entry reached			metadata only; full text not reached
John G. Kemeny	R. M. Martin. On ‘analytic.’ Philosophical studies, vol. 3 (1952), pp. 42–47.	1952	17	4	283-284	review	philosophy, language, and inductive logic	review-of-record entry reached			metadata only; full text not reached
Alonzo Church	A. G. N. Flew. Introduction. Essays on logic and language, edited and with an introduction by Antony Flew, Basil Blackwell, Oxford 1951, and Philosophical Library, New York 1951, pp. 1–10. - Gilbert Ryle. Systematically misleading expressions. Essays on logic and language, edited and with an introduction by Antony Flew, Basil Blackwell, Oxford 1951, and Philosophical Library, New York 1951, pp. 11–36. - Friedrich Waismann. Verifiability. Essays on logic and language, edited and with an introduction by Antony Flew, Basil Blackwell, Oxford 1951, and Philosophical Library, New York 1951, pp. 117–144. (Reprint of XII 101(2), with some modifications.)	1952	17	4	284-285	review	philosophy, language, and inductive logic	review-of-record entry reached			metadata only; full text not reached
Roderick M. Chisholm	Mary B. Hesse. Boole's philosophy of logic. Annals of science (London), vol. 8 (1952), pp. 61–81.	1952	17	4	285-285	review	philosophy, language, and inductive logic	review-of-record entry reached			metadata only; full text not reached
Norman M. Martin	R. Feys. Resultaten en mogelijkheden van de geformaliseerde logica (Results and possibilities of formalized logic). Flemish-Dutch, with French summary. Tijdschrift voor philosophie, vol. 12 (1950), pp. 227–245.	1952	17	4	285-286	review	philosophy, language, and inductive logic	review-of-record entry reached			metadata only; full text not reached
Norman M. Martin	E. W. Beth. Geschiedenis der logica (History of logic). Second, revised, edition of XI 96 (1). Servire's encyclopaedie, afdeling Logica, D 2/3. Servire, The Hague 1948, 91 pp.	1952	17	4	286-286	review	philosophy, language, and inductive logic	review-of-record entry reached			metadata only; full text not reached
Walter J. Feeney	E. W. Beth. Wijsbegeerte der wiskunde (Philosophy of mathematics). Dutch, with English Summary. Aspecten van de tijd, Een bundel wijsgerige studies, Van Gorcum & Comp., Assen 1950, pp. 181–197, 291–292.	1952	17	4	286-287	review	philosophy, language, and inductive logic	review-of-record entry reached			metadata only; full text not reached
Walter J. Feeney	E. W. Beth. De betekenis van het mathematisch grondslagenonderzoek voor het elemenlaire onderwijs in de wiskunde (The importance of mathematical foundational research for elementary instruction in mathematics). Euclides (Groningen), vol. 25 (1949–1950) pp. 294–299.	1952	17	4	287-287	review	unclassified from title metadata	review-of-record entry reached			metadata only; full text not reached
Hugo Ribeiro	E. W. Beth. La existencia de los entes matematicos. Notas y estudios de filosofía (Tucumán), vol. 2 no. 7–8 (1951), pp. 249–258.	1952	17	4	287-288	review	unclassified from title metadata	review-of-record entry reached			metadata only; full text not reached
Karl Egil Aubert	Arne Næss. En del elementære logiske emner (Some elementary logical topics). Eighth edition. Universitetets Studentkontor, Oslo 1950, 118 pp.	1952	17	4	288-288	review	general mathematical logic	review-of-record entry reached			metadata only; full text not reached
Karl Egil Aubert	Arne Næss. Inføring i logikk og metodelære (Introduction to logic and methodology). Filosofiske problemer no. 14. Second edition, mimeographed. Studentforlaget, Oslo 1951, IV + 181 pp.	1952	17	4	288-288	review	general mathematical logic	review-of-record entry reached			metadata only; full text not reached
Alonzo Church	Arne Næss. Nokre elementære logiske emne (Some elementary logical topics). 1. nynorske utg. Mimeographed. Universitetets Studentkontor, Oslo 1949, 91 pp. - E. J. E. Huffer. Logistiek en wetenschapsleer (Logistic and methodology of science). Tijdschrift voor philosophie, vol. 11 (1949), pp. 100–116. - R. Feys. Logica en wijsbegeerte van de wiskunde (Logic and philosophy of mathematics). Tijdschrift voor philosophie, vol. 13 (1951), pp. 303–314. - John Oulton Wisdom. Foundations of inference in natural science. Methuen & Co., London 1952, x + 240 pp. - Charles E. Bures. A critique of Hayakawa's ‘Language in thought and action.’ ETC.: A review of general semantics, vol. 9 no. 1 (1951), pp. 35–43. - S. I. Hayakawa. Reply to Professor Bures. ETC.: A review of general semantics, vol. 9 no. 1 (1951), pp. 43–50. - Anonymous. Inexhaustible. The New Yorker, 08 23, 1952, pp. 13–15.	1952	17	4	288-289	review	model theory and semantics	review-of-record entry reached			metadata only; full text not reached
Th. Skolem	Konrad Marc-Wogau.. Modern logik. Elementär lärobok. (Modern logic. An elementary text-book.) Ehlins Handböcker, Stockholm 1950, 211 pp. [With separate sheet of Rättelser (Corrections).]	1952	17	4	288-288	review	general mathematical logic	review-of-record entry reached			metadata only; full text not reached
Alonzo Church; E. J. E. Huffer; R. Feys	(Logistiek en wetenschapsleer) Logistic and Methodology of Science.	1952	17	4	289	review	unclassified from title metadata	review-of-record entry reached			metadata only; full text not reached
Alonzo Church; C. Kim-Bradley	Astounding Science Fiction.	1952	17	4	289	review	unclassified from title metadata	review-of-record entry reached			metadata only; full text not reached
	Related Citation	1952	17	4	289-290	citation-linkage matter	editorial/association apparatus				metadata only; full text not reached
	List of Officers and Members of the Association for Symbolic Logic	1952	17	4	291-298	association record	editorial/association apparatus				metadata only; full text not reached
M. H. Löb	Concatenation as basis for a complete system of arithmetic	1953	18	1	1-6	primary technical publication	unclassified from title metadata				metadata only; full text not reached
	JSL volume 18 issue 1 Cover and Back matter	1953	18	1	b1-b2	cover/front/back matter	editorial/association apparatus				metadata only; full text not reached
	JSL volume 18 issue 1 Cover and Front matter	1953	18	1	f1-f2	cover/front/back matter	editorial/association apparatus				metadata only; full text not reached
John Myhill	Criteria of constructibility for real numbers	1953	18	1	7-10	primary technical publication	unclassified from title metadata				metadata only; full text not reached
R. M. Martin	On truth and multiple denotation	1953	18	1	11-18	primary technical publication	unclassified from title metadata				metadata only; full text not reached
Leon Henkin	Some notes on nominalism	1953	18	1	19-29	primary technical publication	philosophy, language, and inductive logic	in-block contemporaneous review entry immediately identified			metadata only; full text not reached
William Craig	On axiomatizability within a system	1953	18	1	30-32	primary technical publication	proof theory and formal systems	in-block contemporaneous review entry immediately identified			metadata only; full text not reached
Martin Davis	Arithmetical problems and recursively enumerable predicates	1953	18	1	33-41	primary technical publication	computability, recursion, and decidability	in-block contemporaneous review entry immediately identified			metadata only; full text not reached
G. Hasenjaeger	Eine Bemerkung zu Henkin's Beweis für die Vollständigkeit des Prädikatenkalküls der ersten Stufe	1953	18	1	42-48	primary technical publication	unclassified from title metadata				metadata only; full text not reached
Hao Wang	Certain predicates defined by induction schemata	1953	18	1	49-59	primary technical publication	philosophy, language, and inductive logic				metadata only; full text not reached
John Myhill	On the interpretation of the sign ‘⊃’	1953	18	1	60-62	primary technical publication	model theory and semantics	in-block contemporaneous review entry immediately identified			metadata only; full text not reached
Alan Rose	Conditioned disjunction as a primitive connective for the erweiterter Aussagenkalkül	1953	18	1	63-65	primary technical publication	unclassified from title metadata	in-block contemporaneous review entry immediately identified			metadata only; full text not reached
Frederic B. Fitch	Alan Rose. An extension of the calculus of non-contradiction. Proceedings of the London Mathematical Society, ser. 2 vol. 54 part 3 (1952), pp. 184–200.	1953	18	1	66-67	review	proof theory and formal systems	review-of-record entry reached			metadata only; full text not reached
Alfred L. Foster	Henry Löwig. On transitive Boolean relations. Czechoslovak mathematical journal, vol. 1 (76) no. 4 (1952), pp. 199–201.	1953	18	1	67-67	review	unclassified from title metadata	review-of-record entry reached			metadata only; full text not reached
Alonzo Church; Nicholas Rescher	Thoralf Skolem. On the proofs of independence of the axioms of the classical sentential calculus. Det Kongelige Norske Videnskabers Selskab, Forhandlinger, vol. 24 (1951), pp. 20–25.	1953	18	1	67-67	review	model theory and semantics	review-of-record entry reached			metadata only; full text not reached
George W. Patterson	D. M. McCallum and J. B. Smith. Feedback logical computors. Electronic engineering, vol. 23 (1951), pp. 458–461.	1953	18	1	68-68	review	computability, recursion, and decidability	review-of-record entry reached			metadata only; full text not reached
Alonzo Church	Edmund C. Berkeley. A summary of symbolic logic and its practical applications. Manifolded, unbound. Edmund C. Berkeley and Associates, New York1951, 24 pp. [With separate sheet of Errata, 1952.] - Edmund C. Berkeley. A summary of symbolic logic and its practical applications. Second printing, mimeographed pamphlet. Edmund C. Berkeley and Associates, New York1952, 24 pp.	1953	18	1	68-68	review	general mathematical logic	review-of-record entry reached			metadata only; full text not reached
George W. Patterson	W. Mays. Mechanized reasoning. Electronic engineering, vol. 23 (1951), p. 278. - D. M. McCallum and J. B. Smith. The authors reply. Electronic engineering, vol. 23 (1951)	1953	18	1	68-69	review	unclassified from title metadata	review-of-record entry reached			metadata only; full text not reached
H. E. Vaughan	R. C. Lyndon. Identities in two-valued calculi. Transactions of the American Mathematical Society, vol. 71 (1951), pp. 457–465.	1953	18	1	69-70	review	proof theory and formal systems	review-of-record entry reached			metadata only; full text not reached
Alonzo Church	W. Mays and D. P. Henry. Exhibition of the work of W. Stanley Jevons. Nature, vol. 170 (1952), pp. 696–697.	1953	18	1	69-69	review	unclassified from title metadata	review-of-record entry reached			metadata only; full text not reached
George W. Patterson	W. Mays and D. P. Henry. Logical machines. New light on W. Stanley Jevons. The Manchester guardian, no. 32677 (07 14, 1951), B, p. 4.	1953	18	1	69-69	review	general mathematical logic	review-of-record entry reached			metadata only; full text not reached
J. Richard Büchi	Bjarni Jónsson and Alfred Tarski. Boolean algebras with operators. American journal of mathematics, vol. 73 (1951), pp. 891–939, and vol. 74 (1952), pp. 127–162.	1953	18	1	70-71	review	unclassified from title metadata	review-of-record entry reached			metadata only; full text not reached
J. Richard Büchi	Hugo Ribeiro. A remark on Boolean algebras with operators. American journal of mathematics, vol. 74 (1952), pp. 163–167.	1953	18	1	71-71	review	unclassified from title metadata	review-of-record entry reached			metadata only; full text not reached
Leon Henkin	H. Rasiowa. Algebraic treatment of the functional calculi of Heyting and Lewis. Fundamenta mathematicae, vol. 38 (for 1951, pub. 1952), pp. 99–126.	1953	18	1	72-73	review	algebraic logic	review-of-record entry reached			metadata only; full text not reached
J. Richard Büchi	Louise H. Chin and Alfred Tarski. Distributive and modular laws in the arithmetic of relation algebras. University of California publications in mathematics, n.s. vol. 1 no. 9 (1951), pp. 341–384.	1953	18	1	72-72	review	algebraic logic	review-of-record entry reached			metadata only; full text not reached
Hartley Rogers	Andrzej Grzegorczyk. Undecidability of some topological theories. Fundamenta mathematicae, vol. 38 (for 1951, pub. 1952), pp. 137–152.	1953	18	1	73-74	review	computability, recursion, and decidability	review-of-record entry reached			metadata only; full text not reached
G. Zubieta R.	Heinrich Behmann. Das Auflösungsproblem in der Klassenlogik. Archiv für mathematische Logik und Grundlagenforschung, vol. 1 no. 1 (1950), pp. 17–29, and vol. 1 no. 2 (1951), pp. 33–51; also Archiv für Philosophie, vol. 4 no. 1 (1950), pp. 97–109, and vol. 4 no. 2 (1951), pp. 193–211.	1953	18	1	74-75	review	philosophy, language, and inductive logic	review-of-record entry reached			metadata only; full text not reached
Rózsa Péter	Kurt Schütte. Eine Bemerkung über quasirekursive Funktionen. Archiv für mathematische Logik und Grundlagenforschung, Bd. 1 Heft 2 (1951), S. 63–64; zugleich Archiv für Philosophie, Bd. 4 Heft 2 (1951), S. 223–224.	1953	18	1	75-76	review	philosophy, language, and inductive logic	review-of-record entry reached			metadata only; full text not reached
Wilhelm Ackermann	Kurt Schütte. Beweistheoretische Untersuchung der verzweigten Analysis. Mathematische Annalen, Bd. 124 (1952), S. 123–147.	1953	18	1	76-76	review	unclassified from title metadata	review-of-record entry reached			metadata only; full text not reached
Arnold Schmidt	Hao Wang. Logic of many-sorted theories. The journal of symbolic logic, Bd. 17 (1952), S. 105–116.	1953	18	1	77-77	review	general mathematical logic	review-of-record entry reached			metadata only; full text not reached
William Craig	John Myhill. A derivation of number theory from ancestral theory. The journal of symbolic logic, Bd. 17 (1952), pp. 192–197.	1953	18	1	77-77	review	proof theory and formal systems	review-of-record entry reached			metadata only; full text not reached
Abner Shimony	Th. Skolem. Some remarks on the foundation of set theory. Proceedings of the International Congress of Mathematicians, Cambridge, Massachusetts, U.S.A., August 30-September 6, 1950, American Mathematical Society, Providence1952, Vol. I, pp. 695–704.	1953	18	1	77-78	review	set theory and foundations	review-of-record entry reached			metadata only; full text not reached
J. Barkley Rosser	G. Kreisel. On the interpretation of non-finitist proofs. The journal of symbolic logic, vol. 16 (1951), pp. 241–267, and vol. 17 (1952), pp. 43–58. See Erratum, ibid., vol. 17, p. iv. - G. Kreisel. Some elementary inequalities. Koninklijke Nederlandse Akademie van Wetenschappen, Proceedings, series A, vol. 55 (1952), pp. 334–338; also Indagationes mathematicae, vol. 14 (1942), pp. 334–338.	1953	18	1	78-80	review	model theory and semantics	review-of-record entry reached			partial local page image; p. 78 reached, pp. 79-80 not reached
J. C. C. McKinsey	Haskell B. Curry. Outlines of a formalist philosophy of mathematics. Studies in logic and the foundations of mathematics. North-Holland Publishing Company, Amsterdam1951, VIII + 75 pp.	1953	18	1	80-81	review	philosophy, language, and inductive logic	review-of-record entry reached			metadata only; full text not reached
Robert Feys	I. M. Bocheński. Ancient formal logic. Studies in logic and the foundations of mathematics. North-Holland Publishing Company, Amsterdam1951, VII + 1 + 122 pp.	1953	18	1	81-82	review	general mathematical logic	review-of-record entry reached			metadata only; full text not reached
Stefan Bauer-Mengelberg	Die philosophische Konferenz in Jena. Fruchtbare wissenschaftliche Diskussion über Probleme der formalen und mathematischen Logik und des dialektischen Materialismus. Neues Deutschland (Berlin), vol. 6 no. 276 (11. 28, 1951), Ausgabe A, p. 4.	1953	18	1	82-83	review	philosophy, language, and inductive logic	review-of-record entry reached			metadata only; full text not reached
Roderick M. Chisholm	Max Bense. Die Philosophie. Zwischen den Beiden Kriegen, Bd. I. Suhrkamp Verlag, Frankfurt am Main1951, 470 pp.	1953	18	1	82-82	review	philosophy, language, and inductive logic	review-of-record entry reached			metadata only; full text not reached
George L. Kline	B. M. Kédrov. Ob otnošénii logiki k marksizmu (On the relation of logic to Marxism). Voprosy filosofii, no. 4 (1951), pp. 212–227. - V. K. Astaf'év. O dvuh stupénáh v razvitii logiki (On the two stages in the development of logic). Voprosy filosofii, no. 4 (1951), pp. 227–231. - B. I. Lozovskij. O logiké formal'noj i logiké dialéktičéskoj (On formal logic and dialectical logic). Voprosy filosofii, no. 4 (1951), pp. 232–238. - V. P. Rožin. Néskol'ko zaméčanij po spornym voprosam logiki (A few remarks on controversial questions of logic). Voprosy filosofii, no. 4 (1951), pp. 238–241. - A. N. Mitrofanov. Kratkij obzor néopublikovannyh statéj po logiké (A brief survey of unpublished articles on logic). Voprosy filosofii, no. 5 (1951), pp. 153–163. - Kitogam obsuždéniá voprosov logiki (Summing up the results of the discussion on questions of logic). Voprosy filosofii, no. 6 (1951), pp. 143–149.	1953	18	1	83-86	review	general mathematical logic	review-of-record entry reached			metadata only; full text not reached
J. F. Thomson	K. S. Bakradse. Über das Verhältnis von Logik und Dialektik. German translation of XVII 124(3). Über formale Logik und Dialektik, Diskussionsbeiträge (Redaktion der Übersetzung: A. Kosing und E. Kosing), 29. Beiheft zur Sowjetwissenschaft, Verlag Kultur und Fortschritt, Berlin1952, pp. 7–26. - W. I. Tscherkessow. Über Logik und marxistische Dialektik. German translation of XVII 124(4). Über formale Logik und Dialektik, Diskussionsbeiträge (Redaktion der Übersetzung: A. Kosing und E. Kosing), 29. Beiheft zur Sowjetwissenschaft, Verlag Kultur und Fortschritt, Berlin1952, pp. 27–46. - M. S. Strogowitsch. Über den Gegenstand der formalen Logik. German translation of XVII 124(5). Über formale Logik und Dialektik, Diskussionsbeiträge (Redaktion der Übersetzung: A. Kosing und E. Kosing), 29. Beiheft zur Sowjetwissenschaft, Verlag Kultur und Fortschritt, Berlin1952, pp. 47–59. - I. I. Osmakow. Über die Logik des Denkens und die Wissenschaft der Logik. German translation of XVII 124(6). Über formale Logik und Dialektik, Diskussionsbeiträge (Redaktion der Übersetzung: A. Kosing und E. Kosing), 29. Beiheft zur Sowjetwissenschaft, Verlag Kultur und Fortschritt, Berlin1952, pp. 77–98. - W. P. Tugarinow and L. J. Maistrow. Gegen den Idealismus in der mathematischen Logik. German translation of XVII 128(1). Über formale Logik und Dialektik, Diskussionsbeiträge (Redaktion der Übersetzung: A. Kosing und E. Kosing), 29. Beiheft zur Sowjetwissenschaft, Verlag Kultur und Fortschritt, Berlin1952, pp. 99–112. - S. A. Janowskaja. Brief an die Redaktion. German translation of XVII 128(2). Über formale Logik und Dialektik, Diskussionsbeiträge (Redaktion der Übersetzung: A. Kosing und E. Kosing), 29. Beiheft zur Sowjetwissenschaft, Verlag Kultur und Fortschritt, Berlin1952, pp. 113–117. - P. S. Popow. Der Gegenstand der formalen Logik und der Dialektik. German translation of XVII 124(7). Über formale Logik und Dialektik, Diskussionsbeiträge (Redaktion der Übersetzung: A. Kosing und E. Kosing), 29. Beiheft zur Sowjetwissenschaft, Verlag Kultur und Fortschritt, Berlin1952, pp. 118–130. - N. W. Sawadskaja. Zur Diskussion über Fragen der Logik. German translation of XVII 124(8). Über formale Logik und Dialektik, Diskussionsbeiträge (Redaktion der Übersetzung: A. Kosing und E. Kosing), 29. Beiheft zur Sowjetwissenschaft, Verlag Kultur und Fortschritt, Berlin1952, pp. 131–137. - A. O. Makowelski. Was muss die Logik als Wissenschaft sein? German translation of XVII 124(9)1 Über formale Logik und Dialektik, Diskussionsbeiträge (Redaktion der Übersetzung: A. Kosing und E. Kosing), 29. Beiheft zur Sowjetwissenschaft, Verlag Kultur und Fortschritt, Berlin1952, pp. 138–142. - Dobrin Spassow. Die dialektische Logik darf man nicht ablehnen, sondern muss sie ausarbeiten. German translation of XVII 124(10). Über formale Logik und Dialektik, Diskussionsbeiträge (Redaktion der Übersetzung: A. Kosing und E. Kosing), 29. Beiheft zur Sowjetwissenschaft, Verlag Kultur und Fortschritt, Berlin1952, pp. 143–146.	1953	18	1	86-87	review	unclassified from title metadata	review-of-record entry reached			metadata only; full text not reached
G. D. W. Berry	Arthur Pap. Note on the “semantic” and the “absolute” concept of truth. Philosophical studies, vol. 3 (1952), pp. 1–8.	1953	18	1	87-87	review	model theory and semantics	review-of-record entry reached			metadata only; full text not reached
J. F. Thomson; P. F. Strawson	On Referring.	1953	18	1	87	review	unclassified from title metadata	review-of-record entry reached			metadata only; full text not reached
J. F. Thomson	P. F. Strawson. On referring. Mind, n.s. vol. 59 (1950), pp. 320–344.	1953	18	1	87-88	review	unclassified from title metadata	review-of-record entry reached			metadata only; full text not reached
J. F. Thomson	Donald Kalish. Logical form. Mind, n.s. vol. 61 (1952) pp. 57–71.	1953	18	1	88-89	review	general mathematical logic	review-of-record entry reached			metadata only; full text not reached
Alice Ambrose	Frederic B. Fitch. Actuality, possibility, and being. The review of metaphysics, vol. 3 no. 3 (1950), pp. 367–384.	1953	18	1	89-90	review	unclassified from title metadata	review-of-record entry reached			metadata only; full text not reached
J. F. Thomson	Richard Rudner. On Sinn as a combination of physical properties. Mind, n.s. vol. 61 (1952), pp. 82–84.	1953	18	1	89-89	review	unclassified from title metadata	review-of-record entry reached			metadata only; full text not reached
William Marshall	Rulon S. Wells. Frege's ontology. The review of metaphysics, vol. 4 no. 4 (1951), pp. 537–573.	1953	18	1	90-91	review	philosophy, language, and inductive logic	review-of-record entry reached			metadata only; full text not reached
William Marshall	John Myhill. Two ways of ontology in modern logic. The review of metaphysics, vol. 5 no. 4 (1952), pp. 639–655.	1953	18	1	91-92	review	philosophy, language, and inductive logic	review-of-record entry reached			metadata only; full text not reached
Alonzo Church	Translations from the philosophical writings of Gottlob Frege. Edited by Peter Geach and Max Black. Basil Blackwell, Oxford1952; Philosophical Library, New York 1952; x + 244 pp.	1953	18	1	92-93	review	philosophy, language, and inductive logic	review-of-record entry reached			metadata only; full text not reached
Alonzo Church	Gottlob Frege. Der Gedanke. Beiträge zur Philosophie des deutschen Idealismus, vol. 1 no. 2 (1918), pp. 58–77. - Gottlob Frege. Die Verneinung. Beiträge zur Philosophie des deutschen Idealismus, vol. 1 no. 3–4 (1919), pp. 143–157. - Max Black. Frege against the formalists. A translation of part of Grundgesetze der Arithmetik. Introductory note. The philosophical review, vol. 59 (1950), pp. 77–78. - Gottlob Frege. Frege against the formalists. E. Heine's and J. Thomae's theories of irrational numbers. The philosophical review, vol. 59 (1950), pp. 79–93, 202–220, 332–345. (English translation of §§86–137 of 4916.) - Gottlob Frege. On concept and object. Mind, n.s. vol. 60 (1951), pp. 168–180. (English translation of 499 by P. T. Geach, revised by Max Black.) - Daniela Gromska. L'Abbé Stanisław Kobyłecki. Studia philosophica (Poznań), vol. 3 (for 1939–46, publ. 1948), pp. 40–41. [4631-2; V 43.] - Daniela Gromska. Edward Stamm. Studia philosophica (Poznań), vol. 3 (for 1939–46, publ. 1948), pp. 43–45. [1851–12.3.] - Daniela Gromska. Stanisław Leśniewski. Studia philosophica (Poznań), vol. 3 (for 1939–46, publ. 1948), pp. 46–51. [2021-13; V 83, 84.] - Daniela Gromska. Leon Chwistek. Studia philosophica (Poznań), vol. 3 (for 1939–46, publ. 1948), pp. 51–54. [2201-15, 4911-2; II 140, 143, 168; III 93, 120; V 28, 78, 165, 166; VII 104; XI 93; XIV 55, 119.] - Daniela Gromska. Władyslaw Hetper. Studia philosophica (Poznań), vol. 3 (for 1939–46, publ. 1948), p. 54. [4911-2, 5131; II 141; III 120; IV 33, 34; V 37, 75, 76.] - Daniela Gromska. L'Abbé Jan Salamucha. Studia philosophica (Poznań), vol. 3 (for 1939–46, publ. 1948), pp. 54–57. [4211-2.1; II 94; III 44, 58, 122; X 134; XVI 149.] - Daniela Gromska. Mme Janina Lindenbaum, née Hosiasson. Studia philosophica (Poznań), vol. 3 (for 1939–46, publ. 1948), pp. 57–59. [3611; II 55, 139, 143; IV 169; VI 63; VII 40; XIII 227; XV 159.] - Daniela Gromska. Adolf Lindenbaum. Studia philosophica (Poznań), vol. 3 (for 1939–46, publ. 1948), p. 59. [3431-2, 4061-3; I 115; II 55; IV 30.] - Daniela Gromska. Zygmunt Schmierer. Studia philosophica (Poznań), vol. 3 (for 1939–46, publ. 1948), pp. 59–60. [II 92. - Daniela Gromska. Joachim Metallmann. Studia philosophica (Poznań), vol. 3 (for 1939–46, publ. 1948), pp. 79–82. [VI 168.] - Daniela Gromska. Stanisław Schayer. Studia philosophica (Poznań), vol. 3 (for 1939–46, publ. 1948), pp. 89–91. [540½1; XVI 235.]	1953	18	1	93-94	review	philosophy, language, and inductive logic	review-of-record entry reached			metadata only; full text not reached
Alonzo Church; Daniela Gromska	Studia Philosophica	1953	18	1	93	review	philosophy, language, and inductive logic	review-of-record entry reached			metadata only; full text not reached
	Related Citations	1953	18	1	94-94	citation-linkage matter	editorial/association apparatus				metadata only; full text not reached
	Colloque de logique mathématique	1953	18	1	95-96	meeting/bibliographical notice	editorial/association apparatus				metadata only; full text not reached
	Notice of a „colloque de logique à Bruxelles”	1953	18	1	96-96	meeting/bibliographical notice	editorial/association apparatus				metadata only; full text not reached
	JSL volume 18 issue 2 Cover and Back matter	1953	18	2	b1-b2	cover/front/back matter	editorial/association apparatus				metadata only; full text not reached
	JSL volume 18 issue 2 Cover and Front matter	1953	18	2	f1-f2	cover/front/back matter	editorial/association apparatus				metadata only; full text not reached
Robert Stanley	An extended procedure in quantificational logic	1953	18	2	97-104	primary technical publication	general mathematical logic				metadata only; full text not reached
A. N. Prior	On propositions neither necessary nor impossible	1953	18	2	105-108	primary technical publication	propositional, many-valued, and modal logic	in-block contemporaneous review entry immediately identified			metadata only; full text not reached
J. C. C. McKinsey	Systems of modal logic which are not unreasonable in the sense of Halldén	1953	18	2	109-113	primary technical publication	propositional, many-valued, and modal logic	in-block contemporaneous review entry immediately identified			metadata only; full text not reached
Shen Yuting	Paradox of the class of all grounded classes	1953	18	2	114-114	primary technical publication	set theory and foundations	in-block contemporaneous review entry immediately identified			page-verified complete local full text
John Myhill	Arithmetic with creative definitions by induction	1953	18	2	115-118	primary technical publication	philosophy, language, and inductive logic				metadata only; full text not reached
W. V. Quine	On ω-inconsistency and a so-called axiom of infinity	1953	18	2	119-124	primary technical publication	set theory and foundations				metadata only; full text not reached
J. Richard Büchi	Investigation of the equivalence of the axiom of choice and Zorn's lemma from the viewpoint of the hierarchy of types	1953	18	2	125-135	primary technical publication	set theory and foundations	in-block contemporaneous review entry immediately identified			metadata only; full text not reached
Robert McNaughton	Some formal relative consistency proofs	1953	18	2	136-144	primary technical publication	proof theory and formal systems				metadata only; full text not reached
J. C. Shepherdson	Inner models for set theory – Part III	1953	18	2	145-167	primary technical publication	set theory and foundations			mechanically obvious target-line exclusion from title/metadata	metadata only; full text not reached
John G. Kemeny	Rudolf Carnap. The continuum of inductive methods. The University of Chicago Press, Chicago1952, v + 92 pp.	1953	18	2	168-169	review	philosophy, language, and inductive logic	review-of-record entry reached			metadata only; full text not reached
Carl G. Hempel	Maria Kokoszyńska. What means “relativity of truth”?Stadia philosophica (Poznań), vol. 3 (for 1939–46, pub. 1948), pp. 167–176. - Maria Kokoszyńska. A refutation of the relativism of truth. Stadia philosophica (Poznań), vol. 4 (for 1949–50, pub. 1951), pp. 93–149.	1953	18	2	170-171	review	philosophy, language, and inductive logic	review-of-record entry reached			metadata only; full text not reached
Carl G. Hempel	Henryk Mehlberg. Positivisme et science. Première partie. Analyse logique du postulat de vérificabilité. Stadia philosophica (Poznań), vol. 3 (for 1939–46, pub. 1948), pp. 211–294.	1953	18	2	171-173	review	philosophy, language, and inductive logic	review-of-record entry reached			metadata only; full text not reached
Henry Hiż	Józef Iwanicki. Dedukcja naturalna i logistyczna (Natural and logistic deduction). Polskie Towarzystwo Teologiczne, Warsaw1949, XVI + 164 pp.	1953	18	2	173-174	review	proof theory and formal systems	review-of-record entry reached			metadata only; full text not reached
Alan Ross Anderson	Georg H. v. Wright. An essay in modal logic. Studies in logic and the foundations of mathematics. North-Holland Publishing Company, Amsterdam1951, VII + 90 pp.	1953	18	2	174-176	review	propositional, many-valued, and modal logic	review-of-record entry reached			metadata only; full text not reached
Alan Ross Anderson	G. H. von Wright. Interpretations of modal logic. Mind, n.s. vol. 61 (1952), pp. 165–177.	1953	18	2	176-177	review	propositional, many-valued, and modal logic	review-of-record entry reached			metadata only; full text not reached
Haskell B. Curry; William Craig	Alonzo Church. The weak theory of implication. Kontrolliertes Denken, Untersuchungen zum Logikkalkül unci zur Logik der Einzelwissenschaften, rotaprint, Kommissions-Verlag Karl Alber, Munich1951, pp. 22–37.	1953	18	2	177-178	review	unclassified from title metadata	review-of-record entry reached			metadata only; full text not reached
Max Black	Alonzo Church. Brief bibliography of formal logic. Proceedings of the American Academy of Arts and Sciences, vol. 80 no. 2 (1952), pp. 155–172.	1953	18	2	178-178	review	general mathematical logic	review-of-record entry reached			metadata only; full text not reached
A. M. Turing	Arthur W. Burks. The logic of programming electronic digital computers. Industrial mathematics (Detroit), vol. 1 (1950), pp. 36–52.	1953	18	2	179-179	review	computability, recursion, and decidability	review-of-record entry reached			metadata only; full text not reached
Václav Edvard Beneš	J. Barkley Rosser. The axiom of infinity in Quine's New foundations. The journal of symbolic logic, vol. 17 (1952), pp. 238–242.	1953	18	2	179-179	review	set theory and foundations	review-of-record entry reached			metadata only; full text not reached
Václav Edvard Beneš	Moh Shaw-Kwei. A note on the theory of quantification. The journal of symbolic logic, vol. 17 (1952), pp. 243–244.	1953	18	2	179-180	review	general mathematical logic	review-of-record entry reached			metadata only; full text not reached
Frederic B. Fitch	Nelson Goodman. New notes on simplicity. The journal of symbolic logic, vol. 17 (1952), pp. 189–191.	1953	18	2	179-179	review	general mathematical logic	review-of-record entry reached			metadata only; full text not reached
Hao Wang	G. Kreisel. Note on arithmetic models for consistent formulae of the predicate calculus. Fundamenta mathematicae, vol. 37 (for 1950, pub. 1951), pp. 265–285.	1953	18	2	180-181	review	model theory and semantics	review-of-record entry reached			metadata only; full text not reached
Andrzej Mostowski	S. C. Kleene. Recursive functions and intuitionistic mathematics. Proceedings of the International Congress of Mathematicians, Cambridge, Massachusetts, U.S.A., August 30-September 6, 1950, American Mathematical Society, Providence1952, Vol. I, pp. 679–685.	1953	18	2	181-182	review	computability, recursion, and decidability	review-of-record entry reached			metadata only; full text not reached
H. E. Vaughan	Abraham Robinson. On the application of symbolic logic to algebra. Proceedings of the International Congress of Mathematicians, Cambridge, Massachusetts, U.S.A., August 30-September 6, 1950, American Mathematical Society, Providence1952, Vol. I, pp. 686–694. - Alfred Tarski. Some notions and methods on the borderline of algebra and metamathematics. Proceedings of the International Congress of Mathematicians, Cambridge, Massachusetts, U.S.A., August 30-September 6, 1950, American Mathematical Society, Providence1952, Vol. I, pp. 705–720.	1953	18	2	182-182	review	general mathematical logic	review-of-record entry reached			metadata only; full text not reached
Alonzo Church	Davis Howes. On Mr. Korzybski's vision. American scientist, vol. 41 (1953), pp. 112–113. - Anatol Rapoport. Comments by Dr. Rapoport. American scientist, vol. 41 (1953), pp. 113–114. - Henry Hiz. Statement by Dr. Hiz.American scientist, vol. 41 (1953), p. 114. - Anatol Rapoport. Comments by Dr. Rapoport. American scientist, vol. 41 (1953), pp. 114–115. - Alden Potter. Statement by Dr. Potter. American scientist, vol. 41 (1953), pp. 115, 124. - Anatol Rapoport. Statement by Dr. Rapoport. American scientist, vol. 41 (1953), p. 124.	1953	18	2	183-183	review	unclassified from title metadata	review-of-record entry reached			metadata only; full text not reached
Alonzo Church	Einar Hille. Such stuff as dreams are made on — in mathematics. American scientist, vol. 41 (1953), pp. 106–112.	1953	18	2	183-183	review	unclassified from title metadata	review-of-record entry reached			metadata only; full text not reached
	Related Citations	1953	18	2	183-185	citation-linkage matter	editorial/association apparatus				metadata only; full text not reached
Alonzo Church	S. I. Hayakawa. Semantics. ETC.: A review of general semantics, vol. 9 no. 4 (1952), pp. 243–257. - Anatol Rapoport. What is semantics?ETC.: A review of general semantics, vol. 10 no. 1 (1952), pp. 12–24. A reprint of XVII 216. - Norman M. Martin. Review of Hayakawa's Language in thought and action. Synthese, vol. 8 (1950–1952), pp. 93–94. - Edward V. Huntington and Christine Ladd-Franklin. Logic, Symbolic. The encyclopedia Americana, 1952 edn., Americana Corporation, New York and Chicago1952, vol. 17, pp. 568–573.	1953	18	2	183-183	review	model theory and semantics	review-of-record entry reached			metadata only; full text not reached
	Institutional contributing subscribers to the Journal	1953	18	2	186-186	association record	editorial/association apparatus				metadata only; full text not reached
Hao Wang	Problems in symbolic logic	1953	18	2	186-186	problem notice	editorial/association apparatus				metadata only; full text not reached
	Abstracts of papers	1953	18	2	187-192	meeting abstracts	editorial/association apparatus				metadata only; full text not reached
Atwell R. Turquette	Fifteenth meeting of the association for symbolic logic	1953	18	2	187-187	meeting report	editorial/association apparatus				metadata only; full text not reached
	Elections	1953	18	2	192-192	association record	editorial/association apparatus				metadata only; full text not reached
	Notice of a meeting of the association for symbolic logic	1953	18	2	192-192	meeting/bibliographical notice	editorial/association apparatus				metadata only; full text not reached
	JSL volume 18 issue 3 Cover and Back matter	1953	18	3	b1-b2	cover/front/back matter	editorial/association apparatus				metadata only; full text not reached
	JSL volume 18 issue 3 Cover and Front matter	1953	18	3	f1-f2	cover/front/back matter	editorial/association apparatus				metadata only; full text not reached
W. H. Gottschalk	The theory of quaternialty	1953	18	3	193-196	primary technical publication	unclassified from title metadata				metadata only; full text not reached
Theodore Hailperin	Quantification theory and empty individual-domains	1953	18	3	197-200	primary technical publication	general mathematical logic	in-block contemporaneous review entry immediately identified			metadata only; full text not reached
Leon Henkin	Banishing the rule of substitution for functional variables	1953	18	3	201-208	primary technical publication	unclassified from title metadata	in-block contemporaneous review entry immediately identified			metadata only; full text not reached
Maurice L'Abbé	Systems of transfinite types involving λ-conversion	1953	18	3	209-224	primary technical publication	unclassified from title metadata				metadata only; full text not reached
R. L. Goodstein	A problem in recursive function theory	1953	18	3	225-232	primary technical publication	computability, recursion, and decidability				metadata only; full text not reached
Robert L. Stanley	Note on a paradox	1953	18	3	233-233	primary technical publication	proof theory and formal systems	in-block contemporaneous review entry immediately identified			page-verified complete local full text
Ruth Barcan Marcus	Strict implication, deducibility and the deduction theorem	1953	18	3	234-236	primary technical publication	propositional, many-valued, and modal logic	in-block contemporaneous review entry immediately identified			metadata only; full text not reached
Alan Rose	The M-valued calculus of non-contradiction	1953	18	3	237-241	primary technical publication	propositional, many-valued, and modal logic	in-block contemporaneous review entry immediately identified			metadata only; full text not reached
Noam Chomsky	Systems of syntactic analysis	1953	18	3	242-256	primary technical publication	unclassified from title metadata				metadata only; full text not reached
Andrzej Mostowski	A. A. Markov. Konstruktivnaá logika (A constructive logic). Uspéhi matematičéskih nauk, vol. 5 no. 3 (1950), pp. 187–188.	1953	18	3	257-257	review	general mathematical logic	review-of-record entry reached			metadata only; full text not reached
Andrzej Mostowski	N. N. Vorob'év. Konstruktivnoé isčislénié vyskazyvanij s sil'nym otricaniém (A constructive propositional calculus with strong negation). Doklady Akadémii Nauk SSSR, vol. 85 (1952), pp. 465–468.	1953	18	3	257-258	review	propositional, many-valued, and modal logic	review-of-record entry reached			metadata only; full text not reached
Andrzej Mostowski	N. N. Vorob'év. Probléma vyvodimosti v konstruktivnom isčislénii vyskazyvanij s sil'nym otricaniém (The problem of deducibility in the constructive propositional calculus with strong negation). Doklady Akadémii Nauk SSSR, vol. 85 (1952), pp. 689–692.	1953	18	3	258-258	review	propositional, many-valued, and modal logic	review-of-record entry reached			metadata only; full text not reached
John Myhill	R. L. Goodstein. Constructive formalism. Essays on the foundations of mathematics. University College, Leicester, England, 1951, 91 pp. - R. L. Goodstein. The foundations of mathematics. An inaugural lecture delivered at the University College of Leicester 13th November 1951. University College, Leicester, England, pub. 1952, 27 pp.	1953	18	3	258-260	review	unclassified from title metadata	review-of-record entry reached			metadata only; full text not reached
Kurt Schütte	Paul Lorenzen. Gleichheit und Ungleichheit in der Arithmetik. Mathematische Nachrichten, Bd. 1 (1948), S. 337–341.	1953	18	3	260-260	review	unclassified from title metadata	review-of-record entry reached			metadata only; full text not reached
Kurt Schütte	Paul Lorenzen. Konstruktive Begründung der Mathematik. Mathematische Zeitschrift, Bd. 53 Heft 2 (1950), S. 162–202.	1953	18	3	260-261	review	unclassified from title metadata	review-of-record entry reached			metadata only; full text not reached
Kurt Schütte	Paul Lorenzen. Die Widerspruchsfreiheit der klassischen Analysis. Ebd., Bd. 54 Heft 1 (1951), S. 1–24.	1953	18	3	261-262	review	unclassified from title metadata	review-of-record entry reached			metadata only; full text not reached
G. Kreisel	Erik Stenius. Das Interpretationsproblem der formalisierten Zahlentheorie und ihre formate Widerspruchsfreiheit. Acta Academiae Aboensis, vol. 18 no. 3. Åbo Akademi, Åbo1952, 102 pp. With separate sheet of Berichtigungen.	1953	18	3	262-263	review	unclassified from title metadata	review-of-record entry reached			metadata only; full text not reached
Alonzo Church	Baruch Germansky. (Problem). Riveon lematematika, vol. 6 (1952–1953), p. 79.	1953	18	3	263-263	review	unclassified from title metadata	review-of-record entry reached			metadata only; full text not reached
Raphael M. Robinson	Rózsa Péter. Probleme der Hilbertschen Theorie der höheren Stufen von rekursiven Funktionen. German with Russian abstract. Acta mathematica Academiae Scientiarum Hungaricae, vol. 2 (1951), pp. 247–274.	1953	18	3	263-264	review	unclassified from title metadata	review-of-record entry reached			metadata only; full text not reached
Alonzo Church	János Surányi. Contributions to the reduction theory of the decision problem. Second paper. Three universal, one existential quantifiers. English with Russian abstract. Acta mathematica Academiae Scientiarum Hungaricae, vol. 1 (1950), pp. 261–271.	1953	18	3	264-264	review	general mathematical logic	review-of-record entry reached			metadata only; full text not reached
Alonzo Church	Laszló Kalmár. Contributions to the reduction theory of the decision problem. Fourth paper. Reduction to the case of a finite set of individuals. English with Russian abstract. Acta mathematica Academiae Scientiarum Hungaricae, vol. 2 (1951), pp. 125–142.	1953	18	3	264-265	review	unclassified from title metadata	review-of-record entry reached			metadata only; full text not reached
Alonzo Church	László Kalmár. Contributions to the reduction theory of the decision problem. Third paper. Prefix (x1)(Ex2) … (Exn−2)(xn−1)(xn), a single binary predicate. English with Russian abstract. Acta mathematica Academiae Scientiarum Hungaricae, vol. 2(1951), pp. 19–38.	1953	18	3	264-264	review	general mathematical logic	review-of-record entry reached			metadata only; full text not reached
Robert McNaughton	Hao Wang. The irreducibility of impredicative principles. Mathematische Annalen, vol. 125 no. 1 (1952), pp. 56–66.	1953	18	3	265-266	review	unclassified from title metadata	review-of-record entry reached			metadata only; full text not reached
Alonzo Church	Janos Surányi. Contributions to the reduction theory of the decision problem. Fifth paper. Ackermann prefix with three universal quantifiers. English with Russian abstract. Acta mathematica Academiae Scientiarum Hungaricae, vol. 2 (1951), pp. 325–335.	1953	18	3	265-265	review	general mathematical logic	review-of-record entry reached			metadata only; full text not reached
Paul Bernays	Haskell B. Curry. The system LD. The journal of symbolic logic, vol. 17 (1952), pp. 35–42. - Haskell B. Curry. On the definition of negation by a fixed proposition in inferential calculus. The journal of symbolic logic, vol. 17 (1952), pp. 98–104.	1953	18	3	266-268	review	proof theory and formal systems	review-of-record entry reached			metadata only; full text not reached
Nicholas Rescher	Jan Kalicki. A test for the equality of truth-tables. The journal of symbolic logic, vol. 17 (1952), pp. 161–163.	1953	18	3	268-269	review	propositional, many-valued, and modal logic	review-of-record entry reached			metadata only; full text not reached
Julia Robinson	Alonzo Church and W. V. Quine. Some theorems on definability and decidability. The journal of symbolic logic, vol. 17 (1952), pp. 179–187.	1953	18	3	269-269	review	computability, recursion, and decidability	review-of-record entry reached			metadata only; full text not reached
G. D. W. Berry	P. Masani. What is a function?Mathematics student, vol. 19 no. 3–4 (for 1951, pub. 1952), pp. 81–101.	1953	18	3	269-270	review	unclassified from title metadata	review-of-record entry reached			metadata only; full text not reached
Julia Robinson	William Craig and W. V. Quine. On reduction to a symmetric relation. The journal of symbolic logic, vol. 17 (1952), p. 188.	1953	18	3	269-269	review	general mathematical logic	review-of-record entry reached			metadata only; full text not reached
Charles A. Baylis	G. T. Kneebone. Mathematical formalisms and their realizations. Philosophy, vol. 27 (1952), pp. 138–147.	1953	18	3	270-270	review	philosophy, language, and inductive logic	review-of-record entry reached			metadata only; full text not reached
A. R. Turquette	Haskell B. Curry. Language, metalanguage, and formal system. The philosophical review, vol. 59 (1950), pp. 346–353.	1953	18	3	270-270	review	proof theory and formal systems	review-of-record entry reached			metadata only; full text not reached
George L. Kline	A. D. Aléksandrov. Léninskaá dialéktika i matématika (Leninist dialectic and mathematics). Priroda (Leningrad), no. 1 (1951), pp. 5–15. - A. D. Aléksandrov. Ob idéalizmé v matématiké (On idealism in mathematics). Priroda, no. 7 (1951), pp. 3–11, and no. 8 (1951), pp. 3–9.	1953	18	3	271-272	review	unclassified from title metadata	review-of-record entry reached			metadata only; full text not reached
John G. Kemeny	Henry Margenau. The nature of physical reality. A philosophy of modern physics. McGraw-Hill Book Company, New York - Toronto - London1950, xiii + 479 pp.	1953	18	3	271-271	review	philosophy, language, and inductive logic	review-of-record entry reached			metadata only; full text not reached
Alonzo Church	Alexander Philipov. Logic and dialectic in the Soviet Union. With a foreword by Ernest Nagel. Studies on the U.S.S.R. No. 1. Lithoprinted. Research Program on the U.S.S.R. (East European Fund, Inc.), New York1952, xi + 89 pp.	1953	18	3	272-273	review	general mathematical logic	review-of-record entry reached			metadata only; full text not reached
Roderick M. Chisholm	Bruno von Freytag Löringhoff. Über das System der Modi des Syllogismus. Zeitschrift für philosophische Forschung, vol. 4 (1949–1950), pp. 235–256.	1953	18	3	273-273	review	philosophy, language, and inductive logic	review-of-record entry reached			metadata only; full text not reached
Roderick M. Chisholm	Gustav Lebzeltern. Die vier “ungültigen” Modi: Darapti, Felapton, Bamalip, Fesapo. Zeitschrift für philosophische Forschung, vol. 5(1950–1951), pp. 220–233.	1953	18	3	273-273	review	philosophy, language, and inductive logic	review-of-record entry reached			metadata only; full text not reached
Christopher Blake	P. F. Strawson. Introduction to logical theory. Methuen & Co., London1952; John Wiley & Sons, New York 1952; x + 266 pp.	1953	18	3	273-276	review	general mathematical logic	review-of-record entry reached			metadata only; full text not reached
Roderick M. Chisholm	Ulrich Klug. Zur Lehre von den Kontrapositionsschlüssen. Zeitschrift für philosophische Forschung, vol. 3 (1948–1949), pp. 1–27.	1953	18	3	273-273	review	philosophy, language, and inductive logic	review-of-record entry reached			metadata only; full text not reached
Maurice L'Abbé	Joseph Dopp. Leçons de logique formelle. Première partie. Logique aticienne. La logique desjugements prédicatifs. Éditions de l'lnstitut Supérieur de Philosophie, Louvain1949, XI + 166 pp. - Joseph Dopp. Leçons de logique formelle. Deuxième partie. Logique moderne I. Le calcul des propositions inanalysées. Éditions de l'lnstitut Supérieur de Philosophie, Louvain1950, XI + 216 pp. - Joseph Dopp. Leçons de logique formelle. Troisième partie. Logique moderne II. Logique des propositions à une ou plusieurs mentions d'objets. Éditions de l'lnstitut Supérieur de Philosophie, Louvain1950, XVI + 274 pp. [Therein: Addenda et corrigenda to the first and second parts, pp. 272–274.] - Joseph Dopp. Table des formules. Leçons de logique formelle, II et III, Annexe. Éditions de l'lnstitut Supérieur de Philosophie, Louvain, 15 pp.	1953	18	3	276-277	review	philosophy, language, and inductive logic	review-of-record entry reached			metadata only; full text not reached
Martin Davis	Paul C. Rosenbloom. The elements of mathematical logic. Dover Publications, Inc., New York, 1951, 6 + iv + 214 pp.	1953	18	3	277-280	review	general mathematical logic	review-of-record entry reached			metadata only; full text not reached
Raymond J. Nelson	W. V. Quine. The problem of simplifying truth functions. The American mathematical monthly, vol. 59 (1952), pp. 521–531. (Offprint 1952, on sale by the Mathematical Association of America.)	1953	18	3	280-282	review	unclassified from title metadata	review-of-record entry reached			metadata only; full text not reached
Alonzo Church	Alan Rose. Self-dual primitives for modal logic. Mathematische Annalen, vol. 125 (1952–1953), pp. 284–286.	1953	18	3	282-283	review	propositional, many-valued, and modal logic	review-of-record entry reached			metadata only; full text not reached
Nicholas Rescher	J. D. Swift. Algebraic properties of n-valued propositional calculi. American mathematical monthly, vol. 59 (1952), pp. 612–621.	1953	18	3	282-282	review	propositional, many-valued, and modal logic	review-of-record entry reached			metadata only; full text not reached
A. R. Turquette	T. J. Fletcher. The solution of inferential problems by Boole algebra. The mathematical gazette, vol. 36 (1952), pp. 183–188.	1953	18	3	282-282	review	proof theory and formal systems	review-of-record entry reached			metadata only; full text not reached
Gene F. Rose	Bolesław Sobociński. Axiomatization of a partial system of three-value calculus of propositions. The journal of computing systems (St. Paul), vol. 1 no. 1 (1952), pp. 23–55.	1953	18	3	283-283	review	computability, recursion, and decidability	review-of-record entry reached			metadata only; full text not reached
Nelson M. Blachman; William W. Boone	John D. Goodell. Decision elements. Radio-electronic engineering (New York), 071952, pp. 3–5. (Periodical published both separately and as a section of Radio & television news, Radio-electronic engineering edition, vol. 48 no. 1, July 1952.) - John D. Goodell. The foundations of computing machinery. The journal of computing systems, vol. 1 no. 1 (1952), pp. 1–13. - Tenny Lode. The realization of a universal decision element. The journal of computing systems, vol. 1 no. 1 (1952), pp. 14–22.	1953	18	3	283-284	review	computability, recursion, and decidability	review-of-record entry reached			metadata only; full text not reached
Alonzo Church	Bolesław Sobociński. On a universal decision element. The journal of computing systems, vol. 1 no. 2 (1953), pp. 71–80.	1953	18	3	284-285	review	computability, recursion, and decidability	review-of-record entry reached			metadata only; full text not reached
Nicholas Rescher	Michael J. Norris. Cofinally concentrated directed systems. The journal of computing systems, vol. 1 no. 2 (1953), pp. 81–85. - Yataro Matusima. On some problems of Birkhoff. Proceedings of the Japan Academy, vol. 28 (1952), pp. 19–24.	1953	18	3	285-285	review	computability, recursion, and decidability	review-of-record entry reached			metadata only; full text not reached
	Related Citations	1953	18	3	285-288	citation-linkage matter	editorial/association apparatus				metadata only; full text not reached
	JSL volume 18 issue 4 Cover and Back matter	1953	18	4	b1-b4	cover/front/back matter	editorial/association apparatus				metadata only; full text not reached
	JSL volume 18 issue 4 Cover and Front matter and Errata	1953	18	4	f1-f8	cover/front/back matter	editorial/association apparatus				metadata only; full text not reached
John G. Kemeny	A logical measure function	1953	18	4	289-308	primary technical publication	general mathematical logic	in-block contemporaneous review entry immediately identified	technical-depth potentially sufficient		page-verified complete local full text
Leo Simons	New axiomatizations of S3 and S4	1953	18	4	309-316	primary technical publication	propositional, many-valued, and modal logic	in-block contemporaneous review entry immediately identified			metadata only; full text not reached
Frederic B. Fitch	A simplification of basic logic	1953	18	4	317-325	primary technical publication	general mathematical logic	in-block contemporaneous review entry immediately identified			metadata only; full text not reached
Haskell B. Curry; William Craig	Alonzo Church. The weak theory of implication. Kontrolliertes Denken, Untersuchungen zum Logikkalkiil unci zur Logik der Einzelwissenschaften, rotaprint, Kommissions-Verlag Karl Alber, Munich1951, pp. 22–37.	1953	18	4	326-326	review	unclassified from title metadata	review-of-record entry reached			metadata only; full text not reached
A. Robinson	J. Barkley Rosser. Logic for mathematicians. McGraw-Hill Book New York–Toronto–London1953, xiv + 530 pp.	1953	18	4	326-327	review	general mathematical logic	review-of-record entry reached			metadata only; full text not reached
Alonzo Church	H. Poincaré. Science and hypothesis. With an Introduction by J. Larmor. Dover Publications, New York1952, xxvii + 244 pp. - Henri Poincaré. Science and method. Dover Publications, New York1952, 288 pp.	1953	18	4	327-327	review	unclassified from title metadata	review-of-record entry reached			metadata only; full text not reached
William T. Parry	Oskar Becker. Untersuchungen über den Modalkalkül. Westkulturverlag Anton Hain, Meisenheim am Glan1952, 87 pp.	1953	18	4	327-329	review	propositional, many-valued, and modal logic	review-of-record entry reached			metadata only; full text not reached
A. R. Turquette	Eberhard Fels. Ordnungsrelationen in einer subjektiven Werttheorie. Kontrolliertes Denken, Untersuchungen zum Logikkalkül und zur Logik der Einzelwissenschaften (Festschrift für Wilhelm Britzelmayr), edited by Albert Menne, Alexander Wilhelmy, and Helmut Angstl, rotaprint, Kommissions-Verlag Karl Alber, Munich1951, pp. 38–50.	1953	18	4	329-330	review	unclassified from title metadata	review-of-record entry reached			metadata only; full text not reached
A. R. Turquette	Helmut Angstl. Über Gleichungen im Aussagenkalkül. Kontrolliertes Denken, Untersuchungen zum Logikkalkül und zur Logik der Einzelwissenschaften (Festschrift für Wilhelm Britzelmayr), edited by Albert Menne, Alexander Wilhelmy, and Helmut Angstl, rotaprint, Kommissions-Verlag Karl Alber, Munich1951, pp. 8–9.	1953	18	4	329-329	review	unclassified from title metadata	review-of-record entry reached			metadata only; full text not reached
A. R. Turquette	Oskar Anderson. Zur Axiomatik der Wahrscheinlichkeitslehre. Kontrolliertes Denken, Untersuchungen zum Logikkalkül und zur Logik der Einzelwissenschaften (Festschrift für Wilhelm Britzelmayr), edited by Albert Menne, Alexander Wilhelmy, and Helmut Angstl, rotaprint, Kommissions-Verlag Karl Alber, Munich1951, pp. 4–7.	1953	18	4	329-329	review	proof theory and formal systems	review-of-record entry reached			metadata only; full text not reached
A. R. Turquette	Walter Brugger. Die Übermodalität der Notwendigkeit in logischer Betrachtung. Kontrolliertes Denken, Untersuchungen zum Logikkalkül und zur Logik der Einzelwissenschaften (Festschrift für Wilhelm Britzelmayr), edited by Albert Menne, Alexander Wilhelmy, and Helmut Angstl, rotaprint, Kommissions-Verlag Karl Alber, Munich1951, pp. 18–21.	1953	18	4	329-329	review	unclassified from title metadata	review-of-record entry reached			metadata only; full text not reached
A. R. Turquette	Albert Menne. Zur Stufenkoppelung monadischer bivalenter Funktoren. Kontrolliertes Denken, Untersuchungen zum Logikkalkül und zur Logik der Einzelwissenschaften (Festschrift für Wilhelm Britzelmayr), edited by Albert Menne, Alexander Wilhelmy, and Helmut Angstl, rotaprint, Kommissions-Verlag Karl Alber, Munich1951, pp. 92–102.	1953	18	4	330-330	review	unclassified from title metadata	review-of-record entry reached			metadata only; full text not reached
A. R. Turquette	Alexander Wilhelmy. Traditionelle Logik und positiver Aussagenkalkül. Kontrolliertes Denken, Untersuchungen zum Logikkalkül und zur Logik der Einzelwissenschaften (Festschrift für Wilhelm Britzelmayr), edited by Albert Menne, Alexander Wilhelmy, and Helmut Angstl, rotaprint, Kommissions-Verlag Karl Alber, Munich1951, pp. 114–119.	1953	18	4	330-331	review	unclassified from title metadata	review-of-record entry reached			metadata only; full text not reached
A. R. Turquette	Erwin Koschmieder. Aus den Beziehungen von Sprache und Logik, Kontrolliertes Denken, Untersuchungen zum Logikkalkül und zur Logik der Einzelwissenschaften (Festschrift für Wilhelm Britzelmayr), edited by Albert Menne, Alexander Wilhelmy, and Helmut Angstl, rotaprint, Kommissions-Verlag Karl Alber, Munich1951, pp. 79–91.	1953	18	4	330-330	review	unclassified from title metadata	review-of-record entry reached			metadata only; full text not reached
A. R. Turquette	Gerhard Stammler. Zur philosophischen Neugestaltung der logischen Urteilslehre. Kontrolliertes Denken, Untersuchungen zum Logikkalkül und zur Logik der Einzelwissenschaften (Festschrift für Wilhelm Britzelmayr), edited by Albert Menne, Alexander Wilhelmy, and Helmut Angstl, rotaprint, Kommissions-Verlag Karl Alber, Munich1951, pp. 103–113.	1953	18	4	330-330	review	philosophy, language, and inductive logic	review-of-record entry reached			metadata only; full text not reached
A. R. Turquette	Hasso Härlen. Elementares über 2-wertige Funktionen von 2-wertigen Variabeln. Kontrolliertes Denken, Untersuchungen zum Logikkalkül und zur Logik der Einzelwissenschaften (Festschrift für Wilhelm Britzelmayr), edited by Albert Menne, Alexander Wilhelmy, and Helmut Angstl, rotaprint, Kommissions-Verlag Karl Alber, Munich1951, pp. 51–55.	1953	18	4	330-330	review	unclassified from title metadata	review-of-record entry reached			metadata only; full text not reached
A. N. Prior	Boleslaw Sobociński. L'analyse de l'antinomie russellienne par Leśniewski. Methodos, vol. 1 (1949), pp. 94–107, 220–228, 308–316, and vol. 2 (1950), pp. 237–257.	1953	18	4	331-333	review	unclassified from title metadata	review-of-record entry reached			metadata only; full text not reached
A. N. Prior	I. M. Bocheński. Non-analytical laws and rules in Aristotle. Methodos, vol. 3 (1951), pp. 70–80.	1953	18	4	333-334	review	unclassified from title metadata	review-of-record entry reached			metadata only; full text not reached
Joseph T. Clark; Johannes Bendiek	Die Lehre von den Konsequenzen bei Pseudo-Scotus.	1953	18	4	334	review	unclassified from title metadata	review-of-record entry reached			metadata only; full text not reached
Joseph T. Clark	Philotheus Boehner. Does Ockham know of material implication?. Franciscan Studies, vol. 11 (1951), pp. 203–230.	1953	18	4	334-335	review	unclassified from title metadata	review-of-record entry reached			metadata only; full text not reached
Johannes Bendiek	Philotheus Boehner. Medieval logic. An outline of its development from 1250 to c. 1400. The University of Chicago Press, Chicago1952, xvii + 130 S.	1953	18	4	335-335	review	general mathematical logic	review-of-record entry reached			metadata only; full text not reached
Heinrich Scholz	Eberhard Rogge. Axiomatik alles möglichen Philosophierens. Das grundsätzliche Sprechen der Logistik, der Sprachkritik und der Lebens-Metaphysik. Westkulturverlag Anton Hain, Meisenheim am Glan 1950, XV und 240 S.	1953	18	4	336-336	review	proof theory and formal systems	review-of-record entry reached			metadata only; full text not reached
Christopher Blake	Henry Babcock Veatch. Intentional logic. A logic based on philosophical realism. Yale University Press, New Haven1952, xxi + 440 pp.	1953	18	4	336-337	review	philosophy, language, and inductive logic	review-of-record entry reached			metadata only; full text not reached
Roderick M. Chisholm	Béla von Juhos. Die Anwendung der logistischen Analyse auf philosophische Probleme. Methodos, vol. 3. no. 10 (1951), pp. 81–100. - Giuseppe Vaccarino. Discussione. Methodos, vol. 3. no. 10 (1951), pp. 101–104. - B. v. Juhos. Erwiderung an Herrn Giuseppe Vaccarino. Methodos, vol. 3. no. 10 (1951), pp. 104–105. - Béla von Juhos. The application of logistic analysis to philosophical problems. English translation by Ernst v. Glasersfeld. Methodos, vol. 3. no. 10 (1951), pp. 106–117. - Giuseppe Vaccarino. Discussion. English translation. Methodos, vol. 3. no. 10 (1951), pp. 117–120. - B. v. Juhos. Answer to Mr. Vaccarino. English translation. Methodos, vol. 3. no. 10 (1951), pp. 120–122.	1953	18	4	337-338	review	philosophy, language, and inductive logic	review-of-record entry reached			metadata only; full text not reached
Charles A. Baylis	A. C. Lloyd. Mr. Anderson on subjunctive and counterfactual conditionals. Analysis (Oxford), vol. 12 (1951–1952), pp. 113–115.	1953	18	4	338-339	review	unclassified from title metadata	review-of-record entry reached			metadata only; full text not reached
Charles A. Baylis	A. C. Lloyd. On arguments for real universals. Analysis (Oxford), vol. 11 (1950–1951), pp. 102–107.	1953	18	4	338-338	review	unclassified from title metadata	review-of-record entry reached			metadata only; full text not reached
Charles A. Baylis	Alan Ross Anderson, A note on subjunctive and counter factual conditionals. Analysis (Oxford), vol. 12 (1951–1952), pp. 35–38.	1953	18	4	338-338	review	unclassified from title metadata	review-of-record entry reached			metadata only; full text not reached
Roderick M. Chisholm	Béla von Juhos. Die Erkenntnisanalytische Methode. Zeitschrift für philosophische Forschung, vol. 6 (1951–1952), pp. 42–53.	1953	18	4	338-338	review	philosophy, language, and inductive logic	review-of-record entry reached			metadata only; full text not reached
Leon Henkin	Burton Dreben. On the completeness of quantification theory. Proceedings of the National Academy of Sciences of the United States of America, vol. 38 (1952), pp. 1047–1052.	1953	18	4	339-339	review	model theory and semantics	review-of-record entry reached			metadata only; full text not reached
Solomon Feferman; Alfred Tarski	H. Rasiowa and R. Sikorski. A proof of the Skolem-Löwenheim theorem. Fundamenta mathematicae, vol. 38 (for 1951, pub. 1952), pp. 230–232.	1953	18	4	339-340	review	model theory and semantics	review-of-record entry reached			metadata only; full text not reached
Carl G. Hempel	Jürgen V. Kempski. Zur Logik der Ordnungsbegriffe, besonders in den Sozialwissenschaften. Stadium generate (Heidelberg and Berlin), vol. 5 (1952), pp. 205–218.	1953	18	4	339-339	review	unclassified from title metadata	review-of-record entry reached			metadata only; full text not reached
Jan Kalicki	Tadeusz Czeżowski. Uwagi o klasycznej definicji prawdy (Remarks on the classical definition of truth). Ksiega pamiạtkowa 75-lecia Towarzystwa Naukowego w Toruniu, Toruń1952, pp. 35–41.	1953	18	4	339-339	review	unclassified from title metadata	review-of-record entry reached			metadata only; full text not reached
Andrzej Mostowski	A. A. Markov. Téoriá algorifmov (The theory of algorithms). Trudy Matématičéskogo Institute iméni V. A. Stéklova, vol. 38 (1951), pp. 176–189.	1953	18	4	340-341	review	computability, recursion, and decidability	review-of-record entry reached			metadata only; full text not reached
Andrzej Mostowski	A. A. Markov. O nérazréšmyh algorifmičéskih problémah (On unsolvable algorithmic problems). Matématičéskij sbornik, n.s. vol. 31 (1952), pp. 34–42.	1953	18	4	341-341	review	computability, recursion, and decidability	review-of-record entry reached			metadata only; full text not reached
John Myhill	Martin Davis. Arithmetical problems and recursively enumerable predicates. The journal of symbolic logic, vol. 18 (1953), pp. 33–41.	1953	18	4	341-342	review	computability, recursion, and decidability	review-of-record entry reached			metadata only; full text not reached
J. Barkley Rosser	J. C. Shepherdson. Inner models for set theory. The journal of symbolic logic, vol. 16 (1951), pp. 161–190, vol. 17 (1952), pp. 225–237, and vol. 18 (1953), pp. 145–167.	1953	18	4	342-343	review	set theory and foundations	review-of-record entry reached		mechanically obvious target-line exclusion from title/metadata	metadata only; full text not reached
Alonzo Church	Alan Rose. Sur un ensemble de fonctions primitives pour le calcul des prédicats du premier ordre lequel constitue son propre dual. Comptes rendus hebdomadaires des séances de l'Académie des Sciences (Paris), vol. 234 (1952), pp. 1830–1831.	1953	18	4	343-344	review	unclassified from title metadata	review-of-record entry reached			metadata only; full text not reached
Th. Skolem	Andrzej Mostowski Correction to the paper “Some impredicative definitions in the axiomatic set-theory.”Fundamenta mathematicae, vol. 38 (for 1951, pub. 1952), p. 238.	1953	18	4	343-343	review	set theory and foundations	review-of-record entry reached			metadata only; full text not reached
Nicholas Rescher	Alan Rose. An axiom system for three-valued logic. Methodos, vol. 3 (1951), pp. 233–239.	1953	18	4	344-344	review	proof theory and formal systems	review-of-record entry reached			metadata only; full text not reached
Nicholas Rescher	Alan Rose. Conditioned disjunction as a primitive connective for the erweiterter Aussagenkalkül. The journal of symbolic logic, vol. 18 (1953), pp. 63–65.	1953	18	4	344-344	review	general mathematical logic	review-of-record entry reached			metadata only; full text not reached
Norman M. Martin	Alan Rose. Some generalized Sheffer functions. Proceedings of the Cambridge Philosophical Society, vol. 48 (1952), pp. 369–373.	1953	18	4	344-345	review	philosophy, language, and inductive logic	review-of-record entry reached			metadata only; full text not reached
H. Hiż	A. Korcik. Geneza pomyslu Sheffera dotyczącego redukcji pięciu stalycḣ logicznych do pewnej stałej różnej od nich (Genesis of the idea of Sheffer concerning the reduction of five logical constants to a constant different from them). Roczniki filozqficzne (Lublin), vol. 2–3 (for 1949–50, pub. 1951), pp. 423–428.	1953	18	4	345-345	review	general mathematical logic	review-of-record entry reached			metadata only; full text not reached
Andrzej Mostowski	Stanisław Jaśkowski. O konjunkcji dyskusyjnej w rachunku zdań dla systemów dedukcyjnych sprzecznych (Sur la conjonction discursive dans le calcul des propositions pour les systèmes contradictoires). Polish with French summary. Studia Societatis Scientiarutn Torunensis, Sectio A, vol. 1 no. 8 (1949), pp. 171–172.	1953	18	4	345-345	review	unclassified from title metadata	review-of-record entry reached			metadata only; full text not reached
Alonzo Church	Theodore A. Kalin. Formal logic and switching circuits. Proceedings of the Association for Computing Machinery, Jointly sponsored by the Association for Computing Machinery and the Mellon Institute, Pittsburgh, Pa., May 2 and 3, 1952, photo-offset, Richard Rimbach Associates, Pittsburgh1952, pp. 251–257.	1953	18	4	345-346	review	computability, recursion, and decidability	review-of-record entry reached			metadata only; full text not reached
Alonzo Church	Akira Nakasima and Masao Hanzawa. The theory of equivalent transformation of simple partial paths in the relay circuit. Nippon electrical communication engineering (Tokyo), no. 9 (021938), pp. 32–39. - Akira Nakasima. The theory of four-terminal passive networks in relay circuit. Nippon electrical communication engineering (Tokyo), no. 10 (041938), pp. 178–179. - Akira Nakasima. Algebraic expressions relative to simple partial paths in the relay circuit. Nippon electrical communication engineering (Tokyo), no. 12 (091938), pp. 310–314. - Akira Nakasima. The theory of two-point impedance of passive networks in the relay circuit. Nippon electrical communication engineering (Tokyo), no. 13 (111938), pp. 405–412. - Akira Nakasima. The transfer impedance of four-terminal passive networks in the relay circuit. Nippon electrical communication engineering (Tokyo), no. 14 (121938), pp. 459–466. - Akira Nakasima and Masao Hanzawa. Expansion theorem and design of two-terminal relay networks (Part I). Nippon electrical communication engineering (Tokyo), no. 24 (041941), pp. 203–210.	1953	18	4	346-346	review	algebraic logic	review-of-record entry reached			metadata only; full text not reached
Alonzo Church	Douglas R. Hartree. Calculating instruments and machines. The University of Illinois Press, Urbana1949, ix + 138 pp.	1953	18	4	347-347	review	unclassified from title metadata	review-of-record entry reached			metadata only; full text not reached
Alonzo Church	Howard H. Aiken, William Burkhart, Theodore Kalin, Peter F. Strong, and others (Staff of the Computation Laboratory of Harvard University). Synthesis of electronic computing and control circuits. The annals of the Computation Laboratory of Harvard University, vol. 27. Lithographed. Harvard University Press, Cambridge, Mass., 1951. Second printing, revised, 1952, ix + 278 pp.	1953	18	4	347-347	review	computability, recursion, and decidability	review-of-record entry reached			metadata only; full text not reached
Alonzo Church; William Keister; Alistair E. Ritchie; Seth H. Washburn; John Meszar	The Design of Switching Circuits.	1953	18	4	347	review	unclassified from title metadata	review-of-record entry reached			metadata only; full text not reached
Alonzo Church	William Keister, Alistair E. Ritchie, and Seth H. Washburn. The design of switching circuits. With a Foreword by John Meszar. The Bell Telephone Laboratories series. Lithographed. D. van Nostrand Company, New York and Toronto1951. Third printing 1953, xviii + 556 pp.	1953	18	4	347-348	review	unclassified from title metadata	review-of-record entry reached			metadata only; full text not reached
Nelson M. Blachman	John D. Goodell. The foundations of computing machinery. Part II. The journal of computing systems (St. Paul), vol. 1 no. 2 (1953), pp. 86–110.	1953	18	4	348-349	review	computability, recursion, and decidability	review-of-record entry reached			metadata only; full text not reached
George W. Patterson	Robert E. Staehler. An application of Boolean algebra to switching circuit design. The Bell System technical journal, vol. 31 (1952), pp. 280–305.	1953	18	4	348-348	review	algebraic logic	review-of-record entry reached			metadata only; full text not reached
Raymond J. Nelson	W. H. Burkhart. Theorem minimization. Proceedings of the Association for Computing Machinery, Jointly sponsored by the Association for Computing Machinery and the Mellon Institute, Pittsburgh, Pa., May 2 and 3, 1952, photo-offset, Richard Rimbach Associates, Pittsburgh1952, pp. 259–263.	1953	18	4	348-348	review	computability, recursion, and decidability	review-of-record entry reached			metadata only; full text not reached
Paul Bernays	Problems	1953	18	4	350-350	problem notice	editorial/association apparatus				metadata only; full text not reached
	List of officers and members of the Association for Symbolic Logic	1953	18	4	351-359	association record	editorial/association apparatus				metadata only; full text not reached
	Index of reviews	1953	18	4	360-376	review index	editorial/association apparatus				metadata only; full text not reached
	Errata	1953	18	4		errata	editorial/association apparatus				metadata only; full text not reached
	JSL volume 19 issue 1 Cover and Back matter	1954	19	1	b1-b2	cover/front/back matter	editorial/association apparatus				metadata only; full text not reached
	JSL volume 19 issue 1 Cover and Front matter	1954	19	1	f1-f2	cover/front/back matter	editorial/association apparatus				metadata only; full text not reached
Nicholas Rescher	Leibniz's interpretation of his logical calculi	1954	19	1	1-13	primary technical publication	model theory and semantics				metadata only; full text not reached
Theodore Hailperin	Remarks on identity and description in first-order axiom systems	1954	19	1	14-20	primary technical publication	proof theory and formal systems	in-block contemporaneous review entry immediately identified			metadata only; full text not reached
Joseph R. Shoenfield	A relative consistency proof	1954	19	1	21-28	primary technical publication	proof theory and formal systems				metadata only; full text not reached
Frederic B. Fitch	A definition of negation in extended basic logic	1954	19	1	29-36	primary technical publication	general mathematical logic	in-block contemporaneous review entry immediately identified			metadata only; full text not reached
Moh Shaw-Kwei	Logical paradoxes for many-valued systems	1954	19	1	37-40	primary technical publication	propositional, many-valued, and modal logic				metadata only; full text not reached
N. J. Fine	Proof of a conjecture of Goodman	1954	19	1	41-44	primary technical publication	proof theory and formal systems				metadata only; full text not reached
Norman M. Martin	The Sheffer functions of 3-valued logic	1954	19	1	45-51	primary technical publication	general mathematical logic				metadata only; full text not reached
J. C. C. McKinsey; Patrick Suppes	Paulette Destouches-Février. La structure des théories physiques. With a preface by Louis de Broglie. Presses Universitaires de France, Paris1951, XI + 423 pp.	1954	19	1	52-55	review	unclassified from title metadata	review-of-record entry reached			metadata only; full text not reached
J. C. C. McKinsey	P. Destouches-Février. La structure ouverte des théories quantiques. Revue philosophique de la France et de l'Étranger, vol. 142 (1952), pp. 369–391.	1954	19	1	55-56	review	philosophy, language, and inductive logic	review-of-record entry reached			metadata only; full text not reached
J. C. C. McKinsey	Paulette Destouches-Février. Logique et théories physiques. Congrès International de Philosophie des Sciences, Paris, 1949, II Logique, Actualités scientifiques et industrielles 1134, Hermann & Cie, Paris1951, pp. 45–54.	1954	19	1	55-55	review	philosophy, language, and inductive logic	review-of-record entry reached			metadata only; full text not reached
Gene F. Rose	Alan Rose. Le degré de saturation du calcul propositionnel implicatif à trois valeurs de Sobociński. Comptes rendus hebdomadaires des séances de l'Académie des Sciences (Paris), vol. 235 (1952), pp. 1000–1002.	1954	19	1	56-56	review	unclassified from title metadata	review-of-record entry reached			metadata only; full text not reached
Raymond J. Nelson	E. W. Veitch. A chart method for simplifying truth functions. Proceedings of the Association for Computing Machinery, Jointly sponsored by the Association for Computing Machinery and the Mellon Institute, Pittsburgh, Pa., May 2 and 3, 1952, photo-offset, Richard Rimbach Associates, Pittsburgh1952, pp. 127–133.	1954	19	1	56-56	review	computability, recursion, and decidability	review-of-record entry reached			metadata only; full text not reached
Raymond J. Nelson	Theodore Singer. The theory of counting techniques. Proceedings of the Association for Computing Machinery, Jointly sponsored by the Association for Computing Machinery and the Mellon Institute, Pittsburgh, Pa., May 2 and 3, 1952, photo-offset, Richard Rimbach Associates, Pittsburgh1952, pp. 287–291. - Robert L. Ashenhurst. The application of counting techniques. Proceedings of the Association for Computing Machinery, Jointly sponsored by the Association for Computing Machinery and the Mellon Institute, Pittsburgh, Pa., May 2 and 3, 1952, photo-offset, Richard Rimbach Associates, Pittsburgh1952, pp. 293–305.	1954	19	1	56-57	review	computability, recursion, and decidability	review-of-record entry reached			metadata only; full text not reached
Raymond J. Nelson	W. H. Burkhart. A method for synthesis of two-valued feedback circuits. Proceedings of the Association for Computing Machinery, Jointly sponsored by the Association for Computing Machinery and the Mellon Institute, Pittsburgh, Pa., May 2 and 3, 1952, photo-offset, Richard Rimbach Associates, Pittsburgh1952, pp. 265–272.	1954	19	1	56-56	review	computability, recursion, and decidability	review-of-record entry reached			metadata only; full text not reached
Raymond J. Nelson	E. F. Moore. A simplified universal Turing machine. Proceedings of the Association for Computing Machinery, meeting at Toronto, Ont., Jointly sponsored by the Association for Computing Machinery and the University of Toronto, September 8 to 10, 1952, photo-offset, Sauls Lithograph Company, Washington, D.C., 1952, pp. 50–55.	1954	19	1	57-58	review	computability, recursion, and decidability	review-of-record entry reached			metadata only; full text not reached
Raymond J. Nelson	Warren L. Semon. Characteristic numbers and their use in the decomposition of switching functions. Proceedings of the Association for Computing Machinery, Jointly sponsored by the Association for Computing Machinery and the Mellon Institute, Pittsburgh, Pa., May 2 and 3, 1952, photo-offset, Richard Rimbach Associates, Pittsburgh1952, pp. 273–280.	1954	19	1	57-57	review	computability, recursion, and decidability	review-of-record entry reached			metadata only; full text not reached
Raymond J. Nelson	L. C. Robbins. An analysis by arithmetical methods of a calculating network with feedback. Ibid., pp. 61–67. - Irving S. Reed. Symbolic synthesis of digital computers. Ibid., pp. 90–94.	1954	19	1	58-58	review	computability, recursion, and decidability	review-of-record entry reached			metadata only; full text not reached
William W. Boone	P. S. Novikov. Ob algoritmičéskoj nérazréšimosti problémy toždéstva (On algorithmic unsolvability of the word problem). Doklady Akadémii Nauk SSSR, vol. 85 (1952), pp. 709–712.	1954	19	1	58-60	review	computability, recursion, and decidability	review-of-record entry reached			metadata only; full text not reached
Andrzej Mostowski	B. A. Trahténbrot. O rékursivnoj otdélimosti (On recursive separability). Doklady Akadémii Nauk SSSR, vol. 88 (1953), pp. 953–956.	1954	19	1	60-60	review	computability, recursion, and decidability	review-of-record entry reached			metadata only; full text not reached
Th. Skolem	G. Kreisel. Some remarks on the foundations of mathematics. An expository article. The mathematical gazette, vol. 35 (1951), pp. 23–28.	1954	19	1	60-61	review	unclassified from title metadata	review-of-record entry reached			metadata only; full text not reached
J. C. Shepherdson	E. W. Beth. A topological proof of the theorem of Löwenheim-Skolem-Gödel. Koninklijke Nederlandse Akademie van Wetenschappen, Proceedings, series A, vol. 54 (1951), pp. 436–444; also Indagationes mathematicae, vol. 13 (1951), pp. 436–444.	1954	19	1	61-61	review	model theory and semantics	review-of-record entry reached			metadata only; full text not reached
J. C. Shepherdson	E. W. Beth. Some consequences of the theorem of Löwenheim-Skolem-Gödel-Malcev. Ibid., vol. 56 (1953), pp. 66–71; and Ibid., vol. 15 (1953), pp. 66–71.	1954	19	1	61-62	review	model theory and semantics	review-of-record entry reached			metadata only; full text not reached
Robert McNaughton	S. C. Kleene. Permutability of inferences in Gentzen's calculi LK and LJ. Two papers on the predicate calculus, by S. C. Kleene (Memoirs of the American Mathematical Society, no. 10), lithographed, Providence1952, pp. 1–26. - S. C. Kleene. Finite axiomatizability of theories in the predicate calculus using additional predicate symbols. Two papers on the predicate calculus, by S. C. Kleene (Memoirs of the American Mathematical Society, no. 10), lithographed, Providence1952, pp. 27–66. - S. C. Kleene. Bibliography. Two papers on the predicate calculus, by S. C. Kleene (Memoirs of the American Mathematical Society, no. 10), lithographed, Providence1952, pp. 67–68. - William Craig. On axiomatizability within a system. The journal of symbolic logic, vol. 18 (1953), pp. 30–32.	1954	19	1	62-63	review	proof theory and formal systems	review-of-record entry reached			metadata only; full text not reached
Alonzo Church	Carl B. Allendoerfer and Cletus O. Oakley. Principles of mathematics. Photo-offset from typewritten manuscript. McGraw-Hill Book Company, New York1953, ii + viii + 544 pp.	1954	19	1	64-65	review	unclassified from title metadata	review-of-record entry reached			metadata only; full text not reached
Alfons Borgers	Hao Wang and Robert McNaughton. Les systèmes axiomatiques de la théorie des ensembles. With a preface by P. Destouches-Février. Collection de logique mathématique, série A. Lithographed. Gauthier-Villars, Paris; E. Nauwelaerts, Louvain; 1953, 55 pp.	1954	19	1	64-64	review	proof theory and formal systems	review-of-record entry reached			metadata only; full text not reached
Alonzo Church	Hugo Fischer. Zum Problem der Übertragung mathetischer Prinzipien: Die “Allgemeine Semantik.” Eine nichtaristotelische Wertungslehre Alfred Korzybskis. Studium generale, vol. 6 (1953), pp. 361–368.	1954	19	1	65-65	review	unclassified from title metadata	review-of-record entry reached			metadata only; full text not reached
Roderick M. Chisholm	Paul F. Linke. Was ist Logik?Zeitschrift für philosophische Forschung, vol. 6 (1951–1952), pp. 372–398.	1954	19	1	65-65	review	philosophy, language, and inductive logic	review-of-record entry reached			metadata only; full text not reached
Carl G. Hempel	Paul Lorenzen. Die ontologische und die operative Auffassung der Logik. Actes du Xlième Congres International de Philosophie, Volume V, Logique, analyse philosophique, philosophie des mathématiques, North-Holland Publishing Company, Amsterdam1953, and Editions E. Nauwelaerts, Louvain 1953, pp. 12–18.	1954	19	1	65-66	review	philosophy, language, and inductive logic	review-of-record entry reached			metadata only; full text not reached
Naoto Yonemitsu	G. H. von Wright. A new system of modal logic. Actes du Xlième Congres International de Philosophie, Volume V, Logique, analyse philosophique, philosophie des mathématiques, North-Holland Publishing Company, Amsterdam1953, and Editions E. Nauwelaerts, Louvain 1953, pp. 59–63.	1954	19	1	66-67	review	propositional, many-valued, and modal logic	review-of-record entry reached			metadata only; full text not reached
Roderick M. Chisholm	Andrea Galimberti. L'analyse linguistique de la représentation. Actes du Xlième Congres International de Philosophie, Volume V, Logique, analyse philosophique, philosophie des mathématiques, North-Holland Publishing Company, Amsterdam1953, and Editions E. Nauwelaerts, Louvain 1953, pp. 139–145.	1954	19	1	67-67	review	philosophy, language, and inductive logic	review-of-record entry reached			metadata only; full text not reached
Naoto Yonemitsu	J. C. C. McKinsey. Systems of modal logic which are not unreasonable in the sense of Halldén. The journal of symbolic logic, vol. 18 (1953), pp. 109–113.	1954	19	1	67-68	review	propositional, many-valued, and modal logic	review-of-record entry reached			metadata only; full text not reached
Roderick M. Chisholm	Paul F. Linke. Die Implication als echte Wenn-so-Beziehung. Bemerkungen zu den “Fundamental-Paradoxien” der Logistik. Actes du Xlième Congres International de Philosophie, Volume V, Logique, analyse philosophique, philosophie des mathématiques, North-Holland Publishing Company, Amsterdam1953, and Editions E. Nauwelaerts, Louvain 1953, pp. 146–150.	1954	19	1	67-67	review	proof theory and formal systems	review-of-record entry reached			metadata only; full text not reached
Alan Ross Anderson	B. J. Diggs. Counterfactual conditionals. Mind, n. s. vol. 61 (1952), pp. 513–527.	1954	19	1	68-68	review	unclassified from title metadata	review-of-record entry reached			metadata only; full text not reached
Alan Ross Anderson	Erna F. Schneider. Recent discussion of subjunctive conditionals. The review of metaphysics, vol. 6 no. 4 (1953), pp. 623–649.	1954	19	1	68-68	review	unclassified from title metadata	review-of-record entry reached			metadata only; full text not reached
Alan Ross Anderson	Julius R. Weinberg. Contrary-to-fact conditionals. The journal of philosophy, vol.48 (1951), pp. 17–22.	1954	19	1	69-70	review	philosophy, language, and inductive logic	review-of-record entry reached			metadata only; full text not reached
Alan Ross Anderson	Thomas Storer. On defining ‘soluble.’Analysis, vol. 11 no. 6 (1951), pp. 134–137. - Gustav Bergmann. Comments on Storer's definition of ‘soluble.’Analysis, vol. 12 no. 2 (1951), pp. 44–48.	1954	19	1	69-69	review	unclassified from title metadata	review-of-record entry reached			metadata only; full text not reached
Alan Ross Anderson	Robert Brown and John Watling. Counterfactual conditionals. Mind, n. s. vol. 61 (1952), p.p 222–233. - Robert Brown and John Watling. Hypothetical statements and phenomenalism. Synthese, vol. 8 (1950–1952), pp. 355–366.	1954	19	1	70-71	review	unclassified from title metadata	review-of-record entry reached			metadata only; full text not reached
Czesław Lejewski	Benson Mates. Stoic logic. University of California publications in philosophy, vol. 26. University of California Press, Berkeley and Los Angeles1953, 148 pp.	1954	19	1	71-72	review	philosophy, language, and inductive logic	review-of-record entry reached			metadata only; full text not reached
Benson Mates	Joseph T. Clark. Conventional logic and modern logic. A prelude to transition. Philosophical studies of the American Catholic Philosophical Association, Volume III. Woodstock College Press, Woodstock, Md., 1952, VII + 1 + 109 pp. - W. V. Quine. Preface. Therein, pp. V–VII.	1954	19	1	72-73	review	philosophy, language, and inductive logic	review-of-record entry reached			metadata only; full text not reached
Alonzo Church	A. N. Prior. The parva logicalia in modern dress. Dominican studies, vol. 5 (1952), pp. 78–87.	1954	19	1	73-74	review	unclassified from title metadata	review-of-record entry reached			metadata only; full text not reached
Alonzo Church	Ivo Thomas. Saint Vincent Ferrer's De suppositionibus. Dominican studies, vol. 5 (1952), pp. 88–102.	1954	19	1	74-74	review	unclassified from title metadata	review-of-record entry reached			metadata only; full text not reached
	Related Citations	1954	19	1	74-80	citation-linkage matter	editorial/association apparatus				metadata only; full text not reached
	JSL volume 19 issue 2 Cover and Back matter	1954	19	2	b1-b2	cover/front/back matter	editorial/association apparatus				metadata only; full text not reached
	JSL volume 19 issue 2 Cover and Front matter	1954	19	2	f1-f2	cover/front/back matter	editorial/association apparatus				metadata only; full text not reached
Paul Bernays	A system of axiomatic set theory - Part VII	1954	19	2	81-96	primary technical publication	set theory and foundations				metadata only; full text not reached
W. V. Quine	Interpretations of sets of conditions	1954	19	2	97-102	primary technical publication	unclassified from title metadata				metadata only; full text not reached
Abraham Robinson	On predicates in algebraically closed fields	1954	19	2	103-114	primary technical publication	algebraic logic				metadata only; full text not reached
Hartley Rogers	Heinrich Scholz. Vorlesungen über Grundzüge der mathematischen Logik. Second, revised edition, vol. 1. Rotaprint. Ausarbeitungen mathematischer und physikalischer Vorlesungen, vol. VI. Aschendorffsche Verlagsbuchhandlung, Münster (Westf.)1950, XIV + 276 pp. - Heinrich Scholz. Vorlesungen über Grundzüge der mathematischen Logik. Second, revised edition, vol. 2. Rotaprint. Ausarbeitungen mathematischer und physikalischer Vorlesungen, vol. VII. Aschendorffsche Verlagsbuchhandlung, Münster (Westf.)1951, VII + 192 pp.	1954	19	2	115-118	review	unclassified from title metadata	review-of-record entry reached			metadata only; full text not reached
Martin Davis	Andrzej Mostowski. An undecidable arithmetical statement. Fundamenta mathetnaticae, vol. 36 (1949), pp. 143–164.	1954	19	2	118-119	review	computability, recursion, and decidability	review-of-record entry reached			metadata only; full text not reached
G. Hasenjaeger	Andrzej Mostowski. Sentences undecidable in formalized arithmetic. An exposition of the theory of Kurt Gödel. Studies in logic and the foundations of mathematics. North-Holland Publishing Company, Amsterdam1952, VIII + 117 pp.	1954	19	2	119-121	review	computability, recursion, and decidability	review-of-record entry reached			metadata only; full text not reached
Rózsa Péter	H. G. Rice. Classes of recursively enumerable sets and their decision problems. Transactions of the American Mathematical Society, vol. 74 (1953) pp. 358–366.	1954	19	2	121-122	review	set theory and foundations	review-of-record entry reached			metadata only; full text not reached
Paul Axt	Ilona Bereczki. Lösung eines Markovschen Problems betreffs einer Ausdehnung des Begriffes der elementaren Funktion. German with Russian abstract. Acta mathematica Academiae Scientiarum Hungaricae, vol. 3 (1952), pp. 197–218.	1954	19	2	122-122	review	unclassified from title metadata	review-of-record entry reached			metadata only; full text not reached
Hugo Ribeiro	J. C. E. Dekker. The constructivity of maximal dual ideals in certain Boolean algebras. Pacific journal of mathematics, vol. 3 (1953), pp. 73–101.	1954	19	2	122-123	review	unclassified from title metadata	review-of-record entry reached			metadata only; full text not reached
Andrzej Mostowski	P. S. Novikov. O néprotivoréčivosti nékotoryk položénij déskriptivnoj téorii množéslv (On the consistency of some theorems of the descriptive theory of sets). Trudy Matématičéskogo Instituta iméni V. A. Stéklova, vol. 38 (1951), pp. 279–316.	1954	19	2	123-125	review	proof theory and formal systems	review-of-record entry reached			metadata only; full text not reached
Alfons Borgers	L. E. J. Brouwer. Historical background, principles and methods of intuitionism. South African journal of science, vol. 49 (1952–1953), pp. 139–146.	1954	19	2	125-125	review	propositional, many-valued, and modal logic	review-of-record entry reached			metadata only; full text not reached
Alfons Borgers	L. E. J. Brouwer. Remarques sur la notion d'ordre. Comptes rendus hebdomadaires des séances de l'Académie des Sciences (Paris), vol. 230 (1950), pp. 263–265. - L. E. J. Brouwer. Sur la possibilité d'ordonner le continu. Comptes rendus hebdomadaires des séances de l'Académie des Sciences (Paris), vol. 230 (1950), pp. 349–350. - L. E. J. Brouwer. On order in the continuum, and the relation of truth to non-contradictority. Koninklijke Nederlandsche Akademie van Wetenschappen, Proceedings, series A, vol. 54 (1951), pp. 357–358; also Indagationes mathematicae, vol. 13 (1951), pp. 357–358. See Erratum, Koninklijke Nederlandsche Akademie van Wetenschappen, Proceedings, series A, vol. 55 (1952), p. 79; also Indagationes mathematicae, vol. 14 (1952), p. 79. - L. E. J. Brouwer. Over accumulatiekernen van oneindige kernsoorten (On accumulation cores of infinite core-species). Koninklijke Nederlandsche Akademie van Wetenschappen, Proceedings, series A, vol. 54 (1951), vol. 55 (1952), pp. 439–441; also Indagationes mathematicae, vol. 14 (1952), pp. 439–441.	1954	19	2	125-126	review	unclassified from title metadata	review-of-record entry reached			metadata only; full text not reached
David Nelson	Gene F. Rose. Propositional calculus and realizability. Transactions of the American Mathematical Society, vol. 75 (1953), pp. 1–19.	1954	19	2	126-126	review	propositional, many-valued, and modal logic	review-of-record entry reached			metadata only; full text not reached
J. Barkley Rosser	Ernst P. Specker. The axiom of choice in Quine's New foundations for mathematical logic. Proceedings of the National Academy of Sciences of the United States of America, vol. 39 (1953), pp. 972–975.	1954	19	2	127-128	review	set theory and foundations	review-of-record entry reached			metadata only; full text not reached
Steven Orey	W. V. Quine. On an application of Tarski's theory of truth. Proceedings of the National Academy of Sciences of the United States of America, vol. 38 (1952), pp. 430–433.	1954	19	2	127-127	review	unclassified from title metadata	review-of-record entry reached			metadata only; full text not reached
Steven Orey	W. V. Quine. On ω-consistency and a so-called axiom of infinity. The journal of symbolic logic, vol. 18 (1953), pp. 119–124.	1954	19	2	128-129	review	set theory and foundations	review-of-record entry reached			metadata only; full text not reached
F. H. Fischer	Jean Ladrière. Le rôle du théoréme de Gödel dans le développement de la théorie de la démonstration. Revue philosophique de Louvain, vol. 47 (1949), pp. 469–492. - Jean Ladrière. Rationnel et irrationnel en mathématique. Revue philosophique de Louvain, vol. 48 (1950), pp. 37–62. - Jean Ladrière. Le théorème fondamental de Gentzen. Revue philosophique de Louvain, vol. 49 (1951), pp. 357–384.	1954	19	2	129-130	review	philosophy, language, and inductive logic	review-of-record entry reached			metadata only; full text not reached
Steven Orey	Leon Henkin. On the primitive symbols of Quine's “Mathematical logic.”Revue philosophique de Louvain, vol. 51 (1953), pp. 591–593.	1954	19	2	129-129	review	philosophy, language, and inductive logic	review-of-record entry reached			metadata only; full text not reached
A. R. Turquette	Gerhard Frey. Bemerkungen zum Problem der mehrwertigen Logiken. Actes du XIème Congrès International de Philosophie, Volume V, Logique, analyse philosophique, philosophie des mathématiques, North-Holland Publishing Company, Amsterdam1953, and Éditions E. Nauwelaerts, Louvain 1953, pp. 53–58.	1954	19	2	131-132	review	philosophy, language, and inductive logic	review-of-record entry reached			metadata only; full text not reached
A. R. Turquette	Gotthard Günther. Die philosophische Idee einer nicht-aristotelischen Logik. Actes du XIème Congrès International de Philosophie, Volume V, Logique, analyse philosophique, philosophie des mathématiques, North-Holland Publishing Company, Amsterdam1953, and Éditions E. Nauwelaerts, Louvain 1953, pp. 44–50. - Gotthard Günther. The logical parallax. Astounding science fiction, vol. 52 no. 3 (1953), pp. 123–133.	1954	19	2	131-131	review	philosophy, language, and inductive logic	review-of-record entry reached			metadata only; full text not reached
A. R. Turquette	Raili Kauppi. Über den Begriff des Merkmalraumes. Actes du XIème Congrès International de Philosophie, Volume V, Logique, analyse philosophique, philosophie des mathématiques, North-Holland Publishing Company, Amsterdam1953, and Éditions E. Nauwelaerts, Louvain 1953, pp. 38–43.	1954	19	2	131-131	review	philosophy, language, and inductive logic	review-of-record entry reached			metadata only; full text not reached
A. R. Turquette	Uuno Saarnio. Der Teil und die Gesamtheit. Actes du XIème Congrès International de Philosophie, Volume V, Logique, analyse philosophique, philosophie des mathématiques, North-Holland Publishing Company, Amsterdam1953, and Éditions E. Nauwelaerts, Louvain 1953, pp. 35–37.	1954	19	2	131-131	review	philosophy, language, and inductive logic	review-of-record entry reached			metadata only; full text not reached
Wilhelm Ackermann	Arnold Schmidt. Zum Verhältnis von Existenz und Widerspruchsfreiheit. Actes du XIème Congrès International de Philosophie, Volume V, Logique, analyse philosophique, philosophie des mathématiques, North-Holland Publishing Company, Amsterdam1953, and Éditions E. Nauwelaerts, Louvain 1953, S. 205–207.	1954	19	2	132-132	review	philosophy, language, and inductive logic	review-of-record entry reached			metadata only; full text not reached
Charles A. Baylis	F. H. Heinemann. Meta-analysis (Résumé). Actes du XIème Congrès International de Philosophie, Volume V, Logique, analyse philosophique, philosophie des mathématiques, North-Holland Publishing Company, Amsterdam1953, and Éditions E. Nauwelaerts, Louvain 1953, pp. 124–131. See corrigendum, ibid., Volume XIV, p. 328.	1954	19	2	132-132	review	philosophy, language, and inductive logic	review-of-record entry reached			metadata only; full text not reached
Wilhelm Ackermann	S. Issmann. Une méthode de décision pour certaines formules du calcul des prédicats. Actes du XIème Congrès International de Philosophie, Volume XIV, Volume complémentaire et communications du Colloque de Logique, North-Holland Publishing Company, Amsterdam1953, und Éditions E. Nauwelaerts, Louvain 1953, S. 35–38.	1954	19	2	132-133	review	philosophy, language, and inductive logic	review-of-record entry reached			metadata only; full text not reached
Charles A. Baylis	S. Körner. The nature of philosophical analysis. Actes du XIème Congrès International de Philosophie, Volume V, Logique, analyse philosophique, philosophie des mathématiques, North-Holland Publishing Company, Amsterdam1953, and Éditions E. Nauwelaerts, Louvain 1953, pp. 121–123.	1954	19	2	132-132	review	philosophy, language, and inductive logic	review-of-record entry reached			metadata only; full text not reached
Nicholas Rescher	A. N. Prior. The paradoxes of derived obligation. Mind, n.s. vol. 63 (1954), pp. 64–65.	1954	19	2	133-133	review	proof theory and formal systems	review-of-record entry reached			metadata only; full text not reached
Alan Ross Anderson	G. H. von Wright. On the logic of some axiological and epistemological concepts. Ajatus (Helsinki), vol. 17 (1952), pp. 213–234.	1954	19	2	133-134	review	general mathematical logic	review-of-record entry reached			metadata only; full text not reached
Nicholas Rescher	Heinrich Sauer. Über die logischen Forschungen von Leibniz. Gottfried Wilheltn Leibniz (Vorträge der aus Anlass seines 300. Geburtstages in Hamburg abgehaltenen wissenschaftlichen Tagung, herausgegeben von der Redaktion der Hamburger Akademischen Rundschau), Hansischer Gildenverlag, Hamburg1946, pp. 46–78.	1954	19	2	133-133	review	unclassified from title metadata	review-of-record entry reached			metadata only; full text not reached
Nicholas Rescher	Jonathan Cohen. On the project of a universal character. Mind, n.s. vol. 63 (1954), pp. 49–63.	1954	19	2	133-133	review	unclassified from title metadata	review-of-record entry reached			metadata only; full text not reached
John G. Kemeny	Willard Van Orman Quine. On what there is. Front a logical point of view, by Willard Van Orman Quine, Harvard University Press, Cambridge, Mass., 1953, pp. 1–19. - Willard Van Orman Quine. Two dogmas of empiricism. Front a logical point of view, by Willard Van Orman Quine, Harvard University Press, Cambridge, Mass., 1953, pp. 20–46. - Willard Van Orman Quine. The problem of meaning in linguistics. Front a logical point of view, by Willard Van Orman Quine, Harvard University Press, Cambridge, Mass., 1953, pp. 47–64. - Willard Van Orman Quine. Identity, ostension, and hypostasis. Front a logical point of view, by Willard Van Orman Quine, Harvard University Press, Cambridge, Mass., 1953, pp. 65–79. (Reprinted from The journal of philosophy, vol. 47 (1950), pp. 621–633.) - Willard Van Orman Quine . New foundations for mathematical logic. Front a logical point of view, by Willard Van Orman Quine, Harvard University Press, Cambridge, Mass., 1953, pp. 80–101.	1954	19	2	134-134	review	set theory and foundations	review-of-record entry reached			metadata only; full text not reached
John G. Kemeny	Willard Van Orman Quine. Logic and the vesication of universals. Front a logical point of view, by Willard Van Orman Quine, Harvard University Press, Cambridge, Mass., 1953, pp. 102–129.	1954	19	2	135-136	review	general mathematical logic	review-of-record entry reached			metadata only; full text not reached
John G. Kemeny	Willard Van Orman Quine. Notes on the theory of reference. Front a logical point of view, by Willard Van Orman Quine, Harvard University Press, Cambridge, Mass., 1953, pp. 130–138.	1954	19	2	136-136	review	general mathematical logic	review-of-record entry reached			metadata only; full text not reached
John G. Kemeny	Willard Van Orman Quine. Reference and modality. Front a logical point of view, by Willard Van Orman Quine, Harvard University Press, Cambridge, Mass., 1953, pp. 139–159.	1954	19	2	137-138	review	propositional, many-valued, and modal logic	review-of-record entry reached			metadata only; full text not reached
J. F. Thomson	Donald Kalish. Meaning and truth. Meaning and interpretation (University of California publications in philosophy, vol. 25), University of California Press, Berkeley and Los Angeles1950, pp. 99–117.	1954	19	2	138-138	review	model theory and semantics	review-of-record entry reached			metadata only; full text not reached
J. F. Thomson	Karl Aschenbrenner. Intention and understanding. Meaning and interpretation (University of California publications in philosophy, vol. 25), University of California Press, Berkeley and Los Angeles1950, pp. 229–270.	1954	19	2	138-138	review	model theory and semantics	review-of-record entry reached			metadata only; full text not reached
J. F. Thomson	Paul Marhenke. Propositions and sentences. Meaning and interpretation (University of California publications in philosophy, vol. 25), University of California Press, Berkeley and Los Angeles1950, pp. 273–298.	1954	19	2	138-139	review	model theory and semantics	review-of-record entry reached			metadata only; full text not reached
John G. Kemeny	Willard Van Orman Quine. Meaning and existential inference. Front a logical point of view, by Willard Van Orman Quine, Harvard University Press, Cambridge, Mass., 1953, pp. 160–167.	1954	19	2	138-138	review	philosophy, language, and inductive logic	review-of-record entry reached			metadata only; full text not reached
Alonzo Church	David Shwayder. Some remarks on “synonymity” and the language of the semanticists. Philosophical studies, vol. 5 (1954), pp. 1–5. - D. S. Shwayder. Corrigendum. Philosophical studies, vol. 5 (1954), p. 48.	1954	19	2	139-139	review	model theory and semantics	review-of-record entry reached			metadata only; full text not reached
Alonzo Church	R. M. Martin. On types, denotation, and truth. Methodos, vol. 3 (1951), pp. 308–316.	1954	19	2	139-140	review	unclassified from title metadata	review-of-record entry reached			metadata only; full text not reached
Alonzo Church	Claude E. Shannon, Computers and automata. Proceedings of the I.R.E., vol. 41 (1953), pp. 1234–1241.	1954	19	2	140-141	review	computability, recursion, and decidability	review-of-record entry reached			metadata only; full text not reached
Alonzo Church	Erik Götlind. A note on Chwistek and Helper's foundation of formal metamathematics. Den 11te Skandinaviske Matematikerkongress i Trondheim 22-25 August 1949, Johan Grundt Tanums Forlag, Oslo1952, pp. 268–270.	1954	19	2	140-140	review	unclassified from title metadata	review-of-record entry reached			metadata only; full text not reached
Alonzo Church	Garrett Birkhoff and Saunders MacLane. Algebra of classes. A survey of modern algebra, revised edition, by Garrett Birkhoff and Saunders MacLane, The Macmillan Company, New York1953, pp. 335–355.	1954	19	2	140-140	review	set theory and foundations	review-of-record entry reached			metadata only; full text not reached
Alonzo Church	Arthur W. Burks and Jesse B. Wright. Theory of logical nets. Proceedings of the I.R.E., vol. 41 (1953), pp. 1357–1365.	1954	19	2	141-142	review	general mathematical logic	review-of-record entry reached			metadata only; full text not reached
Alonzo Church	Claude E. Shannon and Edward F. Moore. Machine aid for switching circuit design. Proceedings of the I.R.E., vol. 41 (1953), pp. 1348–1351.	1954	19	2	141-141	review	unclassified from title metadata	review-of-record entry reached			metadata only; full text not reached
Alonzo Church	Robert Serrell. Elements of Boolean algebra for the study of information-handling systems. Proceedings of the I.R.E., vol. 41 (1953), pp. 1366–1380. - Robert Serrell. Correction. Proceedings of the I.R.E., vol. 42 (1954), p. 475.	1954	19	2	142-142	review	algebraic logic	review-of-record entry reached			metadata only; full text not reached
Alonzo Church	W. V. Quine. Two theorems about truth-functions. Boletín de la Sociedad Matemática Mexicana, vol. 10 no. 1–2 (1953), pp. 64–70.	1954	19	2	142-143	review	proof theory and formal systems	review-of-record entry reached			metadata only; full text not reached
Alonzo Church	Carew A. Meredith. Single axioms for the systems (C, N), (C, O) and (A, N) of the two-valued propositional calculus. The journal of computing systems, vol. 1 no. 3 (1953), pp. 155–164.	1954	19	2	143-144	review	computability, recursion, and decidability	review-of-record entry reached			metadata only; full text not reached
Alonzo Church	John D. Goodell. Notes on decision element systems using various practical techniques. The journal of computing systems, vol. 1 no. 3 (1953), pp. 196–199.	1954	19	2	143-143	review	computability, recursion, and decidability	review-of-record entry reached			metadata only; full text not reached
Alonzo Church	Norman M. Martin. On completeness of decision element sets. The journal of computing systems, vol. 1 no. 3 (1953), pp. 150–154.	1954	19	2	143-143	review	computability, recursion, and decidability	review-of-record entry reached			metadata only; full text not reached
Gene F. Rose	Alan Rose. A formalization of Sobocinski's three-valued implicational propositional calculus. The journal of computing systems, vol. 1 no. 3 (1953), pp. 165–168.	1954	19	2	144-144	review	computability, recursion, and decidability	review-of-record entry reached			metadata only; full text not reached
Alonzo Church	Caréw A. Meredith. A single axiom of positive logic. The journal of computing systems, vol. 1 no. 3 (1953), pp. 169–170.	1954	19	2	144-144	review	computability, recursion, and decidability	review-of-record entry reached			metadata only; full text not reached
Frederic B. Fitch	F. H. George. Formalization of language systems for behavior theory. The psychological review, vol. 60 (1953), pp. 232–240.	1954	19	2	145-145	review	philosophy, language, and inductive logic	review-of-record entry reached			metadata only; full text not reached
Frederic B. Fitch	F. H. George. Logical constructs and psychological theory. The psychological review, vol. 60 (1953), pp. 1–6.	1954	19	2	145-145	review	general mathematical logic	review-of-record entry reached			metadata only; full text not reached
Frederic B. Fitch	Jack L. Maatsch and Richard A. Behan. A more rigorous theoretical language. The psychological review, vol. 60 (1953), pp. 189–196.	1954	19	2	145-145	review	philosophy, language, and inductive logic	review-of-record entry reached			metadata only; full text not reached
Frederic B. Fitch	Joe Adams. Concepts as operators. The psychological review, vol. 60 (1953), pp. 241–251.	1954	19	2	145-145	review	unclassified from title metadata	review-of-record entry reached			metadata only; full text not reached
Frederic B. Fitch	Louis O. Kattsoff. Facts, phenomena, and frames of reference in psychology. The psychological review, vol. 60 (1953), pp. 40–44.	1954	19	2	145-145	review	unclassified from title metadata	review-of-record entry reached			metadata only; full text not reached
Frederic B. Fitch	Richard A. Behan. Expectancies and Hullian theory. The psychological review, vol. 60 (1953), pp. 252–256.	1954	19	2	145-146	review	unclassified from title metadata	review-of-record entry reached			metadata only; full text not reached
Hugo Ribeiro	Haskell B. Curry. Leçons de logique algébrique. With a preface by Robert Feys. Collection de logique mathématique, série A. Lithographed. Gauthier-Villars, Paris; E. Nauwelaerts, Louvain; 1952, 163 pp.	1954	19	2	146-147	review	unclassified from title metadata	review-of-record entry reached			metadata only; full text not reached
Hugues Leblanc	Irving M. Copi. Introduction to logic. The Macmillan Company, New York1953, xvi + 472 pp.	1954	19	2	147-148	review	general mathematical logic	review-of-record entry reached			metadata only; full text not reached
Takeo Sugihara	Arata Isimoto. Kindai ronrigaku no tenbô (A survey of modern logic). Sisô (Tokyo), no. 347 (1953), pp. 97–106.	1954	19	2	148-148	review	general mathematical logic	review-of-record entry reached			metadata only; full text not reached
Takeo Sugihara	Hiromiti Takeda and Keigo Abe. Ronrigaku nyûmon. Ronrigaku to ronrizan. (Introduction to logic. Logic and logistic.) Minerva, Kyoto1949, iv + 172 pp.	1954	19	2	148-148	review	general mathematical logic	review-of-record entry reached			metadata only; full text not reached
Takeo Sugihara	Iwao Kôyama and Taizi Ueda. Ronrigaku (Logic). Sôbunsya, Tokyo1952, 6 + 5 + 347 + 3 pp.	1954	19	2	148-148	review	general mathematical logic	review-of-record entry reached			metadata only; full text not reached
Takeo Sugihara	Katsumi Nakamura. Ronrigaku, kagaku hôhóron (Logic and scientific method). Yûhikaku, Tokyo1952, 3 + 6 + 318 + 5 pp.	1954	19	2	148-148	review	general mathematical logic	review-of-record entry reached			metadata only; full text not reached
Takeo Sugihara	Ryôiti Takekuma. Brouwer no ronri (Brouwerian logic). Zinbun kenkyû (Otaru), no. 6 (1953), pp. 35–63.	1954	19	2	148-148	review	general mathematical logic	review-of-record entry reached			metadata only; full text not reached
Patrick Suppes	Alfonso Caracciolo di Forino. Sur la construction du langage de la physique. Actes du XIème Congrès International de Philosophie, Volume VI, Philosophie et méthodologie des sciences de la nature, North-Holland Publishing Company, Amsterdam 1953, and Éditions E. Nauwelaerts, Louvain 1953, pp. 113–118.	1954	19	2	149-150	review	philosophy, language, and inductive logic	review-of-record entry reached			metadata only; full text not reached
George L. Kline	P. V. Tavanéc. K voprosu o razlčnom ponimanii prédméta logiki (On the question of different interpretations of the subject matter of logic). Izvéstiá Akadémii Nauk SSSR, Sériá istorii i filosofii, vol. 1 (1944), pp. 276–286. - P. V. Tavanéc. Ob ob′éktivnom sodéržanii zakonov formal′noj logiki (On the objective content of the laws of formal logic). Voprosy filosofii, no. 3 (1953), pp. 34–45. - M. Alékséév and V. Čérkésov. K voprosu o logiké i éë izučénii (On the question of logic and the study of logic). Bol′šéevik, no. 11 (1952), pp. 23–35.	1954	19	2	149-149	review	general mathematical logic	review-of-record entry reached			metadata only; full text not reached
Y. Bar-Hillel	Shmuel Hugo Bergmann. מבוא לתורת ההיגיון (Introduction to logic). Bialik Institute, Jerusalem1953, xviii + 466 pp.	1954	19	2	149-149	review	general mathematical logic	review-of-record entry reached			metadata only; full text not reached
H. Hiż	Tadeusz Kotarbiński. Kurs logiki dla prawników (A course in logic for law students). Państwowe Wydawnictwo Naukowe, Warsaw1953, 194 pp.	1954	19	2	149-149	review	general mathematical logic	review-of-record entry reached			metadata only; full text not reached
Patrick Suppes	Arne Næss. Philosophers and research in the soft sciences. Actes du XIème Congrès International de Philosophie, Volume VI, Philosophie et méthodologie des sciences de la nature, North-Holland Publishing Company, Amsterdam1953, and Éditions E. Nauwelaerts, Louvain 1953, pp. 255–259.	1954	19	2	150-150	review	philosophy, language, and inductive logic	review-of-record entry reached			metadata only; full text not reached
	Related Citations	1954	19	2	150-152	citation-linkage matter	editorial/association apparatus				metadata only; full text not reached
Patrick Suppes	Tadeusz Czeżowski. On certainty in empirical sciences. Actes du XIème Congrès International de Philosophie, Volume VI, Philosophie et méthodologie des sciences de la nature, North-Holland Publishing Company, Amsterdam 1953, and Éditions E. Nauwelaerts, Louvain 1953, pp. 126–129.	1954	19	2	150-150	review	philosophy, language, and inductive logic	review-of-record entry reached			metadata only; full text not reached
	Abstracts of papers	1954	19	2	153-160	meeting abstracts	editorial/association apparatus				metadata only; full text not reached
Frederic B. Fitch	Sixteenth meeting of the Association for Symbolic Logic	1954	19	2	153-153	review	general mathematical logic	review-of-record entry reached			metadata only; full text not reached
	Elections	1954	19	2	160-160	association record	editorial/association apparatus				metadata only; full text not reached
	Institutional contributing subscribers to the Journal	1954	19	2	160-160	association record	editorial/association apparatus				metadata only; full text not reached
	JSL volume 19 issue 3 Cover and Back matter	1954	19	3	b1-b2	cover/front/back matter	editorial/association apparatus				metadata only; full text not reached
	JSL volume 19 issue 3 Cover and Front matter	1954	19	3	f1-f2	cover/front/back matter	editorial/association apparatus				metadata only; full text not reached
William Tuthill Parry	A new symbolism for the propositional calculus	1954	19	3	161-168	primary technical publication	propositional, many-valued, and modal logic				metadata only; full text not reached
Gerald B. Standley	Ideographic computation in the propositional calculus	1954	19	3	169-171	primary technical publication	computability, recursion, and decidability				metadata only; full text not reached
Jan Kalicki	An undecidable problem in the algebra of truth-tables	1954	19	3	172-176	primary technical publication	computability, recursion, and decidability	in-block contemporaneous review entry immediately identified			metadata only; full text not reached
W. V. Quine	Quantification and the empty domain	1954	19	3	177-179	primary technical publication	general mathematical logic	in-block contemporaneous review entry immediately identified			metadata only; full text not reached
W. V. Quine	Reduction to a dyadic predicate	1954	19	3	180-182	primary technical publication	general mathematical logic				metadata only; full text not reached
Leon Henkin	A generalization of the concept of ω-consistency	1954	19	3	183-196	primary technical publication	proof theory and formal systems				metadata only; full text not reached
Václav Edvard Beneš	A partial model for Quine's “New foundations”	1954	19	3	197-200	primary technical publication	set theory and foundations	in-block contemporaneous review entry immediately identified			metadata only; full text not reached
Alan Ross Anderson	Improved decision procedures for Lewis's calculus S4 and von Wright's calculus M	1954	19	3	201-214	primary technical publication	computability, recursion, and decidability	in-block contemporaneous review entry immediately identified	technical-depth potentially sufficient		page-verified complete local full text
H. Rasiowa	Stephen Cole Kleene. Introduction to metamathematics. North-Holland Publishing Co., Amsterdam, and P. Noordhoff, Groningen, 1952; D. van Nostrand Company, New York and Toronto 1952; X + 550 pp.	1954	19	3	215-216	review	unclassified from title metadata	review-of-record entry reached			metadata only; full text not reached
Gene F. Rose	Jan Łukasiewicz. On the intuitionistic theory of deduction. Koninklijke Nederlandse Akademie van Wetenschappen, Proceedings, series A, vol. 55 (1952), pp. 202–212; also Indagationes mathematicae, vol. 14 (1952), pp. 202–212.	1954	19	3	216-216	review	propositional, many-valued, and modal logic	review-of-record entry reached			metadata only; full text not reached
Gene F. Rose	Jan Łukasiewicz. Comment on K. J. Cohen's remark. Koninklijke Nederlandse Akademie van Wetenschappen, Proceedings, series A, vol. 56 (1953), p. 113; also Indagationes mathematicae, p. 113.	1954	19	3	217-217	review	unclassified from title metadata	review-of-record entry reached			metadata only; full text not reached
Gene F. Rose	Kalman Joseph Cohen. A remark on Łukasiewicz's “On the intuitionistic theory of deduction.”Koninklijke Nederlandse Akademie van Wetenschappen, Proceedings, series A, vol. 56 (1953), pp. 111–112; also Indagationes mathematicae, vol. 15 (1953), pp. 111–112.	1954	19	3	217-217	review	propositional, many-valued, and modal logic	review-of-record entry reached			metadata only; full text not reached
Werner Markwald	Kurt Schütte. Kennzeichnung von Ordnungszahlen durch rekursiv erklärte Funktionen. Mathematische Annalen, Bd. 127 (1954), S. 15–32.	1954	19	3	217-218	review	unclassified from title metadata	review-of-record entry reached			metadata only; full text not reached
Andrzej Mostowski	N. M. Nagornyj. K usiléniú téorémy privédéniá téorii algorifmov (Towards strengthening of the reduction theorem of the theory of algorithms). Doklady Akadémi Nauk SSSR, vol. 90 (1953), pp. 341–342.	1954	19	3	218-218	review	computability, recursion, and decidability	review-of-record entry reached			metadata only; full text not reached
Andrzej Mostowski	V. A. Uspénskij. Téoréma Gëdélá i téoriá algoritmov (Theorem of Gödel and theory of algorithms). Doklady Akadémi Nauk SSSR, vol. 91 (1953), pp. 737–740.	1954	19	3	218-219	review	computability, recursion, and decidability	review-of-record entry reached			metadata only; full text not reached
Leon Henkin	G. Kreisel. On a problem of Henkin's. Koninklijke Nederlandse Akademie van Wetenschappen, Proceedings, series A, vol. 56 (1953), pp. 405–406; also Indagationes mathematicae, vol. 15 (1953), pp. 405–406.	1954	19	3	219-220	review	unclassified from title metadata	review-of-record entry reached			metadata only; full text not reached
Robert McNaughton	A. Mostowski. On models of axiomatic systems. Fundamenta mathematicae, vol. 39 (for 1952, pub. 1953), pp. 133–158.	1954	19	3	220-221	review	model theory and semantics	review-of-record entry reached			metadata only; full text not reached
Nicholas Rescher	Ettore Carruccio. I fini del “Calculus ratiocinator” di Leibniz, e la logica matematica del nostro tempo. Bollettino delta Unione Matematica Italiana, ser. 3 vol. 3 (1948), pp. 148–161.	1954	19	3	221-221	review	proof theory and formal systems	review-of-record entry reached			metadata only; full text not reached
Nicholas Rescher	Philip P. Hallie. A note on logical connectives. Mind, n.s. vol. 63 (1954), pp. 242–245.	1954	19	3	221-222	review	general mathematical logic	review-of-record entry reached			metadata only; full text not reached
Alonzo Church	Tameharu Shirai. On the pseudo-set. Memoirs of the College of Science, Kyoto Imperial University, series A, vol. 20 no. 4 (1937), pp. 153–156.	1954	19	3	221-221	review	unclassified from title metadata	review-of-record entry reached			metadata only; full text not reached
Charles A. Baylis	Willard V. Quine. On what there is. Aristotelian Society supplementary volume XXV, London1951, Appendix, 18 pp. unnumbered. [A reprint of XV 152(2).] - Peter Thomas Geach. Symposium: On what there is. I. Aristotelian Society supplementary volume XXV, London1951 pp. 125–136. - A. J. Ayer. Symposium: On what there is. II. Aristotelian Society supplementary volume XXV, London1951 pp. 137–148. - W. V. Quine. Symposium: On what there is. III. Aristotelian Society supplementary volume XXV, London1951 pp. 149–160.	1954	19	3	222-223	review	unclassified from title metadata	review-of-record entry reached			metadata only; full text not reached
George D. W. Berry	B. L. Robbins. Some remarks on semantic systems. Philosophical studies, vol. 4 (1953), pp. 24–28.	1954	19	3	223-224	review	model theory and semantics	review-of-record entry reached			metadata only; full text not reached
J. F. Thomson	Benson Mates. Synonymity. Meaning and interpretation (University of California publications in philosophy, vol. 25), University of California Press, Berkeley and Los Angeles1950, pp. 201–226.	1954	19	3	223-223	review	model theory and semantics	review-of-record entry reached			metadata only; full text not reached
George D. W. Berry	Arthur Pap. Rejoinder to Mrs. Robbins. Philosophical studies, vol. 4 (1953), pp. 63–64.	1954	19	3	224-224	review	philosophy, language, and inductive logic	review-of-record entry reached			metadata only; full text not reached
J. Barkley Rosser	E. W. Beth. Sur la description de certains modèles d'un système formel. Actes du XIème Congrès International de Philosophie, Volume V, Logique, analyse philosophique, philosophie des mathématiques, North-Holland Publishing Company, Amsterdam1953, and Éditions E. Nauwelaerts, Louvain 1953, pp. 64–69.	1954	19	3	224-224	review	philosophy, language, and inductive logic	review-of-record entry reached			metadata only; full text not reached
J. Baekley Rosser	Robert Feys. Peano et Burali-Forti précurseurs de la logique combinatoire. Actes du XIème Congrès International de Philosophie, Volume V, Logique, analyse philosophique, philosophie des mathématiques, North-Holland Publishing Company, Amsterdam1953, and Éditions E. Nauwelaerts, Louvain 1953, pp. 70–72.	1954	19	3	224-225	review	philosophy, language, and inductive logic	review-of-record entry reached			metadata only; full text not reached
Th. Skolem	A. Heyting. Sur la tâche de la philosophie des mathématiques. Actes du XIème Congrès International de Philosophie, Volume V, Logique, analyse philosophique, philosophie des mathématiques, North-Holland Publishing Company, Amsterdam1953, and Éditions E. Nauwelaerts, Louvain 1953, pp. 193–198.	1954	19	3	225-225	review	philosophy, language, and inductive logic	review-of-record entry reached			metadata only; full text not reached
Alfons Borgers	Raymond L. Wilder. Introduction to the foundations of mathematics. John Wiley & Sons, New York1952, xiv + 305 pp.	1954	19	3	225-227	review	unclassified from title metadata	review-of-record entry reached			metadata only; full text not reached
Leon Henkin	Karl Menger. Calculus. A modern approach. Second, enlarged edition, mimeographed. The Bookstore, Illinois Institute of Technology, Chicago1953, title page + xxiii + 1 + 303 pp.	1954	19	3	227-229	review	proof theory and formal systems	review-of-record entry reached			metadata only; full text not reached
Leon Henkin	Karl Menger. The ideas of variable and function. Proceedings of the National Academy of Sciences of the United States of America, vol. 39 (1953), pp. 956–961.	1954	19	3	227-227	review	unclassified from title metadata	review-of-record entry reached			metadata only; full text not reached
Frederic B. Fitch	F. J. McGuigan. Formalization of psychological theory. Psychological review, vol. 60 (1953), pp. 377–382.	1954	19	3	229-229	review	unclassified from title metadata	review-of-record entry reached			metadata only; full text not reached
Alan Ross Anderson	W. H. Gottschalk. The theory of quaternality. The journal of symbolic logic, vol. 18 (1953), pp. 193–196.	1954	19	3	229-230	review	general mathematical logic	review-of-record entry reached			metadata only; full text not reached
Alan Ross Anderson	Leo Apostel. Modalités physiques et techniques. Actes du XIème Congrès International de Philosophie, Volume XIV, Volume complémentaire et communications du Colloque de Logique, North-Holland Publishing Company, Amsterdam1953, and Éditions E. Nauwelaerts, Louvain 1953, pp. 97–104.	1954	19	3	230-230	review	propositional, many-valued, and modal logic	review-of-record entry reached			metadata only; full text not reached
Peter Elias	Rudolf Carnap and Yehoshua Bar-Hillel. An outline of a theory of semantic information. Technical report no. 247. Photo-offset. Research Laboratory of Electronics, Massachusetts Institute of Technology, Cambridge, Mass., 1952, ii + 49 pp. - Yehoshua Bar-Hillel and Rudolf Carnap. Semantic information. Communication theory, Papers read at a Symposium on “Applications of Communication Theory” held at the Institution of Electrical Engineers, London September 22nd-26th 1952, edited by Willis Jackson, Butterworths Scientific Publications, London1953, pp. 503–511. - D. M. MacKay. Discussion. Communication theory, Papers read at a Symposium on “Applications of Communication Theory” held at the Institution of Electrical Engineers, London September 22nd-26th 1952, edited by Willis Jackson, Butterworths Scientific Publications, London1953, pp. 511–512. - Y. Bar-Hillel. In reply. Communication theory, Papers read at a Symposium on “Applications of Communication Theory” held at the Institution of Electrical Engineers, London September 22nd-26th 1952, edited by Willis Jackson, Butterworths Scientific Publications, London1953, p. 512. - Yehoshua Bar-Hillel and Rudolf Carnap. Semantic information. The British journal for the philosophy of science, vol. 4 (1953–1954), pp. 147–157.	1954	19	3	230-232	review	model theory and semantics	review-of-record entry reached			metadata only; full text not reached
Raymond J. Nelson	W. C. Carter and A. S. Rettig. Analytic minimization methods I: Conjunctive forms. The journal of computing systems, vol. 1 no. 3 (1953), pp. 179–195.	1954	19	3	232-233	review	computability, recursion, and decidability	review-of-record entry reached			metadata only; full text not reached
Gene F. Rose	Alonzo Church. Non-normal truth-tables for the propositional calculus. Boletin de la Sociedad Matemática Mexicana, vol. 10 no. 1–2 (1953), pp. 41–52.	1954	19	3	233-234	review	propositional, many-valued, and modal logic	review-of-record entry reached			metadata only; full text not reached
William W. Boone	E. C. Varnum. Relay circuit analysis by odd-even algebra. Machine design, vol. 21 no. 12 (1949), pp. 137–139, 192–193. - E. C. Varnum. Three-relay circuits. Machine design, vol. 23 no. 2 (1951), pp. 121–124, 192, 194–196, 198. - E. C. Varnum. Polynomial determination in a field of integers modulo P. The journal of computing systems, vol. 1 no. 2 (1953), pp. 57–70.	1954	19	3	233-233	review	computability, recursion, and decidability	review-of-record entry reached			metadata only; full text not reached
H. Hiż	Jerzy Słupecki. O właściwych regułach inferencyjnych (On proper rules of inference). Kwartalnik filozoficzny, vol. 18 (1949), pp. 309–312. English résumé, ibid., pp. 325–326.	1954	19	3	234-234	review	unclassified from title metadata	review-of-record entry reached			metadata only; full text not reached
Takeo Sugihara	D. Hilbert and W. Ackermann. Kigô ronrigaku no kiso. Japanese translation of XV 59(1) by Makoto Itô. Ôsaka Kyôiku Tosyo Kabusiki Kaisya, Tokyo and Osaka1954, 10 + 207 pp.	1954	19	3	235-235	review	unclassified from title metadata	review-of-record entry reached			metadata only; full text not reached
Takeo Sugihara	Kanzi Taguti. Ronrigaku – Hurui ronrigaku to atarasii ronrigaku (Logic – New logic and old logic). Risôsya, Tokyo1954, 203 pp.	1954	19	3	235-235	review	general mathematical logic	review-of-record entry reached			metadata only; full text not reached
Takeo Sugihara	Katsumi Nakamura. Kagakutehi ninsiki – Wien Gakudan no kenkai (Scientific knowledge – the view of the Vienna Circle). Kagaku ronrigaku, Nissin-Syoin, Tokyo1944, pp. 1–27. (Reprinted from Kagaku sityô (Tokyo), no. 9 (1942).)	1954	19	3	235-235	review	unclassified from title metadata	review-of-record entry reached			metadata only; full text not reached
H. Hiż	Kazimierz Ajdukiewicz. Zarys logiki. Książka pomocnicza dla nauczyciela. (An outline of logic. Manual for teachers.) Państwowe Zakłady Wydawnictw Szkolnych, Warsaw1953, 188 pp.	1954	19	3	235-235	review	general mathematical logic	review-of-record entry reached			metadata only; full text not reached
Takeo Sugihara	Makoto Itô. Kagaku ronrigaku no tenbô (A survey of scientific logic). Kisokagaku, vol. 3 no. 3 (1949), pp. 294–299.	1954	19	3	235-235	review	general mathematical logic	review-of-record entry reached			metadata only; full text not reached
Takeo Sugihara	Makoto Itô. Yôsô ronrigaku no kenkyû (A study of modal logic). Kisokagaku, vol. 3 no. 7 (1949), pp. 434–440.	1954	19	3	235-235	review	propositional, many-valued, and modal logic	review-of-record entry reached			metadata only; full text not reached
Alonzo Church	Robert Blanché. Logique 1900–1950. Revue philosophique de la France et de l'Étranger, vol. 143 (1953), pp. 570–598.	1954	19	3	235-235	review	philosophy, language, and inductive logic	review-of-record entry reached			metadata only; full text not reached
Alonzo Church	Crispin Kim Bradley. The paradoxes. Astounding science fiction, vol. 53 no. 4 (1954), pp. 93–100.	1954	19	3	236-236	review	proof theory and formal systems	review-of-record entry reached			metadata only; full text not reached
Alan Ross Anderson	John P. Fairfax. Letter. Astounding science fiction, vol. 53 no. 1 (1954), pp. 143–145. - David H. Milbauer. Letter. Astounding science fiction, vol. 53 no. 1 (1954), p. 148. [Cf. XIX 131(2).] - Anonymous. Professor builds ‘thinking machine’ to test laws of logic. The New York times, vol. 103, 03 8, 1954, p. 21.	1954	19	3	236-236	review	general mathematical logic	review-of-record entry reached			metadata only; full text not reached
H. Hiż	Karl Menger. Sin ronrigaku. Japanese translation of 3706 by Tomoharu Hirano. Kagaku ronrigaku, Nissin-Syoin, Tokyo1944, pp. 29–73. - Walter Dubislav. Kigô ronrigaku zyosetu (Introduction to symbolic logic). Japanese translation of Chapters 2 and 3 of 32814 and Der metamathematische Problemkreis from 32812, by Syûitirô Yosioka. Kagaku ronrigaku, Nissin-Syoin, Tokyo1944, pp. 75–142. - Rudolf Carnap. Kigô ronrigaku no taikei. Japanese translation of System der Logistik (Part I of 3523) by Tomoharu Hirano. Kagaku ronrigaku, Nissin-Syoin, Tokyo1944, pp. 143–248. - Jan Łukasiewicz. Tati ronrigaku no tetugakuteki kôsatu. Japanese translation of 1868 by Makoto ltô. Kagaku ronrigaku, Nissin-Syoin, Tokyo1944, pp. 249–282. - Jan Łukasiewicz. Ronrigaku to sono kisoteki mondai. Japanese translation of VII 35(5) by Makoto Itô. Kagaku ronrigaku, Nissin-Syoin, Tokyo1944, pp. 283–309. - Karl Popper. Tankyû ronrigaku zyosetu. Japanese translation of the Einführung of 537½1 by Syûitirô Yosioka. Kagaku ronrigaku, Nissin-Syoin, Tokyo1944, pp. 311–349. - Hans Hahn. Ronrigaku, sûgaku, oyobi sizen ninsiki. Japanese translation of 4193 by Yû Sinohara. Kagaku ronrigaku, Nissin-Syoin, Tokyo1944, pp. 351–400. - A. D. Aleksandrow. O idealiźmie w matematyce. Myśl filozoficzna, vol. 1 no. 3 (1952), pp. 183–208.	1954	19	3	236-236	review	general mathematical logic	review-of-record entry reached			metadata only; full text not reached
	Related Citations	1954	19	3	236-240	citation-linkage matter	editorial/association apparatus				metadata only; full text not reached
	JSL volume 19 issue 4 Cover and Back matter and Errata	1954	19	4	b1-b10	cover/front/back matter	editorial/association apparatus				metadata only; full text not reached
	JSL volume 19 issue 4 Cover and Front matter	1954	19	4	f1-f2	cover/front/back matter	editorial/association apparatus				metadata only; full text not reached
Hao Wang	The formalization of mathematics	1954	19	4	241-266	primary technical publication	unclassified from title metadata				metadata only; full text not reached
R. L. Goodstein	The recursive irrationality of π	1954	19	4	267-274	primary technical publication	computability, recursion, and decidability				metadata only; full text not reached
George E. Collins	Distributivity and an axiom of choice	1954	19	4	275-277	primary technical publication	set theory and foundations				metadata only; full text not reached
Hartley Rogers	H. Hermes and H. Scholz. Mathematische Logik. Enzyklopädie der mathematischen Wissenschaften, Band I, Algebra und Zahlentheorie, 1. Teil, Heft 1, Teil I, B.G. Teubner, Leipzig1952, 82 pp.	1954	19	4	278-282	review	unclassified from title metadata	review-of-record entry reached			metadata only; full text not reached
Hugues Leblanc	Irving M. Copi. Symbolic logic. The Macmillan Company, New York1954, xiii + 355 pp.	1954	19	4	282-284	review	general mathematical logic	review-of-record entry reached			metadata only; full text not reached
Frank Harary	Karl Egil Aubert. On the foundation of the theory of relations and the logical independence of generalized concepts of reflexivity, symmetry and transitivity. Archiv for mathematik og naturvidenskab (Oslo), vol. 52 no. 2 (1952), 48 pp.	1954	19	4	284-285	review	general mathematical logic	review-of-record entry reached			metadata only; full text not reached
Paul Bernays	Karl Egil Aubert. Relations généralisées et indépendance logique des notions de réflexivité, symétrie et transitivité. Comptes rendus hebdomadaires des séances de l'Académie des Sciences (Paris), vol. 229 (1949), pp. 538–540. - J. Richard Büchi. Investigation of the equivalence of the axiom of choice and Zorn's lemma from the viewpoint of the hierarchy of types. The journal of symbolic logic, vol. 18 (1953), pp. 125–135.	1954	19	4	285-286	review	set theory and foundations	review-of-record entry reached			metadata only; full text not reached
Roman Sikorski	Ladislav Rieger. On free ℵξ-complete Boolean algebras (with an application to logic). Fundamenta mathematicae, vol. 38 (1951), pp. 35–52.	1954	19	4	286-287	review	general mathematical logic	review-of-record entry reached			metadata only; full text not reached
Robert McNaughton	C. Ryll-Nardzewski. The role of the axiom of induction in elementary arithmetic. Fundamenta mathematicae, vol. 39 (for 1952, pub. 1953), pp. 239–263.	1954	19	4	287-288	review	proof theory and formal systems	review-of-record entry reached			metadata only; full text not reached
Helena Rasiowa	Roman Sikorski. A note to Rieger's paper “On free ℵξ-complete Boolean algebras.” Fundamenta mathematicae, vol. 38 (1951), pp. 53–54.	1954	19	4	287-287	review	unclassified from title metadata	review-of-record entry reached			metadata only; full text not reached
Steven Orey	Hao Wang. A theory of constructive types. Methodos, vol. 1 (1949), pp. 374–384.	1954	19	4	288-288	review	unclassified from title metadata	review-of-record entry reached			metadata only; full text not reached
Steven Orey	Hao Wang. Negative types. Mind, n.s. vol. 61 (1952), pp. 366–368.	1954	19	4	288-289	review	unclassified from title metadata	review-of-record entry reached			metadata only; full text not reached
George D. W. Berry	Leon Henkin. Some notes on nominalism. The journal of symbolic logic, vol. 18 (1953), pp. 19–29.	1954	19	4	289-290	review	philosophy, language, and inductive logic	review-of-record entry reached			metadata only; full text not reached
Charles A. Baylis	K. R. Popper, William Kneale, and A. J. Ayer. Symposium: What can logic do for philosophy?Aristotelian Society, supplementary volume XXII, London1948, pp. 141–178.	1954	19	4	290-290	review	philosophy, language, and inductive logic	review-of-record entry reached			metadata only; full text not reached
Christopher Blake	Ugo Cassina. L'idéographie de Peano du point de vue de la théorie du langage. Rivista di matematica della Università di Parma, vol. 4 (1953), pp. 195–205.	1954	19	4	290-291	review	unclassified from title metadata	review-of-record entry reached			metadata only; full text not reached
Christopher Blake	Francis V. Raab. A criterion of necessity. The review of metaphysics, vol. 6 no. 1 (1952), p. 123. - Rulon Wells. Comments on Mr. Raab's theses. The review of metaphysics, p. 124. - Richard Brandt. Comments on Mr. Raab's theses. The review of metaphysics, pp. 125–126. - Henry W. Johnstone Jr. Comments on Mr. Raab's theses. The review of metaphysics, pp. 126–127. - Manley Thompson. Comments on Mr. Raab's theses. The review of metaphysics, pp. 127–128. - Gustav Bergmann. Comments on Mr. Raab's theses. The review of metaphysics, pp. 128–129. - Francis V. Raab. Response to comments. The review of metaphysics, pp. 130–131.	1954	19	4	291-292	review	unclassified from title metadata	review-of-record entry reached			metadata only; full text not reached
Christopher Blake	N. O. Lossky. Analytic and synthetic propositions and mathematical logic. International Universities Press, Inc., New York1953, 16 pp.	1954	19	4	291-291	review	general mathematical logic	review-of-record entry reached			metadata only; full text not reached
Naoto Yonemitsu	Robert Feys. Les systèmes formalisés des modalités aristotéliciennes. Revue philosophique de Louvain, vol. 48 (1950), pp. 478–509.	1954	19	4	292-293	review	propositional, many-valued, and modal logic	review-of-record entry reached			metadata only; full text not reached
I. M. Bocheński	Takeo Sugihara. The axiomatization of the Aristotelian modal logic. Memoirs of the Liberal Arts College, Fukui University, vol. 2 (1953), pp. 53–60.	1954	19	4	292-292	review	propositional, many-valued, and modal logic	review-of-record entry reached			metadata only; full text not reached
Naoto Yonemitsu	Bolesław Sobociński. Note on a modal system of Feys-von Wright. The journal of computing systems, vol. 1 no. 3 (1953), pp. 171–178.	1954	19	4	293-293	review	computability, recursion, and decidability	review-of-record entry reached			metadata only; full text not reached
Naoto Yonemitsu	Leo Simons. New axiomatizations of S3 and S4. The journal of symbolic logic, vol. 18 (1953), pp. 309–316.	1954	19	4	293-294	review	propositional, many-valued, and modal logic	review-of-record entry reached			metadata only; full text not reached
Takeo Sugihara	A. N. Prior. Three-valued logic and future contingents. The philosophical quarterly (St. Andrews), vol. 3 (1953), pp. 317–326.	1954	19	4	294-294	review	philosophy, language, and inductive logic	review-of-record entry reached			metadata only; full text not reached
Robert McNaughton	Alan Rose. Some self-dual primitive functions for propositional calculi. Mathematische Annalen, vol. 126 (1953), pp. 144–148.	1954	19	4	294-295	review	propositional, many-valued, and modal logic	review-of-record entry reached			metadata only; full text not reached
P. G. J. Vredenduin	R. Feys. Oudere en nieuwe modaliteitenlogica (Old and new logic of modalities). Handelingen van het Negentiende Vlaamse Filologencongres, Brussels1951, pp. 284–289.	1954	19	4	294-294	review	propositional, many-valued, and modal logic	review-of-record entry reached			metadata only; full text not reached
P. G. J. Vredenduin	Ruth Barcan Marcus. Strict implication, deducibility, and the deduction theorem. The journal of symbolic logic, vol. 18 (1953), pp. 234–236.	1954	19	4	294-294	review	propositional, many-valued, and modal logic	review-of-record entry reached			metadata only; full text not reached
Alonzo Church	Alan Rose. A formalisation of the 2-valued propositional calculus with self-dual primitives. Mathematische Annalen, vol. 127 (1954), pp. 255–257.	1954	19	4	295-295	review	propositional, many-valued, and modal logic	review-of-record entry reached			metadata only; full text not reached
Ronald Harrop	Wilhelm Ackermann. Widerspruchsfreier Aufbau einer typenfreien Logik. (Erweitertes System). Mathematische Zeitschrift, vol. 55 (1952), pp. 364–384. - Wilhelm Ackermann. Widerspruchsfreier Aufbau einer typenfreien Logik. II. Mathematische Zeitschrift, vol. 57 (1953), pp. 155–166.	1954	19	4	295-296	review	unclassified from title metadata	review-of-record entry reached			metadata only; full text not reached
P. G. J. Vredenduin	G. F. C. Griss. Negationless intuitionistic mathematics II, III, IV. Koninklijke Nederlandse Akademie van Wetenschappen, Proceedings of the section of sciences, vol. 53 (1950), pp. 456–463, and series A, vol. 54 (1951), pp. 193–199, 452–471; also Indagationes mathematicae, vol. 12 (1950), pp. 108–115, and vol. 13 (1951), pp. 193–199, 452–471.	1954	19	4	296-297	review	propositional, many-valued, and modal logic	review-of-record entry reached			metadata only; full text not reached
Andrzej Mostowski	N. A. Šanin. O nékotoryh opéraciáh nad logiko-arifmétičéskimi formulami (Some operations on logico-arithmetical formulas). Doklady Akadémii Nauk SSSR, vol.93 (1953), pp. 779–782. - N. A. Šanin. O pogružéniáh klassičéskogo logiko-arifmétičéskogo isčisléniá v konstruktivnoé logiko-arifmétičéskoé isčislénié (On imbeddings of the classical logico-arithmetical calculus into the constructive logico-arithmetical calculus). Doklady Akadémii Nauk SSSR, vol. 94 (1954), pp. 193–196.	1954	19	4	297-298	review	proof theory and formal systems	review-of-record entry reached			metadata only; full text not reached
Rózsa Péter	Ilona Bereczki. Nem elemi rekurzív függvény létezése (Existenz einer nichtelementaren rekursiven Funktion). Ungarisch, mit deutschem Auszug, und kurzem russischem Auszug. Az Első Magyar Matematikai Kongresszus közleményei 1950. augusztus 27. - szeptember 2 – Comptes rendus du Premier Congrès des Mathématiciens Hongrois 27 août - 2 septembre 1950, publié avec le soutien de l'Académie des Sciences de Hongrie par la Société Mathémetique János Bolyai, Budapest1952, S. 409–417.	1954	19	4	298-299	review	unclassified from title metadata	review-of-record entry reached			metadata only; full text not reached
K. Schütte	Paul Lorenzen. Über das Prinzip “ex falso quodlibet.”Methodos, Bd. 3 (1951), S. 43–46.	1954	19	4	298-298	review	unclassified from title metadata	review-of-record entry reached			metadata only; full text not reached
Robert McNaughton	Stanisław Jaśkowski. Quelques problèmes actuels concernant les fondements des mathématiques (Pewne aktualne zagadnienia z zakresu podstaw matematyki). French with Polish résumé. Časopis pro pěstováni matematiky a fysiky, vol. 74 no. 2 (for 1949, pub. 1950), pp. 74–78.	1954	19	4	298-298	review	unclassified from title metadata	review-of-record entry reached			metadata only; full text not reached
Robert McNaughton	oΘΩn ΠϒΛΑΡΙΝΟΣ. Ἡ ἀξιωματιϰὴ μέθοδος (The axiomatic method). Ἐϰδοτιϰὸς Οἴϰος I. ϰαὶ Π. Ζαχαροπύλου, Athens1948, 32 pp. - S. Jaśkowski. Une modification des définitions fondamentales de la géométrie des corps de M.A. Tarski. Annates de la Société Polonaise de Mathématique, vol. 21 (1948), pp. 298–301.	1954	19	4	298-298	review	proof theory and formal systems	review-of-record entry reached			metadata only; full text not reached
Rózsa Péter	A. Mostowski. A lemma concerning recursive functions and its applications. Bulletin de l'Académie Polonaise des Sciences, Classe III, Bd. 1 (1953), S. 277–280.	1954	19	4	299-300	review	set theory and foundations	review-of-record entry reached			metadata only; full text not reached
Abner Shimony	Yehoshua Bar-Hillel. A note on comparative inductive logic. The British journal for the philosophy of science, vol. 3 (1952–1953), pp. 308–310.	1954	19	4	300-301	review	philosophy, language, and inductive logic	review-of-record entry reached			metadata only; full text not reached
Abner Shimony	Yehoshua Bar-Hillel. On recursive definitions in empirical sciences. Actes du XIème Congrès International de Philosophie, Volume V, Logique, analyse philosophique, philosophie des mathématiques, North-Holland Publishing Company, Amsterdam1953, and Éditions E. Nauwelaerts, Louvain, 1953, pp. 160–165.	1954	19	4	300-300	review	computability, recursion, and decidability	review-of-record entry reached			metadata only; full text not reached
Yehoshua Bar-Hillel	John G. Kemeny. A logical measure function. The journal of symbolic logic, vol. 18 (1953), pp. 289–308.	1954	19	4	301-302	review	general mathematical logic	review-of-record entry reached			partial local page image; p. 301 reached, p. 302 not reached
Robert Feys	Alejandro Diez Blanco. Nuevas logicas. Revista de filosofia (Madrid), vol. 10 (1951), pp. 43–83.	1954	19	4	302-302	review	unclassified from title metadata	review-of-record entry reached			metadata only; full text not reached
Robert Feys	F. C. Copleston. Bertrand Russell. Revista de filosofia (Madrid), vol. 9 (1950), pp. 261–278.	1954	19	4	302-302	review	unclassified from title metadata	review-of-record entry reached			metadata only; full text not reached
Robert Feys	P. Hoenen. Recherches de logique formelle. La structure du système des syllogismes et des sorites - la logique des notions “au moins” et “tout au plus.” Analecta Gregoriana, vol. 43. Aedes Universitatis Gregorianae, Rome1947, vii + 384 pp.	1954	19	4	302-303	review	unclassified from title metadata	review-of-record entry reached			metadata only; full text not reached
Robert Feys	Gustavo Bueno Martínez. Una nueva exposición de la silogística. Revista de filosofia (Madrid), vol. 10 (1951), pp. 603–640.	1954	19	4	304-304	review	unclassified from title metadata	review-of-record entry reached			metadata only; full text not reached
	List of officers and members of the Association for Symbolic Logic	1954	19	4	305-314	association record	editorial/association apparatus				metadata only; full text not reached
	Errata	1954	19	4		errata	editorial/association apparatus				metadata only; full text not reached
Abner Shimony	Coherence and the axioms of confirmation	1955	20	1	1-28	primary technical publication	proof theory and formal systems				metadata only; full text not reached
	JSL volume 20 issue 1 Cover and Back matter	1955	20	1	b1-b1	cover/front/back matter	editorial/association apparatus				metadata only; full text not reached
	JSL volume 20 issue 1 Cover and Front matter	1955	20	1	f1-f5	cover/front/back matter	editorial/association apparatus				metadata only; full text not reached
Václav Edvard Beneš	On the consistency of an axiom of enumerability	1955	20	1	29-30	primary technical publication	proof theory and formal systems				metadata only; full text not reached
Hao Wang	Undecidable sentences generated by semantic paradoxes	1955	20	1	31-43	primary technical publication	computability, recursion, and decidability				metadata only; full text not reached
Philotheus Boehner	Ernest A. Moody. Truth and consequence in mediaeval logic. Studies in logic and the foundations of mathematics. North-Holland Publishing Company, Amsterdam1953, VIII + 113 pp.	1955	20	1	44-45	review	general mathematical logic	review-of-record entry reached			metadata only; full text not reached
Bolesław Sobociński	J. B. Rosser and A. R. Turquette. Many-valued logics. Studies in logic and the foundations of mathematics. North-Holland Publishing Company, Amsterdam1952, VII + 124 pp.	1955	20	1	45-50	review	propositional, many-valued, and modal logic	review-of-record entry reached			metadata only; full text not reached
Carl G. Hempel	Hans Reichenbach. Nomological statements and admissible operations. Studies in logic and the foundations of mathematics. North-Holland Publishing Company, Amsterdam1954, title pages + 140 pp.	1955	20	1	50-54	review	general mathematical logic	review-of-record entry reached			metadata only; full text not reached
Carl G. Hempel	Stephen Toulmin. What kind of discipline is logic?Actes du XIème Congrès International de Philosophie, Volume V, Logique, analyse philosophique, philosophie des mathématiques, North-Holland Publishing Company, Amsterdam1953, and Éditions E. Nauwelaerts, Louvain 1953, pp. 7–11.	1955	20	1	54-55	review	philosophy, language, and inductive logic	review-of-record entry reached			metadata only; full text not reached
Carl G. Hempel	Arthur Pap. Analytic truth and “implicit definitions.”Actes du XIème Congrès International de Philosophie, Volume V, Logique, analyse philosophique, philosophie des mathématiques, North-Holland Publishing Company, Amsterdam1953, and Éditions E. Nauwelaerts, Louvain 1953, pp. 151–155.	1955	20	1	55-55	review	philosophy, language, and inductive logic	review-of-record entry reached			metadata only; full text not reached
A. N. Prior	Bruno Baron von Freytag Löringhoff. Zur Logik als Lehre von Identität und Verschiedenheit. Actes du XIème Congrès International de Philosophie, Volume V, Logique, analyse philosophique, philosophie des mathématiques, North-Holland Publishing Company, Amsterdam1953, and Éditions E. Nauwelaerts, Louvain 1953, pp. 19–24.	1955	20	1	55-55	review	philosophy, language, and inductive logic	review-of-record entry reached			metadata only; full text not reached
Noam Chomsky	A. M. MacIver. Do words mean anything?Actes du XIème Congrès International de Philosophie, Volume V, Logique, analyse philosophique, philosophie des mathématiques, North-Holland Publishing Company, Amsterdam1953, and Éditions E. Nauwelaerts, Louvain 1953, pp. 172–175. See corrigenda, ibid., Volume XIV, p. 328.	1955	20	1	56-57	review	philosophy, language, and inductive logic	review-of-record entry reached			metadata only; full text not reached
Carl G. Hempel	Franz Crahay. A propos d'une réduction fallacieuse des notions d'existence et de vérité. Actes du XIème Congrès International de Philosophie, Volume V, Logique, analyse philosophique, philosophie des mathématiques, North-Holland Publishing Company, Amsterdam1953, and Éditions E. Nauwelaerts, Louvain 1953, pp. 156–159.	1955	20	1	56-56	review	philosophy, language, and inductive logic	review-of-record entry reached			metadata only; full text not reached
Noam Chomsky	J. J. Callahan. Symbolism in mathematics and logic. Actes du XIème Congrès International de Philosophie, Volume V, Logique, analyse philosophique, philosophie des mathématiques, North-Holland Publishing Company, Amsterdam1953, and Éditions E. Nauwelaerts, Louvain 1953, pp. 166–171.	1955	20	1	56-56	review	philosophy, language, and inductive logic	review-of-record entry reached			metadata only; full text not reached
Noam Chomsky	A. J. J. De Witte. The relations of symbolic logic and comparative linguistics. Actes du XIème Congrès International de Philosophie, Volume V, Logique, analyse philosophique, philosophie des mathématiques, North-Holland Publishing Company, Amsterdam1953, and Éditions E. Nauwelaerts, Louvain 1953, pp. 176–179.	1955	20	1	57-57	review	philosophy, language, and inductive logic	review-of-record entry reached			metadata only; full text not reached
Alonzo Church	Hans Heinz Holz. Zutn Problem der Konstitution von Bedeutung. Actes du XIème Congrès International de Philosophie, Volume V, Logique, analyse philosophique, philosophie des mathématiques, North-Holland Publishing Company, Amsterdam1953, and Éditions E. Nauwelaerts, Louvain 1953, pp. 180–184. - H. G. Alexander. Language and hypostatization. Actes du XIème Congrès International de Philosophie, Volume V, Logique, analyse philosophique, philosophie des mathématiques, North-Holland Publishing Company, Amsterdam1953, and Éditions E. Nauwelaerts, Louvain 1953, pp. 185–190. - Hugo Dingler. Was ist Konventionalismus? Zum 50jährigen Jubiläum des Erscheinens der deutschen Ausgabe von Henri Poincarés Wissenschaft und Hypothese. Actes du XIème Congrès International de Philosophie, Volume V, Logique, analyse philosophique, philosophie des mathématiques, North-Holland Publishing Company, Amsterdam 1953, and Éditions E. Nauwelaerts, Louvain 1953, pp. 199–204. - Dimitri Riabouchinsky. La définition des nombres par leur valeur numérique et par leur origine; rôle de ce concept en philosophie mathématique. Actes du XIème Congrès International de Philosophie, Volume V, Logique, analyse philosophique, philosophie des mathématiques, North-Holland Publishing Company, Amsterdam1953, and Éditions E. Nauwelaerts, Louvain 1953, pp. 208–214. - Miguel Sanchez-Mazas. La matemática como ciencia de estructuras formates (dialectica) y como ciencia de estructuras reales (ciencia natural). Actes du XIème Congrès International de Philosophie, Volume V, Logique, analyse philosophique, philosophie des mathématiques, North-Holland Publishing Company, Amsterdam1953, and Éditions E. Nauwelaerts, Louvain 1953, pp. 218–223. - J. W. Scott (editor). A synoptic index to the Proceedings of the Aristotelian Society 1900–1949. Basil Blackwell, Oxford1954, viii + 0205 + 127 pp.	1955	20	1	57-58	review	philosophy, language, and inductive logic	review-of-record entry reached			metadata only; full text not reached
Charles A. Baylis	A. J. Ayer. Negation. The journal of philosophy, vol. 49 (1952), pp. 797–815.	1955	20	1	58-59	review	philosophy, language, and inductive logic	review-of-record entry reached			metadata only; full text not reached
Carl G. Hempel	A. J. Ayer. Truth. Revue Internationale de philosophic, vol. 7 (1953), pp. 183–200.	1955	20	1	58-58	review	philosophy, language, and inductive logic	review-of-record entry reached			metadata only; full text not reached
Charles A. Baylis	Richard Taylor. Ayer's analysis of negation. Philosophical studies, vol. 4 (1953), pp. 49–55.	1955	20	1	59-59	review	philosophy, language, and inductive logic	review-of-record entry reached			metadata only; full text not reached
Charles A. Baylis	Romane Clark. More on negation. Philosophical studies, vol. 4 (1953), pp. 81–87.	1955	20	1	59-60	review	philosophy, language, and inductive logic	review-of-record entry reached			metadata only; full text not reached
Charles A. Baylis	William Gerber. Note on Ayer's concept of negation. The journal of philosophy, vol. 50 (1953), pp. 556–558.	1955	20	1	59-59	review	philosophy, language, and inductive logic	review-of-record entry reached			metadata only; full text not reached
Charles A. Baylis	Hao Wang. What is an individual?The philosophical review, vol. 62 (1953), pp. 413–420.	1955	20	1	60-61	review	philosophy, language, and inductive logic	review-of-record entry reached			metadata only; full text not reached
Charles A. Baylis	Romane Clark. A note on Reickenbach's class calculus. Mind, n.s. vol. 61 (1952), pp. 270–272.	1955	20	1	60-60	review	proof theory and formal systems	review-of-record entry reached			metadata only; full text not reached
Charles A. Baylis	Victor Lowe. Professor Goodman's concept of an individual. The philosophical review, vol. 62 (1953), pp. 117–126.	1955	20	1	60-60	review	philosophy, language, and inductive logic	review-of-record entry reached			metadata only; full text not reached
Charles A. Baylis	A. J. Ayer. Individuals. Mind, n.s. vol. 61 (1952) pp. 441–457.	1955	20	1	61-61	review	unclassified from title metadata	review-of-record entry reached			metadata only; full text not reached
Charles A. Baylis	A. J. Ayer. Le statut logique des individus. Revue Internationale de philosophie, vol. 7 (1953), pp. 272–273. - Peter A. Carmichael. Professor Ayer on individuals. Analysis (Oxford), vol. 14 no. 2 (1953), pp. 37–42.	1955	20	1	61-61	review	philosophy, language, and inductive logic	review-of-record entry reached			metadata only; full text not reached
John Myhill; W. V. Quine	On Carnap's Views on Ontology.	1955	20	1	61	review	philosophy, language, and inductive logic	review-of-record entry reached			metadata only; full text not reached
John Myhill	W. V. Quine. On Carnap's views on ontology. Philosophical studies, vol. 2 (1951), pp. 65–72.	1955	20	1	61-62	review	philosophy, language, and inductive logic	review-of-record entry reached			metadata only; full text not reached
Alonzo Church	Nelson Goodman. On a pseudo-test of translation. Philosophical studies, vol. 3 (1952), pp. 81–82.	1955	20	1	62-62	review	philosophy, language, and inductive logic	review-of-record entry reached			metadata only; full text not reached
Alonzo Church	Victor Kraft. The Vienna Circle. The origin of neo-positivism. A chapter in the history of recent philosophy. English translation of XVII 62(1) by Arthur Pap. Philosophical Library, New York1953, xii + 209 pp.	1955	20	1	62-63	review	philosophy, language, and inductive logic	review-of-record entry reached			metadata only; full text not reached
A. R. Turquette	George D. W. Berry. Symposium: On the ontological significance of the Löwenheim-Skolem theorem. Academic freedom, logic, and religion (American Philosophical Association, Eastern Division, Volume 2), University of Pennsylvania Press, Philadelphia1953, pp. 39–55.	1955	20	1	63-63	review	model theory and semantics	review-of-record entry reached			metadata only; full text not reached
A. R. Turquette	Frederic B. Fitch. Symposium: Justification in science. Academic freedom, logic, and religion (American Philosophical Association, Eastern Division, Volume 2), University of Pennsylvania Press, Philadelphia1953, pp. 99–107.	1955	20	1	64-65	review	philosophy, language, and inductive logic	review-of-record entry reached			metadata only; full text not reached
A. R. Turquette	John R. Myhill. Symposium: On the ontological significance of the Löwenheim-Skolem theorem. Academic freedom, logic, and religion (American Philosophical Association, Eastern Division, Volume 2), University of Pennsylvania Press, Philadelphia1953, pp. 57–70.	1955	20	1	64-64	review	model theory and semantics	review-of-record entry reached			metadata only; full text not reached
A. R. Turquette	Arthur W. Burks. Symposium: Justification in science. Academic freedom, logic, and religion (American Philosophical Association, Eastern Division, Volume 2), University of Pennsylvania Press, Philadelphia1953, pp. 109–125.	1955	20	1	65-65	review	philosophy, language, and inductive logic	review-of-record entry reached			metadata only; full text not reached
W. Ackermann	Haskell B. Curry. The permutability of rules in the classical inferential calculus. The journal of symbolic logic, Bd. 17 (1952), S. 245–248.	1955	20	1	66-67	review	proof theory and formal systems	review-of-record entry reached			metadata only; full text not reached
William T. Parry	Robert Feys. A simplified proof of the reduction of all modalities to 42 in S3. Boletin de la Sociedad Matemática Mexicana, vol. 10 nos. 1–2 (1953), pp. 53–57.	1955	20	1	66-66	review	propositional, many-valued, and modal logic	review-of-record entry reached			metadata only; full text not reached
A. R. Turquette	Robert Feys. Nature et possibilités de la logique formalisée. Congrès International de Philosophie des Sciences, Paris, 1949, II Logique, Actualités scientifiques et industrielles 1134, Hermann & C1e, Paris, 1951, pp. 69–80. - Robert Feys. La formalisation comme suggestion rigoureuse. Les méthodes formelles en axiomatique, Paris décembre 1950, Colloques intemationaux du Centre National de la Recherche Scientifique no. 36, Paris, 1953, pp. 53–58.	1955	20	1	66-66	review	proof theory and formal systems	review-of-record entry reached			metadata only; full text not reached
P. G. J. Vredenduin	G. F. C. Griss. Logic of negationless intnitionistic mathematics. Koninklijke Nederlandse Akademie van Wetenschappen, Proceedings, series A, vol. 54 (1951), pp. 41–49; also Indagationes mathematicae, vol.13 (1951), pp. 41–49.	1955	20	1	67-68	review	general mathematical logic	review-of-record entry reached			metadata only; full text not reached
Wilhelm Ackermann	Haskell B. Curry. The elimination theorem when modality is present. The journal of symbolic logic, Bd. 17 (1952), S. 249–265.	1955	20	1	67-67	review	propositional, many-valued, and modal logic	review-of-record entry reached			page-verified complete local full text
W. Ackermann	Kurt Schütte. Zur Widerspruchsfreiheit einer typenfreien Logik. Mathematische Annalen, Bd. 125 Heft 4 (1953), S. 394–400.	1955	20	1	67-67	review	unclassified from title metadata	review-of-record entry reached			metadata only; full text not reached
Raymond J. Nelson	G. A. Montgomerie. Sketch for an algebra of relay and contactor circuits. Journal of the Institute of Electrical Engineers, vol. 95 (1948), pp. 303–312.	1955	20	1	68-69	review	unclassified from title metadata	review-of-record entry reached			metadata only; full text not reached
B. Germansky	Hans Rohrbach. Das Axiomensystem van Erhard Schmidt für die Menge der natürlichen Zahlen. Mathematische Nachrichten, vol. 4 (1951), pp. 315–321.	1955	20	1	68-68	review	proof theory and formal systems	review-of-record entry reached			metadata only; full text not reached
Raymond J. Nelson	Claude E. Shannon. The synthesis of two-terminal switching circuits. The Bell System technical journal, vol. 28 (1949), pp. 59–98.	1955	20	1	69-69	review	unclassified from title metadata	review-of-record entry reached			metadata only; full text not reached
Raymond J. Nelson	D. A. Huffman. The synthesis of sequential switching circuits. Journal of the Franklin Institute, vol. 257 (1954), pp. 161–190, 275–303.	1955	20	1	69-70	review	unclassified from title metadata	review-of-record entry reached			metadata only; full text not reached
Raymond J. Nelson	Arthur W. Burks, Don W. Warren, and Jesse B. Wrights. An analysis of a logical machine using parenthesis-free notation. Mathematical tables and other aids to computation, vol. 8 (1954), pp. 53–57.	1955	20	1	70-71	review	computability, recursion, and decidability	review-of-record entry reached			metadata only; full text not reached
Raymond J. Nelson	David Slepian. On the number of symmetry types of Boolean functions of n variables. Canadian journal of mathematics, vol 5 (1953), pp. 135–193. Reprinted in the Bell Telephone System technical publications, monograph 2154.	1955	20	1	70-70	review	unclassified from title metadata	review-of-record entry reached			metadata only; full text not reached
Rózsa Péter	Andrzej Grzegorczyk. Some classes of recursive functions. Rozprawy matematyczne no. 4. Instytut Matematyczny Polskiej Akademii Nauk, Warschau1953, 46 S.	1955	20	1	71-72	review	set theory and foundations	review-of-record entry reached			metadata only; full text not reached
Rózsa Péter	László Kalmár. Az eldöntesprobléma visszavezetése logikai formulák véges halmazon való kielégithetőségének kérdésére (Reduction of the decision problem to the satisfiability question of logical formulae on a finite set). Ungarisch mit russischem Auszug und englischem Auszug. Az Első Magyar Matematikai Kongresszus közleményei 1950. augusztus 27. - szeptember 2. — Comptes rendus du Premier Congrès des Mathématiciens Hongrois 27 août - 2 septembre 1950, publié avec le soutien de l'Académie des Sciences de Hongrie par la Société Mathématique János Bolyai, Budapest1952, S. 163–190.	1955	20	1	72-72	review	model theory and semantics	review-of-record entry reached			metadata only; full text not reached
Alonzo Church	A. A. Markov. Téoriá algorifmov (Az algoritmusok elmélete). Russian, with brief abstract in Hungarian. Az Első Magyar Matematikai Kongresszus közleményei 1950. augusztus 27. - szeptember 2. — Comptes rendus du Premier Congrès des Mathématiciens Hongrois 27 août - 2 septembre 1950, publié avec le soutien de l'Académie des Sciences de Hongrie par la Société Mathématique János Bolyai, Budapest1952, pp. 191–203.	1955	20	1	73-73	review	unclassified from title metadata	review-of-record entry reached			metadata only; full text not reached
Martin Davis	J. C. E. Dekker. Two notes on recursively enumerable sets. Proceedings of the American Mathematical Society, vol. 4 (1953), pp. 495–501.	1955	20	1	73-74	review	computability, recursion, and decidability	review-of-record entry reached			metadata only; full text not reached
John G. Kemeny	Rózsa Péter. Transzfinit rekurziók (a matematika alapjai és a rekurzív függvények) (Transfinite Rekursionen (Grundlagenforschung und rekursive Funktionen)). Hungarian, with brief abstract in Russian and fuller abstract in German. Az Első Magyar Matematikai Kongresszus közleményei 1950. augusztus 27. - szeptember 2. — Comptes rendus du Premier Congrès des Mathématiciens Hongrois 27 août - 2 septembre 1950, publié avec le soutien de l'Académie des Sciences de Hongrie par la Société Mathématique János Bolyai, Budapest1952, pp. 419–428.	1955	20	1	73-73	review	unclassified from title metadata	review-of-record entry reached			metadata only; full text not reached
Andrzej Mostowski	Ú. V. Linnik and N. A. Šanin. Andréj Andréévič Markov. (K pátidésátilétiú so dná roždéniá.)Uspéhi matématičéskih nauk, vol. 9 no. 1 (1954), pp. 145–149 (with portrait opp. p. 145).	1955	20	1	73-73	review	unclassified from title metadata	review-of-record entry reached			metadata only; full text not reached
S. C. Kleene	A. M. Turing. Solvable and unsolvable problems. Science news (Penguin books, Melbourne–London–Baltimore), no. 31 (1954), pp. 7–23.	1955	20	1	74-74	review	unclassified from title metadata	review-of-record entry reached			metadata only; full text not reached
Walter J. Feeney	Trevor Evans. An embedding theorem for semigroups with cancellation. American journal of mathematics, vol. 76 (1954), pp. 399–413.	1955	20	1	74-75	review	proof theory and formal systems	review-of-record entry reached			metadata only; full text not reached
Th. Skolem	Heinrich Behmann. Zu den Parallelreihentransformationen in Schröders “Algebra und Logik der Relative”.Archiv für mathematische Logik und Grundlagenforschung, vol. 1 no. 2 (1951), pp. 52–62; also Archiv für Philosophie, vol. 4 no. 2 (1951), pp. 212–222.	1955	20	1	75-75	review	philosophy, language, and inductive logic	review-of-record entry reached			metadata only; full text not reached
Theodore Hailperin	K. Jaakko J. Hintikka. Distributive normal forms in the calculus of predicates. Acta philosophica fennica, no. 6. Helsinki1953, 71 pp. With separate sheet of Corrections.	1955	20	1	75-76	review	proof theory and formal systems	review-of-record entry reached			metadata only; full text not reached
Solomon Feferman	Hao Wang. Arithmetic models for formal systems. Methodos, vol. 3 (1951), pp. 217–232.	1955	20	1	76-77	review	model theory and semantics	review-of-record entry reached			metadata only; full text not reached
Leon Henkin	H. Rasiowa and R. Sikorski. Algebraic treatment of the notion of satisfiability. Fundamenta mathematicae, vol. 40 (1953), pp. 62–95.	1955	20	1	78-80	review	model theory and semantics	review-of-record entry reached			metadata only; full text not reached
Solomon Feferman	H. Rasiowa. A proof of the compactness theorem for arithmetical classes. Fundamenta mathematicae, vol. 39 (for 1952, pub. 1953), pp. 8–14.	1955	20	1	78-78	review	set theory and foundations	review-of-record entry reached			metadata only; full text not reached
Leon Henkin	H. Rasiowa and R. Sikorski. On existential theorems in non-classical junctional calculi. Fundamenta mathematicae, vol. 41 no. 1 (1954), pp. 21–28.	1955	20	1	80-80	review	proof theory and formal systems	review-of-record entry reached			metadata only; full text not reached
Václav Edvard Beneš	John Myhill. The hypothesis that all classes are nameable. Proceedings of the National Academy of Sciences of the United States of America, vol. 38 (1952), pp. 979–981.	1955	20	1	80-80	review	set theory and foundations	review-of-record entry reached			metadata only; full text not reached
Alfons Borgers	W. Peremans. Metamathematische beschouwingen over de algebra (Metamathematical consideration of algebra). Mimeographed. Mathematisch Centrum, Amsterdam, Rapport ZW1951, 026, 8 pp.	1955	20	1	80-80	review	unclassified from title metadata	review-of-record entry reached			metadata only; full text not reached
Burton Dreben	Frederic B. Fitch. A simplification of basic logic. The journal of symbolic logic, vol. 18 (1953), pp. 317–325. - Frederic B. Fitch. A definition of negation in extended basic logic. The journal of symbolic logic, vol. 19 (1954), pp. 29–36. See Errata, ibid., p. vi.	1955	20	1	81-81	review	general mathematical logic	review-of-record entry reached			metadata only; full text not reached
Burton Dreben	John Myhill. A finitary metalanguage for extended basic logic. The journal of symbolic logic, vol. 17 (1952), pp. 164–178.	1955	20	1	81-81	review	proof theory and formal systems	review-of-record entry reached			page-verified complete local full text
Raphael M. Robinson	Miloš Neubauer. Sur quelques simplifications de la théorie axiomatique d'ensembles de von Neumann (O nékterých zjednodušeních von Neumannovy axiomatické theorie množin). French with brief Czechic résumé. Časopis pro pěstování matematiky a fysiky, vol. 74 (1950), pp. 142–144.	1955	20	1	81-81	review	proof theory and formal systems	review-of-record entry reached			metadata only; full text not reached
William Craig	Theodore Hailperin. Remarks on identity and description in first-order axiom systems. The journal of symbolic logic, vol. 19 (1954), pp. 14–20.	1955	20	1	81-83	review	proof theory and formal systems	review-of-record entry reached			metadata only; full text not reached
Johannes Bendiek	A. N. Prior. The logic of negative terms in Boethius. Franciscan studies, Bd. 13 (1953), S. 1–6. - A. N. Prior. On some consequential in Walter Burleigh. The new scholasticism, Bd. 27 (1953), S. 433–446.	1955	20	1	83-83	review	general mathematical logic	review-of-record entry reached			metadata only; full text not reached
Johannes Bendiek; Jose Ferrater Mora	De Boecio a Alberto de Sajonia: Un Fragmento de Historia de la Logica.	1955	20	1	83	review	unclassified from title metadata	review-of-record entry reached			metadata only; full text not reached
Johannes Bendiek	José Ferrater Mora. De Boecio a Alberto de Sajonia: Un fragmento de historia de la lógica. Imago mundi (Buenos Aires), Bd. 1 Heft 3 (1954), S. 3–22.	1955	20	1	83-83	review	unclassified from title metadata	review-of-record entry reached			metadata only; full text not reached
Alonzo Church	A. H. Basson and D. J. O'Connor. Introduction to symbolic logic. University Tutorial Press Ltd., London1953, viii + 169 pp.	1955	20	1	84-86	review	general mathematical logic	review-of-record entry reached			metadata only; full text not reached
Gert H. Müller	Yuting Shen. Paradox of the class of all grounded classes. The journal of symbolic logic, vol. 18 (1953), p. 114. - Robert L. Stanley. Note on a paradox. The journal of symbolic logic, vol. 18 (1953), p. 233.	1955	20	1	84-84	review	set theory and foundations	review-of-record entry reached			page-verified complete local full text
	Related Citations	1955	20	1	86-89	citation-linkage matter	editorial/association apparatus				metadata only; full text not reached
	Notice of a meeting of the Association for Symbolic Logic	1955	20	1	89-89	meeting/bibliographical notice	editorial/association apparatus				metadata only; full text not reached
E. W. Beth; Robert Feys	The Amsterdam meeting of the Association for Symbolic Logic	1955	20	1	90-94	meeting report	editorial/association apparatus				metadata only; full text not reached
	JSL volume 20 issue 2 Cover and Back matter	1955	20	2	b1-b1	cover/front/back matter	editorial/association apparatus				metadata only; full text not reached
	JSL volume 20 issue 2 Cover and Front matter	1955	20	2	f1-f5	cover/front/back matter	editorial/association apparatus				metadata only; full text not reached
Steven Orey	Formal development of ordinal number theory	1955	20	2	95-104	primary technical publication	set theory and foundations				metadata only; full text not reached
Raymond J. Nelson	Simplest normal truth functions	1955	20	2	105-108	primary technical publication	unclassified from title metadata				metadata only; full text not reached
Bolesław Sobociński	Note on a problem of Paul Bernays	1955	20	2	109-114	primary technical publication	unclassified from title metadata				metadata only; full text not reached
M. H. Löb	Solution of a problem of Leon Henkin	1955	20	2	115-118	primary technical publication	unclassified from title metadata				metadata only; full text not reached
Shen Yuting	Two semantical paradoxes	1955	20	2	119-120	primary technical publication	model theory and semantics				metadata only; full text not reached
Herman Rubin; Patrick Suppes	A note on two-place predicates and fitting sequences of measure functions	1955	20	2	121-122	primary technical publication	general mathematical logic				metadata only; full text not reached
Robert L. Stanley	Simplified foundations for mathematical logic	1955	20	2	123-139	primary technical publication	general mathematical logic				metadata only; full text not reached
Richard Montague	On the paradox of grounded classes	1955	20	2	140-140	primary technical publication	set theory and foundations				page-verified complete local full text
W. V. Quine	A proof procedure for quantification theory	1955	20	2	141-149	primary technical publication	computability, recursion, and decidability				metadata only; full text not reached
Alan Ross Anderson	Correction to a paper on modal logic	1955	20	2	150-150	correction	propositional, many-valued, and modal logic	in-block contemporaneous review entry immediately identified	technical-depth potentially sufficient		page-verified complete local full text
Clifford Spector	Recursive well-orderings	1955	20	2	151-163	primary technical publication	computability, recursion, and decidability				metadata only; full text not reached
Robert McNaughton	Abraham A. Fraenkel. Abstract set theory. Studies in logic and the foundations of mathematics. North-Holland Publishing Company, Amsterdam1953, XII + 479 pp.	1955	20	2	164-165	review	set theory and foundations	review-of-record entry reached			metadata only; full text not reached
Theodore Hailperin	K. Jaakko J. Hintikka. Distributive normal forms in the calculus of predicates. Acta philosophica fennica, no. 6. Helsinki1953, 71 pp.	1955	20	2	164-164	review	proof theory and formal systems	review-of-record entry reached			metadata only; full text not reached
Charles A. Baylis	Henry W. Johnstone Jr. Elementary deductive logic. Thomas Y. Crowell Company, New York1954, viii + 241 pp.	1955	20	2	165-166	review	proof theory and formal systems	review-of-record entry reached			metadata only; full text not reached
A. R. Turquette	A. N. Prior. Negative quantifiers. The Australasian journal of philosophy, vol. 31 (1953), pp. 107–123.	1955	20	2	166-167	review	philosophy, language, and inductive logic	review-of-record entry reached			metadata only; full text not reached
A. R. Turquette	A. N. Prior. Modality de dicto and modality de re. Theoria (Lund), vol. 18 (1952), pp. 174–180.	1955	20	2	167-167	review	propositional, many-valued, and modal logic	review-of-record entry reached			metadata only; full text not reached
A. R. Turquette	Prior A. N.. On propositions neither necessary nor impossible. The journal of symbolic logic, vol. 18 (1953), pp. 105–108.Prior A. N.. In what sense is modal logic many-valued? Analysis (Oxford), vol. 12 no. 6 (1952), pp. 138–143.	1955	20	2	167-168	review	propositional, many-valued, and modal logic	review-of-record entry reached			metadata only; full text not reached
A. R. Turquette	W. V. Quine. Three grades of modal involvement. Actes du XIème Congrès International de Philosophie, Volume XIV, Volume complémentaire et communications du Colloque de Logique, North-Holland Publishing Company, Amsterdam1953, and Éditions E. Nauwelaerts, Louvain 1953, pp. 65–81.	1955	20	2	168-169	review	propositional, many-valued, and modal logic	review-of-record entry reached			metadata only; full text not reached
A. N. Prior	Arata Ishimoto. A set of axioms of the modal proposilional calculus equivalent to S3. The science of thought (Tokyo), no. 1 (1954), pp. 1–11.	1955	20	2	169-169	review	propositional, many-valued, and modal logic	review-of-record entry reached			metadata only; full text not reached
A. N. Prior	Sadeo Shiraishi. The structure of the continuity of psychological experiences and the physical world. The science of thought (Tokyo), no. 1 (1954), pp. 12–24.	1955	20	2	169-170	review	unclassified from title metadata	review-of-record entry reached			metadata only; full text not reached
Nicholas Rescher	Ruth Lydia Saw. Leibniz. With a foreword by A. J. Ayer. Pelican philosophy series. Penguin Books, Harmondsworth, Baltimore, etc., 1954, 240 pp.	1955	20	2	170-171	review	philosophy, language, and inductive logic	review-of-record entry reached			metadata only; full text not reached
A. N. Prior	Shumpei Ueyama. Development of Peirce's theory of logic. The science of thought (Tokyo), no. 1 (1954), pp. 25–32.	1955	20	2	170-170	review	general mathematical logic	review-of-record entry reached			metadata only; full text not reached
Nicholas Rescher	Miguel Sanchez-Mazas. Sobre un pasaje de Aristóteles y el cálculo lógico de Leibniz. Revista de filosofia (Madrid), vol. 10 (1951), pp. 529–534.	1955	20	2	171-172	review	unclassified from title metadata	review-of-record entry reached			metadata only; full text not reached
Nicholas Rescher	R. M. Yost Jr. Leibniz and philosophical analysis. University of California publications in philosophy, vol. 27. University of California Press, Berkeley and Los Angeles1954, xii + 207 pp.	1955	20	2	171-171	review	philosophy, language, and inductive logic	review-of-record entry reached			metadata only; full text not reached
Czesław Lejewski	Antoni Korcik. Przyczynek do historii rachunku zdań (A contribution to the history of prepositional calculus). Polish, with brief abstracts in Russian and in English. Studio logica (Warsaw), vol. 1 (1953), pp. 247–253.	1955	20	2	172-172	review	proof theory and formal systems	review-of-record entry reached			metadata only; full text not reached
Czesław Lejewski	Antoni Korcik. Zdania egzyslencjalne u Arystotelesa (Existential propositions in Aristotle). Polonia sacra (Kraków), vol. 6 no. 1 (1954), pp. 46–50.	1955	20	2	172-172	review	unclassified from title metadata	review-of-record entry reached			metadata only; full text not reached
I. M. Bocheński	Takeo Sugihara. Aristoteles ni okeru tokusyó to huteisyó (Particular and indefinite propositions in Aristotelian logic). Japanese with English summary. Memoirs of the Liberal Arts College, Fukui University, vol. 3 (1954), pp. 77–86.	1955	20	2	172-172	review	general mathematical logic	review-of-record entry reached			metadata only; full text not reached
S. Kuroda	Takeo Sugihara. Brouwer ronrigaku no tachi-ronrigaku-teki tokusei (Many-valued logical characteristics of Brouwerian logic). Kagaku, vol. 21 no. 6 (1951), pp. 294–295.	1955	20	2	172-173	review	propositional, many-valued, and modal logic	review-of-record entry reached			metadata only; full text not reached
Bolesław Sobociński	Jan Łukasiewicz. W sprawie aksjomatyki implikacyjnego rachunku zdań (Concerning an axiom system of the imphcational propositional calculus). VI Zjazd Matematyków Polskich, Warszawa 20-23 IX 1948, supplement to Annates de la Société Polonaise de Mathématique, vol. 22, Kraków1950, pp. 87–92.	1955	20	2	173-174	review	propositional, many-valued, and modal logic	review-of-record entry reached			metadata only; full text not reached
S. Kuroda	Shozo Ômori. Naihó ronrigaku no keiskikika (Formalization of an intensional logic). The proceedings of the Department of Humanities, College of General Education, University of Tokyo, series of philosophy, vol. 3 no. 1 (1953), pp. 129–149.	1955	20	2	173-173	review	philosophy, language, and inductive logic	review-of-record entry reached			metadata only; full text not reached
P. C. Gilmore	Dequoy N.. Axiomatique intuitionniste sans négation de la géométrie projective. Collection de logique mathématique, série A. Offset. Gauthier-Villars, Paris; E. Nauwelaerts, Louvain; 1955, 108 pp.	1955	20	2	174-175	review	proof theory and formal systems	review-of-record entry reached			metadata only; full text not reached
Alonzo Church	Cassina Ugo. Sulla critica di Grandjot all'aritmetica di Peano. Bollettino delta Unione Matematica Italiana, ser. 3 vol. 8 (1953), pp. 442–447.	1955	20	2	175-176	review	unclassified from title metadata	review-of-record entry reached			metadata only; full text not reached
Andrzej Ehrenfeucht	S. V. Áblonskij. O funkcional′noj polnoté v tréhznačnom isčislénii (On functional completeness in the three-valued calculus). Doklady Akadémii Nauk SSSR, vol. 95 (1954), pp. 1153–1155.	1955	20	2	175-175	review	model theory and semantics	review-of-record entry reached			metadata only; full text not reached
Andrzej Ehrenfeucht	S. V. Áblonskij. O supérpoziciáh funkcij algébry logiki (On superpositions of functions of the algebra of logic). Matématičéskij sbornik, n.s. vol. 30 (1952), pp. 329–348.	1955	20	2	175-175	review	general mathematical logic	review-of-record entry reached			metadata only; full text not reached
Norman Shapiro	J. R. Myhill. Three contributions to recursive function theory. Actes du XIème Congrès International de Philosophie, Volume XIV, Volume complémentaire et communications du Colloque de Logique, North-Holland Publishing Company, Amsterdam1953, and Éditions E. Nauwelaerts, Louvain 1953, pp. 50–59.	1955	20	2	176-177	review	computability, recursion, and decidability	review-of-record entry reached			metadata only; full text not reached
Paul Axt	Rózsa Péter. Rekursive Definitionen, wobei frühere Funktionswerte von variabler Anzahl verwendet werden. Publicationes mathematicae (Debrecen), vol. 3 (1953), pp. 33–70.	1955	20	2	176-176	review	unclassified from title metadata	review-of-record entry reached			metadata only; full text not reached
Norman Shapiro	H. G. Rice. Recursive real numbers. Proceedings of the American Mathematical Society, vol. 5 (1954), pp. 784–791.	1955	20	2	177-177	review	computability, recursion, and decidability	review-of-record entry reached			metadata only; full text not reached
Martin Davis	John Myhill. Criteria of construclibility for real numbers. The journal of symbolic logic, vol. 18 (1953), pp. 7–10.	1955	20	2	178-178	review	general mathematical logic	review-of-record entry reached			metadata only; full text not reached
Paul Bernays	John Myhill. On the interpretation of the sign ‘⊃’. The journal of symbolic logic, vol. 18 (1953), pp. 60–62.	1955	20	2	178-179	review	model theory and semantics	review-of-record entry reached			metadata only; full text not reached
Alonzo Church	Leon Henkin. Banishing the rule of substitution for functional variables. The journal of symbolic logic, vol. 18 (1953), pp. 201–208.	1955	20	2	179-180	review	general mathematical logic	review-of-record entry reached			metadata only; full text not reached
Frederic B. Fitch	Alan Rose. The m-valued calculus of non-contradiction. The journal of symbolic logic, vol. 18 (1953), pp. 237–241.	1955	20	2	180-181	review	propositional, many-valued, and modal logic	review-of-record entry reached			metadata only; full text not reached
Andrzej Mostowski	A. S. Ésénin-Vol′pin. Nédokazuémost′ gipotézy Suslina bez pomošči aksiomy vybora v sistémé aksiom Bérnajsa-Mostovskogo (The unprovability of Suslin's hypothesis without the aid of the axiom of choice in the system of axioms of Bernays-Mostowski). Doklady Akadémii Nauk SSSR, vol. 96 (1954), pp. 9–12.	1955	20	2	181-182	review	set theory and foundations	review-of-record entry reached			metadata only; full text not reached
Steven Orey	Václav Edvard Beneš. A partial model for Quine's “New foundations.”The journal of symbolic logic, vol. 19 (1954), pp. 197–200.	1955	20	2	181-181	review	set theory and foundations	review-of-record entry reached			metadata only; full text not reached
Wilhelm Ackermann	Julia Robinson. Existential definability in arithmetic. Transactions of the American Mathematical Society, Bd. 72 (1952), S. 437–449.	1955	20	2	182-183	review	model theory and semantics	review-of-record entry reached			metadata only; full text not reached
Andrzej Mostowski	Leon Henkin. Some interconnections between modern algebra and mathematical logic. Transactions of the American Mathematical Society, vol. 74 (1953), pp. 410–427.	1955	20	2	183-184	review	general mathematical logic	review-of-record entry reached			metadata only; full text not reached
Leon Henkin	E. W. Beth. Sur le parallélisme logico-mathématique. Les méthodes formelles en axiomatique Paris décembre 1950, Colloques internationaux du Centre National de la Recherche Scientifique no. 36, Paris1953, pp. 27–32. - Paul Bernays, E. W. Beth, Abraham Robinson. Discussion. Ibid., pp. 32–33.	1955	20	2	184-185	review	proof theory and formal systems	review-of-record entry reached			metadata only; full text not reached
A. Robinson	W. Peremans. Some theorems on free algebras and on direct products of algebras. Simon Stevin, vol. 29 (1952), pp. 51–59.	1955	20	2	184-184	review	proof theory and formal systems	review-of-record entry reached			metadata only; full text not reached
Leon Henkin	Robinson Abraham. Les rapports entre le calcul déductif et l'interprétation sémantique d'un système axiomatique. Les méthodes formelles en axiomatique Paris décembre 1950, Colloques internationaux du Centre National de la Recherche Scientifique no. 36, Paris 1953, pp. 35–51.Beth E. W., Brouwer L. E. J., Robinson Abraham. Discussion. Les méthodes formelles en axiomatique Paris décembre 1950, Colloques internationaux du Centre National de la Recherche Scientifique no. 36, Paris 1953, pp. 51–52.	1955	20	2	185-186	review	model theory and semantics	review-of-record entry reached			metadata only; full text not reached
Leon Henkin	A. Châtelet. Allocution d'ouverture. Les méthodes formelles en axiomatique Paris décembre 1950, Colloques internationaux du Centre National de la Recherche Scientifique no. 36, Paris1953, p. XIII. - L. E. J. Brouwer. Discours final. Les méthodes formelles en axiomatique Paris décembre 1950, Colloques internationaux du Centre National de la Recherche Scientifique no. 36, Paris1953, p. 75. - Abraham Robinson. On axiomatic systems which possess finite models. Methodos, vol. 3 (1951), pp. 140–149.	1955	20	2	186-186	review	model theory and semantics	review-of-record entry reached			metadata only; full text not reached
Philotheus Boehner	Heinrich Guggenheimer. Ueber ein bemerkenswertes logisches System aus der Antike. Methodos, vol. 3 (1951), pp. 150–164.	1955	20	2	186-187	review	unclassified from title metadata	review-of-record entry reached			metadata only; full text not reached
Leon Henkin	Paul Bernays, E. W. Beth, L. E. J. Brouwer, Jean-Louis Destouches, R. Feys. Discussion générale. Les méthodes formelles en axiomatique Paris décembre 1950, Colloques internationaux du Centre National de la Recherche Scientifique no. 36, Paris1953, pp. 73–74.	1955	20	2	186-186	review	proof theory and formal systems	review-of-record entry reached			metadata only; full text not reached
Carl G. Hempel	Arthur Pap. Reduction-sentences and open concepts. Methodos, vol. 5 (1953), pp. 3–28. - A. Caracciolo and V. Somenzi. Discussione. English. Methodos, vol. 5 (1953), p. 29. - A. Pap. Reply. Methodos, vol. 5 (1953), pp. 29–30.	1955	20	2	187-188	review	unclassified from title metadata	review-of-record entry reached			metadata only; full text not reached
J. F. Thomson	Hans Reichenbach. On observing and perceiving. Philosophical studies, vol. 2 (1951), pp. 92–93.	1955	20	2	188-188	review	philosophy, language, and inductive logic	review-of-record entry reached			metadata only; full text not reached
Abner Shimony	Rudolf Carnap. Meaning postulates. Philosophical studies, vol. 3 (1952), pp. 65–73.	1955	20	2	188-189	review	philosophy, language, and inductive logic	review-of-record entry reached			metadata only; full text not reached
Abner Shimony	John G. Kemeny. A contribution to inductive logic. Philosophy and phenomenological research, vol. 13 no. 3 (1953), pp. 371–374.	1955	20	2	189-189	review	philosophy, language, and inductive logic	review-of-record entry reached			metadata only; full text not reached
Abner Shimony	John G. Kemeny and Paul Oppenheim. Degree of factual support. Philosophy of science, vol. 19 (1952), pp. 307–324.	1955	20	2	190-190	review	philosophy, language, and inductive logic	review-of-record entry reached			metadata only; full text not reached
A. R. Turquette	J. C. C. McKinsey and Patrick Suppes. Philosophy and the axiomatic foundations of physics. Actes du XIème Congrès International de Philosophie, Volume VI, Philosophie et méthodologie des sciences de la nature, North-Holland Publishing Company, Amsterdam1953, and Éditions E. Nauwelaerts, Louvain 1953, pp. 49–54.	1955	20	2	191-192	review	proof theory and formal systems	review-of-record entry reached			metadata only; full text not reached
Carl G. Hempel	Knaus Gerhard. Positivismus und Metaphysik. Studium generale, vol. 7 (1954), pp. 79–85.	1955	20	2	191	review	unclassified from title metadata	review-of-record entry reached			metadata only; full text not reached
Carl G. Hempel	Victor Kraft. Der Positivismus. Studium generale, vol. 7 (1954), pp. 73–79.	1955	20	2	191-191	review	unclassified from title metadata	review-of-record entry reached			metadata only; full text not reached
Carl G. Hempel	Wolfgang Gröbner. Über die gegenwärtige Krise unserer Kultur. Studium generale, vol. 7 (1954), pp. 122–130.	1955	20	2	191-191	review	unclassified from title metadata	review-of-record entry reached			metadata only; full text not reached
Robert Feys	Francesco Barone. Preludi del positivismo logico. Filosofia (Turin) vol. 1 (1950), pp. 373–398.	1955	20	2	192-192	review	unclassified from title metadata	review-of-record entry reached			metadata only; full text not reached
Robert Feys	Francisco Miró Quesada. Esbozo de una teoría generulizada de las propriedades relacionales. Actas del Primer Congreso Nacional de Filosofia, Mendoza, Argentina, Marzo 30-Abril 9, 1949, Mendoza and Buenos Aires1950, pp. 1172–1177.	1955	20	2	192-192	review	unclassified from title metadata	review-of-record entry reached			metadata only; full text not reached
Robert Feys	Horacio Schindler. Filosofia y lógica simbólica. Actas del Primer Congreso Nacional de Filosofia, Mendoza, Argentina, Marzo 30-Abril 9, 1949, Mendoza and Buenos Aires1950, pp. 1233–1236.	1955	20	2	192-192	review	unclassified from title metadata	review-of-record entry reached			metadata only; full text not reached
Alonzo Church	P. T. Geach. On insolubilia. Analysis (Oxford), vol. 15 no. 3 (1955), pp. 71–72.	1955	20	2	192-192	review	unclassified from title metadata	review-of-record entry reached			metadata only; full text not reached
Abraham Kaplan	Yehoshua Bar-Hillel. The present state of research on mechanical translation. American documentation (Cambridge, Mass.), vol. 2 (1951), pp. 229–237. - Yehoshua Bar-Hillel. Some linguistic problems connected with machine translation. Philosophy of science, vol. 20 (1953), pp. 217–225. - Yehoshua Bar-Hillel. A quasi-arithmetical notation for syntactic description. Language, vol. 29 (1953), pp. 47–58. - Yehoshua Bar-Hillel. Can translation be mechanized?American scientist, vol. 42 (1954), pp. 248–260.	1955	20	2	192-194	review	philosophy, language, and inductive logic	review-of-record entry reached			metadata only; full text not reached
Arthur W. Burks	Edmund C. Berkeley. Circuit algebra—Introduction. Photo-offset from typewritten manuscript. Edmund C. Berkeley and Associates, New York1952, i + 34 pp.	1955	20	2	194-195	review	unclassified from title metadata	review-of-record entry reached			metadata only; full text not reached
Raymond J. Nelson	D. E. Muller. Application of Boolean algebra to switching circuit design and to error detection. Transactions of the Institute of Radio Engineers Professional Group on Electronic Computers, vol. EC-3 (1954), pp. 6–12.	1955	20	2	195-195	review	computability, recursion, and decidability	review-of-record entry reached			metadata only; full text not reached
Raymond J. Nelson	E. C. Nelson. An algebraic theory for use in computer design. Transactions of the Institute of Radio Engineers Professional Group on Electronic Computers, vol. EC-3 (1954), pp. 12–21.	1955	20	2	195-195	review	computability, recursion, and decidability	review-of-record entry reached			metadata only; full text not reached
Raymond J. Nelson	Robert S. Ledley. Mathematical foundations and computational methods for a digital logic machine. Journal of the Operations Research Society of America, vol. 2 (1954), pp. 249–274.	1955	20	2	195-197	review	computability, recursion, and decidability	review-of-record entry reached			metadata only; full text not reached
Raymond J. Nelson	H. S. Caldwell. The recognition and identification of symmetric switching functions. Transactions of the American Institute of Electrical Engineers, vol. 73 part I (1954), pp. 142–146. - C. Y. Lee. Switching functions on an n-dimensional cube. Transactions of the American Institute of Electrical Engineers, vol. 73 part I (1954), pp. 289–291.	1955	20	2	197-197	review	unclassified from title metadata	review-of-record entry reached			metadata only; full text not reached
Raymond J. Nelson	Keister William. Thelogic of relay circuits. Transactions of the American Institute of Electrical Engineers, vol. 68 part I (1949),pp. 571–576.Washburn S. H.. Relay “trees” and symmetric circuits. Transactions of the American Institute of Electrical Engineers, vol. 68 part I (1949), pp. 582–586.	1955	20	2	197	review	unclassified from title metadata	review-of-record entry reached			metadata only; full text not reached
Raymond J. Nelson	M. Karnaugh. The map method for synthesis of combinational logic circuits. Transactions of the American Institute of Electrical Engineers, vol. 72 part I (1953), pp. 593–598.	1955	20	2	197-197	review	general mathematical logic	review-of-record entry reached			metadata only; full text not reached
	Related Citations	1955	20	2	198-199	citation-linkage matter	editorial/association apparatus				metadata only; full text not reached
William Craig	Eighteenth meeting of the Association for Symbolic Logic	1955	20	2	200-205	meeting report	editorial/association apparatus				metadata only; full text not reached
	Notice of a meeting of the Association for Symbolic Logic	1955	20	2	205-206	meeting/bibliographical notice	editorial/association apparatus				metadata only; full text not reached
	Institutional contributing subscribers to the Journal	1955	20	2	206-206	association record	editorial/association apparatus				metadata only; full text not reached
	JSL volume 20 issue 3 Cover and Front matter	1955	20	3	f1-f2	cover/front/back matter	editorial/association apparatus				metadata only; full text not reached
J. A. Faris	The gergonne relations	1955	20	3	207-231	primary technical publication	unclassified from title metadata				metadata only; full text not reached
Raymond J. Nelson	Weak simplest normal truth functions	1955	20	3	232-234	primary technical publication	unclassified from title metadata				metadata only; full text not reached
Lars Svenonius	Definability and simplicity	1955	20	3	235-250	primary technical publication	model theory and semantics				metadata only; full text not reached
R. Sherman Lehman	On confirmation and rational betting	1955	20	3	251-262	primary technical publication	philosophy, language, and inductive logic				metadata only; full text not reached
John G. Kemeny	Fair bets and inductive probabilities	1955	20	3	263-273	primary technical publication	philosophy, language, and inductive logic				metadata only; full text not reached
Gert Heinz Müller	Rudolf Carnap. Einführung in die symbolische Logik mit besonderer Berücksichtigung ihrer Anwendungen. Springer-Verlag, Wien1954, X + 209 S.	1955	20	3	274-277	review	unclassified from title metadata	review-of-record entry reached			metadata only; full text not reached
Wilhelm Ackermann	Kurt Schütte. Ein widerspruchsloses System der Analysis auf typenfreier Grundlage. Mathematische Zeitschrift, Bd. 61 (1954), S. 160–179.	1955	20	3	277-278	review	unclassified from title metadata	review-of-record entry reached			metadata only; full text not reached
Th. Skolem	Karl Egil Aubert. Om presisering og generalisering av relasjonsbegrepet (An exact account and a generalization of the concept of relation). Norsk matematisk tidsskrift, vol. 30 (1948), pp. 33–53.	1955	20	3	278-279	review	unclassified from title metadata	review-of-record entry reached			metadata only; full text not reached
William Craig	Wolfram Schwabhäuser. Zur Definition des geordneten Paares von Mengen beliebiger Stufe. Mathematische Nachrichten, vol. 11 (1954), pp. 81–84.	1955	20	3	278-278	review	unclassified from title metadata	review-of-record entry reached			metadata only; full text not reached
Paul R. Halmos	Abraham Robinson. Théorie métamathématique des idéaux. Collection de logique mathématique, série A. Dactyl-offset. Gauthier-Villars, Paris; E. Nauwelaerts, Louvain; 1955, 186 pp.	1955	20	3	279-281	review	unclassified from title metadata	review-of-record entry reached			metadata only; full text not reached
Leon Henkin	Ladislav Rieger. 0 sčétnyh obobščénnyh σ-algébrah i novom dokazatélstvé téorémy Gédéla o polnoté. Časopis pro pěstováni matematiky a fysiky (Čéhoslovackij matématičéskij žurnal), vol. 1 (76) no. 1 (1951), pp. 33–49. - Ladislav Rieger. On countable generalised σ-algebras, with a new proof of Gödel's completeness theorem. English translation of the preceding. Czechoslovak mathematical journal, vol. 1 (76) no. 1 (1951), pp. 29–40.	1955	20	3	281-282	review	model theory and semantics	review-of-record entry reached			metadata only; full text not reached
Leon Henkin	Günter Asser. Eine semantische Charakterisierung der deduktiv abgeschlossenen Mengen des Prädikatenkalküls der ersten Stufe. Zeitschrift für mathematische Logik und Grundlagen der Mathematik (Berlin), vol. 1 (1955), pp. 3–28.	1955	20	3	282-282	review	unclassified from title metadata	review-of-record entry reached			metadata only; full text not reached
Paul Axt	Rózsa Péter. Ein neuer Beweis für die Tatsache, dass die Klasse der primitivrekursiven Funktionen umfassender als die Klasse der elementaren Funktionen ist. Zeitschrift für mathematische Logik und Grundlagen der Mathematik (Berlin), vol. 1 (1955), pp. 29–36.	1955	20	3	282-283	review	unclassified from title metadata	review-of-record entry reached			metadata only; full text not reached
Gene F. Rose	Jan Kalicki. An undecidable problem in the algebra of truth-tables. The journal of symbolic logic, vol. 19 (1954), pp. 172–176.	1955	20	3	283-284	review	computability, recursion, and decidability	review-of-record entry reached			metadata only; full text not reached
Martin Davis	Werner Markwald. Zur Theorie der konstruktiven Wohlordnungen. Mathematische Annalen, vol. 127 (1954), pp. 135–149.	1955	20	3	283-283	review	unclassified from title metadata	review-of-record entry reached			metadata only; full text not reached
John G. Kemeny	János Surányi. Halmazok véges osztályainak szerkezetéről (Sur la structure des classes finies d'ensembles). Hungarian, with abstracts in Russian and French. Az Első Magyar Matematikai Kongresszus közleményei 1950. augusztus 27.-szeptember 2. – Comptes rendus du Premier Congrès des Mathématiciens Hongrois 21 août-2 septembre 1950, publié avec le soutien de l'Académie des Sciences de Hongrie par la Société Mathématique János Bolyai, Budapest1952, pp. 401–407.	1955	20	3	284-285	review	set theory and foundations	review-of-record entry reached			metadata only; full text not reached
John Myhill	Theodore Hailperin. Quantification theory and empty individual domains. The journal of symbolic logic, vol. 18 (1953), pp. 197–200. - W.V. Quine. Quantification and the empty domain. Ibid., vol. 19 (1954), pp. 177–179.	1955	20	3	284-284	review	general mathematical logic	review-of-record entry reached			metadata only; full text not reached
Alonzo Church	Motinori Gotô. Application of logical mathematics to the theory of relay networks. The Japan science review, vol. 1 no. 3 (1950), pp. 35–42.	1955	20	3	285-286	review	general mathematical logic	review-of-record entry reached			metadata only; full text not reached
Alonzo Church	U. Farinelli and A. Gamba. Physics and mathematical logic. Il nuovo cimento, ser. 10 vol. 1 (1955), pp. 1152–1158.	1955	20	3	285-285	review	general mathematical logic	review-of-record entry reached			metadata only; full text not reached
Alonzo Church	Edmund C. Berkeley. The algebra of states and events. The scientific monthly, vol. 78 (1954), pp. 232–242.	1955	20	3	286-287	review	unclassified from title metadata	review-of-record entry reached			metadata only; full text not reached
Alfons Borgers	Edmund C. Berkeley. Symbolic logic. Twenty problems and solutions. Photo-offset from typewritten manuscript. Edmund C. Berkeley and Associates, New York1952, ii + 28 pp.	1955	20	3	287-288	review	general mathematical logic	review-of-record entry reached			metadata only; full text not reached
Joshua Barlaz	D. Shulz. (Mathematics, its nature and methods). Hatteva' wehaaretz, vol. 7 (1947), pp. 184–185. - D. Shoulz. (The new mathematics). Hatteva' wehaaretz, vol. 7 (1947), pp. 286–290. - D. Schultz. (Ways of thinking in natural sciences). Hatteva' wehaaretz, vol. 8 (1950), pp. 407–408.	1955	20	3	288-288	review	unclassified from title metadata	review-of-record entry reached			metadata only; full text not reached
A. R. Turquette	E. R. Stabler. An introduction to mathematical thought. Addison-Wesley Publishing Company, Inc., Cambridge, Mass., 1953, xviii + 268 pp.	1955	20	3	288-289	review	unclassified from title metadata	review-of-record entry reached			metadata only; full text not reached
Frederic B. Fitch	Hao Wang. Quelques notions d'axioniatique. Revue philosophique de Louvain, vol. 51 (1953), pp. 409–443.	1955	20	3	289-289	review	philosophy, language, and inductive logic	review-of-record entry reached			metadata only; full text not reached
Frederic B. Fitch	Charles K. Davenport. The role of graphical methods in the history of logic. Methodos, vol. 4 (1952), pp. 145–164.	1955	20	3	290-290	review	philosophy, language, and inductive logic	review-of-record entry reached			metadata only; full text not reached
Frederic B. Fitch	Leonard Linsky. Description and the antinomy of the name-relation. Mind, n.s. vol. 61 (1952), pp. 273–275.	1955	20	3	290-291	review	unclassified from title metadata	review-of-record entry reached			metadata only; full text not reached
Frederic B. Fitch	Yehoshua Bar-Hillel. Logical syntax and semantics. Language, vol. 30 (1954), pp. 230–237.	1955	20	3	290-290	review	model theory and semantics	review-of-record entry reached			metadata only; full text not reached
Steven Orey	Margaret Macdonald. Introduction. Philosophy and analysis, A selection of articles published in Analysis between 1933–40 and 1947–53, edited by Margaret Macdonald; Basil Blackwell, Oxford1954, and Philosophical Library, New York 1954; pp. 1–14. - A. M. MacIver. Demonstratives and proper names. A reprint of XII 104(4). Philosophy and analysis, A selection of articles published in Analysis between 1933–40 and 1947–53, edited by Margaret Macdonald; Basil Blackwell, Oxford1954, and Philosophical Library, New York 1954; pp. 26–32. - P. T. Geach. Russell's theory of descriptions. A reprint of XV 217(1). Philosophy and analysis, A selection of articles published in Analysis between 1933–40 and 1947–53, edited by Margaret Macdonald; Basil Blackwell, Oxford1954, and Philosophical Library, New York 1954; pp. 32–36. - Nathaniel Lawrence. Heterology and hierarchy. A reprint of XV 216(3). Philosophy and analysis, A selection of articles published in Analysis between 1933–40 and 1947–53, edited by Margaret Macdonald; Basil Blackwell, Oxford1954, and Philosophical Library, New York 1954; pp. 37–45.	1955	20	3	291-292	review	philosophy, language, and inductive logic	review-of-record entry reached			metadata only; full text not reached
Frederic B. Fitch	Neil L. Wilson. In defense of proper names. Philosophical studies, vol. 4 (1953), pp. 72–78.	1955	20	3	291-291	review	philosophy, language, and inductive logic	review-of-record entry reached			metadata only; full text not reached
Steven Orey	Gilbert Ryle. Heterologicality. Philosophy and analysis, A selection of articles published in Analysis between 1933–40 and 1947–53, edited by Margaret Macdonald; Basil Blackwell, Oxford1954, and Philosophical Library, New York 1954; pp. 45–53. (Reprinted from Analysis, vol. 11 no. 3 (1951), pp. 61–69.)	1955	20	3	292-292	review	philosophy, language, and inductive logic	review-of-record entry reached			metadata only; full text not reached
Steven Orey	Leon Bowden. Heterologicality. Analysis (Oxford), vol. 12 no. 4 (1952), pp. 77–81.	1955	20	3	292-292	review	unclassified from title metadata	review-of-record entry reached			metadata only; full text not reached
Rulon Wells	Hilary Putnam. Synonymity, and the analysis of belief sentences. Analysis (Oxford), vol. 14 no. 5 (1954), pp. 114–122.	1955	20	3	293-294	review	unclassified from title metadata	review-of-record entry reached			metadata only; full text not reached
Steven Orey	J. L. Mackie and J. J. C. Smart. A variant of the ‘heterological’ paradox. A further note. Analysis (Oxford), vol. 14 no. 6 (1954), pp. 146–149.	1955	20	3	293-293	review	proof theory and formal systems	review-of-record entry reached			metadata only; full text not reached
Steven Orey	J. L. Mackie and J. J. C. Smart. A variant of the ‘heterological’ paradox. Analysis (Oxford), vol. 13 no. 3 (1953) pp. 61–65.	1955	20	3	293-293	review	proof theory and formal systems	review-of-record entry reached			metadata only; full text not reached
Steven Orey	J. N. Killalea. Primeness and heterologicality. Analysis (Oxford), vol. 14 no. 1 (1953), pp. 20–24.	1955	20	3	293-293	review	unclassified from title metadata	review-of-record entry reached			metadata only; full text not reached
Steven Orey	P. T. Landsberg. Paradoxes in n-valued logics. Analysis (Oxford), vol. 15 no. 1 (1954), pp. 14–16.	1955	20	3	293-293	review	propositional, many-valued, and modal logic	review-of-record entry reached			metadata only; full text not reached
Rulon Wells	Alonzo Church. Intensional isomorphism and identity of belief. Philosophical studies, vol. 5 (1954), pp. 65–73.	1955	20	3	294-295	review	philosophy, language, and inductive logic	review-of-record entry reached			metadata only; full text not reached
Rulon Wells	Wilfrid Sellars. Putnam on synonymity and belief. Analysis (Oxford), vol. 15 no. 5 (1955), pp. 117–120.	1955	20	3	295-295	review	unclassified from title metadata	review-of-record entry reached			metadata only; full text not reached
Rulon Wells	Alonzo Church. On Carnap's analysis of statements of assertion and belief. A reprint of XVI 76(3). Philosophy and analysis, A selection of articles published in Analysis between 1933-40 and 1947-53, edited by Margaret Macdonald; Basil Blackwell, Oxford1954, and Philosophical Library, New York 1954; pp. 125–128. - Rudolf Carnap. On belief sentences. Reply to Alonzo Church. Philosophy and analysis, A selection of articles published in Analysis between 1933-40 and 1947-53, edited by Margaret Macdonald; Basil Blackwell, Oxford1954, and Philosophical Library, New York 1954; pp. 128–131.	1955	20	3	296-296	review	philosophy, language, and inductive logic	review-of-record entry reached			metadata only; full text not reached
Rulon Wells	Arthur Pap. Belief, synonymity, and analysis. Philosophical studies, vol. 6 (1955), pp. 11–15.	1955	20	3	296-296	review	philosophy, language, and inductive logic	review-of-record entry reached			metadata only; full text not reached
Rulon Wells; Rudolf Carnap	Meaning and Synonymy in Natural Languages.	1955	20	3	296	review	philosophy, language, and inductive logic	review-of-record entry reached			metadata only; full text not reached
Rulon Wells	Rudolf Carnap. Meaning and synonymy in natural languages. Philosophical studies, vol. 6 (1955), pp. 33–47.	1955	20	3	296-297	review	philosophy, language, and inductive logic	review-of-record entry reached			metadata only; full text not reached
Alice Ambrose	Austin Duncan-Jones. Fugitive propositions. A reprint of XV 151(1). Philosophy and analysis, A selection of articles published in Analysis between 1933-40 and 1947-53, edited by Margaret Macdonald; Basil Blackwell, Oxford1954, and Philosophical Library, New York 1954; pp. 166–168. - Patrick Nowell Smith. Fugitive propositions. Philosophy and analysis, A selection of articles published in Analysis between 1933-40 and 1947-53, edited by Margaret Macdonald; Basil Blackwell, Oxford1954, and Philosophical Library, New York 1954, pp. 168–172. (Reprinted from Analysis, vol. 10 no. 5 (1950), pp. 100–103.)	1955	20	3	297-297	review	philosophy, language, and inductive logic	review-of-record entry reached			metadata only; full text not reached
Alice Ambrose	Bernard Mayo. Events and language. Philosophy and analysis, A selection of articles published in Analysis between 1933-40 and 1947-53, edited by Margaret Macdonald; Basil Blackwell, Oxford1954, and Philosophical Library, New York 1954; pp. 173–180. (Reprinted from Analysis, vol. 10 no. 5 (1950), pp. 109–115.)	1955	20	3	297-297	review	philosophy, language, and inductive logic	review-of-record entry reached			metadata only; full text not reached
Alice Ambrose	L. Jonathan Cohen. Tense usage and propositions. Philosophy and analysis, A selection of articles published in Analysis between 1933-40 and 1947-53, edited by Margaret Macdonald; Basil Blackwell, Oxford1954, and Philosophical Library, New York 1954; pp. 180–188. (Reprinted from Analysis, vol. 11 no. 4 (1951), pp. 80–87.)	1955	20	3	297-298	review	philosophy, language, and inductive logic	review-of-record entry reached			metadata only; full text not reached
Alice Ambrose	Patrick Nowell Smith. Postscript (1954). Philosophy and analysis, A selection of articles published in Analysis between 1933-40 and 1947-53, edited by Margaret Macdonald; Basil Blackwell, Oxford1954, and Philosophical Library, New York 1954; pp. 172–173.	1955	20	3	298-299	review	philosophy, language, and inductive logic	review-of-record entry reached			metadata only; full text not reached
Alice Ambrose	A. M. MacIver. Some questions about ‘know’ and ‘think.’ A reprint of III 158(2). Philosophy and analysis, A selection of articles published in Analysis between 1933-40 and 1947-53, edited by Margaret Macdonald; Basil Blackwell, Oxford1954, and Philosophical Library, New York 1954; pp. 88–96. - Austin Duncan-Jones. Further questions about ‘know’ and ‘think.’ A reprint of IV 37(9). Philosophy and analysis, A selection of articles published in Analysis between 1933-40 and 1947-53, edited by Margaret Macdonald; Basil Blackwell, Oxford1954, and Philosophical Library, New York 1954; pp. 96–106. - A. M. MacIver. Reply to Mr. Duncan-Jones. A reprint of IV 37(11). Philosophy and analysis, A selection of articles published in Analysis between 1933-40 and 1947-53, edited by Margaret Macdonald; Basil Blackwell, Oxford1954, and Philosophical Library, New York 1954; pp. 106–108. - Max Black. Saying and disbelieving. Philosophy and analysis, A selection of articles published in Analysis between 1933-40 and 1947-53, edited by Margaret Macdonald; Basil Blackwell, Oxford1954, and Philosophical Library, New York 1954; pp. 109–119. (Reprinted from Analysis, vol. 13 no. 2 (1952), pp. 25–33.) - J. O. Urmson. Two of the senses of ‘probable.’ A reprint of XIII 176(13). Philosophy and analysis, A selection of articles published in Analysis between 1933-40 and 1947-53, edited by Margaret Macdonald; Basil Blackwell, Oxford1954, and Philosophical Library, New York 1954; pp. 191–199. - C. H. Whiteley. More about probability. A reprint of XIII 176(15). Philosophy and analysis, A selection of articles published in Analysis between 1933-40 and 1947-53, edited by Margaret Macdonald; Basil Blackwell, Oxford1954, and Philosophical Library, New York 1954; pp. 199–204. - Stuart Hampshire. Subjunctive conditionals. A reprint of XIV 203(2). Philosophy and analysis, A selection of articles published in Analysis between 1933-40 and 1947-53, edited by Margaret Macdonald; Basil Blackwell, Oxford1954, and Philosophical Library, New York 1954; pp. 204–210. - David Pears. Hypotheticals. A reprint of XV 215(3). Philosophy and analysis, A selection of articles published in Analysis between 1933-40 and 1947-53, edited by Margaret Macdonald; Basil Blackwell, Oxford1954, and Philosophical Library, New York 1954; pp. 210–226. - William Kneale. Natural laws and contrary-to-fact conditionals. A reprint of XVI 64(1). Philosophy and analysis, A selection of articles published in Analysis between 1933-40 and 1947-53, edited by Margaret Macdonald; Basil Blackwell, Oxford1954, and Philosophical Library, New York 1954; pp. 226–231. - C. Lewy. Truth and significance. A reprint of XIII 125(3). Philosophy and analysis, A selection of articles published in Analysis between 1933-40 and 1947-53, edited by Margaret Macdonald; Basil Blackwell, Oxford1954, and Philosophical Library, New York 1954; pp. 242–245. - Max Black. The semantic definition of truth. A reprint of XIII 150. Philosophy and analysis, A selection of articles published in Analysis between 1933-40 and 1947-53, edited by Margaret Macdonald; Basil Blackwell, Oxford1954, and Philosophical Library, New York 1954; pp. 245–260.	1955	20	3	299-299	review	model theory and semantics	review-of-record entry reached			metadata only; full text not reached
Alice Ambrose	Frank B. Ebersole. Verb tenses as expressors and indicators. Analysis (Oxford), vol. 12 no. 5 (1952), pp. 101–113.	1955	20	3	299-301	review	unclassified from title metadata	review-of-record entry reached			metadata only; full text not reached
Alice Ambrose	P. F. Strawson. Truth. A reprint of XV 215(2). Philosophy and analysis, A selection of articles published in Analysis between 1933-40 and 1947-53, edited by Margaret Macdonald; Basil Blackwell, Oxford1954, and Philosophical Library, New York 1954; pp. 260–277.	1955	20	3	299-299	review	philosophy, language, and inductive logic	review-of-record entry reached			metadata only; full text not reached
A. U. Turquette	Gilbert Ryle. Formal and informal logic. Dilemmas, The Tamer lectures 1953, by Gilbert Ryle, Cambridge University Press1954, pp. 111–129.	1955	20	3	301-302	review	general mathematical logic	review-of-record entry reached			metadata only; full text not reached
Alonzo Church	K. Baier. Contradiction and absurdity. Analysis (Oxford), vol. 15 no. 2 (1954), pp. 31–40. [Cf. XX 299(4).] - D. J. O'Connor. Incompatible properties. Analysis (Oxford), vol. 15 no. 5 (1955), pp. 109–117. - D. G. Brown. Misconceptions of inference. Analysis (Oxford), vol. 15 no. 6 (1955), pp. 135–144.	1955	20	3	301-301	review	proof theory and formal systems	review-of-record entry reached			metadata only; full text not reached
Alice Ambrose	L. Jonathan Cohen. Postscript (1954). Philosophy and analysis, A selection of articles published in Analysis between 1933-40 and 1947-53, edited by Margaret Macdonald; Basil Blackwell, Oxford1954, and Philosophical Library, New York 1954; pp. 188–190.	1955	20	3	301-301	review	philosophy, language, and inductive logic	review-of-record entry reached			metadata only; full text not reached
Naoto Yonemitsu	Alan Ross Anderson. Improved decision procedures for Lewis's calculus S4 and von Wright's calculus M. The journal of symbolic logic, vol. 19 (1954), pp. 201–214. - Alan Ross Anderson. Correction to a paper on modal logic. The journal of symbolic logic, vol. 20 (1955), p. 150. - Alan Ross Anderson. On alternative formulations of a modal system of Feysvon Wright. The journal of computing systems, vol. 1 no. 4 (1954), pp. 211–212.	1955	20	3	302-303	review	computability, recursion, and decidability	review-of-record entry reached			partial local page image; p. 302 reached, p. 303 not reached
Nicholas Rescher	Mary Prior and Arthur Prior. Erotetic logic. The philosophical review, vol. 64 (1955), pp. 43–59.	1955	20	3	302-302	review	philosophy, language, and inductive logic	review-of-record entry reached			metadata only; full text not reached
Gene F. Rose	Bolesław Sobociński. Axiomatization of a conjunctive-negative calculus of propositions. The journal of computing systems, vol. 1 no. 4 (1954), pp. 229–242.	1955	20	3	303-304	review	computability, recursion, and decidability	review-of-record entry reached			metadata only; full text not reached
Alan Ross Anderson	Takeo Sugihara. Strict implication free from implicational paradoxes. Memoirs of the Faculty of Liberal Arts, Fukui University, ser. 1 no. 4 (1955), pp. 55–59.	1955	20	3	303-303	review	propositional, many-valued, and modal logic	review-of-record entry reached			metadata only; full text not reached
Alonzo Church	Anonymous. Problemas de “Theoria.” Problema n.° I.Theoria (Madrid), vol. 1 no. 1 (1952), p. 7.	1955	20	3	304-304	review	unclassified from title metadata	review-of-record entry reached			metadata only; full text not reached
John G. Kemeny	Karl R. Popper. Degree of confirmation. The British journal for the philosophy of science, vol. 5 (1954–1955), pp. 143–149. - K. R. Popper. Errata and corrigenda. The British journal for the philosophy of science, vol. 5 (1954–1955), p. 359.	1955	20	3	304-305	review	philosophy, language, and inductive logic	review-of-record entry reached			metadata only; full text not reached
	Related Citations	1955	20	3	305-308	citation-linkage matter	editorial/association apparatus				metadata only; full text not reached
	List of officers and members of the Association for Symbolic Logic	1955	20	3	309-318	association record	editorial/association apparatus				metadata only; full text not reached
	JSL volume 20 issue 4 Cover and Front matter	1955	20	4	f1-f2	cover/front/back matter	editorial/association apparatus				metadata only; full text not reached
	Index of reviews	1955	20	4	319-334	review index	editorial/association apparatus				metadata only; full text not reached
	Index of reviews by subjects	1955	20	4	335-367	review index	editorial/association apparatus				metadata only; full text not reached
