author	exact_title	publication_year	volume	issue	pages	document_type	subfield	contemporaneous_review_status	technical_depth_availability	target_line_exclusion_status	full_text_status
Theodore Hailperin	A set of axioms for logic	1944	9	1	1-19	primary technical publication	set theory and foundations	in-block contemporaneous review entry immediately identified			metadata only; full text not reached
Evert Beth	J. Hessing. Logica als leer van zuivere rede. Eerste deel: Inleiding. (Logik als Lehre reiner Vernunft. Erster Teil: Einführung.) Bussum1941, VIII + 256 S.	1944	9	1	20-20	review	unclassified from title metadata	review-of-record entry reached			metadata only; full text not reached
Paul Bernays	Karl Schröter. Ein allgemeiner Kalkülbegriff. Forschungen zur Logik und zur Grundlegung der exakten Wissenschaften, new series, no. 6. Leipzig1941, 43 pp.	1944	9	1	20-20	review	unclassified from title metadata	review-of-record entry reached			metadata only; full text not reached
Evert Beth	Pieter Talma. Logica en logisliek (Logik und Logistik). Roeping, Bd. 21 Heft 2 (Febr. 1943), S. 77–87.	1944	9	1	20-21	review	general mathematical logic	review-of-record entry reached			metadata only; full text not reached
Rózsa Péter	Bedřich Pospfšil. Von den Verteilungen auf Booleschen Ringen. Mathematische Annalen, Bd. 118 (1941), S. 32–40.	1944	9	1	21-22	review	unclassified from title metadata	review-of-record entry reached			metadata only; full text not reached
Evert Beth	D. Van Dantzig. A remark and a problem concerning the intuitionistic form of Cantor's intersection theorem. Nedertandsche Akademie van Wetenschappen, Proceedings of the section of sciences, Bd. 45 Heft 4 (1942), S. 374–375; auch: Indagationes mathematicae, Bd. 4 Heft 2, S. 147-148.	1944	9	1	21-21	review	propositional, many-valued, and modal logic	review-of-record entry reached			metadata only; full text not reached
Rózsa Péter	Th. Skolem. Einfacher Beweis der Unmöglichkeit eines allgemeinen Lösungsverfahrens für arithmetische Probleme. Det Kongelige Norske Videnskabers Selskab, Forhandlinger, Bd. 13 (1940), S. 1–4.	1944	9	1	21-21	review	unclassified from title metadata	review-of-record entry reached			metadata only; full text not reached
Rózsa Péter	János Surányi. A logikai függvénykalkulus eldöntés-problémájának redukciójáról (Zur Reduktion des Entscheidungsproblems des logischen Funktionenkalkuls). Ungarisch mit deutschem Auszug. Matematikai és fizikai lapok, Bd. 50 (1943), S. 51–74.	1944	9	1	22-24	review	unclassified from title metadata	review-of-record entry reached			metadata only; full text not reached
Rózsa Péter	László Kalmár. A matematikai exaktság fejlödése a szemlélettöl az axiomatikus módszerig (Die Entwicklung der mathematischen Exaktheit von der Anschauung bis zur axiomatischen Methode). Ungarisch. A másik ember felé, az Exodus munkaközösség dolgozatai, 1942, S. 39–58.	1944	9	1	24-25	review	proof theory and formal systems	review-of-record entry reached			metadata only; full text not reached
Rózsa Péter	László Kalmár. Egyszeril példa eldönthetetlen aritmetikai problémára (Ein einfaches Beispiel für ein unentscheidbares arithmetisches Problem). Ungarisch mit deutschem Auszug. Ebd., S. 1–23.	1944	9	1	24-24	review	unclassified from title metadata	review-of-record entry reached			metadata only; full text not reached
Author abstract	G. H. Von Wright. Den logiska empirismen. En huvudrikining i modern filosofi. (Logical empiricism. A leading movement in modern philosophy.)Helsingfors1943, 188 pp.	1944	9	1	25-26	review	philosophy, language, and inductive logic	review-of-record entry reached			metadata only; full text not reached
Charles A. Baylis	John R. Reid. Analytic statements in semiosis. Mind, n.s. vol. 52 (1943), pp. 314–330.	1944	9	1	26-27	review	unclassified from title metadata	review-of-record entry reached			metadata only; full text not reached
Everett J. Nelson	Max Black. The analysis of a simple necessary statement. The journal of philosophy, vol. 40 (1943), pp. 39–46.	1944	9	1	27-28	review	philosophy, language, and inductive logic	review-of-record entry reached			metadata only; full text not reached
Alonzo Church	C. I. Lewis. The modes of meaning. English with Spanish abstract. Philosophy and phenomenological research, vol. 4 no. 2 (1943), pp. 236–250.	1944	9	1	28-29	review	philosophy, language, and inductive logic	review-of-record entry reached			metadata only; full text not reached
Frederic B. Fitch	David L. Miller. Meaning and verification. The philosophical review, vol. 52 (1943), pp. 604–609.	1944	9	1	30-30	review	philosophy, language, and inductive logic	review-of-record entry reached			metadata only; full text not reached
Frederic B. Fitch	Homer H. Dubs. Definition and its problems. The philosophical review, vol. 52 (1943), pp. 566–577.	1944	9	1	30-30	review	philosophy, language, and inductive logic	review-of-record entry reached			metadata only; full text not reached
P. Lagerström	J. C. C. McKinsey. The decision problem for some classes of sentences without quantifiers. The journal of symbolic logic, vol. 8 (1943), pp. 61–76.	1944	9	1	30-31	review	set theory and foundations	review-of-record entry reached			metadata only; full text not reached
H. E. Vaughan	E. T. Bell. Polynomials on a finite discrete range. Duke mathematical journal, vol. 10 (1943), pp. 33–47.	1944	9	1	31-31	review	unclassified from title metadata	review-of-record entry reached			metadata only; full text not reached
	Related Citations	1944	9	1	31-31	citation-linkage matter	editorial/association apparatus				metadata only; full text not reached
	Elections	1944	9	1	32-32	association record	editorial/association apparatus				metadata only; full text not reached
	Institutional contributing subscribers to the Journal	1944	9	1	32-32	association record	editorial/association apparatus				metadata only; full text not reached
	Errata	1944	9	1		cover/front/back matter	editorial/association apparatus				metadata only; full text not reached
	JSL volume 9 issue 1 Cover and Front matter and Errata	1944	9	1	f1-f5	cover/front/back matter	editorial/association apparatus				metadata only; full text not reached
R. L. Goodstein	On the restricted ordinal theorem	1944	9	2	33-41	primary technical publication	set theory and foundations	in-block contemporaneous review entry immediately identified			metadata only; full text not reached
J. C. C. McKinsey	On the number of complete extensions of the Lewis systems of sentential calculus	1944	9	2	42-45	primary technical publication	proof theory and formal systems	in-block contemporaneous review entry immediately identified			metadata only; full text not reached
Ernest Nagel	Alice Ambrose. Self-contradictory suppositions. Mind, n.s. vol. 53 (1944), pp. 48–59.	1944	9	2	46-47	review	unclassified from title metadata	review-of-record entry reached			metadata only; full text not reached
Ernest Nagel	Reviews - Everett W. Hall. The extra-linguistic reference of language. Mind, n.s. vol. 52 (1943), pp. 230–246, and n.s. vol. 53 (1944), pp. 25–47.	1944	9	2	46-46	review	philosophy, language, and inductive logic	review-of-record entry reached			metadata only; full text not reached
Max Black	Carl G. Hempel. A purely syntactical definition of confirmation. The journal of symbolic logic, vol. 8 (1943), pp. 122–143.	1944	9	2	47-47	review	philosophy, language, and inductive logic	review-of-record entry reached			metadata only; full text not reached
Oybtein Ore	N. Dunford and M. H. Stone. On the representation theorem for Boolean algebras.Revista de ciencias (Lima), vol. 43 no. 437 (1941), pp. 447–453.	1944	9	2	47-47	review	algebraic logic	review-of-record entry reached			metadata only; full text not reached
Alonzo Church	Alf Ross. Imperatives and logic. Philosophy of science, vol. 11 (1944), pp. 30–46.	1944	9	2	48-48	review	philosophy, language, and inductive logic	review-of-record entry reached			metadata only; full text not reached
Alonzo Church	E. T. Whittaker. The new algebras and their significance for physics and philosophy.The London, Edinburgh & Dublin philosophical magazine and journal of science, ser. 7 vol. 35 (1944), pp. 1–15; also Year book of the Royal Society of Edinburgh, 1944, pp. 5-14 (offprint 1943, pp. 1-10).	1944	9	2	48-48	review	philosophy, language, and inductive logic	review-of-record entry reached			metadata only; full text not reached
Julius Kraft	Elizabeth Lane Beardsley. Imperative sentences in relation to indicatives. The philosophical review, vol. 53 (1944), pp. 175–185.	1944	9	2	48-49	review	philosophy, language, and inductive logic	review-of-record entry reached			metadata only; full text not reached
Alonzo Church	R. Vaidyanathaswamy. On disjunction in intuitionist logic. Proceedings of the Indian Academy of Sciences, Section A, vol. 17 (1943), pp. 41–45.	1944	9	2	48-48	review	propositional, many-valued, and modal logic	review-of-record entry reached			metadata only; full text not reached
Alonzo Church; E. T. Whittaker	The New Algebras and Their Significance for Physics and Philosophy.	1944	9	2	48	review	philosophy, language, and inductive logic	review-of-record entry reached			metadata only; full text not reached
Frederic B. Fitch	Warren S. McCulloch and Walter Pitts. A logical calculus of the ideas immanent in nervous activity. Bulletin of mathematical biophysics, vol. 5 (1943), pp. 115–133.	1944	9	2	49-50	review	proof theory and formal systems	review-of-record entry reached			metadata only; full text not reached
Frederic B. Fitch	H. D. Landahl, W. S. McCulloch, and Walter Pitts. A statistical consequence of the logical calculus of nervous nets. Bulletin of mathematical biophysics, vol. 5 (1943), pp. 135–137.	1944	9	2	50-50	review	proof theory and formal systems	review-of-record entry reached			metadata only; full text not reached
Alonzo Church	M. H. A. Newmak. Stratified systems of logic. Proceedings of the Cambridge Philosophical Society, vol. 39 (1943), pp. 69–83.	1944	9	2	50-52	review	philosophy, language, and inductive logic	review-of-record entry reached			metadata only; full text not reached
George D. W. Berry	Nelson Goodman. On the simplicity of ideas. The journal of symbolic logic, vol. 8 (1943), pp. 107–121.	1944	9	2	52-53	review	general mathematical logic	review-of-record entry reached			metadata only; full text not reached
J. C. C. McKinsey	E. R. Stabler. Boolean representation theory. The American mathematical monthly, vol. 51 (1944), pp. 129–132.	1944	9	2	53-53	review	unclassified from title metadata	review-of-record entry reached			metadata only; full text not reached
Ernest Nagel	H. M. Johnson. If-then relations in paralogies. Psychological review, vol. 51 (1944), pp. 69–75.	1944	9	2	53-53	review	unclassified from title metadata	review-of-record entry reached			metadata only; full text not reached
Alonzo Chubch	B. A. Bernstein. Postulate-sets for Boolean rings. Transactions of the American Mathematical Society, vol. 55 (1944), pp. 393–400.	1944	9	2	54-54	review	set theory and foundations	review-of-record entry reached			metadata only; full text not reached
	Related Citations	1944	9	2	54-56	citation-linkage matter	editorial/association apparatus				metadata only; full text not reached
	JSL volume 9 issue 2 Cover and Front matter and Errata	1944	9	2	f1-f5	cover/front/back matter	editorial/association apparatus				metadata only; full text not reached
Frederic B. Fitch	Representations of calculi	1944	9	3	57-62	primary technical publication	unclassified from title metadata	in-block contemporaneous review entry immediately identified			metadata only; full text not reached
Ernest Nagel	L. Susan Stebbing. A modern elementary logic. Methuen & Co., London1943, viii + 214 pp.	1944	9	3	63-63	review	general mathematical logic	review-of-record entry reached			metadata only; full text not reached
Alonzo Church	Marvin Farber. The foundation of phenomenology. Edmund Husserl and the guest for a rigorous science of philosophy. Harvard University Press, Cambridge, Mass., 1943, xi + 585 pp.	1944	9	3	63-65	review	philosophy, language, and inductive logic	review-of-record entry reached			metadata only; full text not reached
Charles A. Baylis	Philip Blair Rice. Toward a syntax of valuation. The journal of philosophy, vol. 41 (1944), pp. 309–320.	1944	9	3	65-66	review	proof theory and formal systems	review-of-record entry reached			metadata only; full text not reached
Max Black	C. J. Ducasse. Propositions, truth, and the ultimate criterion of truth. English with Spanish abstract. Philosophy and phenomenological research, vol. 4 no. 3 (1944), pp. 317–340.	1944	9	3	66-67	review	propositional, many-valued, and modal logic	review-of-record entry reached			metadata only; full text not reached
Max Black	Virgil G. HinshawJr., The pragmatist theory of truth. Philosophy of science, vol. 11 (1944), pp. 82–92.	1944	9	3	67-68	review	philosophy, language, and inductive logic	review-of-record entry reached			metadata only; full text not reached
Frederic B. Fitch	Alfred Tarski. The semantic conception of truth and the foundations of semantics. English with Spanish abstract. Philosophy and phenomenological research, vol. 4 no. 3 (1944), pp. 341–376.	1944	9	3	68-68	review	model theory and semantics	review-of-record entry reached			metadata only; full text not reached
Paul Bernays	Karl Schröter. Axiomatisierung der Fregeschen Aussagenkalküle. Forschungen zur Logik und zur Grundlegung der exakten Wissenschaften, new series, no. 8. Leipzig1943, 26 pp.	1944	9	3	69-69	review	proof theory and formal systems	review-of-record entry reached			metadata only; full text not reached
Paul Bernays	Gerhard Gentzen. Beweisbarkeit und Unbeweisbarkeil von Anfangsfällen der transfiniten Induktion in der reinen Zahlentheorie. Mathematische Annalen, vol. 119 no. 1 (1943), pp. 140–161.	1944	9	3	70-72	review	set theory and foundations	review-of-record entry reached			metadata only; full text not reached
Paul Bernays	Heinrich Scholz. Was will die formalisierte Grundlagenforschung?Deutsche Mathematik, vol. 7 no. 2/3 (1943), pp. 206–248.	1944	9	3	70-70	review	unclassified from title metadata	review-of-record entry reached			metadata only; full text not reached
J. C. C. McKinsey	Frank G. Bruner. Mathematical logic with transfinite types. Planographed. Privately printed and distributed by the author, 1460 East 57th Street, Chicago, 1943, v + 68 pp.	1944	9	3	72-73	review	set theory and foundations	review-of-record entry reached			metadata only; full text not reached
J. C. C. McKinsey	R. L. Wilder. The nature of mathematical proof. The American mathematical monthly, vol. 51 (1944), pp. 309–323.	1944	9	3	73-73	review	proof theory and formal systems	review-of-record entry reached			metadata only; full text not reached
George D. W. Berry	Theodore Hailperin. A set of axioms for logic. The journal of symbolic logic, vol. 9 (1944), pp. 1–19.	1944	9	3	73-74	review	set theory and foundations	review-of-record entry reached			metadata only; full text not reached
Lynn H. Loomis	Paul Bernays. A system of axiomatic set theory. Parts II–V. The journal of symbolic logic, vol. 6 (1941), pp. 1–17; vol. 7 (1942), pp. 65-89, 133-145; and vol. 8 (1943), pp. 89-106.	1944	9	3	74-75	review	set theory and foundations	review-of-record entry reached			metadata only; full text not reached
Max Black	Hans Reichenbach. Bertrand Russell's logic. The philosophy of Bertrand Russell, edited by Paul Arthur Schilpp, Northwestern University, Evanston and Chicago1944, pp. 21–54.	1944	9	3	76-77	review	philosophy, language, and inductive logic	review-of-record entry reached			metadata only; full text not reached
Ernest Nagel	W. T. Stace. Positivism. Mind, n. s. vol. 53 (1944), pp. 215–237.	1944	9	3	76-76	review	philosophy, language, and inductive logic	review-of-record entry reached			metadata only; full text not reached
Ernest Nagel	James Feibleman. A reply to Bertrand Russell's introduction to the second edition of The principles of mathematics. The philosophy of Bertrand Russell, edited by Paul Arthur Schilpp, Northwestern University, Evanston and Chicago1944, pp. 155–174.	1944	9	3	77-78	review	philosophy, language, and inductive logic	review-of-record entry reached			metadata only; full text not reached
Charles A. Baylis	Morris Weitz. Analysis and the unity of Russell's philosophy. The philosophy of Bertrand Russell, edited by Paul Arthur Schilpp, Northwestern University, Evanston and Chicago1944, pp. 55–121.	1944	9	3	77-77	review	philosophy, language, and inductive logic	review-of-record entry reached			metadata only; full text not reached
Max Black	G. E. Moore. Russell's “theory of descriptions.”The philosophy of Bertrand Russell, edited by Paul Arthur Schilpp, Northwestern University, Evanston and Chicago1944, pp. 175–225.	1944	9	3	78-78	review	philosophy, language, and inductive logic	review-of-record entry reached			metadata only; full text not reached
Ernest Nagel	Max Black. Russell's philosophy of language. The philosophy of Bertrand Russell, edited by Paul Arthur Schilpp, Northwestern University, Evanston and Chicago1944, pp. 227–255.	1944	9	3	78-79	review	philosophy, language, and inductive logic	review-of-record entry reached			metadata only; full text not reached
Max Black	Ernest Nagel. Russell's philosophy of science. The philosophy of Bertrand Russell, edited by Paul Arthur Schilpp, Northwestern University, Evanston and Chicago1944, pp. 317–349.	1944	9	3	79-80	review	philosophy, language, and inductive logic	review-of-record entry reached			metadata only; full text not reached
Everett J. Nelson	Andrew Paul Ushenko. Russell's critique of empiricism. The philosophy of Bertrand Russell, edited by Paul Arthur Schilpp, Northwestern University, Evanston and Chicago1944, pp. 385–417.	1944	9	3	80-82	review	philosophy, language, and inductive logic	review-of-record entry reached			metadata only; full text not reached
	Related Citations	1944	9	3	82-83	citation-linkage matter	editorial/association apparatus				metadata only; full text not reached
	Notice of a meeting of the Association for Symbolic Logic	1944	9	3	83-83	meeting/bibliographical notice	editorial/association apparatus				metadata only; full text not reached
	List of officers and members of the Association for Symbolic Logic	1944	9	3	84-88	association record	editorial/association apparatus				metadata only; full text not reached
	JSL volume 9 issue 3 Cover and Front matter and Errata	1944	9	3	f1-f5	cover/front/back matter	editorial/association apparatus				metadata only; full text not reached
Frederic B. Fitch	A minimum calculus for logic	1944	9	4	89-94	primary technical publication	proof theory and formal systems	in-block contemporaneous review entry immediately identified			metadata only; full text not reached
Carl G. Hempel	C. D. Broad. Hr. von Wright on the logic of induction. Mind, n.s. vol. 53 (1944), pp. 1–24, 97–119, 193–214.	1944	9	4	95-96	review	philosophy, language, and inductive logic	review-of-record entry reached			metadata only; full text not reached
H. E. Vaughan	J. C. C. McKinsey and Alfred Tarski. The algebra of topology. Annals of mathematics, ser. 2 vol. 45 (1944), pp. 141–191.	1944	9	4	96-97	review	unclassified from title metadata	review-of-record entry reached			metadata only; full text not reached
Frederic B. Fitch	J. C. C. McKinsey. On the number of complete extensions of the Lewis systems of sentential calculus. The journal of symbolic logic, vol. 9 (1944), pp. 42–45.	1944	9	4	96-96	review	proof theory and formal systems	review-of-record entry reached			metadata only; full text not reached
J. C. C. McKinsey	A. Ushenko. Undecidable statements and metalanguage. Mind, n.s. vol. 53 (1944), pp. 258–262.	1944	9	4	97-98	review	computability, recursion, and decidability	review-of-record entry reached			metadata only; full text not reached
J. C. C. McKinsey	Alfred L. Foster and B. A. Bernstein. Symmetric approach to commutative rings, with duality theorem: Boolean duality as a special case. Duke mathematical journal, vol. 11 (1944), pp. 603–616.	1944	9	4	97-97	review	unclassified from title metadata	review-of-record entry reached			metadata only; full text not reached
Ernest Nagel	Heinrich Scholz. Leibniz und die mathemalische Grundlagenforschung. Jahresbericht der Deutschen Mathematiker-Vereinigung, vol. 52 (1942), pp. 217–244.	1944	9	4	98-99	review	unclassified from title metadata	review-of-record entry reached			metadata only; full text not reached
Alonzo Church	Hermann Weyl. David Hilbert and his mathematical work. Bulletin of the American Mathematical Society, vol. 50 (1944), pp. 612–654.	1944	9	4	98-98	review	unclassified from title metadata	review-of-record entry reached			metadata only; full text not reached
Ernest Nagel	René Poirier. Le nombre. F. Alcan, Paris1938, 184 pp.	1944	9	4	99-100	review	unclassified from title metadata	review-of-record entry reached			metadata only; full text not reached
Morton G. White	Reviews - Otto Neurath. Foundations of the social sciences. International encyclopedia of unified science, vol. 2, no. 1. The University of Chicago Press, Chicago1944, iii + 51 pp.	1944	9	4	100-101	review	unclassified from title metadata	review-of-record entry reached			metadata only; full text not reached
J. Treviño García	Hans A. Lindbmann. El “Circulo de Viena” y la filosofia cientifica. Minerva (Buenos Aires), año 1 vol. 1 no. 2 (1944), pp. 123–151.	1944	9	4	101-102	review	unclassified from title metadata	review-of-record entry reached			metadata only; full text not reached
Charles A. Baylis	Arthur Pap. The different kinds of a priori. The philosophical review, vol. 53 (1944), pp. 465–484.	1944	9	4	102-103	review	philosophy, language, and inductive logic	review-of-record entry reached			metadata only; full text not reached
Frederic B. Fitch	George V. Gentry. Some comments on Morris's “class” conception of the designatum. The journal of philosophy, vol. 41 (1944), pp. 376–384.	1944	9	4	102-102	review	philosophy, language, and inductive logic	review-of-record entry reached			metadata only; full text not reached
Alonzo Church	Harold R. Smart. The alleged predicament of logic. The journal of philosophy, vol. 41 (1944), pp. 598–604.	1944	9	4	103-103	review	philosophy, language, and inductive logic	review-of-record entry reached			metadata only; full text not reached
George D. W. Berry	Gustav Bergmann. Pure semantics, sentences, and propositions. Mind, n.s. vol. 53 (1944), pp. 238–257.	1944	9	4	104-104	review	propositional, many-valued, and modal logic	review-of-record entry reached			metadata only; full text not reached
C. H. Langford	Max Black. The “paradox of analysis.”Mind, n.s. vol. 53 (1944), pp. 263–267.	1944	9	4	104-105	review	unclassified from title metadata	review-of-record entry reached			metadata only; full text not reached
Nelson Goodman	Felix E. Oppenheim. Outline of a logical analysis of law. Philosophy of science, vol. 11 (1944), pp. 142–160.	1944	9	4	105-106	review	philosophy, language, and inductive logic	review-of-record entry reached			metadata only; full text not reached
Alonzo Church	P. R. Halmos. The foundations of probability. The American mathematical monthly, vol. 51 (1944), pp. 493–510.	1944	9	4	106-106	review	philosophy, language, and inductive logic	review-of-record entry reached			metadata only; full text not reached
	Related Citations	1944	9	4	106-107	citation-linkage matter	editorial/association apparatus				metadata only; full text not reached
	A meeting of the Association for Symbolic Logic	1944	9	4	107-107	meeting report	editorial/association apparatus				metadata only; full text not reached
	JSL volume 9 issue 4 Cover and Front matter and Errata	1944	9	4	f1-f5	cover/front/back matter	editorial/association apparatus				metadata only; full text not reached
W. V. Quine	On the logic of quantification	1945	10	1	1-12	primary technical publication	proof theory and formal systems	in-block contemporaneous review entry immediately identified			metadata only; full text not reached
Raouf Doss	Note on two theorems of Mostowski	1945	10	1	13-15	primary technical publication	unclassified from title metadata	in-block contemporaneous review entry immediately identified			metadata only; full text not reached
Alonzo Church	Ernest Nagel. Logic without ontology. Naturalism and the human spirit, edited by Yervant H. Krikorian, Columbia University Press, New York1944, pp. 210–241.	1945	10	1	16-18	review	philosophy, language, and inductive logic	review-of-record entry reached			metadata only; full text not reached
J. C. C. McKinsey	Emil L. Post. Recursively enumerable sets of positive integers and their decision problems. Bulletin of the American Mathematical Society, vol. 50 (1944), pp. 284–316.	1945	10	1	18-19	review	set theory and foundations	review-of-record entry reached			metadata only; full text not reached
G. D. W. Berry	Alonzo Church. Introduction to mathematical logic. Part I. (Notes by C. A. Truesdell.) Annals of Mathematics Studies, no. 13. Lithoprinted. Princeton University Press, Princeton1944, vi + 118 pp.	1945	10	1	19-21	review	general mathematical logic	review-of-record entry reached			metadata only; full text not reached
Ernest Nagel	Eugene P. Northrop. Riddles in mathematics. A book of paradoxes. D. Van Nostrand Company, New York1944, viii + 262 pp.	1945	10	1	21-21	review	unclassified from title metadata	review-of-record entry reached			metadata only; full text not reached
Ernest Nagel	J. O. Wisdom. Positivism. Mind, n.s. vol. 54 (1945), pp. 65–70.	1945	10	1	21-22	review	philosophy, language, and inductive logic	review-of-record entry reached			metadata only; full text not reached
Frederic B. Fitch	A. Ushenko. A note on the semantic conception of truth. Philosophy and phenomenological research, vol. 5 no. 1 (1944), pp. 104–107.	1945	10	1	22-22	review	model theory and semantics	review-of-record entry reached			metadata only; full text not reached
	DeWitt H. Parker. Knowledge by acquaintance. The philosophical review, vol. 54 (1945), pp. 1–18.	1945	10	1	22-23	bibliographical notice / unattributed review	philosophy, language, and inductive logic	review-of-record entry reached; reviewer metadata absent			metadata only; full text not reached
Frederic B. Fitch	H. R. Smart. What is deduction? English with Spanish abstract. Philosophy and phenomenological research, vol. 5 no. 1 (1944), pp. 37–49.	1945	10	1	22-22	review	proof theory and formal systems	review-of-record entry reached			metadata only; full text not reached
	Elections	1945	10	1	24-24	association record	editorial/association apparatus				metadata only; full text not reached
	Institutional contributing subscribers to the Journal	1945	10	1	24-24	association record	editorial/association apparatus				metadata only; full text not reached
	Errata	1945	10	1	iv-iv	errata	editorial/association apparatus				metadata only; full text not reached
	JSL volume 10 issue 1 Cover and Front matter	1945	10	1	f1-f5	cover/front/back matter	editorial/association apparatus				metadata only; full text not reached
Olaf Helmer; Paul Oppenheim	A syntactical definition of probability and of degree of confirmation	1945	10	2	25-60	primary technical publication	philosophy, language, and inductive logic	in-block contemporaneous review entry immediately identified			metadata only; full text not reached
	Errata	1945	10	2	iv-iv	errata	editorial/association apparatus				metadata only; full text not reached
	JSL volume 10 issue 2 Cover and Front matter	1945	10	2	f1-f6	cover/front/back matter	editorial/association apparatus				metadata only; full text not reached
J. B. Rosser; A. R. Turquette	Axiom schemes for m -valued propositions calculi	1945	10	3	61-82	primary technical publication	propositional, many-valued, and modal logic				metadata only; full text not reached
J. C. C. Mckinsey	On the syntactical construction of systems of modal logic	1945	10	3	83-94	primary technical publication	propositional, many-valued, and modal logic	in-block contemporaneous review entry immediately identified			metadata only; full text not reached
W. V. Quine	On ordered pairs	1945	10	3	95-96	primary technical publication	unclassified from title metadata	in-block contemporaneous review entry immediately identified			metadata only; full text not reached
Carl G. Hempel	Reviews - Hans Reichenbach. Philosophic foundations of quantum mechanics. University of California Press, Berkeley and Los Angeles1944, x + 182 pp.	1945	10	3	97-100	review	philosophy, language, and inductive logic	review-of-record entry reached			metadata only; full text not reached
Evert W. Beth	R. Feys. Logistiek, geformaliseerde logica. I. Algemeen overzicht. Propositie- en klassenlogica. (Logistic as formalized logic. I. General survey. Logic of propositions and of classes.) Philosophische bibliotheek. Standaard-Boekhandel, Antwerp; Dekker & van de Vegt, Nijmegen; 1944, 340 pp.	1945	10	3	100-101	review	set theory and foundations	review-of-record entry reached			metadata only; full text not reached
Alonzo Church	H. R. Smart. Frege's logic. The philosophical review, vol. 54 (1945), pp. 489–505.	1945	10	3	101-103	review	philosophy, language, and inductive logic	review-of-record entry reached			metadata only; full text not reached
Alonzo Church	Karl Menger. Algebra of analysis. Notre Dame mathematical lectures, no. 3. Lithoprinted. University of Notre Dame, Notre Dame, Ind., 1944, 50 pp.	1945	10	3	103-103	review	unclassified from title metadata	review-of-record entry reached			metadata only; full text not reached
Max Black	C. H. Whiteley. Hempel's paradoxes of confirmation. Mind, n. s. vol. 54 (1945), pp. 156–158.	1945	10	3	104-104	review	philosophy, language, and inductive logic	review-of-record entry reached			metadata only; full text not reached
Max Black	Karl Menger. Tri-operational algebra. Reports of a mathematical colloquium, issue 5-6 (1944), pp. 3–10. - Ferdinand L. Brown. Remarks concerning tri-operational algebra. Reports of a mathematical colloquium, issue 5-6 (1944), pp. 11–15. - Carl G. Hempel. Studies in the logic of confirmation. Mind, n.s. vol. 54 (1945), pp. 1–26, 97-121.	1945	10	3	104-104	review	philosophy, language, and inductive logic	review-of-record entry reached			metadata only; full text not reached
Hugo Ribeiro	R. L. Goodstein. On the restricted ordinal theorem. The journal of symbolic logic, vol. 9 (1944), pp. 33–41.	1945	10	3	104-105	review	set theory and foundations	review-of-record entry reached			metadata only; full text not reached
Alonzo Church	R. P. Dilworth. Lattices with unique complements. Transactions of the American Mathematical Society, vol. 57 (1945), pp. 123–154.	1945	10	3	104-104	review	algebraic logic	review-of-record entry reached			metadata only; full text not reached
Ernest Nagel	Rudolf Carnap. Hall and Bergmann on semantics. Mind, n. s. vol. 54 (1945), pp. 148–155.	1945	10	3	104-104	review	model theory and semantics	review-of-record entry reached			metadata only; full text not reached
Frederic B. Fitch	Ernest Nagel. Truth and knowledge of the truth. Philosophy and phenomenological research, vol. 5 no. 1 (1944), pp. 50–68.	1945	10	3	105-106	review	philosophy, language, and inductive logic	review-of-record entry reached			metadata only; full text not reached
Frederic B. Fitch	Charles A. Baylis. Critical comments on the “Symposium on meaning and truth.”Philosophy and phenomenological research, vol. 5 no. 1 (1944), pp. 80–93.	1945	10	3	106-107	review	philosophy, language, and inductive logic	review-of-record entry reached			metadata only; full text not reached
Frederic B. Fitch	Felix Kaufmann. Concerning Mr. Nagel's critical comments. Philosophy and phenomenological research, vol. 5 no. 1 (1944), pp. 69–74.	1945	10	3	106-106	review	philosophy, language, and inductive logic	review-of-record entry reached			metadata only; full text not reached
Frederic B. Fitch	C. J. Ducasse. Facts, truth, and knowledge. Philosophy and phenomenological research, vol. 5 no. 3 (1945), pp. 320–332.	1945	10	3	107-107	review	philosophy, language, and inductive logic	review-of-record entry reached			metadata only; full text not reached
	Ernest Nagel. Rejoinder to Mr. Kaufmann's reply. Philosophy and phenomenological research, vol. 5 no. 1 (1944), pp. 75–79.	1945	10	3	107-108	bibliographical notice / unattributed review	philosophy, language, and inductive logic	review-of-record entry reached; reviewer metadata absent			metadata only; full text not reached
	Errata	1945	10	3	iv-iv	errata	editorial/association apparatus				metadata only; full text not reached
	JSL volume 10 issue 3 Cover and Front matter	1945	10	3	f1-f5	cover/front/back matter	editorial/association apparatus				metadata only; full text not reached
S. C. Kleene	On the interpretation of intuitionistic number theory	1945	10	4	109-124	primary technical publication	propositional, many-valued, and modal logic	in-block contemporaneous review entry immediately identified			metadata only; full text not reached
Raphael M. Robinson	Finite sequences of classes	1945	10	4	125-126	primary technical publication	set theory and foundations	in-block contemporaneous review entry immediately identified			metadata only; full text not reached
Paul Bernays	Reviews - Oiva Ketonen. Untersuchungen zum Prädikatenkalkul.Annales Academiae Scientiarum Fennicae, series A, I. Mathematica-physica 23. Helsinki1944, 71 pp.	1945	10	4	127-130	review	unclassified from title metadata	review-of-record entry reached			metadata only; full text not reached
Hilppa Kinos	Uuno Saarnio. Arvo ja eetillisyys (Wert und Ethik). Ajatus, Bd. 13 (1944), S.113–235.	1945	10	4	130-130	review	unclassified from title metadata	review-of-record entry reached			metadata only; full text not reached
G. H. Von Wright	Veikko Salonen. Reduktioteorian periaatteisla (On the principles of reduction theory). Ajatus, Bd. 13 (1944), pp. 262–293.	1945	10	4	130-131	review	unclassified from title metadata	review-of-record entry reached			metadata only; full text not reached
Charles A. Baylis	De Witt H. Parker. Knowledge by description. The philosophical review, vol. 54 (1945), pp. 458–488.	1945	10	4	131-131	review	philosophy, language, and inductive logic	review-of-record entry reached			metadata only; full text not reached
Alonzo Church	John Dewey and Arthur F. Bentley. A search for firm names. The journal of philosophy, vol. 42 (1945), pp. 5–6. - Arthur F. Bentley. On a certain vagueness in logic. The journal of philosophy, vol. 42 (1945), pp. 6–27, 39–51. - John Dewey and Arthur F. Bentley. A terminology for knowings and knowns. The journal of philosophy, vol. 42 (1945), pp. 225–247. - John Dewey and Arthur F. Bentley. Postulalions. The journal of philosophy, vol. 42 (1945), pp. 645–662.	1945	10	4	132-133	review	philosophy, language, and inductive logic	review-of-record entry reached			metadata only; full text not reached
Alonzo Church; Max Black	A New Method of Presentation of the Theory of the Syllogism.	1945	10	4	133	review	unclassified from title metadata	review-of-record entry reached			metadata only; full text not reached
Alonzo Church	C. W. Churchman and T. A. Cowan. A challenge. Philosophy of science, vol. 12 (1945), pp. 219–220.	1945	10	4	133-133	review	philosophy, language, and inductive logic	review-of-record entry reached			metadata only; full text not reached
	Virgil Charles Aldrich. Review of The philosophy of Bertrand Russell (cf. IX 76-82). The journal of philosophy, vol. 42 (1945), pp. 594–607.	1945	10	4	134-135	bibliographical notice / unattributed review	philosophy, language, and inductive logic	review-of-record entry reached; reviewer metadata absent			metadata only; full text not reached
	List of officers and members of the Association for Symbolic Logic	1945	10	4	136-140	association record	editorial/association apparatus				metadata only; full text not reached
	Index of reviews	1945	10	4	141-146	review index	editorial/association apparatus				metadata only; full text not reached
	Index of reviews by subjects	1945	10	4	147-158	review index	editorial/association apparatus				metadata only; full text not reached
	Errata	1945	10	4	iv-iv	correction	unclassified from title metadata				metadata only; full text not reached
	Front Matter	1945	10	4	f1-f5	cover/front/back matter	editorial/association apparatus				metadata only; full text not reached
Ruth C. Barcan	A Functional calculus of first order based on strict implication	1946	11	1	1-16	primary technical publication	propositional, many-valued, and modal logic	in-block contemporaneous review entry immediately identified			metadata only; full text not reached
Max Black	Olaf Helmer and Paul Oppenheim. A syntactical definition of probability and of degree of confirmation. The journal of symbolic logic, vol. 10 (1945), pp. 25–60. See errata, ibid., p. iv.	1946	11	1	17-18	review	philosophy, language, and inductive logic	review-of-record entry reached			metadata only; full text not reached
Max Black	Carl G. Hempel and Paul Oppenheim. A definition of “degree of confirmation.” Philosophy of science, vol. 12 (1945), pp. 98–115.	1946	11	1	18-19	review	philosophy, language, and inductive logic	review-of-record entry reached			metadata only; full text not reached
Ernest Nagel	Rudolf Carnap. The two concepts of probability. English with Spanish abstract. Philosophy and phenomenological research, vol. 5 no. 4 (1945), pp. 513–532.	1946	11	1	19-23	review	philosophy, language, and inductive logic	review-of-record entry reached			metadata only; full text not reached
Ernest Nagel	F. H. Heinemann. The meaning of negation. Proceedings of the Aristotelian Society, n.s. vol. 44 (1943–1944), pp. 127–152.	1946	11	1	23-23	review	philosophy, language, and inductive logic	review-of-record entry reached			metadata only; full text not reached
Evert W. Beth	G. Mannoury. La question vitale ‘A ou B.’ Nieuw archief voor wishunde, ser. 2 vol. 21 (1943), pp. 161–167.	1946	11	1	23-24	review	unclassified from title metadata	review-of-record entry reached			metadata only; full text not reached
Evert W. Beth	G. F. C. Griss. Negatieloze intuitionistische wiskunde (Negation-free intuitionistic mathematics). Nederlandsche Akademie van Wetenschappen, Verslagen van de gewone vergaderingen der Afdeeling Natuurkunde, vol. 53 no. 5 (1944), pp. 3–10.	1946	11	1	24-24	review	propositional, many-valued, and modal logic	review-of-record entry reached			metadata only; full text not reached
G. H. v. Wright	Oiva Ketonen. “Luonnollisen päättelyn” kalkyylistä (On the calculus “of natural inference”). Ajatus, vol. 12 (1943), pp. 128–140.	1946	11	1	24-24	review	proof theory and formal systems	review-of-record entry reached			metadata only; full text not reached
J. C. C. McKinsey	R. L. Goodstein. Function theory in an axiom-free equation calculus. Proceedings of the London Mathematical Society, ser. 2 vol. 48 part 6 (1945), pp. 401–434.	1946	11	1	24-26	review	proof theory and formal systems	review-of-record entry reached			metadata only; full text not reached
Paul Bernays	TH. Skolem. Remarks on recursive functions and relations. Det Kongelige Norske Videnskabers Selskab, Forhandlinger, vol. 17 (1944), pp. 89–92. - TH. Skolem. Some remarks on recursive arithmetic. Det Kongelige Norske Videnskabers Selskab, Forhandlinger, vol. 17 (1944), pp. 103–106. - TH. Skolem. A note on recursive arithmetic. Det Kongelige Norske Videnskabers Selskab, Forhandlinger, vol. 17 (1944), pp. 107–109. - TH. Skolem. Some remarks on the comparison between recursive functions. Det Kongelige Norske Videnskabers Selskab, Forhandlinger, vol. 17 (1944), pp. 126–129.	1946	11	1	26-28	review	computability, recursion, and decidability	review-of-record entry reached			metadata only; full text not reached
George D. W. Berry	Frederic B. Fitch. Representations of calculi. The journal of symbolic logic, vol. 9 (1944), pp. 57–62. See errata, ibid., p. iv.	1946	11	1	28-29	review	general mathematical logic	review-of-record entry reached			metadata only; full text not reached
	Adolf Fraenkel. Einleitung in die Mengenlehre, 3rd edn. Dover Publications, New York 1946, XIII + 424 pp. [An unaltered reprint of 2695, 3rd edn.]	1946	11	1	29-29	bibliographical notice / unattributed review	unclassified from title metadata	review-of-record entry reached; reviewer metadata absent			metadata only; full text not reached
Julius Kraft	Evert W. Beth. Verleden en toekomst der wetenschappelijke wijsbegeerte (Past and future of scientific philosophy). De gids, vol. 107 (1943). Offprint, pp. 1–13.	1946	11	1	29-29	review	philosophy, language, and inductive logic	review-of-record entry reached			metadata only; full text not reached
	Eighth meeting of the Association for Symbolic Logic	1946	11	1	30-31	meeting abstracts	editorial/association apparatus				metadata only; full text not reached
	Elections	1946	11	1	32-32	association record	editorial/association apparatus				metadata only; full text not reached
	Institutional contributing subscribers to the Journal	1946	11	1	32-32	association record	editorial/association apparatus				metadata only; full text not reached
	Errata	1946	11	1	iv-iv	errata	editorial/association apparatus				metadata only; full text not reached
	JSL volume 11 issue 1 Cover and Front matter	1946	11	1	f1-f6	cover/front/back matter	editorial/association apparatus				metadata only; full text not reached
Rudolf Carnap	Modalities and Quantification	1946	11	2	33-64	primary technical publication	propositional, many-valued, and modal logic	in-block contemporaneous review entry immediately identified			metadata only; full text not reached
	Errata	1946	11	2	iv-iv	errata	editorial/association apparatus				metadata only; full text not reached
	JSL volume 11 issue 2 Cover and Back matter	1946	11	2	b1-b1	cover/front/back matter	editorial/association apparatus				metadata only; full text not reached
	JSL volume 11 issue 2 Cover and Front matter	1946	11	2	f1-f6	cover/front/back matter	editorial/association apparatus				metadata only; full text not reached
Archie Blake	A Boolean derivation of the Moore-Osgood theorem	1946	11	3	65-70	primary technical publication	unclassified from title metadata	in-block contemporaneous review entry immediately identified			metadata only; full text not reached
W. V. Quine	On relations as coextensive with classes	1946	11	3	71-72	primary technical publication	set theory and foundations	in-block contemporaneous review entry immediately identified			metadata only; full text not reached
Emil L. Post	Note on a conjecture of Skolem	1946	11	3	73-74	primary technical publication	unclassified from title metadata	in-block contemporaneous review entry immediately identified			metadata only; full text not reached
Paul Bernays	Kurt Gödel. Russell's mathematical logic. The philosophy of Bertrand Russell, edited by Paul Arthur Schilpp, Northwestern University, Evanston and Chicago1944, pp. 123–153.	1946	11	3	75-79	review	philosophy, language, and inductive logic	review-of-record entry reached			metadata only; full text not reached
Ernest H. Hutten	Arthur Pap. The a priori in physical theory. King's Crown Press, New York1946, xi + 102 pp.	1946	11	3	79-80	review	unclassified from title metadata	review-of-record entry reached			metadata only; full text not reached
Nelson Goodman	Abraham Kaplan. Definition and specification of meaning. The journal of philosophy, vol. 43 (1946), pp. 281–288.	1946	11	3	80-81	review	philosophy, language, and inductive logic	review-of-record entry reached			metadata only; full text not reached
C. West Churchman	Gustav Bergmann. Some comments on Carnap's logic of induction. Philosophy of science, vol. 13 (1946) pp. 71–78.	1946	11	3	81-81	review	philosophy, language, and inductive logic	review-of-record entry reached			metadata only; full text not reached
Everett J. Nelson	Karl Dürr. Moderne Darstellung der platonischen Logik. Ein Beitrag zur Erklärung des Dialoges “Sophistes.”Museum Helveticum, vol. 2 no. 3 (1945), pp. 166–194.	1946	11	3	81-82	review	unclassified from title metadata	review-of-record entry reached			metadata only; full text not reached
Max Black	Nelson Goodman. A query on confirmation. The journal of philosophy, vol. 43 (1946), pp. 383–385.	1946	11	3	81-81	review	philosophy, language, and inductive logic	review-of-record entry reached			metadata only; full text not reached
Alonzo Church	Clifford G. Kossel. The problem of relation in some non-Scholastic philosophies. The modern Schoolmen, vol. 23 no. 2 (1946), pp. 61–81.	1946	11	3	82-83	review	philosophy, language, and inductive logic	review-of-record entry reached			metadata only; full text not reached
Albert A. Bennett	J. C. C. McKinsey and Alfred Tarski. On closed elements in closure algebras. Annals of mathematics, ser. 2 vol. 47 (1946), pp. 122–162.	1946	11	3	83-84	review	unclassified from title metadata	review-of-record entry reached			metadata only; full text not reached
Albert A. Bennett	Alfred Tarski. A remark on functionally free algebras. Annals of mathematics, ser. 2 vol. 47 (1946), pp. 163–165.	1946	11	3	84-85	review	unclassified from title metadata	review-of-record entry reached			metadata only; full text not reached
J. C. C. McKinsey	C. J. Everett and S. Ulam. Projective algebra I. American journal of mathematics, vol. 68 (1946), pp. 77–88.	1946	11	3	85-85	review	unclassified from title metadata	review-of-record entry reached			metadata only; full text not reached
J. C. C. McKinsey	Lee Byrne. Two brief formulations of Boolean algebra. Bulletin of the American Mathematical Society, vol. 52 (1946), pp. 269–272.	1946	11	3	85-85	review	algebraic logic	review-of-record entry reached			metadata only; full text not reached
Bjarni Jónsson	Raoup Doss. Note on two theorems of Mostowski. The journal of symbolic logic, vol. 10 (1945), pp. 13–15.	1946	11	3	85-86	review	general mathematical logic	review-of-record entry reached			metadata only; full text not reached
Robert Feys; J. B. Rosser; A. R. Turquette	Axiom Schemes for M-Valued Propositional Calculi.	1946	11	3	86	review	propositional, many-valued, and modal logic	review-of-record entry reached			metadata only; full text not reached
Robert Feys	J. B. Rosser et A. R. Turquette. Axiom schemes for m-valued propositional calculi. The journal of symbolic logic, vol. 10 (1945), pp. 61–82.	1946	11	3	86-89	review	propositional, many-valued, and modal logic	review-of-record entry reached			metadata only; full text not reached
A. R. Turquette	Raphael M. Robinson. Finite sequences of classes. The journal of symbolic logic, vol. 10 (1945), pp. 125–126.	1946	11	3	86-86	review	set theory and foundations	review-of-record entry reached			metadata only; full text not reached
A. R. Turquette	W. V. Quine. On ordered pairs. The journal of symbolic logic, vol. 10 (1945), pp. 95–96.	1946	11	3	86-86	review	general mathematical logic	review-of-record entry reached			metadata only; full text not reached
Robert Feys	Evert W. Beth. De wijsbegeerte der wiskunde van Parmenides tot Bolzano (La philosophic des mathématiques de Parménide a Bolzano). Philosophische bibliotheek. Standaard-Boekhandel, Anvers; Dekker & van de Vegt, Nimègue; 1944, 204 pp.	1946	11	3	89-90	review	philosophy, language, and inductive logic	review-of-record entry reached			metadata only; full text not reached
Robert Feys	Phtlotheus Boehner. The Tractatus de praedestinatione et de praescientia Dei et defuturis contingentibus of William Ockham, edited with a study on the mediaeval problem of a three-valued logic. Franciscan Institute publications, no. 2. The Franciscan Institute, St. Bonaventure College, St. Bonaventure, N. Y., 1945, XI + 139 pp.	1946	11	3	90-91	review	general mathematical logic	review-of-record entry reached			metadata only; full text not reached
Alonzo Church	Henri Cartan. Sur le fondement logique des mathématiques. La revue scientifique, vol. 81 (1943), pp. 3–11.	1946	11	3	91-92	review	unclassified from title metadata	review-of-record entry reached			metadata only; full text not reached
Robert Feys	Konstanty Michalski. Le problème de la volonté à Oxford et à Paris au XIV e siècle. Studia philosophica, t. 2 (1937), pp. 233–365.	1946	11	3	91-91	review	philosophy, language, and inductive logic	review-of-record entry reached			metadata only; full text not reached
Alonzo Church	N. Bourbaki (pseudonym). Théorie des ensembles (Fascicule de résultats). Actualités scientifiques et industrielles 846, Hermann &C ie , Paris1939, VIII + 50 pp.	1946	11	3	91-91	review	unclassified from title metadata	review-of-record entry reached			metadata only; full text not reached
Alonzo Church	Paulette Destouches. La Logique symbolique en France et les récentes Journées de Logique. Revue philosophique de la France et de l'Étranger, vol. 136 (1946), pp. 221–225.	1946	11	3	91-91	review	philosophy, language, and inductive logic	review-of-record entry reached			metadata only; full text not reached
M. Kokoszyńska	Adam Wiegner. W sprawie zalożeń i charakieru logiki tradycyjnej (About the presuppositions and character of traditional logic). Kwartalnik filozoficzny, vol. 15 (1938), pp. 108–122.	1946	11	3	92-92	review	general mathematical logic	review-of-record entry reached			metadata only; full text not reached
Henryk Stonert	Jerzy Slupecki. Dowód aksjomalyzowalnoici pełnych systemów wielowartosciowych rachunku zdań (Proof of the axiomatizability of full many-valued systems of propositional calculus). Polish with German abstract. Comptes rendus des séances de la Société des Sciences et des Lettres de Varsovie, Classe III, vol. 32 (1939), pp. 110–128.	1946	11	3	92-93	review	propositional, many-valued, and modal logic	review-of-record entry reached			metadata only; full text not reached
Andrzej Mostowski	L. Chwistek. Ob aksiomé Cérmélo i éé roli v sovréménnoj matématiké (Sur I'axiome de Zermelo et son rôle dans les mathématiques contemporaines). Russian, with abstracts in French and Georgian. Soobŝĉéniá Akadémii Nauk Gruzinskoj SSR (Bulletin of the Academy of Sciences of the Georgian SSR), vol. 3 (1942), pp. 981–985.	1946	11	3	93-93	review	proof theory and formal systems	review-of-record entry reached			metadata only; full text not reached
Andrzej Mostowski	L. Chwistek. Ob osnoadh semantiki (Sur les fondements de la sémantique). Russian, with abstracts in French and Georgian. Soobŝĉéniá Akadémii Nauk Gruzinskoj SSR (Bulletin of the Academy of Sciences of the Georgian SSR), vol. 4 (1943), pp. 187–194.	1946	11	3	93-94	review	unclassified from title metadata	review-of-record entry reached			metadata only; full text not reached
Andrzej Mostowski	Stanislaw Zaremba. Uwagi o metodzie w matematyce i fizyce (Remarks on method in mathematics and physics). Przeglad filozoficzny, vol. 41 (1938), pp. 31–36.	1946	11	3	93-93	review	unclassified from title metadata	review-of-record entry reached			metadata only; full text not reached
Andrzej Mostowski	Z. Jordan. The development of mathematical logic and of logical positivism in Poland between the two wars. Polish science and learning, no. 6. Oxford University Press, London, New York, Toronto, 1945, 47 pp.	1946	11	3	94-95	review	philosophy, language, and inductive logic	review-of-record entry reached			metadata only; full text not reached
Andrzej Mostowski	Frederic B. Fitch. Self-reference in philosophy. Mind, n. s. vol. 55 (1946), pp. 64–73.	1946	11	3	95-96	review	philosophy, language, and inductive logic	review-of-record entry reached			metadata only; full text not reached
Albert A. Bennett	E. W. Beth. Geschiedenis der logica (History of logic). Servire's encyclopaedie, no. 37. N. V. Servire, The Hague1944, 96 pp.	1946	11	3	96-96	review	general mathematical logic	review-of-record entry reached			metadata only; full text not reached
Alonzo Church	Oscar Miro Quesada. El número y la realidad. Biblioteca de la Sociedad Peruana de Filosofia, vol. 3. Lima 1944, 74 pp	1946	11	3	96-96	review	unclassified from title metadata	review-of-record entry reached			metadata only; full text not reached
W. V. Quine	Ruth C. Barcan. A functional calculus of first order based on strict implication. The journal of symbolic logic, vol. 11 (1946), pp. 1–16.	1946	11	3	96-97	review	propositional, many-valued, and modal logic	review-of-record entry reached			metadata only; full text not reached
Carl G. Hempel	Thomas Storer. The logic of value imperatives. Philosophy of science, vol. 13 (1946), pp. 26–40.	1946	11	3	97-98	review	philosophy, language, and inductive logic	review-of-record entry reached			metadata only; full text not reached
Frederic B. Fitch	Herbert Gaylord Bohnert. The semiotic status of commands. Philosophy of science, vol. 12 (1945), pp. 302–315.	1946	11	3	98-98	review	philosophy, language, and inductive logic	review-of-record entry reached			metadata only; full text not reached
Frederic B. Fitch	J. C. C. McKinsey. On the syntactical construction of systems of modal logic. The journal of symbolic logic, vol. 10 (1945), pp. 83–94.	1946	11	3	98-99	review	propositional, many-valued, and modal logic	review-of-record entry reached			metadata only; full text not reached
Frederic B. Fitch	Alston S. Householder and Herbert D. Landahl. Mathematical biophysics of the central nervous system. Mathematical biophysics monograph series, no. 1. The Principia Press, Inc., Bloomington, Indiana, 1945, ix + 124 pp.	1946	11	3	99-99	review	unclassified from title metadata	review-of-record entry reached			metadata only; full text not reached
Charles A. Baylis	N. Rashevsky. Mathematical biophysics of abstraction and logical thinking. The bulletin of mathematical biophysics, vol. 7 (1945), pp. 133–148. - N. Rashevsky. Some remarks on the Boolean algebra of nervous nets in mathematical biophysics. The bulletin of mathematical biophysics, vol. 7 (1945), pp. 203–211. - N. Rashevsky. The neural mechanism of logical thinking. The bulletin of mathematical biophysics, vol. 8 (1946), pp. 29–40. - Arthur W. Burks. Laws of nature and reasonableness of regret. Mind, n.s. vol. 55 (1946), pp. 170–172.	1946	11	3	99-100	review	algebraic logic	review-of-record entry reached			metadata only; full text not reached
Alonzo Church	C. G. Hempel. Geometry and empirical science. The American mathematical monthly, vol. 52 (1945), pp. 7–17.	1946	11	3	100-100	review	unclassified from title metadata	review-of-record entry reached			metadata only; full text not reached
Charles A. Baylis	C. G. Hempel. On the nature of mathematical truth. The American mathematical monthly, vol. 52 (1945), pp. 543–556.	1946	11	3	100-100	review	philosophy, language, and inductive logic	review-of-record entry reached			metadata only; full text not reached
Charles A. Baylis	Frederic Harold Young. Charles Sanders Peirce. America's greatest logician and most original philosopher. A paper delivered 15 October 1945, at Milford, Pennsylvania, before the Pike County Historical Society. Privately printed 1946, 8 pp.	1946	11	3	100-100	review	philosophy, language, and inductive logic	review-of-record entry reached			metadata only; full text not reached
Alonzo Church	G. Bouligand. Les crises de l'unite dans la Mathématique. Revue générale des sciences pures et appliquées, vol. 52 no. 11-12 (1945), pp. 215–221.	1946	11	3	100-100	review	unclassified from title metadata	review-of-record entry reached			metadata only; full text not reached
Alonzo Church	K. Chandrasekharan. Partially ordered sets and symbolic logic. The mathematics student, vol. 12 (1944), pp. 14–24.	1946	11	3	100-101	review	set theory and foundations	review-of-record entry reached			metadata only; full text not reached
Alonzo Church	Marcel Barzin. Cours de logique. Mimeographed. Volume I, 1939, 113 + II pp. Volume II, 1940, 65 pp. Maison Desoer, Liége. [Cf. IV 91 (1).] - Louis Rougier. La relativité de la logique. Revue de métaphysique et de morale, vol. 47 no. 3 (for 1940, pub. 1942), pp. 305–330.	1946	11	3	100-100	review	unclassified from title metadata	review-of-record entry reached			metadata only; full text not reached
	J. Dieudonné. Os métodos axiomáticos modernos e os fundamentos da matemética. A translation by M. Zaluar of portions of IV 163 (1). Gazeta de matemática (Lisbon), vol. 2 (1941), no. 8, pp. 1–2.	1946	11	3	101-104	bibliographical notice / unattributed review	proof theory and formal systems	review-of-record entry reached; reviewer metadata absent			metadata only; full text not reached
Alonzo Church	José Sebastiāo E Silva. A lógica matemática e o ensino médio. Gazeta de matemática (Lisbon), vol. 2 (1941), no. 5, pp. 1–4, and no. 6, pp. 3-7, and no. 7, pp. 3-4.	1946	11	3	101-101	review	unclassified from title metadata	review-of-record entry reached			metadata only; full text not reached
Albert A. Bennett	José Sebastiāo E Silva. Sôbre o método axiomático. Gazeta de matemática (Lisbon), vol. 6 no. 26 (1945), pp. 2–3.	1946	11	3	101-101	review	proof theory and formal systems	review-of-record entry reached			metadata only; full text not reached
	Notice of a meeting of the Association for Symbolic Logic	1946	11	3	104-104	meeting/bibliographical notice	editorial/association apparatus				metadata only; full text not reached
	Errata	1946	11	3	iv-iv	errata	editorial/association apparatus				metadata only; full text not reached
	JSL volume 11 issue 3 Cover and Back matter	1946	11	3	b1-b1	cover/front/back matter	editorial/association apparatus				metadata only; full text not reached
	JSL volume 11 issue 3 Cover and Front matter	1946	11	3	f1-f6	cover/front/back matter	editorial/association apparatus				metadata only; full text not reached
W. V. Quine	Concatenation as a basis for arithmetic	1946	11	4	105-114	primary technical publication	unclassified from title metadata	in-block contemporaneous review entry immediately identified			metadata only; full text not reached
Ruth C. Barcan	The deduction theorem in a functional calculus of first order based on strict implication	1946	11	4	115-118	primary technical publication	propositional, many-valued, and modal logic	in-block contemporaneous review entry immediately identified			metadata only; full text not reached
A. Heyting	On weakened quantification	1946	11	4	119-121	primary technical publication	proof theory and formal systems	in-block contemporaneous review entry immediately identified			metadata only; full text not reached
Max Black	Georg Henrik Von Wright. Über Wahrscheinlichkeit. Eine logische und philosophische Untersuchung. Acta Societatis Scientiarum Fennicae, new series A, vol. 3 no. 11, Helsingfors 1945, 66 pp.	1946	11	4	122-124	review	philosophy, language, and inductive logic	review-of-record entry reached			metadata only; full text not reached
Max Black	Carl G. Hempel. A note on the paradoxes of confirmation. Mind, n. s. vol. 55 (1946), pp. 79–82.	1946	11	4	124-124	review	philosophy, language, and inductive logic	review-of-record entry reached			metadata only; full text not reached
Carl G. Hempel	Rudolf Carnap. Remarks on induction and truth. Philosophy and phenomenological research, vol. 6 no. 4 (1946), pp. 590–602. - Felix Kaufmann. On the nature of inductive inference. Philosophy and phenomenological research, vol. 6 no. 4 (1946), pp. 602–609. - Rudolf Carnap. Rejoinder to Mr. Kaufmann's reply. Philosophy and phenomenological research, vol. 6 no. 4 (1946), pp. 609–611.	1946	11	4	124-125	review	philosophy, language, and inductive logic	review-of-record entry reached			metadata only; full text not reached
Carl G. Hempel	E. W. Beth. Logica. Eerste Nederlandse systematisch ingerichte encyclopaedic, vol. I, Amsterdam 1946, pp. 113–119.	1946	11	4	125-125	review	unclassified from title metadata	review-of-record entry reached			metadata only; full text not reached
S. Karlin	Baruch Germanski. (Axioms of the natural numbers). (Riveon lemathematika) (Jerusalem), vol. 1 no. 1 (June 1946).	1946	11	4	126-127	review	proof theory and formal systems	review-of-record entry reached			metadata only; full text not reached
Alonzo Church	Edmund Landau. Grundlagen der Analysis. (Das Rechnen mit ganzen, rationalen, irrationalen, komplexen Zahlen.) Ergänzung zu den Lehrbüchern der Differential- und Integralrechnung. Forewords translated by F. Steinhardt. Chelsea Publishing Company, New York 1946, XX + 139 pp.	1946	11	4	126-126	review	unclassified from title metadata	review-of-record entry reached			metadata only; full text not reached
W. V. Quine	Vitorino Magalhāis Godinho. Esboços sôbre alguns problemas da lógica. Colecçāo “Universitas” no. 9. Coimbra Editora, Coimbra, Portugal, 1943, iv + 135 pp.	1946	11	4	126-126	review	unclassified from title metadata	review-of-record entry reached			metadata only; full text not reached
George D. W. Berry	Frederic B. Fitch. A minimum calculus for logic. The journal of symbolic logic, vol. 9 (1944), pp. 89–94.	1946	11	4	127-128	review	proof theory and formal systems	review-of-record entry reached			metadata only; full text not reached
Max Black	K. Chandrasekharan. A further note on intuitionistic set-theory. The mathematics student, vol. 13 (1945), pp. 49–51.	1946	11	4	127-127	review	set theory and foundations	review-of-record entry reached			metadata only; full text not reached
H. E. Vaughan	S. C. Kleene. On the forms of predicates in the theory of constructive ordinals. American journal of mathematics, vol. 66 (1944), pp. 41–58.	1946	11	4	127-127	review	set theory and foundations	review-of-record entry reached			metadata only; full text not reached
Jan Kalicki	Jerzy Slupecki. Kryterium pelności wielowartościowych systemów logiki zdań (A criterion of fullness of many-valued systems of propositional logic). Polish with German abstract. Comptes rendus des séances de la Société des Sciences et des Lettres de Varsovie, Classe III, vol. 32 (1939), pp. 102–110.	1946	11	4	128-128	review	propositional, many-valued, and modal logic	review-of-record entry reached			metadata only; full text not reached
Wanda Szmielew	D. A. Boĉvar (D. A. Bochvar). K voprosu o néprotivoréĉivosti odnogo tréhznaĉnogo isĉisléniá (On the consistency of a three-valued logical calculus). Russian with brief English abstract. Matématiĉéskij sbornik (Recueil mathématique), vol. 12 (54), no. 3 (1943), pp. 353–369.	1946	11	4	129-129	review	proof theory and formal systems	review-of-record entry reached			metadata only; full text not reached
Wanda Szmielew	D. A. BOĉvar (D. A. Bochvar). K voprosu o paradoksah matématiĉéskoj logiki i téorii množéstv (To the question of paradoxes of the mathematical logic and theory of sets). Russian with English abstract. Matématiĉéskij sbornik (Recueil mathématique), vol. 15 (57), no. 3 (1944), pp. 369–384.	1946	11	4	129-129	review	set theory and foundations	review-of-record entry reached			metadata only; full text not reached
Alonzo Church	P. S. Novikoff. On the consistency of certain logical calculus. English with brief Russian abstract. Matématiĉéskij sbornik (Recueil mathématique), vol. 12 (54), no. 2 (1943), pp. 231–261.	1946	11	4	129-131	review	proof theory and formal systems	review-of-record entry reached			metadata only; full text not reached
Alonzo Church	Alexandre Koyré. The liar. Philosophy and phenomenological research, vol. 6 no. 3 (1946), pp. 344–362.	1946	11	4	131-131	review	philosophy, language, and inductive logic	review-of-record entry reached			metadata only; full text not reached
Alonzo Church	Paul Finsler. Gibt es unentscheidbare Sätzei Commentarii mathematici Helvetici, vol. 16 no. 4 (1944), pp. 310–320.	1946	11	4	131-132	review	unclassified from title metadata	review-of-record entry reached			metadata only; full text not reached
Alonzo Church	Morton G. White. A note on the “paradox of analysis.” Mind, n.s. vol. 54 (1945), pp. 71–72. - Max Black. The “paradox of analysis” again: a reply. Mind, n.s. vol. 54 (1945), pp. 272–273. - Morton G. White. Analysis and identity: a rejoinder. Mind, n.s. vol. 54 (1945), pp. 357–361. - Max Black. How can analysis be informative? Philosophy and phenomenological research, vol. 6 no. 4 (1946), pp. 628–631.	1946	11	4	132-133	review	philosophy, language, and inductive logic	review-of-record entry reached			metadata only; full text not reached
Alonzo Church	A. D. Ritchie. A defence of Aristotle's logic. Mind, n.s. vol. 55 (1946), pp. 256–262.	1946	11	4	134-134	review	general mathematical logic	review-of-record entry reached			metadata only; full text not reached
Alonzo Church	E. W. Beth. Logica en grondslagenonderzoek 1940–1945 (Logic and foundations-research 1940-1945). Algemeen Nederlands tijdschrift voor wijsbegeerte en psychblogie, vol. 38 (1946), pp. 103–108.	1946	11	4	134-134	review	general mathematical logic	review-of-record entry reached			metadata only; full text not reached
Andrzej Mostowski	F. I. Mautner. An extension of Klein's Erlanger program: Logic as invariant-theory. American journal of mathematics, vol. 68 (1946), pp. 345–384.	1946	11	4	134-136	review	general mathematical logic	review-of-record entry reached			metadata only; full text not reached
Charles A. Baylis	Stéphane Lupasco. Valeurs logiques et contradiction. Revue philosophique de la France et de l'Êtranger, vol. 135 (1945), pp. 1–31.	1946	11	4	134-134	review	philosophy, language, and inductive logic	review-of-record entry reached			metadata only; full text not reached
László Kalmár	Haskell B. Curry. The paradox of Kleene and Rosser. Transactions of the American Mathematical Society, vol. 50 (1941), pp. 454–516.	1946	11	4	136-137	review	unclassified from title metadata	review-of-record entry reached			metadata only; full text not reached
	List of officers and Members of the Association for Symbolic Logic	1946	11	4	138-142	association record	editorial/association apparatus				metadata only; full text not reached
	Errata	1946	11	4	iv-iv	errata	editorial/association apparatus				metadata only; full text not reached
	JSL volume 11 issue 4 Cover and Back matter	1946	11	4	b1-b1	cover/front/back matter	editorial/association apparatus				metadata only; full text not reached
	JSL volume 11 issue 4 Cover and Front matter	1946	11	4	f1-f6	cover/front/back matter	editorial/association apparatus				metadata only; full text not reached
Emil L. Post	Recursive Unsolvability of a problem of Thue	1947	12	1	1-11	primary technical publication	computability, recursion, and decidability	in-block contemporaneous review entry immediately identified			metadata only; full text not reached
Ruth C. Barcan	The identity of individuals in a strict functional calculus of second order	1947	12	1	12-15	primary technical publication	proof theory and formal systems	in-block contemporaneous review entry immediately identified			metadata only; full text not reached
George D. W. Berry	Willard Van Orman Quine. O sentido da nova lógica (The meaning of the new logic). Biblioteca de ciéncias sociais. Livraria Martins Editora, Sãao Paulo1944, 252 pp.	1947	12	1	16-17	review	philosophy, language, and inductive logic	review-of-record entry reached			metadata only; full text not reached
George D. W. Berry	W. V. Quine. On the logic of quantification. The journal of symbolic logic, vol. 10 (1945), pp. 1–12.	1947	12	1	17-19	review	proof theory and formal systems	review-of-record entry reached			metadata only; full text not reached
E. W. Beth	Andrew Paul Ushenko. Power and events. An essay on dynamics in philosophy. Princeton University Press, Princeton1946, xxi + 301 pp.	1947	12	1	19-20	review	philosophy, language, and inductive logic	review-of-record entry reached			metadata only; full text not reached
Max Black	James Feibleman. An introduction to Peirce's philosophy interpreted as a system.With a foreword by Bertrand Russell. Harper and Brothers, New York and London1946, xx + 503 pp.	1947	12	1	19-19	review	philosophy, language, and inductive logic	review-of-record entry reached			metadata only; full text not reached
W. V. Quine	Fausto I. Toranzos. Introducción a la epistemología y fundamentación de la matemática. Preface and appendix (La investigación matemática) by J. Rey Pastor. Espasa-Calpe Argentina, Buenos Aires and Mexico City, 1943, 238 pp.	1947	12	1	20-21	review	unclassified from title metadata	review-of-record entry reached			metadata only; full text not reached
Max Black	Jean Cavaillés and Albert Lautman. La pensée mathématique. Separate papers by the two authors, with discussion by Cartan, Chabauty, Dubreil, Ehresmann, Fréchet, Hyppolite, Paul Lévy, Schrecker, and the authors. Bulletin de la Société Française de Philosophie, vol. 40, no. 1 (1946), pp. 1–39.	1947	12	1	21-22	review	philosophy, language, and inductive logic	review-of-record entry reached			metadata only; full text not reached
Everett J. Nelson	C. Lewy. Equivalence and identity. Mind, n.s., vol. 55 (1946), pp. 223–233.	1947	12	1	22-23	review	unclassified from title metadata	review-of-record entry reached			metadata only; full text not reached
Charles A. Baylis	Harold R. Smart. Bolzano's logic. The philosophical review, vol. 53 (1944), pp. 513–533.	1947	12	1	22-22	review	philosophy, language, and inductive logic	review-of-record entry reached			metadata only; full text not reached
E. W. Beth	P. G. J. Vredenduin. Burkamp's logica (Burkamp's logic). Algemeen Nederlands tijdschrift voor wijsbegeerie en psychologie, vol. 37 (1943–1944), pp. 41–51; also Annalen van het Genootschap voor wetenschappelijke philosophie, vol. 14 (1944), pp. 1–11.	1947	12	1	22-22	review	philosophy, language, and inductive logic	review-of-record entry reached			metadata only; full text not reached
Alice Ambrose	Yehoshua Bar-Hillel. Analysis of ‘correct” language. Mind, n.s., vol. 55 (1946), pp. 328–340.	1947	12	1	23-24	review	philosophy, language, and inductive logic	review-of-record entry reached			metadata only; full text not reached
Max Black	Bektrand Russell, Logical positivism. Polemic (London), no. 1 (1945), pp. 6–13.	1947	12	1	24-24	review	philosophy, language, and inductive logic	review-of-record entry reached			metadata only; full text not reached
Robert Feys	Josef De Vries. Logistische Zeichensprache und Philosophie. Scholastik, t. 16 (1941), pp. 369–379.	1947	12	1	24-24	review	philosophy, language, and inductive logic	review-of-record entry reached			metadata only; full text not reached
Robert Feys	Walter Brugger. Die Modalität einfacher Aussageverbindungen. Scholastik, t. 17 (1942), pp. 217–235.	1947	12	1	24-25	review	propositional, many-valued, and modal logic	review-of-record entry reached			metadata only; full text not reached
Robert Feys	M. L. Guérard des Laurieks. Propositions logistiques vraies. Demonstrabilité Arithméisation. Les sciences philosophiques et théologiques, t. 2 (1941–1942), pp. 327–345.	1947	12	1	25-25	review	propositional, many-valued, and modal logic	review-of-record entry reached			metadata only; full text not reached
Frederic B. Fitch	Marcel Barzin. Sur la portée du théoréme de M. Gõdel. Académie royale de Belgique, Bulletin de la classe des sciences, ser. 5 vol. 26 (1940), pp. 230–239.	1947	12	1	25-25	review	unclassified from title metadata	review-of-record entry reached			metadata only; full text not reached
Frederic B. Fitch	Thomas Greenwood. The unity of logic. The Thomist, vol. 8 (1945), pp. 457–470.	1947	12	1	25-26	review	general mathematical logic	review-of-record entry reached			metadata only; full text not reached
Andrzej Mostowski	Tadeusz Czezowski. Glówne zasady nauk filozoficznych (Fundamental principles of the philosophical sciences). Ksiegarnia naukowa. T. Szczesny i Ska, Toruń1946, 199 pp	1947	12	1	26-26	review	philosophy, language, and inductive logic	review-of-record entry reached			metadata only; full text not reached
Hugo Ribeiro	Willard V. Quine. Os Estados Unidos e o ressurgimento da lógica. Vida intelectual nos Estados Unidos (Sao Paulo), t. 2 (pub. 1946), pp. 267–286.	1947	12	1	26-26	review	unclassified from title metadata	review-of-record entry reached			metadata only; full text not reached
Andrzej Mostowski	Zygmunt Zawirski. Geneza i rozwój logiki intuicjonistycznej (Genesis and development of intuitionistic logic). Kwartalnik filozoficzny, vol. 16 no. 2–4 (1946), pp. 165–222.	1947	12	1	26-27	review	propositional, many-valued, and modal logic	review-of-record entry reached			metadata only; full text not reached
Andrzej Mostowski	D. A. Bocvar. Nékotoryé logicéskié teorémyo normal'nyh mnozést'vah i prédikatah (Some logical theorems on the normal sets and predicates). Matémalicéskij sbornik (Recueil mathématique), n.s. vol. 16 (58), no. 3 (1945), pp. 345–352.	1947	12	1	27-27	review	set theory and foundations	review-of-record entry reached			metadata only; full text not reached
S. C. Kleene	Robert Feys. La technique de la logique combinatoire. Revue philosophique de Louvain (fondée en 1894 sous le titre de “Revue Néo-scolastique”), vol. 44 (ser. 3 no. 1) (1946), pp. 74–103, and vol. 44 (ser. 3 no. 2) (1946), pp. 237–270.	1947	12	1	27-28	review	philosophy, language, and inductive logic	review-of-record entry reached			metadata only; full text not reached
S. C. Kleene	Emil L. Post. Note on a conjecture of Skolem. The journal of symbolic logic, vol. 11 (1946), pp. 73–74.	1947	12	1	28-28	review	general mathematical logic	review-of-record entry reached			metadata only; full text not reached
J. C. C. McKinsey	George D. Birkhoff and Garrett Birkhoff. Distributive postulates for systems like Boolean algebras. Transactions of the American Mathematical Society, vol. 60 (1946) pp. 3–11.	1947	12	1	28-29	review	algebraic logic	review-of-record entry reached			metadata only; full text not reached
A. R. Turquette	W. V. Quine. On relations as coextensive with classes. The journal of symbolic logic, vol. 11 (1946), pp. 71–72.	1947	12	1	28-28	review	set theory and foundations	review-of-record entry reached			metadata only; full text not reached
	Valère Glivenko. Théorie générale des structures. Actualités scientifiques et industrielles 652. Hermann & C ie , Paris1938, 54 pp.	1947	12	1	29-29	bibliographical notice / unattributed review	unclassified from title metadata	review-of-record entry reached; reviewer metadata absent			metadata only; full text not reached
	Ninth Meeting of the Association for Symbolic Logic	1947	12	1	30-32	meeting abstracts	editorial/association apparatus				metadata only; full text not reached
	Errata	1947	12	1		errata	editorial/association apparatus				metadata only; full text not reached
	JSL volume 12 issue 1 Cover and Front matter	1947	12	1	f1-f5	cover/front/back matter	editorial/association apparatus				metadata only; full text not reached
Andrzej Mostowski	On absolute properties of relations	1947	12	2	33-42	primary technical publication	unclassified from title metadata				metadata only; full text not reached
W. V. Quine	The problem of interpreting modal logic	1947	12	2	43-48	primary technical publication	propositional, many-valued, and modal logic				metadata only; full text not reached
Arthur Francis Smullyan	Charles Morris. Signs, language, and behavior. Prentice-Hall, Inc., New York1946, v + 356 pp.	1947	12	2	49-51	review	philosophy, language, and inductive logic	review-of-record entry reached			metadata only; full text not reached
Virgil Hinshaw	Delton Thomas Howard. Analytical syllogistics. A pragmatic interpretation of the Aristotelian logic. Northwestern University studies in the humanities, no. 15. Evanston1946, ix + 181 pp.	1947	12	2	51-52	review	model theory and semantics	review-of-record entry reached			metadata only; full text not reached
W. V. Quine	Everett J. Nelson. Contradiction and the presupposition of existence. Mind, n. s. vol. 55 (1946), pp. 319–327.	1947	12	2	52-55	review	unclassified from title metadata	review-of-record entry reached			metadata only; full text not reached
W. V. Quine	Arthub Pap. A note on logic and existence. Mind, n. s. vol. 56 (1947), pp. 72–76.	1947	12	2	55-55	review	general mathematical logic	review-of-record entry reached			metadata only; full text not reached
Alonzo Church	Emil L. Post. A variant of a recursively unsolvable problem. Bulletin of the American Mathematical Society, vol. 52 (1946), pp. 264–268.	1947	12	2	55-56	review	computability, recursion, and decidability	review-of-record entry reached			metadata only; full text not reached
Alonzo Church	Henry Winthrop. Metalypsis and paradox in the concept of metalanguage. The philosophical review, vol. 54 (1945), pp. 607–610.	1947	12	2	55-55	review	philosophy, language, and inductive logic	review-of-record entry reached			metadata only; full text not reached
Alonzo Church	Franz Brentano. Psychologie du point de vue empirique. Translation and preface by Maurice de Gandillac. Aubier, Editions Montaigne, Paris1944, 461 pp.	1947	12	2	56-57	review	unclassified from title metadata	review-of-record entry reached			metadata only; full text not reached
Alonzo Church	Willard Van Orman Quine. Mathematical logic. Second printing. Harvard University Press, Cambridge, Mass., 1947, xi + 340 pp.	1947	12	2	56-56	review	general mathematical logic	review-of-record entry reached			metadata only; full text not reached
Charles A. Baylis	Charles Serrus. Traité de logique. Aubier, Editions Montaigne, Paris1945, 381 pp.	1947	12	2	57-57	review	unclassified from title metadata	review-of-record entry reached			metadata only; full text not reached
Maurice L'Abbé	Henri Hiż. Remarque sur le degré de complétude. Comptes rendus hebdomadaires des séances de l'Académie des Sciences (Paris), vol. 223 (1946), pp. 973–974.	1947	12	2	57-58	review	unclassified from title metadata	review-of-record entry reached			metadata only; full text not reached
Paul Bernays	Antoinette Virieux-Reymond. A propos de la nature de la négation en logique.Revue de théologie et de philosophie (Lausanne), n.s. vol. 28 (1940), pp. 134–136.	1947	12	2	58-58	review	philosophy, language, and inductive logic	review-of-record entry reached			metadata only; full text not reached
Alonzo Church	B. Germansky. Axiomes des nombres naturels. Intermédiate des recherches mathématiques, vol. 2 (1946), pp. 121–122.	1947	12	2	58-58	review	proof theory and formal systems	review-of-record entry reached			metadata only; full text not reached
Paul Bernays	Heinrich Scholz. Eine neue Gestalt dcr Grundlagcnforschung.Forschungen und Fortschritle (Berlin), vol. 17 no. 35–36 (1941), pp. 382–384.	1947	12	2	58-59	review	unclassified from title metadata	review-of-record entry reached			metadata only; full text not reached
Max Black	O. Auriac. Contributions á la logique. Revue d'histoire de la philosophie et d'histoire générale de la civilisation, fasc. 41 (1946), pp. 49–66.	1947	12	2	58-58	review	philosophy, language, and inductive logic	review-of-record entry reached			metadata only; full text not reached
Alonzo Church	Victor Lalan. Definition de deux structures d'anneau dans une algébre de Boole. Comptes rendus hebdomadaires des séances de l'Académie des Sciences (Paris), vol. 223 (1946), pp. 1086–1087.	1947	12	2	58-58	review	unclassified from title metadata	review-of-record entry reached			metadata only; full text not reached
David Nelson	A. Heyting. On weakened quantification. The journal of symbolic logic, vol. 11 (1946), pp. 119–121.	1947	12	2	59-59	review	proof theory and formal systems	review-of-record entry reached			metadata only; full text not reached
G. H. V. Wright	Julius Weinberg. Our knowledge of other minds. The philosophical review, vol. 55 (1946), pp. 555–563.	1947	12	2	59-59	review	philosophy, language, and inductive logic	review-of-record entry reached			metadata only; full text not reached
Charles A. Baylis	Paul Schrecker. Leibniz and the art of inventing algorisms. Journal of the history of ideas, vol. 8 (1947), pp. 107–116.	1947	12	2	59-60	review	unclassified from title metadata	review-of-record entry reached			metadata only; full text not reached
S. Ulam	Andrzej Mostowski. O zdaniach nierozstrzygalnych w sformalizowanych systemach matematyki (On undecidable propositions in formalized systems of mathematics). Kwartalnik filozoficzny, vol. 16 no. 2–4 (1946), pp. 223–277.	1947	12	2	60-60	review	computability, recursion, and decidability	review-of-record entry reached			metadata only; full text not reached
Alonzo Church	Willard V. Quine. A short course in logic. Chapters I-VII. Mimeographed. Harvard Cooperative Society, Cambridge, Mass., 1946, iv + 130 pp.	1947	12	2	60-61	review	general mathematical logic	review-of-record entry reached			metadata only; full text not reached
Alonzo Church	Alfred Tarski. Introduction to logic and to the methodology of deductive sciences. Translated by Olaf Helmer. Second edition, revised. Oxford University Press, New York1946, xviii + 239 pp.	1947	12	2	61-61	review	proof theory and formal systems	review-of-record entry reached			metadata only; full text not reached
Alonzo Church	E. T. Bell. The development of mathematics. Second edition. McGraw-Hill Book Co., New York and London1945, xiii + 637 pp.	1947	12	2	61-62	review	unclassified from title metadata	review-of-record entry reached			metadata only; full text not reached
E. W. Beth	Chapters from Modern Formal Logic.	1947	12	2	62	review	proof theory and formal systems	review-of-record entry reached			metadata only; full text not reached
Evert W. Beth	D. Van Dantzig. Wishunde, logica en ervaringswelenschappcu (Mathematics, logic, and empirical science). Studium generale: Syllabus van de algemeen vormende voordrachten in den cursus 1945–'46 gehouden aan de Technische Hoogeschool te Delft, 1918, pp. 71–104.	1947	12	2	62-63	review	general mathematical logic	review-of-record entry reached			metadata only; full text not reached
Evert W. Beth	E. T. Bell. Men of mathematics. Reprinted edition. Dover Publications, New York1946, xxi + 592 pp.	1947	12	2	62-62	review	unclassified from title metadata	review-of-record entry reached			metadata only; full text not reached
E. T. Bell	Men of Mathematics.	1947	12	2	62	review	unclassified from title metadata	review-of-record entry reached			metadata only; full text not reached
	F. Paradies. Recht en logica (Law and logic). Amsterdam1946, 55 pp.	1947	12	2	63-64	bibliographical notice / unattributed review	general mathematical logic	review-of-record entry reached; reviewer metadata absent			metadata only; full text not reached
Evert W. Beth	G. F. C. Griss. Idealistische filosofie (Idealistic philosophy). Arnhem1946. 80 pp.	1947	12	2	63-63	review	philosophy, language, and inductive logic	review-of-record entry reached			metadata only; full text not reached
Evert W. Beth	H. Meyer. Gelijkenis en gelijkheid (Resemblance and identity). Algemeen Nederlands tijdschrift voor wijsbegeerte en psychologie, vol. 38 (1946), pp. 94–103.	1947	12	2	63-63	review	unclassified from title metadata	review-of-record entry reached			metadata only; full text not reached
Evert W. Beth	J. Clay. Logica en natuurwetenschap (Logic and natural science). Algemeen Nederlands tijdschrift voor wijsbegeerte en psychologie, vol. 38 (1946), pp. 33–46.	1947	12	2	63-63	review	general mathematical logic	review-of-record entry reached			metadata only; full text not reached
	JSL volume 12 issue 2 Cover and Front matter	1947	12	2	f1-f6	cover/front/back matter	editorial/association apparatus				metadata only; full text not reached
László Kalmár; János Surányi	On the reduction of the decision problem	1947	12	3	65-73	primary technical publication	computability, recursion, and decidability	in-block contemporaneous review entry immediately identified			metadata only; full text not reached
W. V. Quine	On Universals	1947	12	3	74-84	primary technical publication	unclassified from title metadata				metadata only; full text not reached
Ernest Nagel	Max Black. Critical thinking. An introduction to logic and scientific method. Prentice-Hall, Inc., New York1946, xv + 402 pp.	1947	12	3	85-86	review	general mathematical logic	review-of-record entry reached			metadata only; full text not reached
George D. W. Berry	Hans Reichenbach. Introduction á la logistigue. Translated by Henri Savonnet. Actualités scientifiques et industrielles 794. Hermann & C ie , Paris1939, 65 pp.	1947	12	3	86-87	review	unclassified from title metadata	review-of-record entry reached			metadata only; full text not reached
George W. Brown	Hermann Weyl. פילוסופיה של המתימטיקה (Philosophy of mathematics). Translated by David Meuhad (Klinghofer). Revised and annotated by Abraham Adolf Fraenkel. The Hebrew University Press Association, Jerusalem1945, 7 + 82 pp.	1947	12	3	87-88	review	philosophy, language, and inductive logic	review-of-record entry reached			metadata only; full text not reached
Th. Skolem	Jørgen Jørgensen. Indledning til logikken og metodelæren (Introduction to logic and methodology). Ejnar Munksgaard, Copenhagen1942, 88 pp.	1947	12	3	88-89	review	philosophy, language, and inductive logic	review-of-record entry reached			metadata only; full text not reached
H. E. Vaughan	Archie Blake. A Boolean derivation of the Moore-Osgood theorem. The journal of symbolic logic, vol. 11 (1946), pp. 65–70.	1947	12	3	89-90	review	general mathematical logic	review-of-record entry reached			metadata only; full text not reached
Evert W. Beth	G. Mannoury. Methodologisches und Philosophisches zur Elementar-Mathematik. Van Gorcum & Comp.N. V., Assen, x + 280 pp.	1947	12	3	89-89	review	philosophy, language, and inductive logic	review-of-record entry reached			metadata only; full text not reached
Max Black	John W. Tukey, conference reporter. The Princeton University bicentennial conference on the problems of mathematics. With a foreword by Solomon Lefschetz. Princeton University bicentennial conferences, series 2 conference 2.Princeton University, Princeton, N.J., 1947, 32 pp.	1947	12	3	89-89	review	unclassified from title metadata	review-of-record entry reached			metadata only; full text not reached
S. C. Kleene	Emil L. Post. Recursive unsolvability of a problem of Thue. The journal of symbolic logic, vol. 12 (1947), pp. 1–11.	1947	12	3	90-91	review	computability, recursion, and decidability	review-of-record entry reached			metadata only; full text not reached
Andkzej Mostowski	S. C. Kleene. On the interpretation of intuitionistic number theory. The journal of symbolic logic, vol. 10 (1945), pp. 109–124.	1947	12	3	91-93	review	propositional, many-valued, and modal logic	review-of-record entry reached			metadata only; full text not reached
Andrzej Mostowski	David Nelson. Recursive functions and intuitionistic number theory. Transactions of the American Mathematical Society, vol. 61 (1947), pp. 307–368. See Errata, ibid., p. 556.	1947	12	3	93-94	review	computability, recursion, and decidability	review-of-record entry reached			metadata only; full text not reached
Alonzo Church	Augustin Sesmat and Victor Lalan. Equations dans le corps de Boole et relations entre propositions. Comptes rendus hebdomadaires des séances de l'Académie des Sciences (Paris), vol. 224 (1947), pp. 1043–1045.	1947	12	3	94-94	review	propositional, many-valued, and modal logic	review-of-record entry reached			metadata only; full text not reached
Alonzo Church	Emile Borel. Sür l'illusion des définitions numériques. Comptes rendus hebdomadaires des séances de l'Académie des Sciences (Paris), vol. 224 (1947), pp. 766–767.	1947	12	3	94-94	review	unclassified from title metadata	review-of-record entry reached			metadata only; full text not reached
Alonzo Church	J. Billing. A failure of the Bolzano-Weierstrass lemma. Arkiv för matematik, astronomi och fysik, vol. 34B (1947), no. 11, 2 pp.	1947	12	3	94-94	review	unclassified from title metadata	review-of-record entry reached			metadata only; full text not reached
Alonzo Church	Paul Dubreil. Algèbre. Tome I. Équivalences, opérations, groupes, anneaux, corps.Cahiers scientifiques no. 20. Gauthier-Villars, Paris1946, X + 305 pp	1947	12	3	94-94	review	unclassified from title metadata	review-of-record entry reached			metadata only; full text not reached
Alonzo Church	The Three Basic Directions in the Foundations of Mathematics.	1947	12	3	94	review	unclassified from title metadata	review-of-record entry reached			metadata only; full text not reached
Alonzo Church	. (The three basic directions in the foundations of mathematics). (Bulletin de la Société Mathématique de Gréce), vol. 21 (1941), pp. 67–103.	1947	12	3	94-95	review	unclassified from title metadata	review-of-record entry reached			metadata only; full text not reached
Max Black	Karl Dürr. Alle und neue Logik. Jahrbuch der Schweizerischen Philosophischen Gesellschaft—Annuaire de la Société Suisse de Philosophie, vol. 2 (1942), pp. 104–122.	1947	12	3	95-95	review	philosophy, language, and inductive logic	review-of-record entry reached			metadata only; full text not reached
Oiva Ketonen	R. Feys. Les méthodes récentes de déduction naturelle. Revue philosophique de Louvain, vol. 44 (1946), pp. 370–400.	1947	12	3	95-95	review	proof theory and formal systems	review-of-record entry reached			metadata only; full text not reached
W. V. Quine	Ruth C. Barcan. The deduction theorem in a functional calculus of first order based on strict implication. The journal of symbolic logic, vol. 11 (1946), pp. 115–118.	1947	12	3	95-95	review	propositional, many-valued, and modal logic	review-of-record entry reached			metadata only; full text not reached
W. V. Quine	Ruth C. Barcan. The identity of individuals in a strict functional calculus of second order. The journal of symbolic logic, vol. 12 (1947), pp. 12–15.	1947	12	3	95-96	review	proof theory and formal systems	review-of-record entry reached			metadata only; full text not reached
Alonzo Church	David Rynin. A critical essay on Johnson's philosophy of language. Alexander Bryan Johnson's A treatise on language, edited, and with a critical essay on his philosophy of language, by David Rynin, University of California Press, Berkeley and Los Angeles1947, pp. 305–430.	1947	12	3	96-98	review	philosophy, language, and inductive logic	review-of-record entry reached			metadata only; full text not reached
Alonzo Church	Howard F. Fehr. Meaning in algebra. The New Jersey mathematics teacher, vol. 2 no. 3 (1947), pp. 8–11.	1947	12	3	96-96	review	philosophy, language, and inductive logic	review-of-record entry reached			metadata only; full text not reached
Alonzo Church	Lawrence M. Graves. The theory of functions of real variables. McGraw-Hill Book Company, Inc., New York and London1946, x + 300 pp.	1947	12	3	96-96	review	unclassified from title metadata	review-of-record entry reached			metadata only; full text not reached
Alonzo Church	Gerard P. Minoque. The three fundamental laws of thought in their metaphysical and logical aspects. Proceedings of the American Catholic Philosophical Association, vol. 21 (for 1946, pub. 1947), pp. 83–92.	1947	12	3	98-99	review	philosophy, language, and inductive logic	review-of-record entry reached			metadata only; full text not reached
Alonzo Church	Philotheus Boehner. El sistema de Lógica escolástica. Estudio hislórico y critico. Translated by Matilde Pizarro Crespo. Revista de la Universidad Nacional de Cordoba, vol. 31 (1944), pp. 1599–1620.	1947	12	3	98-98	review	unclassified from title metadata	review-of-record entry reached			metadata only; full text not reached
Carl G. Hempel	C. West Churchman. Carnap's ‘On inductive logic.”Philosophy of science, vol. 13 (1946), pp. 339–342.	1947	12	3	99-100	review	philosophy, language, and inductive logic	review-of-record entry reached			metadata only; full text not reached
Carl G. Hempel	Gustav Bergmann. Remarks on realism. Philosophy of science, vol. 13 (1946), pp 261–273.	1947	12	3	99-99	review	philosophy, language, and inductive logic	review-of-record entry reached			metadata only; full text not reached
Arthur Francis Smullyan	John Dewey and Arthur F. Bentley. ‘Definition.’The journal of philosophy, vol. 44 (1947), pp. 281–306.	1947	12	3	99-99	review	philosophy, language, and inductive logic	review-of-record entry reached			metadata only; full text not reached
Nelson Goodman	Everett W. Hall. On the nature of the predicate, “verified.”Philosophy of science, vol. 14 (1947), pp. 123–131.	1947	12	3	100-100	review	philosophy, language, and inductive logic	review-of-record entry reached			metadata only; full text not reached
Charles A. Baylis	F. Waismann. Are there alternative logics?Proceedings of the Aristotelian Society, n.s. vol. 46 (1945–1946), pp. 77–104.	1947	12	3	100-101	review	unclassified from title metadata	review-of-record entry reached			metadata only; full text not reached
Charles A. Baylis	Friedrich Waismann. Verifiability (Part II of a symposium). Aristotelian Society, supplementary volume XIX (1945), pp. 119–150.	1947	12	3	101-101	review	unclassified from title metadata	review-of-record entry reached			metadata only; full text not reached
Charles A. Baylis	William Kneale. Truths of logic. Proceedings of the Aristotelian Society, n.s. vol. 46 (1945–1946), pp. 208–234.	1947	12	3	101-101	review	philosophy, language, and inductive logic	review-of-record entry reached			metadata only; full text not reached
	Victor Lalan. L'anneau de Boole á seize éléments el le calcul des propositions.Comptes rendus hebdomadaires des seances de l'Académie des Sciences (Paris), vol. 224 (1947), pp. 432–434.	1947	12	3	102-104	bibliographical notice / unattributed review	propositional, many-valued, and modal logic	review-of-record entry reached; reviewer metadata absent			metadata only; full text not reached
Charles A. Baylis	William Kneale. Verifiability (Part III of a symposium). Aristotelian Society, supplementary volume XIX (1945), pp. 151–164.	1947	12	3	102-102	review	unclassified from title metadata	review-of-record entry reached			metadata only; full text not reached
	JSL volume 12 issue 3 Cover and Front matter	1947	12	3	f1-f6	cover/front/back matter	editorial/association apparatus				metadata only; full text not reached
Nelson Goodman; W. V. Quine	Steps toward a constructive nominalism	1947	12	4	105-122	primary technical publication	philosophy, language, and inductive logic	in-block contemporaneous review entry immediately identified			metadata only; full text not reached
R. L. Goodstein	Transfinite ordinals in recursive number theory	1947	12	4	123-129	primary technical publication	set theory and foundations	in-block contemporaneous review entry immediately identified			metadata only; full text not reached
Hao Wang	A Note on Quine's principles of quantification	1947	12	4	130-132	primary technical publication	proof theory and formal systems	in-block contemporaneous review entry immediately identified			metadata only; full text not reached
Paul Bernays	Paulette Destouches-Février. Rapports entre le calcul des problémes et le calcul des propositions.Comptes rendus hebdomadaires des séances de l'Académie des Sciences (Paris), vol. 220 (1945), pp. 484–486.	1947	12	4	133-134	review	propositional, many-valued, and modal logic	review-of-record entry reached			metadata only; full text not reached
Paul Bernays	Renaud De Bengy-Puyvallée. Sur les régies de composabilite dans les logiques de la camplementarite de M me Destouches-Février. Comptes rendus hebdomadaires des séances de l'Académie des Sciences (Paris), vol. 220 (1945), pp. 589–591.	1947	12	4	134-135	review	unclassified from title metadata	review-of-record entry reached			metadata only; full text not reached
Evert W. Beth	J. Ridder. Ueber den Aussagen und den engeren Prä;dikatenkalkül. Koninhlijke Nederlandsche Akademie van Wetenschappen, Proceedings of the section of sciences, vol. 49 (1946), pp. 1153–1164, and vol. 50 (1947), pp. 24–30.	1947	12	4	135-135	review	unclassified from title metadata	review-of-record entry reached			metadata only; full text not reached
Andrzej Mostowski	V. I. Šéstakov. Predstavlénié haraktéristiçeskih funkcij prédložénif posrédstvom vyražénij, réalizuémyh réléjno-kontaktnymi shémami (Representation of characteristic functions of propositions by expressions realizable by relay-contact circuits). Russian with English summary. Izvéstiá Akadémii Nauk SSSR (Bulletin de l'Académie des Sciences de l'URSS), Sérià matématiěskaá (Série mathématique), vol. 10 (1946), pp. 529–554.	1947	12	4	135-135	review	propositional, many-valued, and modal logic	review-of-record entry reached			metadata only; full text not reached
H. E. Vaughan	A. A. Grau. Ternary Boolean algebra. Bulletin of the American Mathematical Society, vol. 53 (1947), pp. 567–572.	1947	12	4	136-136	review	algebraic logic	review-of-record entry reached			metadata only; full text not reached
W. V. Quine	Karl Schröter. Was ist eine mathematische Theorie?Jahresbericht der Deutschen Mathematiker-Vereinigung, vol. 53 (1943), pp. 69–82.	1947	12	4	136-137	review	unclassified from title metadata	review-of-record entry reached			metadata only; full text not reached
Evert W. Beth	L. E. J. Brouwer. Richilijnen der intuitionistische wiskunde (Directives of intuitionistic mathematics). Proceedings of the section of sciences, vol. 60 (1947), p. 307.	1947	12	4	136-136	review	propositional, many-valued, and modal logic	review-of-record entry reached			metadata only; full text not reached
Alonzo Church	Karl Dürr. Die Logistik Johann Heinrich Lamberts. Festschrift zum 60. Geburtstag von Prof. Dr. Andreas Speiser, Orell Füβli Verlag, Zurich1945, pp. 47–65.	1947	12	4	137-138	review	general mathematical logic	review-of-record entry reached			metadata only; full text not reached
Arthur Francis Smullyan	Roderick M. Chisholm. The contrary-to-fact conditional. Mind, n.s. vol. 55 (1946) pp. 289–307.	1947	12	4	138-141	review	unclassified from title metadata	review-of-record entry reached			metadata only; full text not reached
J. C. C. McKinsey; Roderick M. Chisholm	The Contrary-to-Fact Conditional.	1947	12	4	138	review	unclassified from title metadata	review-of-record entry reached			metadata only; full text not reached
J. C. C. McKinsey; Nelson Goodman	The Problem of Counterfactual Conditionals.	1947	12	4	139	primary technical publication	unclassified from title metadata				metadata only; full text not reached
Arthur Francis Smullyan; W. V. Quine	The Problem of Interpreting Modal Logic.	1947	12	4	139	primary technical publication	propositional, many-valued, and modal logic				metadata only; full text not reached
Max Black	Donald Williams. The ground of induction. Harvard University Press, Cambridge, Mass., 1947, ix + 213 pp.	1947	12	4	141-144	review	philosophy, language, and inductive logic	review-of-record entry reached			metadata only; full text not reached
Max Black	A. N. Whitehead. Indication, classes, numbers, validation., by A. N. Whitehead, Philosophical Library, New York1947, pp. 313–331.	1947	12	4	144-144	review	set theory and foundations	review-of-record entry reached			metadata only; full text not reached
Max Black	A. N. Whitehead. Mathematics. Essays in science and philosophy, by A. N. Whitehead, Philosophical Library, New York1947, pp. 269–288.	1947	12	4	144-144	review	philosophy, language, and inductive logic	review-of-record entry reached			metadata only; full text not reached
Albert A. Bennett	H. Meyer. Het waarheidsbegrip in een geformaliseerde semantiek (The concept of truth in a formalized semantics). Algemeen Nederlands tijdschrift voor wijsbegeerte en psychologie, vol. 39 (1946–1947), pp. 99–110.	1947	12	4	144-145	review	model theory and semantics	review-of-record entry reached			metadata only; full text not reached
Everett J. Nelson	Gustav Bergmann. Sense data, linguistic conventions, and existence. Philosophy of science, vol. 14 (1947), pp. 152–163.	1947	12	4	145-146	review	philosophy, language, and inductive logic	review-of-record entry reached			metadata only; full text not reached
	Max Black. The limitations of a behavioristic semiolic. The philosophical review, vol. 56 (1947), pp. 258–272.	1947	12	4	146-147	bibliographical notice / unattributed review	philosophy, language, and inductive logic	review-of-record entry reached; reviewer metadata absent			metadata only; full text not reached
	List of officers and members of the Association for Symbolic Logic	1947	12	4	148-148	association record	editorial/association apparatus				metadata only; full text not reached
	Members of the Association	1947	12	4	148-153	bibliographical notice / unattributed review	unclassified from title metadata	review-of-record entry reached; reviewer metadata absent			metadata only; full text not reached
	Index of reviews	1947	12	4	154-162	review index	editorial/association apparatus				metadata only; full text not reached
	JSL volume 12 issue 4 Cover and Front matter	1947	12	4	f1-f5	cover/front/back matter	editorial/association apparatus				metadata only; full text not reached
J. C. C. McKinsey; Alfred Tarski	Some theorems about the sentential calculi of Lewis and Heyting	1948	13	1	1-15	primary technical publication	unclassified from title metadata	in-block contemporaneous review entry immediately identified			metadata only; full text not reached
John G. Kemeny	Models of logical systems	1948	13	1	16-30	primary technical publication	model theory and semantics	in-block contemporaneous review entry immediately identified			metadata only; full text not reached
Arthur Francis Smullyan	Modality and description	1948	13	1	31-37	primary technical publication	propositional, many-valued, and modal logic	in-block contemporaneous review entry immediately identified			metadata only; full text not reached
Frederic B. Fitch	Corrections to two papers on modal logic	1948	13	1	38-39	correction	propositional, many-valued, and modal logic				metadata only; full text not reached
Carl G. Hempel	Clarence Irving Lewis. An analysis of knowledge and valuation. The Paul Carus lectures, seventh series, 1945. The Open Court Publishing Company, La Salle, Ill., 1946, xxi + 567 pp.	1948	13	1	40-45	review	unclassified from title metadata	review-of-record entry reached			metadata only; full text not reached
László Kalmár	Andrzej Mostowski. Axiom of choice for finite sets. Fundamenta mathematicae, vol. 33 (1945), pp. 137–168.	1948	13	1	45-46	review	set theory and foundations	review-of-record entry reached			metadata only; full text not reached
John G. Kemeny	Andrzej Mostowski. Axiom of choice for finite sets. Fundamenta mathematicae, vol. 33 (1945), pp. 137–168.	1948	13	1	46-48	review	set theory and foundations	review-of-record entry reached			metadata only; full text not reached
W. Ackermann	László Kalmár und János Surányi. On the reduction of the decision problem. Second paper. Gödel prefix, a single binary predicate. Ebd., S. 65–73.	1948	13	1	48-48	review	computability, recursion, and decidability	review-of-record entry reached			metadata only; full text not reached
Frederic B. Fitch	W. V. Quine. On universals. Gödel prefix, a single binary predicate. pp. 74–84.	1948	13	1	48-49	review	unclassified from title metadata	review-of-record entry reached			metadata only; full text not reached
Frederic B. Fitch	Nelson Goodman and W. V. Quine. Steps toward a constructive nominalism. Gödel prefix, a single binary predicate. pp. 105–122.	1948	13	1	49-50	review	philosophy, language, and inductive logic	review-of-record entry reached			metadata only; full text not reached
H. E. Vaughan	Garrett Birkhoff and S. A. Kiss. A ternary operation in distributive lattices.Bulletin of the American Mathematical Society, vol. 53 (1947), pp. 749–752.	1948	13	1	50-51	review	algebraic logic	review-of-record entry reached			metadata only; full text not reached
Albert A. Bennett	GR. C. Moisil. Notes sur les logiques non-chrysippiennes. Annates scientifiques de l'Universit´ de Jassy vol. 27 (1941), pp. 86–98.	1948	13	1	50-50	review	unclassified from title metadata	review-of-record entry reached			metadata only; full text not reached
Albert A. Bennett	GR. C. Moisil. Recherches sur la theorie des chatnes. Annates scientifiques de l'Universit´ de Jassy vol. 27 (1941), pp. 181–240.	1948	13	1	50-50	review	unclassified from title metadata	review-of-record entry reached			metadata only; full text not reached
Albert A. Bennett	GR. C. Moisil. Recherches sur les logiques non-chrysippiennes.Annates scientifiques de l'Universit´ de Jassy, première section, vol. 26 (1940), pp. 431–466.	1948	13	1	50-50	review	unclassified from title metadata	review-of-record entry reached			metadata only; full text not reached
William Boone	A. H. Diamond and J. C. C. McKinsey. Algebras and their sub-algebras. Bulletin of the American Mathematical Society, vol. 53 (1947), pp. 969–962.	1948	13	1	51-51	review	unclassified from title metadata	review-of-record entry reached			metadata only; full text not reached
Oiva Ketonen	Erik Götlind. Om nágra ekvivalenssatser i tvavärdelogiken (On some equivalence propositions in two-valued logic). Norsk matematisk tidsskrift, vol. 28 (1946), pp. 71–75.	1948	13	1	51-52	review	propositional, many-valued, and modal logic	review-of-record entry reached			metadata only; full text not reached
Andrzej Mostowski	A. Markov. Névozmožnost‚ nékotoryh algorifmov v léorii associativnyh sistém (Impossibility of certain algorithms in the theory of associative systems). Doklady Akadémii Nauk SSSR, vol. 55 (1947), pp. 587–590.	1948	13	1	52-53	review	unclassified from title metadata	review-of-record entry reached			metadata only; full text not reached
Oiva Ketonen	Erik Götlind. Ett axiomsystem för ulsagokalkylen (An axiom system for the prepositional calculus). Norsk matematisk tidsskrift, vol. 29 (1947), pp. 1–4.	1948	13	1	52-52	review	proof theory and formal systems	review-of-record entry reached			metadata only; full text not reached
Andrzej Mostowski	A. Markov. Névozmožnost‚ nékotoryh algorifmov v léorii associativnyh sistém (Impossibility of certain algorithms in the theory of associative systems). Doklady Akadémii Nauk SSSR, vol. 58 (1947), pp. 353–356.	1948	13	1	53-53	review	unclassified from title metadata	review-of-record entry reached			metadata only; full text not reached
Andrzej Mostowski	A. Markov. O nékotoryh nérazréšimyh problémah kasaúščihsá matric (On some unsolvable problems concerning matrices). Doklady Akadémii Nauk SSSR, vol. 57 (1947), pp. 539–542.	1948	13	1	53-54	review	unclassified from title metadata	review-of-record entry reached			metadata only; full text not reached
Alonzo Church	Henry M. Sheffer. Quantifiers. Freedom and experience, Essays presented to Horace M. Kallen, edited by Sidney Hook and Milton R. Konvitz, a publication of The New School for Social Research, Cornell University Press, Ithaca and New York1947, pp. 313–316.	1948	13	1	54-55	review	proof theory and formal systems	review-of-record entry reached			metadata only; full text not reached
R. M. Robinson	Paul Csillag. Eine Bemerkung zur Auflösung der eingeschachtelten Rekursion. Acta scientiarum mathematicarum, vol. 11 (1947), pp. 169–173.	1948	13	1	54-54	review	unclassified from title metadata	review-of-record entry reached			metadata only; full text not reached
David Nelson	Thoralf Skolem. The development of recursive arithmetic. Dixième Congrès des Mathématiciens Scandinaves, Copenhagen1946, 16 pp.	1948	13	1	54-54	review	computability, recursion, and decidability	review-of-record entry reached			metadata only; full text not reached
Alonzo Church	Brand Blanshard. The escape from philosophic futility. Freedom and experience, Essays presented to Horace M. Kallen, edited by Sidney Hook and Milton R. Konvitz, a publication of The New School for Social Research, Cornell University Press, Ithaca and New York1947, pp. 191–204.	1948	13	1	55-55	review	philosophy, language, and inductive logic	review-of-record entry reached			metadata only; full text not reached
Alonzo Church	Dimitri Riabouchinsky. Les diviseurs de zéro et le concept de l'origine d'un nombre.Comptes rendus hebdomadaires des séances de l'Académie des Sciences (Paris), vol. 212 (1941), pp. 677–680.	1948	13	1	55-56	review	unclassified from title metadata	review-of-record entry reached			metadata only; full text not reached
Alonzo Church	Ernest Nagel. Sovereign reason. Freedom and experience, Essays presented to Horace M. Kallen, edited by Sidney Hook and Milton R. Konvitz, a publication of The New School for Social Research, Cornell University Press, Ithaca and New York1947, pp. 260–288.	1948	13	1	55-55	review	unclassified from title metadata	review-of-record entry reached			metadata only; full text not reached
Alonzo Church	Lillian R. Lieber. Mits, Wits and logic. Drawings by Hugh Gray Lieber. W. W. Norton & Company, Inc., New York1947, 240 pp.	1948	13	1	55-55	review	general mathematical logic	review-of-record entry reached			metadata only; full text not reached
A. R. Turquette	Abraham A. Fraenkel. The recent controversies about the foundation of mathematics. Scripta mathematica, vol. 13 nos. 1–2 (1947), pp. 17–36.	1948	13	1	56-56	review	unclassified from title metadata	review-of-record entry reached			metadata only; full text not reached
Robert Feys	Jean Piaget. Classes, relations et nombres. Essai sur les- groupements de la logistique et sur la réversibilité de la pensée.J. Vrin, Paris1942, 323 pp.	1948	13	1	56-56	review	set theory and foundations	review-of-record entry reached			metadata only; full text not reached
Robert Feys	P. Hoenen. De structuur van het systeem der klassieke syllogismen. Bijdragen uitgegeven door de philosophische en theologische faculleiten der Noord- en Zuid-Nederlandse Jezuieten, t. 7 (1946), pp. 200–230. - P. Hoenen. La structure du systéms des syllogismes classiques. Traduction française du précédent. Gregorianum, t. 28 (1947), pp. 7–54.	1948	13	1	56-56	review	philosophy, language, and inductive logic	review-of-record entry reached			metadata only; full text not reached
Norma R. Chatalian	Silvio Minetti. Il principio del terzo escluso e la logica empirista di Brouwer. Sophia, vol. 9 (1941), pp. 179–197.	1948	13	1	56-57	review	propositional, many-valued, and modal logic	review-of-record entry reached			metadata only; full text not reached
Charles A. Baylis	F. L. Will. The contrary-to-fact conditional. Mind, n. s. vol. 56 (1947), pp. 236–249.	1948	13	1	57-58	review	unclassified from title metadata	review-of-record entry reached			metadata only; full text not reached
Virgil Hinshaw	Wilfrid Sellars. Pure pragmatics and epistemology. Philosophy of science, vol. 14 (1947), pp. 181–202.	1948	13	1	57-57	review	philosophy, language, and inductive logic	review-of-record entry reached			metadata only; full text not reached
	J. A. Passmore. Critical notice of Cohen's. A preface to logic, vol. 25 (1947), pp. 104–113.	1948	13	1	58-60	bibliographical notice / unattributed review	general mathematical logic	review-of-record entry reached; reviewer metadata absent			metadata only; full text not reached
Charles A. Baylis	J. A. Passmore. Logical positivism. The Australasian journal of psychology and philosophy, vol. 21 (1943), pp. 65–92, and vol. 22 (1944), pp. 129–153. - J. A. Passmobe. Prediction and scientific law. The Australasian journal of psychology and philosophy, vol. 21 (1943), vol. 24 (1947), pp. 1–33.	1948	13	1	58-58	review	philosophy, language, and inductive logic	review-of-record entry reached			metadata only; full text not reached
	Tenth Meeting of the Association for Symbolic Logic	1948	13	1	61-64	meeting abstracts	editorial/association apparatus				metadata only; full text not reached
	JSL volume 13 issue 1 Cover and Back matter	1948	13	1	b1-b2	cover/front/back matter	editorial/association apparatus				metadata only; full text not reached
	JSL volume 13 issue 1 Cover and Front matter	1948	13	1	f1-f2	cover/front/back matter	editorial/association apparatus				metadata only; full text not reached
Paul Bernays	A system of axiomatic set theory—Part VI	1948	13	2	65-79	primary technical publication	set theory and foundations	in-block contemporaneous review entry immediately identified			metadata only; full text not reached
A. M. Turing	Practical forms of type theory	1948	13	2	80-94	primary technical publication	unclassified from title metadata	in-block contemporaneous review entry immediately identified			metadata only; full text not reached
Frederic B. Fitch	An extension of basic logic	1948	13	2	95-106	primary technical publication	general mathematical logic	in-block contemporaneous review entry immediately identified			metadata only; full text not reached
Alfred Tarski	A problem concerning the notion of definability	1948	13	2	107-111	primary technical publication	unclassified from title metadata	in-block contemporaneous review entry immediately identified			metadata only; full text not reached
David Nelson	Reviews - Andrzej Mostowski. On definable sets of positive integers. Fundamenla mathematicae, vol. 34 (1946), pp. 81–112.	1948	13	2	112-113	review	set theory and foundations	review-of-record entry reached			metadata only; full text not reached
Rózsa Péter	Reviews - Raphael M. Robinson. Primitive recursive functions. Bulletin of the American Mathematical Society, Bd. 53 (1947), S 925–942.	1948	13	2	113-114	review	computability, recursion, and decidability	review-of-record entry reached			metadata only; full text not reached
J. C. C. McKinsey	Reviews - K. R. Popper. Logic without assumptions. Proceedings of the Aristotelian Society, n.s. vol. 47 (1946–1947), pp. 251–292.	1948	13	2	114-115	review	general mathematical logic	review-of-record entry reached			metadata only; full text not reached
G. Hasenjaeger	Reviews - R. Feys. Note complémentaire sur les méthodes de déduction naturelle. Revue philosophique de Louvain, Bd. 45 (1947), S. 60–72.	1948	13	2	114-114	review	proof theory and formal systems	review-of-record entry reached			metadata only; full text not reached
George D. W. Berry	Reviews - Hao Wang. A note on Quine's principles of quantification. The journal of symbolic logic, vol. 12 (1947), pp. 130–132.	1948	13	2	115-116	review	proof theory and formal systems	review-of-record entry reached			metadata only; full text not reached
A. R. Turquette	Reviews - GR. C. Moisil. Sur la structure algébrique de la logique de M. Bochvar. Disquisitiones mathematicae et physicae (Bucharest), vol. 1 (1940–1941), pp. 307–314.	1948	13	2	116-116	review	unclassified from title metadata	review-of-record entry reached			metadata only; full text not reached
S. C. Kleene	Reviews - Kurt Gödel. What is Cantor's continuum problem?The American mathematical monthly, vol. 54 (1947), pp. 515–525.	1948	13	2	116-117	review	set theory and foundations	review-of-record entry reached		mechanically obvious target-line exclusion from title/metadata	metadata only; full text not reached
Alonzo Church	Reviews - Friedrich Waismann. Einführung in das mathematische Denken. Die Begriffsbildung der modernen Mathematik. Introduction by Karl Menger. Second edition. Gerold & Co., Vienna1947, VII + 168 pp.	1948	13	2	117-117	review	unclassified from title metadata	review-of-record entry reached			metadata only; full text not reached
Albert A. Bennett	Reviews - Grigore Constantin Moisil. L'algebra e la logica. Atti del Convegno Matematico, tenuto in Roma, 8–12 Nov. 1942, Reale Istituto Nazionale di Alta Matematica, Rome1945, pp. 143–152.	1948	13	2	118-118	review	unclassified from title metadata	review-of-record entry reached			metadata only; full text not reached
Paul Bernays	Reviews - Jean-Louis Destouches. Cours de logique et philosophie générale. I. Méthodologie de la physique théorique moderne. II. Notions de logistique. (Notes by Marie-Thérèse Pasturaud and Jeannine Viard.) Centre de Documentation Universitaire, Paris1946, iv + 115 pp.	1948	13	2	118-120	review	philosophy, language, and inductive logic	review-of-record entry reached			metadata only; full text not reached
C. West Churchman	Reviews - Rudolf Carnap. On the application of inductive logic. Philosophy and phenomenological research, vol. 8 no. 1 (1947), pp. 133–148. - Nelson Goodman. On infirmities of confirmation-theory. Philosophy and phenomenological research, vol. 8 no. 1 (1947), pp. 149–151.	1948	13	2	120-121	review	philosophy, language, and inductive logic	review-of-record entry reached			metadata only; full text not reached
Arthur Francis Smullyan	Reviews - Arthur F. Bentley. The new “semiotic.” English with Spanish abstract. Philosophy and phenomenological research, vol. 8 no. 1 (1947), pp. 107–132.	1948	13	2	121-122	review	philosophy, language, and inductive logic	review-of-record entry reached			metadata only; full text not reached
Arthur Francis Smullyan	Reviews - Gustav Bergmann. Undefined descriptive predicates. English with Spanish abstract. Philosophy and phenomenological research, vol. 8 no. 1 (1947), pp. 55–82.	1948	13	2	121-121	review	philosophy, language, and inductive logic	review-of-record entry reached			metadata only; full text not reached
Arthur Francis Smullyan; Gustav Bergmann	Undefined Descriptive Predicates.	1948	13	2	121	review	unclassified from title metadata	review-of-record entry reached			metadata only; full text not reached
Anders Wedberg; Otso Aalto; Eino Kaila	Introduction to Modern Logic.	1948	13	2	122	review	general mathematical logic	review-of-record entry reached			metadata only; full text not reached
W. V. Quine	Reviews - Alberto E. Sagastume Berra. Sobre filosofía de las matemáticas. Anales de la Sociedad Cientifica Argentina, vol. 142 (1946), pp. 177–192.	1948	13	2	122-122	review	unclassified from title metadata	review-of-record entry reached			metadata only; full text not reached
Th. Skolem	Reviews - Anders Wedberg. Den nya logiken (The new logic). Studentföreningen verdandis småskrifter nos. 477, 478. Part I, 61 pp., and Part II, 71 pp.; Albert Bonniers Förlag, Stockholm1945.	1948	13	2	122-122	review	general mathematical logic	review-of-record entry reached			metadata only; full text not reached
Alonzo Church	Reviews - Anders Wedberg. Johdatus nykyiseen logiikkaan (Introduction to modern logic). Finnish translation of the foregoing by Otso Aalto, with a preface by Eino Kaila. Kustannusosakeyhtiö Otava, Helsinki1947, 150 pp. - Dimitri Riabouchinsky. Sur les nombres d'origine imaginaire et la notion de signe d'un nombre complexe. Comptes rendus hebdomadaires des séances de l'Académie des Sciences (Paris), vol. 225 (1947), pp. 1104–1106. See Errata, ibid., vol. 226 (1948), p. 136.	1948	13	2	122-122	review	general mathematical logic	review-of-record entry reached			metadata only; full text not reached
Frederic B. Fitch	Reviews - H. Meyer. On definitions in symbolic logic. Synthese, vol. 5 (1946), pp. 261–266, 353–361.	1948	13	2	122-123	review	general mathematical logic	review-of-record entry reached			metadata only; full text not reached
W. V. Quine	Reviews - Hans A. Lindemann. Leibniz y la lógica moderna. Anales de la Sociedad Cientifica Argentina, vol. 142 (1946), pp. 164–176.	1948	13	2	122-122	review	unclassified from title metadata	review-of-record entry reached			metadata only; full text not reached
Alonzo Church	Reviews - Louis De Raeymaeker. Introduction à la philosophieEditions de l'Institut Supérieur de Philosophie, Louvain1938. Second edition, ibid. 1944, 272 pp.	1948	13	2	123-123	review	philosophy, language, and inductive logic	review-of-record entry reached			metadata only; full text not reached
Charles A. Baylis	Reviews - P. Césari. Le principe du tiers exclu. Revue philosophique de la France et de l'Étranger, vol. 137 (1947), pp. 385–400.	1948	13	2	123-124	review	philosophy, language, and inductive logic	review-of-record entry reached			metadata only; full text not reached
Anders Wedberg; Jorgen Jorgensen	Psychology on a Biological Foundation.	1948	13	2	124	review	unclassified from title metadata	review-of-record entry reached			metadata only; full text not reached
Anders Wedberg	Reviews - Ivar Segelberg. Begreppet egenskap. Några synpunkter. (The concept of property. Some remarks.) Stockholm1947, 140 pp.	1948	13	2	124-125	review	unclassified from title metadata	review-of-record entry reached			metadata only; full text not reached
Anders Wedberg	Reviews - Ivar Segelberg. Bemerkungen zu einigen logischen Paradoxien. Theoria, vol. 9 (1943), pp. 157–162.	1948	13	2	124-124	review	unclassified from title metadata	review-of-record entry reached			metadata only; full text not reached
Anders Wedberg	Reviews - Jørgen Jørgensen. Psykologi paa biologisk grundlag (Psychology on a biological foundation). Ejnar Munksgaard, Copenhagen1941, 683 pp.	1948	13	2	124-124	review	unclassified from title metadata	review-of-record entry reached			metadata only; full text not reached
Morton G. White	Reviews - C. Lewy. Truth and significance. Analysis (Oxford), vol. 8 no. 2 (n.s. no. 2) (1947), pp. 24–27.	1948	13	2	125-126	review	philosophy, language, and inductive logic	review-of-record entry reached			metadata only; full text not reached
G. H. von Wright	Reviews - Uuno Saarnio. Kieli ja logiikka (Language and logic). Ajatus (Helsinki), vol. 14 (1947), pp. 167–185.	1948	13	2	125-125	review	philosophy, language, and inductive logic	review-of-record entry reached			metadata only; full text not reached
G. H. von Wright	Reviews - Veli Valpola. Negaation asema tieloa esittävässä kielessä (The position of negation in a language which expresses knowledge). Ajatus (Helsinki), vol. 14 (1947), pp. 325–381.	1948	13	2	125-125	review	philosophy, language, and inductive logic	review-of-record entry reached			metadata only; full text not reached
Morton G. White	Reviews - Lewis S. Feuer. Analysis and scientific practice. Analysis (Oxford), vol. 8 no. 2 (n.s. no. 2) (1947), pp. 28–30.	1948	13	2	126-126	review	unclassified from title metadata	review-of-record entry reached			metadata only; full text not reached
Alonzo Church	Reviews - Ludovico Getmonat. Difficoltà del concetto di “insieme.”Analysis (Milan), vol. 2 no. 1 (1947), pp. 40–44.	1948	13	2	126-127	review	unclassified from title metadata	review-of-record entry reached			metadata only; full text not reached
	Related Citations	1948	13	2	127-128	citation-linkage matter	editorial/association apparatus				metadata only; full text not reached
Alonzo Church	Reviews - Richabd Von Mises. Scientific conception of world. On a new textbook of positivism. Preprinted for the members of the Fifth International Congress for the Unity of Science, Cambridge, Mass., 1939, as from The journal of unified science, vol. 9; 5 pp. - Richard Von Mises. Scientific conception of the world. On a textbook of positivism. Analysis (Milan), vol. 2, no. 1 (1947), pp. 45–53.	1948	13	2	127-127	review	philosophy, language, and inductive logic	review-of-record entry reached			metadata only; full text not reached
	Notice of a meeting of the Association	1948	13	2	128-128	meeting/bibliographical notice	editorial/association apparatus				metadata only; full text not reached
	JSL volume 13 issue 2 Cover and Back matter	1948	13	2	b1-b2	cover/front/back matter	editorial/association apparatus				metadata only; full text not reached
	JSL volume 13 issue 2 Cover and Front matter	1948	13	2	f1-f2	cover/front/back matter	editorial/association apparatus				metadata only; full text not reached
Hao Wang	A new theory of element and number	1948	13	3	129-137	primary technical publication	unclassified from title metadata	in-block contemporaneous review entry immediately identified			metadata only; full text not reached
Sören Halldén	A note concerning the paradoxes of strict implication and Lewis's system SI	1948	13	3	138-139	primary technical publication	propositional, many-valued, and modal logic				metadata only; full text not reached
Gustav Bergmann	Contextual definitions in nonextensional languages	1948	13	3	140-140	primary technical publication	philosophy, language, and inductive logic				metadata only; full text not reached
John G. Kemeny	Játék a végtelennel. Matematika kivülállóknak - Rózsa Péter. Játék a végtelennel. Matematika kivülállóknak. (Playing with the infinite. Mathematics for outsiders.) Dante, Budapest1944, 328 pp.	1948	13	3	141-142	review	unclassified from title metadata	review-of-record entry reached			metadata only; full text not reached
J. C. Cooley	E. P. Northrop. Fundamental mathematics. Prepared for the general course Mathematics 1 in the College. Second edition, planographed. The University of Chicago Bookstore, Chicago1946, xi + 24 + 12 + 16 + 14 + 100 + 42 + 3 + 25 + 36 + 31 + 40 + 44 + 1 pp.	1948	13	3	142-143	review	unclassified from title metadata	review-of-record entry reached			metadata only; full text not reached
Leon Henkin	Jean Cavaillés. Transfini et continu. Actualités scientifiques et industrielles 1020. Hermann & C ie , Paris1947, 24 pp.	1948	13	3	143-144	review	unclassified from title metadata	review-of-record entry reached			metadata only; full text not reached
Alonzo Church	Arnaud Denjoy. L'énumération transfinie. Livre I. La notion de rang.Gauthier-Villars, Paris1946, xxxvii + 200 pp.	1948	13	3	144-144	review	unclassified from title metadata	review-of-record entry reached			metadata only; full text not reached
Alonzo Church	Edmundo Curvelo. Introduçào á lógica. Biblioteca Cosmos no. 45. Cosmos, Lisbon1943, 158 pp.	1948	13	3	144-144	review	unclassified from title metadata	review-of-record entry reached			metadata only; full text not reached
J. C. Cooley	Herbert L. Searles. Logic and scientific methods. An introductory course. The Ronald Press Company, New York1948, xii + 326 pp.	1948	13	3	144-144	review	general mathematical logic	review-of-record entry reached			metadata only; full text not reached
Alice Ambrose	A. J. Ayer. Thinking and meaning. Inaugural Lecture. H. K. Lewis & Co., London1947, title page + 28 pp.	1948	13	3	145-146	review	philosophy, language, and inductive logic	review-of-record entry reached			metadata only; full text not reached
Charles A. Baylis	Martin Johnson. Science and the meanings of truth. Studies introductory to asking what is meant today by physical explanation of Nature, by mechanisms of cause and effect, and by a claim that scientific knowledge is true. Faber and Faber Limited, London1946, 179 pp.	1948	13	3	145-145	review	philosophy, language, and inductive logic	review-of-record entry reached			metadata only; full text not reached
Max Black	A. Koyré. Épiménide le menleur (Ensemble et catégorie). Actualités scientifiques et industrielles 1021. Hermann & C ie , Paris1947, 42 pp.	1948	13	3	146-147	review	unclassified from title metadata	review-of-record entry reached			metadata only; full text not reached
Hugo Ribeiro	Bertrand Russell. Introducción a la filosofia matemática. Spanish translation of 11126 (3rd edn.) by Juan B. Molinari, with notes by Florencio D. Jaime. Editorial Losada, Buenos Aires1945, 287 pp.	1948	13	3	146-146	review	unclassified from title metadata	review-of-record entry reached			metadata only; full text not reached
Max Black	Jehoshua Bar-Hillel. The revival of ‘the Liar.”Philosophy and phenomenological research, vol. 8 no. 2 (1947), pp. 245–253. See erratum, Épiménide le menleur (Ensemble et catégorie) . Actualités scientifiques et industrielles 1021. Hermann & C ie , Paris 1947, 42, vol. 9 no. 1, p. 169.	1948	13	3	147-147	review	philosophy, language, and inductive logic	review-of-record entry reached			metadata only; full text not reached
Frederic B. Fitch	John Wild. An introduction to the phenomenology of signs. Philosophy and phenomenological research, vol. 8 no. 2 (1947), pp. 217–233.	1948	13	3	147-148	review	philosophy, language, and inductive logic	review-of-record entry reached			metadata only; full text not reached
Everett J. Nelson	Arthur Pap. Semantic examination of realism. The journal of philosophy, vol. 44 (1947), pp. 561–575.	1948	13	3	148-149	review	model theory and semantics	review-of-record entry reached			metadata only; full text not reached
Alonzo Church	Frederic B. Fitch. On God and immortality. English with Spanish abstract. Philosophy and phenomenological research, vol. 81 no. 4 (1948), pp. 688–693.	1948	13	3	148-148	review	philosophy, language, and inductive logic	review-of-record entry reached			metadata only; full text not reached
Ruth C. Barcan	Arthur Francis Smullyan. Modality and description. The journal of symbolic logic, vol. 13 (1948), pp. 31–37.	1948	13	3	149-150	review	propositional, many-valued, and modal logic	review-of-record entry reached			metadata only; full text not reached
Andrzej Mostowski	Max Black. The semantic definition of truth. Analysis (Oxford), vol. 8 no. 4 (n.s. no. 4) (1948), pp. 49–63.	1948	13	3	150-151	review	model theory and semantics	review-of-record entry reached			metadata only; full text not reached
Alonzo Church	P. T. Geach. Designation and truth. Analysis, vol. 8 no. 6 (n. s. no. 6) (1948), pp. 93–96.	1948	13	3	151-152	review	philosophy, language, and inductive logic	review-of-record entry reached			metadata only; full text not reached
Alonzo Church	Max Black. A translation of Frege's Ueber Sinn und Bedeutung. Introductory note. The philosophical review, vol. 57 (1948), pp. 207–208.	1948	13	3	152-153	review	philosophy, language, and inductive logic	review-of-record entry reached			metadata only; full text not reached
Alonzo Church	Gottlob Frege. Aritmetica e logica. Translation and notes by L. Geymonat. Biblioca di cultura scientifica XVIII. Giulio Einaudi, Turin1948, 269 pp.	1948	13	3	153-153	review	unclassified from title metadata	review-of-record entry reached			metadata only; full text not reached
Wilhelm Ackermann	John G. Kemeny. Models of logical systems. The journal of symbolic logic, Bd. 13 (1948), S. 16–30.	1948	13	3	154-156	review	model theory and semantics	review-of-record entry reached			metadata only; full text not reached
Heinrich Scholz	Kurt Reidemeister. Anschauung als Erkenntnisquelle. Ebd., S. 197–210.	1948	13	3	154-154	review	unclassified from title metadata	review-of-record entry reached			metadata only; full text not reached
Heinrich Scholz	Paul F. Linke. Gottlob Frege als Philosoph. Zeitschrift für philosophische Forschung, Bd. 1 (1946–1947), S. 75–99.	1948	13	3	154-154	review	philosophy, language, and inductive logic	review-of-record entry reached			metadata only; full text not reached
Frederic B. Fitch	Adrien Ledent. Le statut logique des propositions impératives. Theoria, vol. 8 (1942), pp. 262–271.	1948	13	3	156-156	review	propositional, many-valued, and modal logic	review-of-record entry reached			metadata only; full text not reached
Frederic B. Fitch	Ingemar Hedenius. Überzeugung und Urteil. Theoria, vol. 10 (1914), pp. 120–170.	1948	13	3	156-156	review	unclassified from title metadata	review-of-record entry reached			metadata only; full text not reached
G. H. Von Wright	Victor Kraft. Logik und Erfahrung. Theoria, vol. 12 (1946), pp. 205–210.	1948	13	3	156-157	review	unclassified from title metadata	review-of-record entry reached			metadata only; full text not reached
Alonzo Church	F. S. C. Northrop. The neurological and behavioristic psychological basis of the ordering of society by means of ideas. Science, vol. 107 (1948), pp. 411–417.	1948	13	3	157-158	review	unclassified from title metadata	review-of-record entry reached			metadata only; full text not reached
G. H. Von Wright	Ludvig Lövestad. The structure of physical laws. Theoria, vol. 11 (19451), pp. 40–70.	1948	13	3	157-157	review	unclassified from title metadata	review-of-record entry reached			metadata only; full text not reached
Paul Bernays	Séverin Bays. Les concepts mathématiques sont-ils inventés ou découverts? (Discours d'ouverlure du président annuel de la S.H.S.N.) Actes de la Société Helvétique des Sciences Naturelles, vol. 125 (1946), pp. 9–26. (Offprint, Fribourg 1945, 18 pp.)	1948	13	3	157-157	review	unclassified from title metadata	review-of-record entry reached			metadata only; full text not reached
Alonzo Church	A. H. Basson. Logic and fact. Analysis, (oxford), vol. 8 no. 6 (n. s. no. 6) (1948), pp. 81–87.	1948	13	3	158-158	review	general mathematical logic	review-of-record entry reached			metadata only; full text not reached
W. V. Quine	Gustav Bergmann. Conditions for an extensional elementaristic language. Analysis (Oxford), vol. 8 no. 3 (n. s. no. 3) (1948), pp. 44–47.	1948	13	3	158-158	review	philosophy, language, and inductive logic	review-of-record entry reached			metadata only; full text not reached
John G. Kemeny	Laurence J. Lafleur. Ambiguities in the Schröder-Bernstein theorem. Scripta mathematica, vol. 13 no. 3–4 (for 1947, pub. 1948), pp. 169–175.	1948	13	3	158-158	review	unclassified from title metadata	review-of-record entry reached			metadata only; full text not reached
Alonzo Church	Robert Arthur Fairthorne. The mathematics of classification. Discussion by Agard A. B. Evans, T. H. O'Beirne, E. M. R. Ditmas, and the author. The proceedings of the British Society for International Bibliography, vol. 9 part 4 (1948), pp. 35–42.	1948	13	3	158-159	review	unclassified from title metadata	review-of-record entry reached			metadata only; full text not reached
H. E. Vaughan	Lee Byrne. Boolean algebra in terms of inclusion. American journal of mathematics, vol. 70 (1918), pp. 139–143.	1948	13	3	159-159	review	algebraic logic	review-of-record entry reached			metadata only; full text not reached
H. E. Vaughan	Stephen A. Kiss. Transformations on lattices and structures of logic. On sale by the author, 11 E. 92nd St., New York 28, N. Y., 1947, x + 322 pp.	1948	13	3	159-160	review	algebraic logic	review-of-record entry reached			metadata only; full text not reached
Robert Feys	GR. C. Moisil. Contributions á I'etude des logiques non-chrysippiennes. I. Un nouveau systeme d'axiomes pour les algébres lukasiewicziennes letra-valentes. Compies rendus des séances de l'Académie des Sciences de Roumanie, t. 5 (1941), pp. 289–293.	1948	13	3	160-160	review	proof theory and formal systems	review-of-record entry reached			metadata only; full text not reached
Robert Feys	GR. C. Moisil. La logique formelle el son problème actuel. Extrait de Istoria filosofiei moderne (Bucarest), t. 4 (1939), 28 pp.	1948	13	3	160-160	review	unclassified from title metadata	review-of-record entry reached			metadata only; full text not reached
Robert Feys	GR. C. Moisil. Sur les anneaux de caractéristique 2 ou 3 et leurs applications. Bulletin de l'École Polytechnique de Bucarest, t. 12 (1941), pp. 66–90.	1948	13	3	160-161	review	unclassified from title metadata	review-of-record entry reached			metadata only; full text not reached
A. R. Turquette	GR. C. Moisil. Remarques sur la logique modale du concept. Annales de l'Académie Roumaine, Mémoires de la section scientifique, ser. 3 vol. 16 (1941) pp. 975–1012.	1948	13	3	161-162	review	propositional, many-valued, and modal logic	review-of-record entry reached			metadata only; full text not reached
H. E. Vaughan	GR. C. Moisil. Sur la représentation des groupes abéliens infinis. I, IV. Académie Roumaine, Bulletin de la section scientifique, vol. 23 (1910–1911), pp. 358–361, and vol. 24 (1941–1942), pp. 79–84.	1948	13	3	161-161	review	unclassified from title metadata	review-of-record entry reached			metadata only; full text not reached
A. R. Turquette	GR. C. Moisil. Logique modale. Disquisitiones malhematicae et physicae (Bucharest), vol. 2 (1942), pp. 3–98.	1948	13	3	162-163	review	propositional, many-valued, and modal logic	review-of-record entry reached			metadata only; full text not reached
Maurice L'abbę	Paulette Destouches-Février. Esquisse d'une Mathématique intuitioniste positive. Comptes rendus hebdomadaires des séances de l'Académie des Sciences (Paris), vol. 225 (1947), pp. 1241–1243.	1948	13	3	163-164	review	propositional, many-valued, and modal logic	review-of-record entry reached			metadata only; full text not reached
Alonzo Church	Jan Lukasiewicz. The shortest axiom of the implicational calculus of propositionsProceedings of the Royal Irish Academy, vol. 52 section A no. 3 (1948), pp. 25–33.	1948	13	3	164-164	review	propositional, many-valued, and modal logic	review-of-record entry reached			metadata only; full text not reached
Alonzo Church	Stanislaw Jaśkowski. Trois contributions au calcul des propositions bivalent. Studia Societalis Scientiarum Torunensis, sectio A, vol. 1 no. 1 (1948), pp. 1–151.	1948	13	3	164-165	review	propositional, many-valued, and modal logic	review-of-record entry reached			metadata only; full text not reached
Jan Kalicki	Jerzy Slupecki. Pelny trójwartościowy rachunek zdań (Le calcul complet de propositions a lrois valeurs logiques). Polish with French abstract. Annates Universitatis Mariae Curie-Sklodowska (Lublin), vol. 1 no. 3 sectio F (1946), pp. 193–209.	1948	13	3	165-166	review	propositional, many-valued, and modal logic	review-of-record entry reached			metadata only; full text not reached
R. Suszko	Jerzy Loś. Próba aksjomatyzacji logiki tradycyjnej (Une preuve d'axiomatisation de la logique traditionelle). Polish with French abstract. Annates Universitatis Mariae Curie-Sklodowska (Lublin), vol. 1 no. 3 sectio F (1946), pp. 211–228.	1948	13	3	166-167	review	proof theory and formal systems	review-of-record entry reached			metadata only; full text not reached
R. Suszko	Jerzy Slupecki. Uwagi o sylogistyce Arystolelesa (Les remarques sur la syllogistique d'Arislote). Polish with French abstract. Annates Universitatis Mariae Curie-Sklodowska (Lublin), vol. 1 no. 3 sectio F (1946), pp. 187–191.	1948	13	3	166-166	review	unclassified from title metadata	review-of-record entry reached			metadata only; full text not reached
	I. M. Bocheński. Zespól definicji do metalogicznego wykladu sylogistyki tradycyjnej (Syslema definitionum pro metalogica expositione syllogisticae traditionalis). Polski przegląd tomistyczny, vol. 1 (1939), pp. 104–114.	1948	13	3	167-168	bibliographical notice / unattributed review	unclassified from title metadata	review-of-record entry reached; reviewer metadata absent			metadata only; full text not reached
Andrzej Mostowski	Jan Lukasiewicz. O sylogistyce Arystotelesa (On Aristotle's syllogistic). Sprawozdania z czynności i posiedzeń Polskiej Akademii Umiejetności, vol. 44 (1939), pp. 220–227.	1948	13	3	167-167	review	unclassified from title metadata	review-of-record entry reached			metadata only; full text not reached
Andrzej Mostowski	Stanislaw Kaczorowski. Logika matematyczna. Cz. I. Algebra logiki. (Zarys dziejów.) (Mathematical logic. Part I. The algebra of logic. (An outline of history.)) Second edition, Księgarnia Naukowa, Lódź1946, 26 pp.	1948	13	3	167-167	review	algebraic logic	review-of-record entry reached			metadata only; full text not reached
Maria Kokoszyńska	Kazimierz Ajdukiewicz. Logika a doświadczenie (Logic and experience). Przeglad filozoficzny, vol. 43 no. 1–4 (1947), pp. 3–21. English summary, ibid., pp. 170–171.	1948	13	3	168-168	review	general mathematical logic	review-of-record entry reached			metadata only; full text not reached
Andrzej Grzegorczyk	Maria Kokoszyńska. O róznych rodzajach zdań (Different kinds of statements). Przeglad filozoficzny, vol. 43 no. 1–4 (1947), pp. 22–51. English summary, ibid., pp. 171–173.	1948	13	3	168-169	review	unclassified from title metadata	review-of-record entry reached			metadata only; full text not reached
Oiva Ketonen	Einar Hoff-Hansen. En matematisk tolkning av den klassiske utsagnsregning (A mathematical interpretation of the classical prepositional calculus). Norsk matematisk tidsskrift, vol. 25 (1943), pp. 6–12.	1948	13	3	169-169	review	model theory and semantics	review-of-record entry reached			metadata only; full text not reached
Oiva Ketonen	Th. Skolem. Den rekursive aritmetikk (Recursive arithmetic). Norsk matematisk tidsskrift, vol. 28 (1946), pp. 1–12.	1948	13	3	169-170	review	computability, recursion, and decidability	review-of-record entry reached			metadata only; full text not reached
Oiva Ketonen	TH. Skolem. Noen bemerkninger til foranstaende arlikkel av E. Hoff-Hansen (Some remarks on the preceding article of E. Hoff-Hansen). Norsk matematisk tidsskrift, vol. 25 (1943), pp. 13–16.	1948	13	3	169-169	review	unclassified from title metadata	review-of-record entry reached			metadata only; full text not reached
Alonzo Church	A. Markoff. On the impossibility of certain algorithms in the theory of associative systems.Comptes rendus (Doklady) de l'Académie des Sciences de léURSS, n. s. vol. 55 no. 7 (1947), pp. 583–586.	1948	13	3	170-171	review	unclassified from title metadata	review-of-record entry reached			metadata only; full text not reached
Andrzej Mostowski	P. S. Novikov. O logičéskih paradoksah (On logical paradoxes). Dohlady Akadémii Nauk SSSR, vol. 56 no. 5 (1947), pp. 451–453.	1948	13	3	170-170	review	general mathematical logic	review-of-record entry reached			metadata only; full text not reached
Leon Henkin	J. C. C. McKinsey and Alfred Tarski. Some theorems about the sentential calculi of Lewis and Heyting. The journal of symbolic logic, vol. 13 (1948), pp. 1–15.	1948	13	3	171-172	review	general mathematical logic	review-of-record entry reached			metadata only; full text not reached
David Nelson	R. L. Goodstein. Transfinite ordinals in recursive number theory. The journal of symbolic logic, vol. 12 (1947), pp. 123–129.	1948	13	3	171-171	review	set theory and foundations	review-of-record entry reached			metadata only; full text not reached
TH. Skolem	Alfred Tarski. A problem concerning the notion of definability. The journal of symbolic logic, vol. 13 (1948), pp. 107–111.	1948	13	3	172-173	review	general mathematical logic	review-of-record entry reached			metadata only; full text not reached
TH. Skolem	D. Van Dantzig. On the -principles of inluitionistic and affirmative mathematics. Koninklijke Nederlandsche Akademie van Wetenschappen, Proceedings of the section of sciences, vol. 50 (1947), pp. 918–929, 1092–1103; also Indagationes mathematicae, vol. 9 (1947), pp. 429–440, 506–517.	1948	13	3	173-173	review	unclassified from title metadata	review-of-record entry reached			metadata only; full text not reached
S. C. Kleene	E. W. Beth. Semantical considerations on intuitionistic mathematics. Koninklijke Nederlandsche Akademie van Wetenschappen, Proceedings of the section of sciences, vol. 50 (1947), pp. 1246–1251, and ibid., pp. 572–577.	1948	13	3	173-173	review	propositional, many-valued, and modal logic	review-of-record entry reached			metadata only; full text not reached
S. C. Kleene	K. R. Popper. Functional logic without axioms or primitive rules of inference. Koninklijke Nederlandsche Akademie van Wetenschappen, Proceedings of the section of sciences, vol. 50 (1947), pp. 1214–1224, and ibid., pp. 561–571.	1948	13	3	173-174	review	proof theory and formal systems	review-of-record entry reached			metadata only; full text not reached
Alonzo Church	G. F. C. Griss. Negationless intuitionistic mathematics. Indagationes mathematicae, vol. 8 (1946), pp. 675–681. [Same as XII 62(3).]	1948	13	3	174-174	review	propositional, many-valued, and modal logic	review-of-record entry reached			metadata only; full text not reached
	J. Ridder. Einige Anwendungen des Dualitätsprinzips in topologischen Strukturen.Koninklijke Nederlandsche Akademie van Wetenschappen, Proceedings of the section of sciences, vol. 50 (1947), pp. 731–740; also Indagationes mathematicae, vol. 9 (1947), pp. 341–350.	1948	13	3	174-176	bibliographical notice / unattributed review	unclassified from title metadata	review-of-record entry reached; reviewer metadata absent			metadata only; full text not reached
	JSL volume 13 issue 3 Cover and Back matter	1948	13	3	b1-b2	cover/front/back matter	editorial/association apparatus				metadata only; full text not reached
	JSL volume 13 issue 3 Cover and Front matter	1948	13	3	f1-f2	cover/front/back matter	editorial/association apparatus				metadata only; full text not reached
J. B. Rosser; A. R. Turquette	Axiom schemes for m -valued functional calculi of first order. Part I. Definition of axiom schemes and proof of plausibility	1948	13	4	177-192	primary technical publication	propositional, many-valued, and modal logic				metadata only; full text not reached
Irving M. Copilowish	Matrix development of the calculus of relations	1948	13	4	193-203	primary technical publication	proof theory and formal systems	in-block contemporaneous review entry immediately identified			metadata only; full text not reached
Andkzej Mostowski	Proofs of non-deducibility in intuitionistic functional calculus	1948	13	4	204-207	primary technical publication	propositional, many-valued, and modal logic	in-block contemporaneous review entry immediately identified			metadata only; full text not reached
Robert Feys	A philosophy of mathematics - Louis O. Kattsoff. A philosophy of mathematics. The Iowa State College Press, Ames, Iowa, 1948, ix + 266 pp.	1948	13	4	208-212	review	philosophy, language, and inductive logic	review-of-record entry reached			metadata only; full text not reached
Albert A. Bennett	E. W. Beth. Natuurphilosophie (Natural philosophy). Noorduijn's wetenschappelijke reeks, no. 30. J. Noorduijn en Zoon, Gorinchem1948, 230 pp.	1948	13	4	212-213	review	philosophy, language, and inductive logic	review-of-record entry reached			metadata only; full text not reached
Barkley J. Rosser	Jean-Louis Destouches. Principes fondamentaux de physique théorique. With a preface by Louis de Broglie. Hermann & C ie Paris1942, 3 vols., 905 pp. Errata, pp. 1–2.	1948	13	4	213-213	review	unclassified from title metadata	review-of-record entry reached			metadata only; full text not reached
Charles A. Baylis	Maurice Cornforth. Science versus idealism. An examination of ‘pure empiricism’ and modern logic. Lawrence and Wishart, London1946; International Publishers, New York 1947; 267 pp.	1948	13	4	213-214	review	general mathematical logic	review-of-record entry reached			metadata only; full text not reached
Everett J. Nelson	I. M. Bocheński. La logique de Théophrasle. Collectanea Friburgensia—Publications de l'Université de Fribourg en Suisse, n. s. no. 32. Fribourg1947, 138 pp.	1948	13	4	214-215	review	unclassified from title metadata	review-of-record entry reached			metadata only; full text not reached
Hao Wang	Eugene Shen. Luen li hsueh (Logic). Cheng Chung, Shanghai1938, 3 + 204 + 5 pp.	1948	13	4	215-216	review	general mathematical logic	review-of-record entry reached			metadata only; full text not reached
Alonzo Church	George Boole. The mathematical analysis of logic, being an essay towards a calculus of deductive*easoning. Basil Blackwell, Oxford1948, title pages + 82 pp.	1948	13	4	216-216	review	proof theory and formal systems	review-of-record entry reached			metadata only; full text not reached
Alonzo Church	Leon Brunschvicg. Les étapes de la philosophie mathématique. 3rd edn. of 2172. Presses Universitaires de France, Paris1947, 592 pp.	1948	13	4	216-216	review	philosophy, language, and inductive logic	review-of-record entry reached			metadata only; full text not reached
Frantisek Wolf	Otakar V. Zich. Uvod do filosofie matematiky (Introduction to the philosophy of mathematics). Cesta k věděni, vol. 34. Jednota ceskoslovenských Matematikü a Fysikü1, Prague1947, 172 pp.	1948	13	4	216-217	review	philosophy, language, and inductive logic	review-of-record entry reached			metadata only; full text not reached
Max Black	Alexander Koyré. Manifold and category. Philosophy and phenomenological research, vol. 9 no. 1 (1948), pp. 1–20.	1948	13	4	217-217	review	philosophy, language, and inductive logic	review-of-record entry reached			metadata only; full text not reached
Hugo Ribeiro	Emil L. Post. Conjuntos recurrentemente numerables de enteros positivos y sus problemas de decisión. Spanish translation of X 18 by J. R. Fuentes. Revista matemática hispanoamericana, ser. 4 vol. 7 no. 5 (1947), pp. 187–229.	1948	13	4	217-217	review	philosophy, language, and inductive logic	review-of-record entry reached			metadata only; full text not reached
O. V. Zich	Miroslav Katětov. Jaká je logická výstavba matematiky? (Quelle est la construction logique des mathématiques?) Jednota ceskoslovenských Matematikü a Fysikü, Prague1946, 103 pp.	1948	13	4	217-217	review	unclassified from title metadata	review-of-record entry reached			metadata only; full text not reached
Alonzo Church	L. O. Kattsoff. What is behavior?Philosophy and phenomenological research, vol. 9 no. 1 (1948), pp. 98–102.	1948	13	4	218-218	review	philosophy, language, and inductive logic	review-of-record entry reached			metadata only; full text not reached
Paul Bernays	Rudolf Carnap. Modalities and quantification. The journal of symbolic logic, vol. 11 (1946), pp. 33–64.	1948	13	4	218-219	review	propositional, many-valued, and modal logic	review-of-record entry reached			metadata only; full text not reached
Frederic B. Fitch	W. V. Quine. Concatenation as a basis for arithmetic. The journal of symbolic logic, vol. 11 (1946), pp. 105–114.	1948	13	4	219-220	review	general mathematical logic	review-of-record entry reached			metadata only; full text not reached
C. D. Firestone	Paul Bernays. A system of axiomatic set theory—Part VI. The journal of symbolic logic, vol. 13 (1948), pp 65–79.	1948	13	4	220-221	review	set theory and foundations	review-of-record entry reached			metadata only; full text not reached
Robert E. Luce	Robert Feys. Logique formalisee et philosophie. Synthese, vol. 6 (1947–1948), pp. 283–298.	1948	13	4	221-222	review	philosophy, language, and inductive logic	review-of-record entry reached			metadata only; full text not reached
Carl G. Hempel	Anders Wedberg. The logical construction of the world. A critical analysis of Rudolf Carnap's Der logische Aufbau der Welt. Theoria, vol. 10 (1944), pp. 216–246.	1948	13	4	222-222	review	general mathematical logic	review-of-record entry reached			metadata only; full text not reached
Ernest Nagel	Wilfrid Sellars. Epistemology and the new way of words. The journal of philosophy, vol. 44 (1947), pp. 645–660. - Wilfrid Sellars. Realism and the new way of words. English with Spanish abstract. Philosophy and phenomenological research, vol. 8 no. 4 (1948), pp. 601–634.	1948	13	4	222-223	review	philosophy, language, and inductive logic	review-of-record entry reached			metadata only; full text not reached
C. J. Everett	J. C. C. McKinsey. On the representation of projective algebras. American journal of mathematics, vol. 70 (1948), pp. 375–384.	1948	13	4	223-223	review	unclassified from title metadata	review-of-record entry reached			metadata only; full text not reached
Alonzo Church	Dal Charles Gerneth. Generalization of Menger's result on the structure of logical formulas. Bulletin of the American Mathematical Society, vol. 54 (1948), pp. 803–804.	1948	13	4	224-224	review	general mathematical logic	review-of-record entry reached			metadata only; full text not reached
P. Meier	L. Vietoris. Über den Begriff der Wahrscheinlichkeil. Monatshefte für Mathematik (neue Folge der Monatshefte fur Mathematik und Physik), vol. 52 no. 1 (1948), pp. 55–85.	1948	13	4	224-225	review	unclassified from title metadata	review-of-record entry reached			metadata only; full text not reached
Lászó Kalmár	Wanda Szmielew. On choices from finite sets. Fundamenta mathematicae, vol. 34 (1947), pp. 75–80.	1948	13	4	224-224	review	set theory and foundations	review-of-record entry reached			metadata only; full text not reached
Alonzo Church	Ettore Carruccio. Considerazioni sulla compatibilità di un sislema di postulati e sulla dimtatrabilità delle formule mathematiche. Pontificia Academia Scientiarum, Acta, vol. 10 no. 2 (1948), pp. 21–41.	1948	13	4	225-226	review	unclassified from title metadata	review-of-record entry reached			metadata only; full text not reached
S. Karlin	Kurt Bing. (On the axioms of B. Germanski for the natural numbers). (Riveon lemathematika) vol. 1 no. 2 (1946), pp. 21–28, and vol. 1 no. 3 (1946), pp. 57–60.	1948	13	4	225-225	review	proof theory and formal systems	review-of-record entry reached			metadata only; full text not reached
Alonzo Church	L. Geymonat. La crisi della logica formale.Fondamenti logici della scienza, Francesco de Silva, Turin1947, pp. 111–135.	1948	13	4	226-227	review	unclassified from title metadata	review-of-record entry reached			metadata only; full text not reached
Alonzo Church	L. Geymonat. Le origini della metodologia moderna. Fondamenti logici della scienza, Francesco de Silva, Turin1947, pp. 1–24.	1948	13	4	226-226	review	unclassified from title metadata	review-of-record entry reached			metadata only; full text not reached
	E. Perbico. Analisi del determinismo fisicoFondamenti logici della scienza, Francesco de Silva, Turin1947, pp. 25–50.	1948	13	4	227-228	bibliographical notice / unattributed review	unclassified from title metadata	review-of-record entry reached; reviewer metadata absent			metadata only; full text not reached
	List of officers and members of the Association for Symbolic Logic	1948	13	4	229-229	association record	editorial/association apparatus				metadata only; full text not reached
	Members of the Association	1948	13	4	229-234	bibliographical notice / unattributed review	unclassified from title metadata	review-of-record entry reached; reviewer metadata absent			metadata only; full text not reached
	Princeton Mathematical Series	1948	13	4	235-236	bibliographical notice / unattributed review	unclassified from title metadata	review-of-record entry reached; reviewer metadata absent			metadata only; full text not reached
	Scientia Review of Scientific Synthesis	1948	13	4	236-236	bibliographical notice / unattributed review	unclassified from title metadata	review-of-record entry reached; reviewer metadata absent			metadata only; full text not reached
	Errata	1948	13	4	iv-iv	errata	editorial/association apparatus				metadata only; full text not reached
	JSL volume 13 issue 4 Cover and Back matter	1948	13	4	b1-b2	cover/front/back matter	editorial/association apparatus				metadata only; full text not reached
	JSL volume 13 issue 4 Cover and Front matter	1948	13	4	f1-f4	cover/front/back matter	editorial/association apparatus				metadata only; full text not reached
N. Bourbaki	Foundations of mathematics for the working mathematician	1949	14	1	1-8	primary technical publication	unclassified from title metadata				metadata only; full text not reached
Frederic B. Fitch	The Heine-Borel theorem in extended basic logic	1949	14	1	9-15	primary technical publication	general mathematical logic				metadata only; full text not reached
David Nelson	Constructible falsity	1949	14	1	16-26	primary technical publication	unclassified from title metadata				metadata only; full text not reached
R. M. Martin	A note on nominalism and recursive functions	1949	14	1	27-31	primary technical publication	computability, recursion, and decidability				metadata only; full text not reached
Nelson Goodman	The logical simplicity of predicates	1949	14	1	32-41	primary technical publication	general mathematical logic				metadata only; full text not reached
Leon Henkin	Fragments of the propositional calculus	1949	14	1	42-48	primary technical publication	propositional, many-valued, and modal logic				metadata only; full text not reached
Julius Kraft	Reviews - Evert W. Beth. Wijsbegeerte der wiskunde (Philosophy of mathematics). Philosophische bibliotheek. Standaard-Boekhandel, Antwerp; Dekker and van de Vegt, Nijmegen; new edition wholly rewritten, 1948, 387 pp.	1949	14	1	49-50	review	philosophy, language, and inductive logic	review-of-record entry reached			metadata only; full text not reached
George D. W. Beurt	Hans Reichenbach. Elements of symbolic logic. The Macmillan Company, New York, 1947, xiii + 444 pp.	1949	14	1	50-52	review	general mathematical logic	review-of-record entry reached			metadata only; full text not reached
Alonzo Church	Alfred Jules Ayer. Language, truth and logic. Second edition (revised and re-set). Victor Gollancz, London1946 (third impression 1948) ; 160 pp.	1949	14	1	52-53	review	set theory and foundations	review-of-record entry reached			metadata only; full text not reached
Alonzo Church	R. A. Kocourek. An evaluation of symbolic logic. Proceedings of The American Catholic Philosophical Association, vol. 22 (pub. 1948), pp. 95–104.	1949	14	1	52-52	review	philosophy, language, and inductive logic	review-of-record entry reached			metadata only; full text not reached
Anders Wedberg	Émile Bohel. Les paradoxes de l'inﬁni. L'avenir de la science, no. 25. Gallimard, Paris1946, 237 pp.	1949	14	1	53-54	review	unclassified from title metadata	review-of-record entry reached			metadata only; full text not reached
Anders Wedbebg	Arne Næss. Interpretation and preciseness. I. Survey of basic concepts. Mimeographed. Universitetets Studentkonfor, Oslo1947, II + 54 pp.	1949	14	1	54-55	review	model theory and semantics	review-of-record entry reached			metadata only; full text not reached
Helen C. Meyerson	Léon Chwistek. La méthode générale des sciences positives. L'esprit de la sémantique. Actualités scientifiques et industrielles 1014. Hermann et C ie , Paris1946, 42 pp.	1949	14	1	55-56	review	philosophy, language, and inductive logic	review-of-record entry reached			metadata only; full text not reached
Max Black	Marcel Boll and Jacques Reinhart. Les étapes de la logique. Presses Universitaires de France, Paris1946, 128 pp.	1949	14	1	55-55	review	unclassified from title metadata	review-of-record entry reached			metadata only; full text not reached
O. V. Zich	Arnošt Kolman. Kritický výklad symbolické metody moderní logiky (Exposé critique de la méthode symbolique de la logique moderne). Orbis, Prague1948, 299 pp.	1949	14	1	56-57	review	unclassified from title metadata	review-of-record entry reached			metadata only; full text not reached
Carl G. Hempel	Yajöö Reenpää. Über Wahrnehmen, Denken und messendes Versuchen. Bibliotheca biotheoretica, vol. III. E. J. Brill, Leiden1947, 248 pp.	1949	14	1	57-58	review	unclassified from title metadata	review-of-record entry reached			metadata only; full text not reached
Carl G. Hempel	Yrjöö Reenpää. Wahrnehmen und Denken. Theoria, vol. 11 (1945), pp. 99–125.	1949	14	1	58-58	review	unclassified from title metadata	review-of-record entry reached			metadata only; full text not reached
Thomas Storer	C. West Churchman. Statistics, pragmatics, induction. Philosophy of science, vol. 15 (1948), pp. 249–268.	1949	14	1	59-59	review	philosophy, language, and inductive logic	review-of-record entry reached			metadata only; full text not reached
Carl G. Hempel	Eino Kaila. Wenn .. so ... Theoria, vol. 11 (1945), pp. 88–98.	1949	14	1	59-59	review	unclassified from title metadata	review-of-record entry reached			metadata only; full text not reached
W. V. Quine	Wilfrid Sellars. Concepts as involving laws and inconceivable without them. Philosophy of science, vol. 15 (1948), pp. 287–315.	1949	14	1	59-60	review	philosophy, language, and inductive logic	review-of-record entry reached			metadata only; full text not reached
Frederic B. Fitch	Arthur N. Prior. Facts, propositions and entailment. Mind, n.s. vol. 57 (1948), pp. 62–68.	1949	14	1	60-60	review	propositional, many-valued, and modal logic	review-of-record entry reached			metadata only; full text not reached
Frederic B. Fitch	E. Toms. Facts and entailment. Mind, n.s. vol. 57 (1948), pp. 232–236.	1949	14	1	60-61	review	unclassified from title metadata	review-of-record entry reached			metadata only; full text not reached
Max Black	Eveht W. Beth. Historical studies in traditional philosophy. Synthese, vol. 5 (1946–1947), pp. 248–260.	1949	14	1	61-61	review	philosophy, language, and inductive logic	review-of-record entry reached			metadata only; full text not reached
R. M. Martin	Eveht W. Beth. Hundred years of symbolic logic. A retrospect on the occasion of the Boole De Morgan centenary. English, with brief abstracts in English, French, and German. Dialectica (Neuchâtel), vol. 1 (1947), pp. 311–346.	1949	14	1	61-62	review	general mathematical logic	review-of-record entry reached			metadata only; full text not reached
R. M. Martin	Evert W. Beth. The origin and growth of symbolic logic. Synthese, vol. 6 (1947–1948), pp. 268–274.	1949	14	1	61-61	review	general mathematical logic	review-of-record entry reached			metadata only; full text not reached
Eveht W. Beth	William Kneale. Boole and the revival of logic. Mind, n.s. vol. 57 (1948), pp. 149–175.	1949	14	1	61-61	review	general mathematical logic	review-of-record entry reached			metadata only; full text not reached
Robert Feys	H. A. Weersma. Bezwaren tegen H. Scholz' Metaphysik als strenge Wissenschaft (Objections against H. Scholz's Metaphysik als strenge Wissenschaft)Algemeen Nederlands tijdschrift voor wijsbegeerte en psychologie, vol. 39 (1946–1947), pp. 151–158.	1949	14	1	62-62	review	unclassified from title metadata	review-of-record entry reached			metadata only; full text not reached
S. C. Kleene	K. R. Popper. On the theory of deduction, Part I. Derivation and its generalizations. Koninklijke Nederlandsche Akademie van Wetenschappen, Proceedings of the section of sciences, vol. 51 (1948), pp. 173–183; also Indagationes mathematicae , vol. 10 (1948), pp. 44–54. - K. R. Popper. On the theory of deduction, Part II. The definitions of classical and intuitionist negation. Koninklijke Nederlandsche Akademie van Wetenschappen, Proceedings of the section of sciences, vol. 51 (1948), pp. 322–331; also ibid., pp. 111–120. - K. R. Popper. The trivialization of mathematical logic. Library of the Xlh International Congress of Philosophy (Amsterdam, August 11–18, 1948). Vol. I. Proceedings of the Congress. Preprint 1948, pp. 510–515.	1949	14	1	62-63	review	propositional, many-valued, and modal logic	review-of-record entry reached			metadata only; full text not reached
Andrzej Mostowski	S. C. Kleene. On the intuitionistic logic. Library of the Xth International Congress of Philosophy (Amsterdam, August, 11–18, 1948). Vol. I. Proceedings of the Congress. Preprint 1948, pp. 185–187.	1949	14	1	63-63	review	propositional, many-valued, and modal logic	review-of-record entry reached			metadata only; full text not reached
Rózsa Péter	W. Smielew. Decision problem in group theory. Ebd., Sonderabdruck1948, S. 373–376.	1949	14	1	63-64	review	computability, recursion, and decidability	review-of-record entry reached			metadata only; full text not reached
W. V. Quine	A. Grzegorczyk. Un essai d'établir la sémantique du langage descripbif. Sonderabdruck, preprint 1948, pp. 419–421.	1949	14	1	64-64	review	unclassified from title metadata	review-of-record entry reached			metadata only; full text not reached
Andrzej Mostowski	Filozoﬁa w Stanach Zjednoczonych 1939–1947 (Philosophy in the United States 1939–1947). Przegląd ﬁlozoﬁczny, vol. 44 no. 1–3 (1948), pp. 234–282—Therein: - Henryk Hiż. Wstęp (Introduction), pp. 234–241. - Henryk Hiż. Logika (Logic), pp. 241–249. - William Craig. Teoria indukcji (Theory of induction), pp. 249–255. - Henry W. Johnstone. Teoria poznania (Theory of knowledge), pp. 271–275.	1949	14	1	64-64	review	philosophy, language, and inductive logic	review-of-record entry reached			metadata only; full text not reached
R. Suszko	Jerzy Łoś. Logiki wielowartościowe a formalizacja funkcji intencjonalnych (Many-valued logics and the formalization of intensional functions). Kwartalnik ﬁlozoﬁczny, vol. 17 (1948), pp. 59–78.	1949	14	1	64-65	review	propositional, many-valued, and modal logic	review-of-record entry reached			metadata only; full text not reached
Leon Henkin	Stanisław Jaśkowski. Sur les variables propositionelles dépendantes. Studia Societaiis Scientiarum Torunensis, Sectio A, vol. 1 no. 2 (1948), pp. 17–21.	1949	14	1	65-65	review	propositional, many-valued, and modal logic	review-of-record entry reached			metadata only; full text not reached
Andrzej Mostowski	Stanisław Jaśkowski. Rachunek zdań dla systemów dedukcyjnych sprzecznych (Un calcul des propositions pour les systèmes déductifs contradictoires). Studia Societaiis Scientiarum Torunensis, Sectio A, vol. 1 (1948), pp. 57–74. French summary, ibid., pp. 75–77.	1949	14	1	66-67	review	propositional, many-valued, and modal logic	review-of-record entry reached			metadata only; full text not reached
Leon Henkin	Stanisław Jaśkowski. Sur certains groupes formés de classes d'ensembles et leur application aux définitions des nombres. Studia Societaiis Scientiarum Torunensis, Sectio A, vol. 1 no. 3 (1948), pp. 23–35.	1949	14	1	66-66	review	set theory and foundations	review-of-record entry reached			metadata only; full text not reached
Maurice L'abbé	A. M. Turing. Practical forms of type theory. The journal of symbolic logic, vol. 13 (1948), pp. 80–94.	1949	14	1	67-68	review	computability, recursion, and decidability	review-of-record entry reached			metadata only; full text not reached
Andrzej Mostowski	A. Markov. O prédstavlénii rékursivnyh funkcij (On the representation of recursive functions). Doklady Akadémii Nauk SSSR, vol. 58 (1947), pp. 1891–1892.	1949	14	1	67-67	review	computability, recursion, and decidability	review-of-record entry reached			metadata only; full text not reached
S. C. Kleene	Frederic B. Fitch. An extension of basic logic.The journal of symbolic logic, vol. 13 (1948), pp. 95–106.	1949	14	1	68-69	review	general mathematical logic	review-of-record entry reached			metadata only; full text not reached
J. Barkley Rosser	Hao Wang. A new theory of element and number.The journal of symbolic logic, vol. 13 (1948), pp. 129–137.	1949	14	1	69-69	review	general mathematical logic	review-of-record entry reached			metadata only; full text not reached
Alonzo Church	Sören Halldén. A note concerning the -paradoxes of strict implication and Lewis's system S1. The journal of symbolic logic, vol. 13 (1948), pp. 138–139.	1949	14	1	69-69	review	propositional, many-valued, and modal logic	review-of-record entry reached			metadata only; full text not reached
I. M. Bocheński	Ettore Carruccio. Il problema dell'esprimibiltà in simboli di un sistema ipotetico-deduttivo. Sigma (Rome), vol. 1 (1947–1948), pp. 357–364. Discussion by Giuseppe Vaccarino and the author, ibid., pp. 365–367.	1949	14	1	70-70	review	unclassified from title metadata	review-of-record entry reached			metadata only; full text not reached
	Giulio Preti. Lettera a “Sigma.”Sigma (Rome), vol. 1 (1947–1948), pp. 433–435.	1949	14	1	70-72	bibliographical notice / unattributed review	unclassified from title metadata	review-of-record entry reached; reviewer metadata absent			metadata only; full text not reached
I. M. Bocheński	Giuseppe Vaccarino. Elementi per una teoria della conoscenza. Sigma (Rome), vol. 1 (1947–1948), pp. 6–27, 69–86, 215–233, 303–331, 387–433. Discussion by Riccardo Miceli and the autbor, ibid., pp. 245–247.	1949	14	1	70-70	review	unclassified from title metadata	review-of-record entry reached			metadata only; full text not reached
I. M. Bocheński	Silvio Ceccato. Divagazioni di animai semiolicum. Sigma (Rome), vol. 1 (1947–1948), pp. 294–302.	1949	14	1	70-70	review	unclassified from title metadata	review-of-record entry reached			metadata only; full text not reached
	Eleventh Meeting of the Association for Symbolic Logic	1949	14	1	73-80	meeting abstracts	editorial/association apparatus				metadata only; full text not reached
	Errata	1949	14	1	iv-iv	errata	editorial/association apparatus				metadata only; full text not reached
	JSL volume 14 issue 1 Cover and Front matter	1949	14	1	f1-f6	cover/front/back matter	editorial/association apparatus				metadata only; full text not reached
Frederic B. Fitch	On natural numbers, integers, and rationals	1949	14	2	81-84	primary technical publication	unclassified from title metadata				metadata only; full text not reached
Paul Dienes	On ternary logic	1949	14	2	85-94	primary technical publication	general mathematical logic				metadata only; full text not reached
Z. P. Dienes	On an implication function in many-valued systems of logic	1949	14	2	95-97	primary technical publication	propositional, many-valued, and modal logic				metadata only; full text not reached
Julia Robinson	Definability and decision problems in arithmetic	1949	14	2	98-114	primary technical publication	unclassified from title metadata				metadata only; full text not reached
Marshall Hall	The word problem for semigroups with two generators	1949	14	2	115-118	primary technical publication	unclassified from title metadata				metadata only; full text not reached
John R. Myhill	Reviews - Leon Chwistek. The limits of science. Outline of logic and the methodology of the exact sciences. Translated by Helen Charlotte Brodie and Arthur P. Coleman, with an introduction and appendix by Helen Charlotte Brodie. Kegan Paul, Trench, Trubner and Co., London1947; Harcourt, Brace and Co., New York 1948; lvii + 347 pp.	1949	14	2	119-125	review	philosophy, language, and inductive logic	review-of-record entry reached			metadata only; full text not reached
Shianghaw Wang	Yueh-Lin Chin. Lo chi (Logic). Shanghai 1937. Third edition, The Commercial Press, Shanghai1948, 362 pp.	1949	14	2	125-126	review	general mathematical logic	review-of-record entry reached			metadata only; full text not reached
Albert A. Bennett	Egmont Colerus. Von Pythagoras bis Hilbert. Die Epochen der Mathematik und ihre Baumeister. Geschichte der Mathematik für jedermann. P. Zsolnay, Berlin1937, 363 pp. - Egmont Colerus. Piccola storia della matematica. Da Pitagora a Hilbert. Italian translation of the fourth edition of the foregoing by Spartaco Casavecchia. Giulio Einaudi, Turin1943 (reprinted 1949), 359 pp.	1949	14	2	126-127	review	unclassified from title metadata	review-of-record entry reached			metadata only; full text not reached
Alonzo Church	Marcel Boll. Les étapes des mathématiques. Que sais-je? no. 42. Presses Universitaires de France, Paris 1941. Fifth edition, The Commercial Press, Shanghai1948, 128 pp.	1949	14	2	126-126	review	unclassified from title metadata	review-of-record entry reached			metadata only; full text not reached
Alonzo Church	Giusseppe Vàccabino. La scuola polacca di logica. Sigma, vol. 2 no. 8–9 (1948), pp. 527–546.	1949	14	2	127-127	review	unclassified from title metadata	review-of-record entry reached			metadata only; full text not reached
Albert A. Bennett	José Sebastião E Silva. Sugli automorfismi di un sistema matematico qualunque. Pontificia Academia Scientiarum, Commentationes, vol. 9 no. 9 (1945), pp. 327–356.	1949	14	2	127-127	review	unclassified from title metadata	review-of-record entry reached			metadata only; full text not reached
Alonzo Church	Norbert Wiener. Cybernetics. Or control and communication in the animal and the machine. The Technology Press; John Wiley & Sons, Inc., New York; Hermann et С ie , Paris; 1948, 194 pp.	1949	14	2	127-127	review	unclassified from title metadata	review-of-record entry reached			metadata only; full text not reached
Alonzo Church	Duane Studley. Algebra of neural nets. Mathematics magazine (Pacoima, Calif.), vol. 22 no. 3 (1949), pp. 125–128.	1949	14	2	128-128	review	unclassified from title metadata	review-of-record entry reached			metadata only; full text not reached
Alonzo Church	N. Rashevsky. Mathematical biophysics.Revised edition. The University of Chicago Press, Chicago1948, xxiii + 669 pp.	1949	14	2	128-128	review	unclassified from title metadata	review-of-record entry reached			metadata only; full text not reached
Paul Bernays	Paulette Destouches-Février. Sur les rapports entre la Logique et la Physigue théorique. Comptes rendus hebdomadaires des séances de l'Académie des Sciences (Paris), vol. 219 (for 1944, pub. 1945), pp. 481–483. - Paulette Destouches-Février. Logique adaptée aux théories quantiques.Comptes rendus hebdomadaires des séances de l'Académie des Sciences (Paris), vol. 221 (1945), pp. 287–288.	1949	14	2	128-129	review	unclassified from title metadata	review-of-record entry reached			metadata only; full text not reached
Paul Bernays	Paulette Destouches-Février. Signification profonde du principe de decomposition spectrale. Comptes rendus hebdomadaires des séances de l'Académie des Sciences (Paris), vol. 222 (1946), pp. 866–868.	1949	14	2	129-129	review	unclassified from title metadata	review-of-record entry reached			metadata only; full text not reached
Paul Bernays	Paulette Destouches-Février. Sur la notion d'adéquation et le calcul minimal de Johansson. Comptes rendus hebdomadaires des séances de l'Académie des Sciences (Paris), vol. 224 (1947), pp. 545–547.	1949	14	2	129-130	review	unclassified from title metadata	review-of-record entry reached			metadata only; full text not reached
W. V. Quine	A. A. Fraenkel. The relation of equality in deductive systems. Actes du Χ me Congrès International de Philosophie (Amsterdam, 11–18 août, 1948)—Proceedings of the Tenth International Congress of Philosophy (Amsterdam, August 11–18, 1948), North-Holland Publishing Company, Amsterdam1949, pp. 752–755.	1949	14	2	130-130	review	proof theory and formal systems	review-of-record entry reached			metadata only; full text not reached
A. R. Turquette	J. Ridder. Sur quelques logiques multivalentes. Actes du Χ me Congrès International de Philosophie (Amsterdam, 11–18 août, 1948)—Proceedings of the Tenth International Congress of Philosophy (Amsterdam, August 11–18, 1948), North-Holland Publishing Company, Amsterdam1949, pp. 728–730.	1949	14	2	130-130	review	philosophy, language, and inductive logic	review-of-record entry reached			metadata only; full text not reached
Andrzej Mostowski	L. Kalmár. On unsolvable mathematical problems. Actes du Χ me Congrès International de Philosophie (Amsterdam, 11–18 août, 1948)—Proceedings of the Tenth International Congress of Philosophy (Amsterdam, August 11–18, 1948), North-Holland Publishing Company, Amsterdam1949, pp. 756–758.	1949	14	2	130-131	review	philosophy, language, and inductive logic	review-of-record entry reached			metadata only; full text not reached
Andrzej Mostowski	János Surányi. Reduction of the decision problem to formulae containing a bounded number of quantifiers only. Actes du Χ me Congrès International de Philosophie (Amsterdam, 11–18 août, 1948)—Proceedings of the Tenth International Congress of Philosophy (Amsterdam, August 11–18, 1948), North-Holland Publishing Company, Amsterdam1949, pp. 759–762.	1949	14	2	131-131	review	computability, recursion, and decidability	review-of-record entry reached			metadata only; full text not reached
W. V. Quine	U. Saarnio. Der Begriﬃ der Hierarchie und die logischen Paradoxien. Actes du Χ me Congrès International de Philosophie (Amsterdam, 11–18 août, 1948)—Proceedings of the Tenth International Congress of Philosophy (Amsterdam, August 11–18, 1948), North-Holland Publishing Company, Amsterdam1949, pp. 785–790.	1949	14	2	131-131	review	philosophy, language, and inductive logic	review-of-record entry reached			metadata only; full text not reached
Alonzo Church	I. M. Bocheński. L'élat et les besoins de l'histoire de la logique formelle. Actes du Χ me Congrès International de Philosophie (Amsterdam, 11–18 août, 1948)—Proceedings of the Tenth International Congress of Philosophy (Amsterdam, August 11–18, 1948), North-Holland Publishing Company, Amsterdam1949, pp. 1062–1064.	1949	14	2	132-132	review	philosophy, language, and inductive logic	review-of-record entry reached			metadata only; full text not reached
Alonzo Church	L. E. J. Brouwer. Consciousness, philosophy, and mathematics. Actes du Χ me Congrès International de Philosophie (Amsterdam, 11–18 août, 1948)—Proceedings of the Tenth International Congress of Philosophy (Amsterdam, August 11–18, 1948), North-Holland Publishing Company, Amsterdam1949, pp. 1235–1249.	1949	14	2	132-133	review	propositional, many-valued, and modal logic	review-of-record entry reached			metadata only; full text not reached
Alice Ambrose	C. A. Baylis. Facts, propositions, exemplification and truth. Mind, n.s. vol. 57 (1948), pp. 459–79.	1949	14	2	133-134	review	propositional, many-valued, and modal logic	review-of-record entry reached			metadata only; full text not reached
Thomas Storer	Carl G. Hempel and Paul Oppenheim. Reply to David L. Miller's Comments. Philosophy of science, vol. 15 (1948) pp. 350–352.	1949	14	2	133-133	review	philosophy, language, and inductive logic	review-of-record entry reached			metadata only; full text not reached
Thomas Storer	Carl G. Hempel and Paul Oppenheim. Studies in the logic of explanation. Philosophy of science, vol. 15 (1948), pp. 135–175.	1949	14	2	133-133	review	philosophy, language, and inductive logic	review-of-record entry reached			metadata only; full text not reached
Thomas Storer	David L. Miller. Comments on “Studies in the logic of explanation.”Philosophy of science, vol. 15 (1948), pp. 348–349.	1949	14	2	133-133	review	philosophy, language, and inductive logic	review-of-record entry reached			metadata only; full text not reached
Alonzo Church	Allen Walker Read. An account of the word ‘semantics.’Word (New York), vol 4 no.2 (1948), pp. 78–97.	1949	14	2	135-135	review	model theory and semantics	review-of-record entry reached			metadata only; full text not reached
Albert A. Bennett	G. Ryle. Why are the calculuses of logic and arithmetic applicable to reality?Aristotelian Society, supplementary volume XX, London1946, pp. 20–29. - C. Lewy. Why are the calculuses of logic and arithmetic applicable to reality?Aristotelian Society, supplementary volume XX, London1946, pp. 30–39. - K. R. Popper. Why are the calculuses of logic and arithmetic applicable to reality?Aristotelian Society, supplementary volume XX, London1946, pp. 40–60.	1949	14	2	135-135	review	proof theory and formal systems	review-of-record entry reached			metadata only; full text not reached
Alfons Borgers	Joseph H. Greenberg. The logical analysis of kinship. Philosophy of science, vol. 16 (1949), pp. 58–64.	1949	14	2	135-136	review	philosophy, language, and inductive logic	review-of-record entry reached			metadata only; full text not reached
Alonzo Church	P. T. Geach. Mr. Ill-named. Analysis (Oxford), vol. 9 no. 1 (1948), pp. 14–16.	1949	14	2	136-136	review	unclassified from title metadata	review-of-record entry reached			metadata only; full text not reached
Alonzo Church	Sören Halldén. Certain problems connected with the definitions of identity and of definite descriptions given in Principia mathematica. Analysis (Oxford), vol. 9 no. 2 (1948), pp. 29–33.	1949	14	2	136-137	review	unclassified from title metadata	review-of-record entry reached			metadata only; full text not reached
Th. Skolem	Andrzej Mostowski. Proofs of non-deducibility in intuitionistic functional calculus. The journal of symbolic logic, vol. 13 (1948), pp. 204–207.	1949	14	2	137-137	review	propositional, many-valued, and modal logic	review-of-record entry reached			metadata only; full text not reached
Th. Skolem	Irving M. Copilowish. Matrix development of the calculus of relations. The journal of symbolic logic, vol. 13 (1948), pp. 193–203.	1949	14	2	137-137	review	proof theory and formal systems	review-of-record entry reached			metadata only; full text not reached
Alfons Borgers	L. E. J. Brouwer. Essentieel-negatieve eigenschappen (Essentially-negative properties). Koninklijke Nederlandsche Akademie van Wetenschappen, Proceedings of the section of sciences, vol. 51 (1948), pp. 963–964; also Indagationes mathematicae , vol. 10 (1948), pp. 322–323.	1949	14	2	137-138	review	propositional, many-valued, and modal logic	review-of-record entry reached			metadata only; full text not reached
Alfons Borgers	L. E. J. Brouwer. Opmerkingen over het beginsel van het uitgesloten derde en over negatieve asserties (Remarks on the law of the excluded third and on negative propositions). Koninklijke Nederlandsche Akademie van Wetenschappen, Proceedings of the section of sciences, vol. 51 (1948), pp. 1239–1243; also ibid., vol. 10 (1948), pp. 383–387.	1949	14	2	138-138	review	propositional, many-valued, and modal logic	review-of-record entry reached			metadata only; full text not reached
Alfons Borgers	M. G. Beumer. En historische bijzonderheid uit het leven van Gottlob Frege (1848–1925) (A historical detail from the life of Gottlob Frege (1848–1925)). Simon Stevin, vol. 25 (1946–1947), pp. 146–149. - E. W. Beth. Naschrift (Postscript). Simon Stevin, vol. 25 (1946–1947), pp. 150–151.	1949	14	2	138-139	review	unclassified from title metadata	review-of-record entry reached			metadata only; full text not reached
Boleslaw Sobociński	I. M. Bocheński. Wstęp do teorii analogii (Introduction à une théorie de l'analogie). Roczniki filozoficzne, t. 1 (1948), pp. 64–82. Résumé français, ibid., pp. 319–320.	1949	14	2	139-140	review	unclassified from title metadata	review-of-record entry reached			metadata only; full text not reached
Boleslaw Sobociński	J. Ridder. Über mehrwertige Aussagenkalküle und mehrwertige engere Prädikaten-kalküle. I. Koninklijke Nederlandsche Akademie van Wetenschappen, Proceedings of the section of sciences, t. 51 (1948), pp. 670–680; aussi Indagationes mathematicae , t. 10 (1948), pp. 221–231.	1949	14	2	139-139	review	unclassified from title metadata	review-of-record entry reached			metadata only; full text not reached
Andrzej Mostowski	A. A. Markov. О zavisimosti aksiomy Β6 ot drugih aksiom sistémy Bernays'a-Gödel' á (On the non-independence of axiom Β6 from the other axioms of the Bernays-Gödel system). Izvéstiá Akadémii Nauk SSSR, Seriá matématičéskaá, vol. 12 (1948), pp. 569–570.	1949	14	2	140-140	review	proof theory and formal systems	review-of-record entry reached			metadata only; full text not reached
Andrzej Mostowski	Kazimierz Ajdukiewicz. Metodologia i metanauka (Methodology and melascience). Życie nauki (Kraków) vol. 6 (1948), pp. 4–15. English summary, ibid., pp. 151–152.	1949	14	2	140-140	review	philosophy, language, and inductive logic	review-of-record entry reached			metadata only; full text not reached
Heinrich Scholz	O. Becker. Das formale System der ontologischen Modalitäten, Blätter für deutsche Philosophie, Bd. 16 (1943), S. 387–422. - O. Becker. Ein “natürliches” formales System der logisch-ontologischen Modalitäten. Ebd., Bd. 18 (1944), S. 82–93.	1949	14	2	140-141	review	propositional, many-valued, and modal logic	review-of-record entry reached			metadata only; full text not reached
Alonzo Church	Giovanni Giorgi. A proposito di alcune discussioni recenti sui problemi della logicu deduttiva. Bollettino della Unione Matematica Italiana, sor. 3 vol. 3 (1948), pp. 256–259.	1949	14	2	141-141	review	unclassified from title metadata	review-of-record entry reached			metadata only; full text not reached
Alonzo Church	Ettore Carruccio. Alcune conseguenze di un risultato del Gödel e la razionalità del reale. Atti della Società dei Naturalisti e Matematici di Modena, vol 78 (1947), pp. 88–90.	1949	14	2	142-142	review	unclassified from title metadata	review-of-record entry reached			metadata only; full text not reached
	Ettore Carruccio. Sull’impossibilità di esprimere integralmente in simboli un sistema ipotetico-dedutlivo. Atti della Società dei Naturalisti e Matematici di Modena, vol 78 (1947), pp. 91–92.	1949	14	2	142-144	bibliographical notice / unattributed review	unclassified from title metadata	review-of-record entry reached; reviewer metadata absent			metadata only; full text not reached
	Errata	1949	14	2	iv-iv	errata	editorial/association apparatus				metadata only; full text not reached
	JSL volume 14 issue 2 Cover and Front matter	1949	14	2	f1-f6	cover/front/back matter	editorial/association apparatus				metadata only; full text not reached
Ernst Specker	Nicht konstruktiv beweisbare Sätze der Analysis	1949	14	3	145-158	primary technical publication	unclassified from title metadata				metadata only; full text not reached
Leon Henkin	The completeness of the first-order functional calculus	1949	14	3	159-166	primary technical publication	proof theory and formal systems				metadata only; full text not reached
Nathan P. Levin	Computational logic	1949	14	3	167-172	primary technical publication	general mathematical logic				metadata only; full text not reached
Gustav Bergmann	A syntactical characterization of S5	1949	14	3	173-174	primary technical publication	unclassified from title metadata				metadata only; full text not reached
John R. Myhill	Note on an idea of Fitch	1949	14	3	175-176	primary technical publication	unclassified from title metadata				metadata only; full text not reached
Tzu-Hua Hoo	m -valued sub-system of ( m + n )-valued propositional calculus	1949	14	3	177-181	primary technical publication	propositional, many-valued, and modal logic				metadata only; full text not reached
Maurice L'Abbé	A. M. Turing. Practical forms of type theory. The journal of symbolic logic, vol. 13 (1948), pp. 80–94.	1949	14	3	182-182	review	computability, recursion, and decidability	review-of-record entry reached			metadata only; full text not reached
Max Black	F. H. Heinemann. Truths of reason and truths of fact. The philosophical review, vol. 57 (1948), pp. 458–480.	1949	14	3	182-182	review	philosophy, language, and inductive logic	review-of-record entry reached			metadata only; full text not reached
Max Black	F. H. Heinemann. Vérités de raison et vérités de fait. Actes du X me Congrès International de Philosophie (Amsterdam, 11–18 août, 1948)—Proceedings of the Tenth International Congress of Philosophy (Amsterdam, August 11–18,1948), North-Holland Publishing Company, Amsterdam1949, pp. 629–632.	1949	14	3	182-183	review	philosophy, language, and inductive logic	review-of-record entry reached			metadata only; full text not reached
Max Black	L. Rougier. Énoncés indéterminés, indécidables, contradictoires, vides de sens. Actes du X me Congrès International de Philosophie (Amsterdam, 11–18 août, 1948)—Proceedings of the Tenth International Congress of Philosophy (Amsterdam, August 11–18, 1948), North-Holland Publishing Company, Amsterdam1949, pp. 610–617.	1949	14	3	182-182	review	philosophy, language, and inductive logic	review-of-record entry reached			metadata only; full text not reached
Max Black	G. Alexits and E. Fenyö. Les fondements des mathématiques et la philosophie du matérialisme dialectique. Actes du X me Congrès International de Philosophie (Amsterdam, 11–18 août, 1948)—Proceedings of the Tenth International Congress of Philosophy (Amsterdam, August 11–18,1948), North-Holland Publishing Company, Amsterdam1949, pp. 711–712.	1949	14	3	183-183	review	philosophy, language, and inductive logic	review-of-record entry reached			metadata only; full text not reached
Max Black	J. H. Tummers. Les principes, usités dans les sciences. Actes du X me Congrès International de Philosophie (Amsterdam, 11–18 août, 1948)—Proceedings of the Tenth International Congress of Philosophy (Amsterdam, August 11–18,1948), North-Holland Publishing Company, Amsterdam1949, pp. 694–697.	1949	14	3	183-183	review	philosophy, language, and inductive logic	review-of-record entry reached			metadata only; full text not reached
David Nelson	J. J. de Iongh. Restricted forms of intuitionistic mathematics. Actes du X me Congrès International de Philosophie (Amsterdam, 11–18 août, 1948)—Proceedings of the Tenth International Congress of Philosophy (Amsterdam, August 11–18,1948), North-Holland Publishing Company, Amsterdam1949, pp. 744–748.	1949	14	3	183-184	review	propositional, many-valued, and modal logic	review-of-record entry reached			metadata only; full text not reached
Alonzo Church	K. Marc-Wogau. Remarks concerning the latest discussion on sense-data. Actes du X me Congrès International de Philosophie (Amsterdam, 11–18 août, 1948)—Proceedings of the Tenth International Congress of Philosophy (Amsterdam, August 11–18,1948), North-Holland Publishing Company, Amsterdam1949, pp. 633–635.	1949	14	3	183-183	review	philosophy, language, and inductive logic	review-of-record entry reached			metadata only; full text not reached
Max Black	R. Apéry. Axiomes et postulats. Actes du X me Congrès International de Philosophie (Amsterdam, 11–18 août, 1948)—Proceedings of the Tenth International Congress of Philosophy (Amsterdam, August 11–18,1948), North-Holland Publishing Company, Amsterdam1949, pp. 708–710.	1949	14	3	183-183	review	proof theory and formal systems	review-of-record entry reached			metadata only; full text not reached
David Nelson	A. Mostowski. Sur l'interprétation géométrique et topologique des notions logiques. Actes du X me Congrès International de Philosophie (Amsterdam, 11–18 août, 1948)—Proceedings of the Tenth International Congress of Philosophy (Amsterdam, August 11–18,1948), North-Holland Publishing Company, Amsterdam1949, pp. 767–769.	1949	14	3	184-184	review	model theory and semantics	review-of-record entry reached			metadata only; full text not reached
Max Black	K. Britton. What is a rule of language?Actes du X me Congrès International de Philosophie (Amsterdam, 11–18 août, 1948)—Proceedings of the Tenth International Congress of Philosophy (Amsterdam, August 11–18,1948), North-Holland Publishing Company, Amsterdam1949, pp. 779–781.	1949	14	3	184-184	review	philosophy, language, and inductive logic	review-of-record entry reached			metadata only; full text not reached
Max Black	Readings in philosophical analysis. Selected and edited by Herbert Feigl and Wilfrid Sellars. Appleton-Century-Crofts, Inc., New York, 1949, x + 626 pp. - W. V. Quine. Designation and existence, pp. 44–51. - Alfred Tarski. The semantic conception of truth, pp. 52–84. - Gottlob Frege. On sense and nominatum, pp. 85–102. - Bertrand Russell. On denoting, pp. 103–115. - Ernest Nagel. Logic without ontology, pp. 191–210. - Carl G. Hempel. On the nature of mathematical truth, pp. 222–237. - Rudolf Carnap. The two concepts of probability, pp. 330–348. - Roderick M. Chisholm. The contrary-to-fact conditional, pp. 482–497.	1949	14	3	184-185	review	model theory and semantics	review-of-record entry reached			metadata only; full text not reached
G. H. v. Wright	Arne Næss. Symbolsk logikk (Symbolic logic). 2nd edn., mimeographed. Filosofiske problemer no. 10. Universitetets Studentkontor, Oslo1948, IV + 192 pp. (with two separate pages of errata).	1949	14	3	185-186	review	general mathematical logic	review-of-record entry reached			metadata only; full text not reached
Oiva Ketonen	Jørgen Jørgensen. Den logiske empirismes udvikling (The development of logical empiricism). Ejnar Munksgaard, Copenhagen1948, 97 pp.	1949	14	3	185-185	review	general mathematical logic	review-of-record entry reached			metadata only; full text not reached
Alonzo Church	A. Wolf. Textbook of logic. Second edition revised and enlarged. George Allen & Unwin, London1938 (reprinted 1943, 1948), 455 pp.	1949	14	3	186-186	review	general mathematical logic	review-of-record entry reached			metadata only; full text not reached
Alonzo Church	Louis De Raeymaeker. Introduction à la philosophie. Troisième édition revue et corrigée. Éditions de l'Institut Supérieur de Philosophie, Louvain1947, 277 pp. - L. De Raeymaeker. Inleiding tot de wijsbegeerte. Tweede, herziene uitgave. Uitgeverij Het Kompas, Antwerp, and L. J. Veen's Uitgeversmij, Amsterdam, 1948, 271 pp.	1949	14	3	186-186	review	philosophy, language, and inductive logic	review-of-record entry reached			metadata only; full text not reached
J. C. Cooley	W. H. Werkmeister. An introduction to critical thinking. A beginner's text in logic. Johnsen Publishing Co., Lincoln, Nebraska, 1948, xx + 663 pp.	1949	14	3	186-187	review	general mathematical logic	review-of-record entry reached			metadata only; full text not reached
Everett J. Nelson	C. West Churchman. Theory of experimental inference. The Macmillan Company, New York1948, xi + 292 pp.	1949	14	3	187-187	review	unclassified from title metadata	review-of-record entry reached			metadata only; full text not reached
Albert A. Bennett	William Kneale. Probability and induction. Clarendon Press, Oxford1949, viii + 264 pp.	1949	14	3	187-188	review	philosophy, language, and inductive logic	review-of-record entry reached			metadata only; full text not reached
Leon Henkin	Alfred Tarski. A decision method for elementary algebra and geometry. U. S. Air Force Project Rand, R-109. Prepared for publication by J. C. C. McKinsey. Litho-printed. The Rand Corporation, Santa Monica, California, 1948, iii + 60 pp.	1949	14	3	188-188	review	unclassified from title metadata	review-of-record entry reached			metadata only; full text not reached
H. E. Vaughan	Alfred Tarski. Cardinal algebras. Oxford University Press, New York1949, xii + 326 pp. - Bjarni Jońsson and Alfred Tarski. Cardinal products of isomorphism types. Appendix of the foregoing, pp. 253–312.	1949	14	3	188-189	review	set theory and foundations	review-of-record entry reached			metadata only; full text not reached
O. V. Zich	Andrzej Mostowski. Logika matematyczna. Kurs uniwersytecki. (Logique mathématique. Cours donné à l'Université.) Monografie matematyczne, t. 18. Varsovie et Wrocław1948, VIII + 388 pp.	1949	14	3	189-190	review	unclassified from title metadata	review-of-record entry reached			metadata only; full text not reached
W. Ackermann	Willard V. Quine. Theory of deduction. Parts I–IV. Mimeographiert. Harvard Cooperative Society, Cambridge, Mass., 1948, 156 S.	1949	14	3	190-191	review	proof theory and formal systems	review-of-record entry reached			metadata only; full text not reached
Gisbert Hasenjaeger	Alice Ambrose und Morris Lazebowitz. Fundamentals of symbolic logic. Rinehart & Company, Inc., New York1948, ix + 310 S.	1949	14	3	191-191	review	general mathematical logic	review-of-record entry reached			metadata only; full text not reached
Rózsa Péter	Raphael M. Robinson. Recursion and double recursion. Bulletin of the American Mathematical Society, Bd. 54 (1948), S. 987–993.	1949	14	3	191-192	review	computability, recursion, and decidability	review-of-record entry reached			metadata only; full text not reached
A. Borel; E. Specker	Olivier Costa de Beauregard. Extension d'une théorie de M. J. de Neumann au cas des projecteurs non commutables. Comptes rendus hebdomadaires des séances de l'Académie des Sciences (Paris), Bd. 221 (1945), S. 230–231.	1949	14	3	192-193	review	unclassified from title metadata	review-of-record entry reached			metadata only; full text not reached
Robert Feys	Adolf Meyer-Abich. Joachim Jungius—ein Philosoph vor Leibniz. Beiträge zur Leibniz-Forschung, Monographien zur philosophischen Forschung herausgegeben von Dr. Georgi Schischkoff vol. 1, Gryphius-Verlag, Reutlingen1947, pp. 138–152.	1949	14	3	193-193	review	philosophy, language, and inductive logic	review-of-record entry reached			metadata only; full text not reached
Leon Henkin	André Chauvin. Généralisation du théorème de Gödel. Comptes rendus hebdomadaires des séances de l'Académie des Sciences (Paris), vol. 222 (1949), pp. 1179–1180.	1949	14	3	193-193	review	unclassified from title metadata	review-of-record entry reached			metadata only; full text not reached
Leon Henkin	Andre Chauvin. Structure logiques. Comptes rendus hebdomadaires des séances de l'Académie des Sciences (Paris), vol. 222 (1949), pp. 1085–1087.	1949	14	3	193-193	review	unclassified from title metadata	review-of-record entry reached			metadata only; full text not reached
Robert Feys	Georgi Schischkoff. Die gegenwärtige Logistik und Leibniz. Beiträge zur Leibniz-Forschung, Monographien zur philosophischen Forschung herausgegeben von Dr. Georgi Schischkoff vol. 1, Gryphius-Verlag, Reutlingen1947, pp. 224–240.	1949	14	3	194-194	review	philosophy, language, and inductive logic	review-of-record entry reached			metadata only; full text not reached
Robert Feys	Georgi Schischkoff. Zum problem einer exakten Symbolik des philosophischen Denkens. Zeitschrift für philosophische Forschung, vol. 1 (1946–1947), pp. 314–355.	1949	14	3	194-195	review	philosophy, language, and inductive logic	review-of-record entry reached			metadata only; full text not reached
Robert Feys	Kurt Huber. Leibniz und wir. Zeitschrift für philosophische Forschung, vol. 1 (1946–1947), pp. 5–34.	1949	14	3	194-194	review	philosophy, language, and inductive logic	review-of-record entry reached			metadata only; full text not reached
E. W. Beth	A. Heyting. Taal en teken in de wiskunde (Language and sign in mathematics). Algemeen Nederlands tijdschrift voor wijsbegeerte en psychologie, vol. 40 (1947–1948), pp. 121–131. Résumé (French), ibid., p. 131.	1949	14	3	195-195	review	philosophy, language, and inductive logic	review-of-record entry reached			metadata only; full text not reached
E. W. Beth	Arend Heyting. Formal logic and mathematics. Synthese (Amsterdam), vol. 6 (1947–1948), pp. 275–282.	1949	14	3	195-195	review	proof theory and formal systems	review-of-record entry reached			metadata only; full text not reached
Alfons Borgers	L. E. J. Brouwer. De non-aequivalentie van de constructieve en de negatieve orderelatie in het continuum (The non-equivalence of the constructive and the negative order relation in the continuum). Koninklijke Nederlandsche Akademie van Wetenschappen, Proceedings of the section of sciences, vol. 52 (1949), pp. 122–124; also Indagationes mathematicae , vol. 11 (1949), pp. 37–39.	1949	14	3	195-196	review	set theory and foundations	review-of-record entry reached			metadata only; full text not reached
Alfons Borgers	Paul Lorenzen. Grundlagen der Mathematik. FIAT review of German science 1939–1946, Pure mathematics Part I; senior author Wilhelm Süss; published by Office of Military Government for Germany, Field Information Agencies Technical; printed under the supervision of Dieterich'sche Verlagsbuchhandlung, Wiesbaden1948; pp. 11–22.	1949	14	3	196-197	review	unclassified from title metadata	review-of-record entry reached			metadata only; full text not reached
H. E. Vaughan	Alonzo Church. Conditioned disjunction as a primitive connective for the propositional calculus. Portugaliae mathematica, vol. 7 (1948), pp. 87–90.	1949	14	3	197-197	review	propositional, many-valued, and modal logic	review-of-record entry reached			metadata only; full text not reached
Alfons Borgers	Gottfried Köthe. Verbände. FIAT review of German science 1939–1946, Pure mathematics Part I; senior author Wilhelm Süss; published by Office of Military Government for Germany, Field Information Agencies Technical; printed under the supervision of Dieterich'sche Verlagsbuchhandlung, Wiesbaden1948; pp. 81–95.	1949	14	3	197-197	review	unclassified from title metadata	review-of-record entry reached			metadata only; full text not reached
Alfons Borgers	H. Rasiowa. Sur un certain système d'axiomes du calcul des propositions. Norsk matematisk tidsskrift, vol. 31 (1949), pp. 1–3.	1949	14	3	197-197	review	propositional, many-valued, and modal logic	review-of-record entry reached			metadata only; full text not reached
Andrzej Mostowski	Leon Henkin. Fragments of propositional calculus. The journal of symbolic logic, vol 14 (1949), pp. 42–48.	1949	14	3	197-198	review	propositional, many-valued, and modal logic	review-of-record entry reached			metadata only; full text not reached
Frederic B. Fitch	Erik Stenius. Natural implication and material implication. Theoria, vol. 13 (1947), pp. 136–156.	1949	14	3	198-198	review	propositional, many-valued, and modal logic	review-of-record entry reached			metadata only; full text not reached
Charles A. Baylis	S. Körner. On entailment. Proceedings of the Aristotelian Society, n.s. vol. 47 (1946–1947), pp. 143–162.	1949	14	3	199-200	review	unclassified from title metadata	review-of-record entry reached			metadata only; full text not reached
Frederic B. Fitch	Sören Halldén. A question concerning a logical calculus related to Lewis' system of strict implication, which is of special interest for the study of entailment. Theoria, vol. 14 (1948), pp. 265–269.	1949	14	3	199-199	review	propositional, many-valued, and modal logic	review-of-record entry reached			metadata only; full text not reached
Charles A. Baylis	Karl Britton. The nature of arithmetic: A reconsideration of Mill's views. Proceedings of the Aristotelian Society n.s. vol. 48 (1948), pp. 1–12.	1949	14	3	200-201	review	unclassified from title metadata	review-of-record entry reached			metadata only; full text not reached
Charles A. Baylis	Stuart Hampshire. Logical form. Proceedings of the Aristotelian Society n.s. vol. 48 (1948), pp. 37–58.	1949	14	3	200-200	review	general mathematical logic	review-of-record entry reached			metadata only; full text not reached
Charles A. Baylis	Karl Britton, J. O. Urmson, and W. Kneale. Are necessary truths true by convention?Aristotelian Society, supplementary volume XXI (1947), pp. 78–133.	1949	14	3	201-202	review	philosophy, language, and inductive logic	review-of-record entry reached			metadata only; full text not reached
Charles A. Baylis	P. F. Strawson. Necessary propositions and entailment-statements. Mind, n.s. vol. 57 (1948), pp. 184–200.	1949	14	3	202-202	review	propositional, many-valued, and modal logic	review-of-record entry reached			metadata only; full text not reached
Charles A. Baylis	S. N. Hampshire. Mr. Strawson on necessary propositions and entailment-statements. Mind, n.s. vol. 57 (1948), pp. 364–357.	1949	14	3	202-203	review	propositional, many-valued, and modal logic	review-of-record entry reached			metadata only; full text not reached
Charles A. Baylis	P. T. Geach. Necessary propositions and entailment-statements. Mind, n.s. vol. 57 (1948), pp. 491–493.	1949	14	3	203-203	review	propositional, many-valued, and modal logic	review-of-record entry reached			metadata only; full text not reached
Charles A. Baylis	Stuart Hampshire. Logical necessity. Philosophy, vol. 23 (1948), pp. 332–345.	1949	14	3	203-204	review	philosophy, language, and inductive logic	review-of-record entry reached			metadata only; full text not reached
Charles A. Baylis	Stuart Hampshire. Subjunctive conditionals. Analysis (Oxford), vol. 9 no. 1 (1948), pp. 9–14.	1949	14	3	203-203	review	unclassified from title metadata	review-of-record entry reached			metadata only; full text not reached
Arthur Francis Smullyan	Gustav Bergmann. Contextual definitions in non-extensional languages. The journal of symbolic logic, vol. 13 (1948), p. 140.	1949	14	3	204-204	review	philosophy, language, and inductive logic	review-of-record entry reached			metadata only; full text not reached
Arthur Francis Smullyan	Gustav Bergmann. Descriptions in non-extensional contexts. Philosophy of science, vol. 15 (1948), pp. 353–355.	1949	14	3	204-204	review	philosophy, language, and inductive logic	review-of-record entry reached			metadata only; full text not reached
Morris Lazerowitz	Richard Rudner. Formal and non-formal. Philosophy of science, vol. 16 (1949), pp. 41–48.	1949	14	3	204-205	review	philosophy, language, and inductive logic	review-of-record entry reached			metadata only; full text not reached
Morris Lazerowitz	Irving M. Copilowish. Language analysis and metaphysical inquiry. Philosophy of science, vol. 16 (1949), pp. 65–70.	1949	14	3	205-208	review	philosophy, language, and inductive logic	review-of-record entry reached			metadata only; full text not reached
	Errata	1949	14	3	iv-iv	errata	editorial/association apparatus				metadata only; full text not reached
	JSL volume 14 issue 3 Cover and Front matter	1949	14	3	f1-f6	cover/front/back matter	editorial/association apparatus				metadata only; full text not reached
