author	exact_title	publication_year	volume	issue	pages	document_type	subfield	contemporaneous_review_status	technical_depth_availability	target_line_exclusion_status	full_text_status
	JSL volume 3 issue 1 Cover and Front matter	1938	3	1	f1-f5	cover/front/back matter	editorial/association apparatus				metadata only; full text not reached
	Errata	1938	3	1	iv-iv	errata	editorial/association apparatus				metadata only; full text not reached
L. Chwistek; W. Hetper	New foundation of formal metamathematics	1938	3	1	1-36	primary technical publication	proof theory and formal systems	in-block contemporaneous review entry immediately identified	technical-depth potentially sufficient		metadata only; full text not reached
W. V. Quine	Completeness of the propositional calculus	1938	3	1	37-40	primary technical publication	propositional, many-valued, and modal logic	in-block contemporaneous review entry immediately identified			metadata only; full text not reached
Olaf Helmer	Eugen Roth. Axiomatische Untersuchungen zur projektiven, affinen und metrischen Geometrie. Forschungen zur Logik und zur Grundlegung der exakten Wissenschaften, n. s. no. 2. S. Hirzel, Leipzig1937, 58 pp.	1938	3	1	41-42	review	proof theory and formal systems	review-of-record entry reached			metadata only; full text not reached
Frederic B. Fitch	J. H. Woodger. The axiomatic method in biology. The University Press, Cambridge, England, 1937; The Macmillan Company, New York 1937; x + 174 pp. Appendix C, by W. F. Floyd, pp. 154–158. Appendix E, by Alfred Tarski, pp. 161–172.	1938	3	1	42-43	review	proof theory and formal systems	review-of-record entry reached			metadata only; full text not reached
Alonzo Church	Jørgen Jørgensen. Træk of deduktionsteoriens udvikling i den nyere tid (Outline of the recent development of the theory of deduction). Levin & Munksgaard, Copenhagen1937, 117 pp.	1938	3	1	43-43	review	proof theory and formal systems	review-of-record entry reached			metadata only; full text not reached
M. Kokoszyińska	Jan Łukasiewicz. W obronie logistyki (In defense of logistic). Reprinted from Myśl katolicka wobec logiki wspóiczesnej (Catholic thought and modern logic). Studia Gniesnensia no. 15, 1937, 22 pp.	1938	3	1	43-44	review	general mathematical logic	review-of-record entry reached			metadata only; full text not reached
Ernest Nagel	La pensée calholique et la logique moderne. Compte rendu de la session spéciale tenue le 26. IX. 1936 pendant le III-e Congrès Polonais de Philosophie. Wydawnictwa Wydziału Teologicznego U. J., series 1, no. 2. Kraków1937, 41 pp.	1938	3	1	44-45	review	philosophy, language, and inductive logic	review-of-record entry reached			metadata only; full text not reached
Bolesław Sobociński	Antoni Korcik. Teorja konwersji zdań asertorycznych u Arystoletesa w świetle teorji dedukcji (Théorie de la conversion des propositions assertoriques chez Aristote à la lumière de la théorie de la déduction). Wydawnictwo studjów teologicznych. Wilno1937, 36 pages.	1938	3	1	45-45	review	propositional, many-valued, and modal logic	review-of-record entry reached			metadata only; full text not reached
H. Mehlberg	Marja Kokoszyńska. Logiczna skladnia jȩzyka, semantyka i logika wiedzy (La syntaxe logique du langage, la sémantique et la logique de la science). Przeglqd filozoficzny, t. 39 (1936), p. 38–49.	1938	3	1	45-45	review	philosophy, language, and inductive logic	review-of-record entry reached			metadata only; full text not reached
Alonzo Church	I. M. Bocheński. De consequentiis scholasticorum earumque origine. Angelicum (Rome), vol. 15 (1938), pp. 1–18.	1938	3	1	45-46	review	unclassified from title metadata	review-of-record entry reached			metadata only; full text not reached
Alonzo Church	Julius Weinberg. A possible solution of the heterological paradox. The philosophical review, vol. 46 (1937), pp. 657–659.	1938	3	1	46-46	review	philosophy, language, and inductive logic	review-of-record entry reached			metadata only; full text not reached
Alonzo Church	László Kalmár. Zur Reducktion des Entsckeidungsproblems. Norsk matematisk tidsskrift, vol. 19 (1937), pp. 121–130.	1938	3	1	46-46	review	unclassified from title metadata	review-of-record entry reached			metadata only; full text not reached
Alonzo Church	Th. Skolem. Forklaring til foranstdende avhandling av L. Kalmár (Explanation to the foregoing paper of L. Kalmár). Norsk matematisk tidsskrift, vol. 19 (1937), pp. 130–133.	1938	3	1	46-46	review	unclassified from title metadata	review-of-record entry reached			metadata only; full text not reached
Garrett Birkhoff	Andrzej Mostowski. Abzählbare Boolesche Körper und ihre Anwendung auf die allgemeine Metamathematik. Fundamenta mathematicae, vol. 29 (1937), pp. 34–53.	1938	3	1	47-47	review	proof theory and formal systems	review-of-record entry reached			metadata only; full text not reached
Garrett Birkhoff	A. Tarski. Ideale in den Mengenkörpern. Annales de la Société Polonaise de Mathématique, vol. 15 (for 1936, pub. 1937), pp. 186–189.	1938	3	1	47-47	review	unclassified from title metadata	review-of-record entry reached			metadata only; full text not reached
Garrett Birkhoff	M. H. Stone. Algebraic characterizations of special Boolean rings. Fundamenta mathemalicae, vol. 29 (1937), pp. 223–303.	1938	3	1	47-47	review	unclassified from title metadata	review-of-record entry reached			metadata only; full text not reached
W. V. Quine	J. C. C. McKinsey. A condition that a first Boolean function vanish wherever a second does not. Bulletin of the American Mathematical Society, vol. 43 (1937), pp. 694–696.	1938	3	1	47-48	review	unclassified from title metadata	review-of-record entry reached			metadata only; full text not reached
W. V. Quine	Casimir Kuratowski. Les types d'ordre définissables et les ensembles boreliens. Fundamenta mathematicae, vol. 29 (1937), pp. 97–100.	1938	3	1	48-48	review	unclassified from title metadata	review-of-record entry reached			metadata only; full text not reached
W. V. Quine	Karl Menger. The new logic. Translated by H. B. Gottlieb and J. K. Senior. Philosophy of science, vol. 4 (1937), pp. 299–336.	1938	3	1	48-48	review	philosophy, language, and inductive logic	review-of-record entry reached			metadata only; full text not reached
Ernest Nagel	Max Black. Vagueness. Philosophy of science. vol. 4 (1937), pp. 427–455.	1938	3	1	48-49	review	philosophy, language, and inductive logic	review-of-record entry reached			metadata only; full text not reached
Charles A. Baylis	Edward O. Sisson. Symbolic logic and “embedding language.”Philosophy of science, vol. 4 (1937), pp. 471–481.	1938	3	1	49-49	review	philosophy, language, and inductive logic	review-of-record entry reached			metadata only; full text not reached
Susanne K. Langer	Edward V. Huntington. The method of postulates. Philosophy of science, vol. 4 (1937), pp. 482–495.	1938	3	1	49-49	review	proof theory and formal systems	review-of-record entry reached			metadata only; full text not reached
W. V. Quine	Paul Bernays. A system of axiomatic set theory—Part I. The journal of symbolic logic, vol. 2 (1937), pp. 65–77. See Errata , The journal of symbolic logic , vol. 2 (1937), p. iv.	1938	3	1	49-49	review	set theory and foundations	review-of-record entry reached			metadata only; full text not reached
Ernest Nagel	B. A. Bernstein. Remark on Nicod's reduction of Principia mathematica. The journal of symbolic logic, vol. 2 (1937), pp. 165–166.	1938	3	1	50-50	review	proof theory and formal systems	review-of-record entry reached			metadata only; full text not reached
R. Carnap	Barkley Rosser. Gödel theorems for non-constructive logics. The journal of symbolic logic, vol. 2 (1937), pp. 129–137. See Errata The journal of symbolic logic , vol. 2 (1937), p. iv.	1938	3	1	50-50	review	philosophy, language, and inductive logic	review-of-record entry reached			metadata only; full text not reached
Susanne K. Langer	Frederic B. Fitch. Modal functions in two-valued logic. The journal of symbolic logic, vol. 2 (1937), pp. 125–128.	1938	3	1	50-50	review	propositional, many-valued, and modal logic	review-of-record entry reached			metadata only; full text not reached
C. H. Langford	A. P. Ushenko. A new “Epimenides.”Mind, n.s. vol. 46 (1937), pp. 549–550.	1938	3	1	51-51	review	unclassified from title metadata	review-of-record entry reached			metadata only; full text not reached
Saunders MacLane	Alfred Tarski. O logice matematycznej i metodzie dedukcyjnej (On mathematical logic and the deductive method). Bibljoteczka matematyczna 3–5. Ksiażnica-Atlas, Lwów and Warsaw1936, 167 pp. - Alfred Tarski. Einführung in die mathematische Logik und in die Methodologie der Mathematik. German translation of the preceding. Julius Springer, Vienna1937, x+ 166 pp.	1938	3	1	51-52	review	proof theory and formal systems	review-of-record entry reached			metadata only; full text not reached
Charles A. Baylis	Donald L. Webb. The algebra of n-valued logic. Comptes rendus des séances de la Société des Sciences el des Lettres de Varsovie, Classe III, vol. 29 (1936–1937), pp. 153–168.	1938	3	1	52-52	review	propositional, many-valued, and modal logic	review-of-record entry reached			metadata only; full text not reached
Albert A. Bennett	Z. Kobrzyński. La théorie des determinants logiques. Comptes rendus des séances de la Société des Sciences el des Lettres de Varsovie, Classe III, vol. 30 (1938), pp. 75–82.	1938	3	1	52-52	review	philosophy, language, and inductive logic	review-of-record entry reached			metadata only; full text not reached
Rózsa Péter	W. V. Quine. On derivabiliiy. The journal of symbolic logic, Bd. 2 (1937), S. 113–119.	1938	3	1	53-53	review	philosophy, language, and inductive logic	review-of-record entry reached			metadata only; full text not reached
Carl G. Hempel	W. V. Quine. Logic based on inclusion and abstraction. The journal of symbolic logic, Bd. 2 (1937), pp. 145–152.	1938	3	1	53-54	review	philosophy, language, and inductive logic	review-of-record entry reached			metadata only; full text not reached
Everett J. Nelson	Emil J. Walter. Logistik, logische Syntax und Mathematik. Vierteljahrsschrift der Naturforschenden Gesellschaft in Zürich, vol. 82 (1937), pp. 1–20.	1938	3	1	54-54	review	unclassified from title metadata	review-of-record entry reached			metadata only; full text not reached
Everett J. Nelson	Pius Servien. Le progrès de la métaphysique selon Leibniz et le langage des sciences. Revue philosophique de la France et de l'Étranger, vol. 124 (1937), pp. 140–154.	1938	3	1	54-55	review	philosophy, language, and inductive logic	review-of-record entry reached			metadata only; full text not reached
Alonzo Church	Eugen Gh. Mihailescu. Recherches sur l'équivalence et la réciprocité dans le calcul des propositions. Annales scientifiques de l'Université de Jassy, première partie, vol. 24 (1938), pp. 116–153.	1938	3	1	55-55	review	propositional, many-valued, and modal logic	review-of-record entry reached			metadata only; full text not reached
C. H. Langford	Heinrich Scholz. Die Sonderstellung der Logik-Kalküle im Bereich der elementaren logistischen Kalkillforsckung. Travaux du IX e Congrès International de Philosophie, VI Logique et mathématiques, Actualités scientifiques et industrielles 535, Hermann et C ie , Paris1937, pp. 40–42.	1938	3	1	55-56	review	philosophy, language, and inductive logic	review-of-record entry reached			metadata only; full text not reached
C. H. Langford	Alfred Tarski. Sur la méthode déductive. Travaux du IX e Congrès International de Philosophie, VI Logique et mathématiques, Actualités scientifiques et industrielles 535, Hermann et C ie , Paris1937, pp. 95–103.	1938	3	1	56-56	review	philosophy, language, and inductive logic	review-of-record entry reached			metadata only; full text not reached
C. H. Langford	Arnaud Denjoy. La part de l'empirisme dans la logique mathématique. Travaux du IX e Congrès International de Philosophie, VI Logique et mathématiques, Actualités scientifiques et industrielles 535, Hermann et C ie , Paris1937, pp. 111–120.	1938	3	1	56-56	review	philosophy, language, and inductive logic	review-of-record entry reached			metadata only; full text not reached
C. H. Langford	Felix Kaufmann. Über den Begriff des Formalen in Logik und Mathematik. Travaux du IX e Congrès International de Philosophie, VI Logique et mathématiques, Actualités scientifiques et industrielles 535, Hermann et C ie , Paris1937, pp. 128–135.	1938	3	1	56-56	review	proof theory and formal systems	review-of-record entry reached			metadata only; full text not reached
C. H. Langford	J. Cavaillès. Réflexions sur le fondement des mathématiques. Travaux du IX e Congrès International de Philosophie, VI Logique et mathématiques, Actualités scientifiques et industrielles 535, Hermann et C ie , Paris1937, pp. 136–139.	1938	3	1	56-56	review	philosophy, language, and inductive logic	review-of-record entry reached			metadata only; full text not reached
W. V. Quine	N. A. Nikam. Quality and relation. The philosophical quarterly, vol. 12 (1936), pp. 105–118. - N. A. Nikam. On the nature of relations. The philosophical quarterly, vol. 13 (1937), pp. 35–45.	1938	3	1	56-56	review	philosophy, language, and inductive logic	review-of-record entry reached			metadata only; full text not reached
	Related Citations	1938	3	1	57-58	citation-linkage matter	editorial/association apparatus				metadata only; full text not reached
	Third Meeting of the Association for Symbolic Logic	1938	3	1	59-60	meeting report	editorial/association apparatus				metadata only; full text not reached
	JSL volume 3 issue 1 Cover and Back matter	1938	3	1	b1-b2	cover/front/back matter	editorial/association apparatus				metadata only; full text not reached
	JSL volume 3 issue 2 Cover and Front matter	1938	3	2	f1-f5	cover/front/back matter	editorial/association apparatus				metadata only; full text not reached
	Errata	1938	3	2	iv-iv	errata	editorial/association apparatus				metadata only; full text not reached
Józef Pepis	Ein Verfahren der mathematischen Logik	1938	3	2	61-76	primary technical publication	general mathematical logic	in-block contemporaneous review entry immediately identified	technical-depth potentially sufficient		metadata only; full text not reached
C. West Churchman	On finite and infinite modal systems	1938	3	2	77-82	primary technical publication	propositional, many-valued, and modal logic	in-block contemporaneous review entry immediately identified			metadata only; full text not reached
Charles A. Baylis	Susanne K. Langer. An introduction to symbolic logic. Houghton Mifflin Company, Boston and New York1937; George Allen and Unwin Ltd., London 1937; 363 pp.	1938	3	2	83-83	review	philosophy, language, and inductive logic	review-of-record entry reached			metadata only; full text not reached
W. V. Quine	D. Hilbert and W. Ackermann. Grundzüge der theoretischen Logik. Die Grundlehren der mathematischen Wissenschaften in Einzeldarstellungen, vol. 27. 2nd. edn., Julius Springer, Berlin1938, viii + 133 pp.	1938	3	2	83-84	review	general mathematical logic	review-of-record entry reached			metadata only; full text not reached
William Frankena	Bruno Baron von Freytag gen. Löringhoff. Die ontologischen Grundlagen der Mathematik, Eine Untersuchung über die “mathematische Existenz.” Max Niemeyer, Halle a. S. 1937, 49 pp.	1938	3	2	84-85	review	unclassified from title metadata	review-of-record entry reached			metadata only; full text not reached
Paul Bernays	Wilhelm Ackermann. Mengentheoretische Begründung der Logik. Mathematische Annalen, vol. 115 (1937–1938), pp. 1–22.	1938	3	2	85-85	review	general mathematical logic	review-of-record entry reached			metadata only; full text not reached
Barkley Rosser	Felix Bernstein. The continuumproblem. Proceedings of the National Academy of Sciences, vol. 24 (1938), pp. 101–104.	1938	3	2	86-86	review	set theory and foundations	review-of-record entry reached		mechanically obvious target-line exclusion from title/metadata	metadata only; full text not reached
Barkley Rosser	Kurt Grelling. Gibt es eine Gödelsche Antinomie?Theoria, vol. 3 (1937), pp. 297–306. See also Zusäize und Berichtigungen, Theoria , vol. 4 (1938), pp. 68–69.	1938	3	2	86-86	review	unclassified from title metadata	review-of-record entry reached			metadata only; full text not reached
C. H. Langford	Caspar Nink. Der Satz vom ausgeschlossenen Dritten. Ein philosophischer Beitrag zur Grundlagenkrise der Mathematik. Scholastik, vol. 12 no. 4 (1937), pp. 552–558.	1938	3	2	87-87	review	philosophy, language, and inductive logic	review-of-record entry reached			metadata only; full text not reached
C. H. Langford	Celia Fremlin. Must we always think in propositions?Analysis, vol. 5 (1937–1938), pp. 17–27.	1938	3	2	87-87	review	propositional, many-valued, and modal logic	review-of-record entry reached			metadata only; full text not reached
C. H. Langford	Ugo Cassina. Parallelo fra la logica teoretica di Hilbert e quella di Peano. Periodico di mathematiche, ser. 4 vol. 17 (1937), pp. 129–138.	1938	3	2	87-87	review	general mathematical logic	review-of-record entry reached			metadata only; full text not reached
Alonzo Church	Evert Beth. Wiskunde, logica en natuurphilosophie op het Congrès-Descartes (Mathematics, logic, and philosophy of science at the Congrès-Descartes). Algemeen Nederlands tijdschrift voor wijsbegeerte en psychologie, vol. 31 (1937–1938), pp. 130–142.	1938	3	2	87-88	review	philosophy, language, and inductive logic	review-of-record entry reached			metadata only; full text not reached
Alonzo Church	Ch. Perelman. L'équivalence, la définition et la solution du paradoxe de Russell. L'Enseignement mathématique, vol. 36 (1937–1938), pp. 350–356.	1938	3	2	88-88	review	unclassified from title metadata	review-of-record entry reached			metadata only; full text not reached
Barkley Rosser	W. V. Quine. On Cantor's theorem. The journal of symbolic logic, vol. 2 (1937), pp. 120–124.	1938	3	2	88-88	review	philosophy, language, and inductive logic	review-of-record entry reached			metadata only; full text not reached
Charles A. Baylis	M. Black. The relevance of mathematical philosophy to the teaching of mathematics. The mathematical gazette, vol. 22 (1938), pp. 149–163.	1938	3	2	88-89	review	philosophy, language, and inductive logic	review-of-record entry reached			metadata only; full text not reached
Rózsa Péter	A. M. Turing. Computability and λ-definability. The journal of symbolic logic, Bd. 2 (1937), S. 153–163.	1938	3	2	89-89	review	computability, recursion, and decidability	review-of-record entry reached			metadata only; full text not reached
Alonzo Church	L. Locher. Die Finsler'schen Arbeiten zur Grundlegung der Mathematik. Commentarii mathematici Helvetici, vol. 10 (1937–1938), pp. 206–207.	1938	3	2	89-90	review	unclassified from title metadata	review-of-record entry reached			metadata only; full text not reached
Ernest Nagel	Albert Hofstadter. On semantic problems. The journal of philosophy, vol. 35 (1938), pp. 225–232.	1938	3	2	90-90	review	model theory and semantics	review-of-record entry reached			metadata only; full text not reached
Alonzo Church	Edmund C. Berkeley. Boolean algebra (the technique for manipulating “and,” “or,” “not,” and conditions) and applications to insurance. The record of the American Institute of Actuaries, vol. 26 part II no. 54 (1937), pp. 373–414.	1938	3	2	90-90	review	algebraic logic	review-of-record entry reached			metadata only; full text not reached
Makoto Itô	Tomoharu Hirano. Die kontradiklorische Logik. Tôkyô Buturigakkô-zassi, vol. 45 (1936), pp. 261–264.	1938	3	2	90-90	review	general mathematical logic	review-of-record entry reached			metadata only; full text not reached
Saunders MacLane	M. H. Stone. Topological representations of distributive lattices and Brouwerian logics. Časopis pro pěsiování matematiky a fysiky, vol. 67 (1937–1938), pp. 1–25.	1938	3	2	90-91	review	algebraic logic	review-of-record entry reached			metadata only; full text not reached
Barkley Rosser	Jirô Hirano. Zum Zerlegungssatz im erweiterten einstelligen Prädikatenkalkül. Proceedings of the Physico-mathematical Society of Japan, 3 s. vol. 19 (1937), pp. 395–412.	1938	3	2	91-91	review	unclassified from title metadata	review-of-record entry reached			metadata only; full text not reached
Paul Bernays	Carl G. Hempel. A purely topological form of non-Aristotelian logic. The journal of symbolic logic, vol. 2 (1937), pp. 97–112.	1938	3	2	91-92	review	philosophy, language, and inductive logic	review-of-record entry reached			metadata only; full text not reached
C. H. Langford	A. J. Ayer, C. H. Whiteley, M. Black. Truth by convention: a symposium. Analysis, vol. 4 (1936–1937), pp. 17–22, 22 28, 28–32.	1938	3	2	92-93	review	model theory and semantics	review-of-record entry reached			metadata only; full text not reached
J. C. C. McKinsey	Archie Blake. Canonical expressions in Boolean algebra. Dissertation Chicago 1937. Lithographed. The University of Chicago Libraries, Chicago1938, ii + 60 pp.	1938	3	2	93-93	review	algebraic logic	review-of-record entry reached			metadata only; full text not reached
C. H. Langford	Leon Chwistek. La sémantique rationnelle et ses applications. Travaux du IX e Congrès International de Philosophie, VI Logique et mathématiques, Actualités scientifiques et industrielles 535, Hermann et C ie , Paris1937, pp. 77–81.	1938	3	2	93-94	review	philosophy, language, and inductive logic	review-of-record entry reached			metadata only; full text not reached
Paul Bernays	A. Fraenkel. Discontinu et continu. Travaux du IX e Congrès International de Philosophie, VI Logique et mathématiques, Actualités scientifiques et industrielles 535, Hermann et C ie , Paris1937, pp. 193–200.	1938	3	2	94-94	review	philosophy, language, and inductive logic	review-of-record entry reached			metadata only; full text not reached
Barkley Rosser	Gerhard Gentzen. Unendlichkeitsbegriff und Widerspruchsfreiheit der Mathematik. Travaux du IX e Congrès International de Philosophie, VI Logique et mathématiques, Actualités scientifiques et industrielles 535, Hermann et C ie , Paris1937, pp. 201–205.	1938	3	2	94-94	review	proof theory and formal systems	review-of-record entry reached			metadata only; full text not reached
W. V. Quine	Paul Bernays. Thesen und Bemerkungen tu den philosophischen Fragen und zur Situation der logisch-mathematischen Grundlagenforschung. Travaux du IX e Congrès International de Philosophie, VI Logique et mathématiques, Actualités scientifiques et industrielles 535, Hermann et C ie , Paris1937, pp. 104–110.	1938	3	2	94-94	review	philosophy, language, and inductive logic	review-of-record entry reached			metadata only; full text not reached
	Related Citations	1938	3	2	94-96	citation-linkage matter	editorial/association apparatus				metadata only; full text not reached
	Notice of a meeting of the Association	1938	3	2	96-96	meeting/bibliographical notice	editorial/association apparatus				metadata only; full text not reached
	JSL volume 3 issue 2 Cover and Back matter	1938	3	2	b1-b2	cover/front/back matter	editorial/association apparatus				metadata only; full text not reached
K. Reach	The name relation and the logical antinomies	1938	3	3	97-111	primary technical publication	model theory and semantics	in-block contemporaneous review entry immediately identified	technical-depth potentially sufficient		metadata only; full text not reached
Archie Blake	Corrections to Canonical expressions in Boolean algebra	1938	3	3	112-113	correction	algebraic logic				metadata only; full text not reached
Carl G. Hempel	Hans Reichenbach. Let fondements logiques du calcul des probabilités. Annulet de l'Institut Henri Poincaré, vol. 7 (1937), pp. 267–348.	1938	3	3	114-115	review	philosophy, language, and inductive logic	review-of-record entry reached			metadata only; full text not reached
Alfred Tarski	Andrzej Mostowski. O niezalezności definicji skończoności w systemie logiki (On the independence of the definitions of finiteness in a system of logic). Dodatek do Rocznika Polskiego Towarzystwa Matematycinego (supplement to the Annales de la Société Polonaise de Mathématique ), vol. 11 (1938), pp. 1–54.	1938	3	3	115-116	review	general mathematical logic	review-of-record entry reached			metadata only; full text not reached
C. H. Langford	Alfred Errera. Sur les démonstrations de non-contradiction. Travaux du IX e Congrès International de Philosophic, VI Logique et mathématiques, Actualités scientifiques et industrielles 535, Hermann et C ie , Paris1937, pp. 121–127.	1938	3	3	116-116	review	philosophy, language, and inductive logic	review-of-record entry reached			metadata only; full text not reached
Everett J. Nelson	Jacques Picard. Les normes formelles du raisonnement déductif. Revue de métaphysique et de morale, vol. 45 (1938), pp. 213–254.	1938	3	3	116-117	review	unclassified from title metadata	review-of-record entry reached			metadata only; full text not reached
Everett J. Nelson	Orrin FrinkJr., New algebras of logic. The American mathematical monthly, vol. 45 (1938,), pp. 210–219.	1938	3	3	117-118	review	general mathematical logic	review-of-record entry reached			metadata only; full text not reached
Alonzo Church	Gr. C. Moisil. Sur le syllogisme hypothétique dans la lopique intuitioniste.Journal de mathématiques pures et appliquées, ser. 9 vol. 17 (1938), pp. 197–202.	1938	3	3	118-118	review	unclassified from title metadata	review-of-record entry reached			metadata only; full text not reached
Andrzej Mostowski	Jerzy Kuczyński. O twierdzeniu Gödla (Über den Satz von Gödel). Polnisch mit französischer Zusammenfassung. Kwartalnik filozoficzny, Bd. 14 (1938), S. 74–80.	1938	3	3	118-118	review	unclassified from title metadata	review-of-record entry reached			metadata only; full text not reached
Rózsa Péter	W. V. Quine. Completeness of the propositional calculus. The journal of symbolic logic, Bd. 3 (1938), S. 37–40.	1938	3	3	118-119	review	propositional, many-valued, and modal logic	review-of-record entry reached			metadata only; full text not reached
Barkley Rosser	Hans Hermes. Eine Axiomatisierung der allgemeinen Mechanik. Forechungen zur Logik und zur Grundlegung der exakten Wissenschaften, new series, vol. 3. S. Hirzel, Leipzig1938, 48 pp.	1938	3	3	119-120	review	proof theory and formal systems	review-of-record entry reached			metadata only; full text not reached
S. K. Langer	I. M. Bocheński. Notes historiques sur les propositions modales. Revue des science philosophiques et théologiques (Paris), vol. 26 (1937), pp. 673–692.	1938	3	3	120-120	review	propositional, many-valued, and modal logic	review-of-record entry reached			metadata only; full text not reached
Charles A. Baylis	R. Feys. Les logiques nouvelles des modalités. Revue néoscolastique de philotophie, vol. 40 (1937), pp. 517–553, and vol. 41 (1938), pp. 217–252.	1938	3	3	120-120	review	propositional, many-valued, and modal logic	review-of-record entry reached			metadata only; full text not reached
W. V. Quine	L. Chwistek and W. Hetper. New foundation of formal metamathematics. The journal of symbolic logic, vol. 3 (1938), pp. 1–36.	1938	3	3	120-121	review	proof theory and formal systems	review-of-record entry reached			metadata only; full text not reached
W. V. Quine	Jirô Hirano. Einige Bermerkungen zum v. Neumannschen Axiomensystem der Mengenlehre. Proceedings of the Physico-mathematical Society of Japan, 3 s. vol. 19 (1937), pp. 1027–1045.	1938	3	3	121-122	review	set theory and foundations	review-of-record entry reached			metadata only; full text not reached
	Related Citations	1938	3	3	122-124	citation-linkage matter	editorial/association apparatus				metadata only; full text not reached
	JSL volume 3 issue 4 Cover and Front matter	1938	3	4	f1-f5	cover/front/back matter	editorial/association apparatus				metadata only; full text not reached
	Errata	1938	3	4	iv-iv	errata	editorial/association apparatus				metadata only; full text not reached
W. V. Quine	On the theory of types	1938	3	4	125-139	primary technical publication	proof theory and formal systems	in-block contemporaneous review entry immediately identified			metadata only; full text not reached
Frederic B. Fitch	The consistency of the ramified Principia	1938	3	4	140-149	primary technical publication	proof theory and formal systems	in-block contemporaneous review entry immediately identified	technical-depth potentially sufficient		metadata only; full text not reached
S. C. Kleene	On notation for ordinal numbers	1938	3	4	150-155	primary technical publication	set theory and foundations	in-block contemporaneous review entry immediately identified			metadata only; full text not reached
Susanne K. Langer	Bertband Russell. The principles of mathematics. 2nd edn., George Allen & Unwin, London1937; W. W. Norton & Company, New York 1938; xxxix + 534 pp.	1938	3	4	156-157	review	unclassified from title metadata	review-of-record entry reached			metadata only; full text not reached
C. H. Langford	Bertrand Russell. On the importance of logical form. Encyclopedia and unified science, International encyclopedia of unified science, vol. 1, no. 1, The University of Chicago Press, Chicago1938, pp. 39–41. - Rudolf Carnap. Logical foundation* of the unity of science. Encyclopedia and unified science, International encyclopedia of unified science, vol. 1, no. 1, The University of Chicago Press, Chicago1938, pp. 42–62.	1938	3	4	157-158	review	philosophy, language, and inductive logic	review-of-record entry reached			metadata only; full text not reached
C. H. Langford	Charles W. Morris. Foundations of the theory of signs. International encyclopedia of unified science, vol. 1, no. 2. The University of Chicago Press, Chicago1938, vii + 59 pp.	1938	3	4	158-158	review	philosophy, language, and inductive logic	review-of-record entry reached			metadata only; full text not reached
C. H. Langford	A. M. MacIver. Some questions about “know” and “think.”Analysis, vol. 5 (1937–1938), pp. 43–50.	1938	3	4	158-159	review	unclassified from title metadata	review-of-record entry reached			metadata only; full text not reached
Everett J. Nelson	Heinrich Scholz. Die mathematische Logik und die Metaphysik. Philosophisches Jahrbuch der Görres-Gesellschaft, vol. 51 (1938), pp. 257–291.	1938	3	4	159-160	review	philosophy, language, and inductive logic	review-of-record entry reached			metadata only; full text not reached
Paul Bernays	Józef Pepis. Untersuchungen über das Entscheidungsproblem der mathematischen Logik. Fundamenta mathematicae, vol. 30 (1938), pp. 257–348.	1938	3	4	160-161	review	computability, recursion, and decidability	review-of-record entry reached			metadata only; full text not reached
Paul Bernays	Józef Pepis. Ein Verfahren der mathematischen Logik. The journal of symbolic logic, vol. 3 (1938), pp. 61–76.	1938	3	4	161-162	review	philosophy, language, and inductive logic	review-of-record entry reached			metadata only; full text not reached
Albert A. Bennett	Emanuele Abita. Compatibilità degli assiomi della logica. Esercitazioni matematiche, ser. 2 vol. 10 (1937), pp. 86–108.	1938	3	4	162-162	review	general mathematical logic	review-of-record entry reached			metadata only; full text not reached
Charles A. Baylis	Gr. C. Moisil. Sur le mode problématique. Comptes rendus des séances de l'Académie des Sciences de Roumanie, vol. 2 (1937–1938), pp. 101–103.	1938	3	4	162-162	review	philosophy, language, and inductive logic	review-of-record entry reached			metadata only; full text not reached
Charles A. Baylis	Karl Dürr. Aussagenlogik im Mittelalter. Erkenntnis, vol. 7 no. 3 (1938), pp. 160–168.	1938	3	4	162-162	review	general mathematical logic	review-of-record entry reached			metadata only; full text not reached
Haskell B. Curry	Paul Bernays. Logical calculus. Notes on lectures at the Institute for Advanced Study 1935–36, prepared with the assistance of F. A. Ficken. Mimeographed. Institute for Advanced Study, Princeton, N. J., 1936, 125 pp.	1938	3	4	162-163	review	proof theory and formal systems	review-of-record entry reached			metadata only; full text not reached
Ernest Nagel	Witold Wilkosz. Remarque sur la notion de la définition conditionnelle de Peano. Annales de la Société Polonaise de Mathématique, vol. 16 (for 1937, pub. 1938), pp. 176–178.	1938	3	4	163-163	review	unclassified from title metadata	review-of-record entry reached			metadata only; full text not reached
Ernest Nagel	C. West Churchman. On finite and infinite modal systems. The journal of symbolic logic, vol. 3 (1938), pp. 77–82.	1938	3	4	163-164	review	propositional, many-valued, and modal logic	review-of-record entry reached			metadata only; full text not reached
Paul Henle	Carl G. Hempel. Ein System verallgemeinerter Negationen. Travaux du IX e Congrès International de Philosophie, VI Logique et mathématiques, Actualités scientifiques et industrielles 535, Hermann et C ie , Paris1937, pp. 26–32.	1938	3	4	164-164	review	propositional, many-valued, and modal logic	review-of-record entry reached			metadata only; full text not reached
Paul Henle	F. Gonseth. Qu'est-ce que la logique? Actualités scientifiques et industrielles 524, Hermann & C ie , Paris1937, 89 pp.	1938	3	4	164-164	review	general mathematical logic	review-of-record entry reached			metadata only; full text not reached
J. C. C. McKinsey	William D. Duthie. Boolean functions of bounded variation. Duke mathematical journal, vol. 4 (1938), pp. 600–606.	1938	3	4	164-165	review	unclassified from title metadata	review-of-record entry reached			metadata only; full text not reached
Alonzo Church	Johann Jakob Burckhardt. Zur Neubegründung der Mengenlehre. Jahresbericht der Deutschen Mathematiker-Vereinigung, vol. 48 (1938), pp. 146–165.	1938	3	4	165-166	review	set theory and foundations	review-of-record entry reached			metadata only; full text not reached
Rózsa Péter	Gerhard Gentzen. Die gegenwärtige Lage in der mathematitchen Grundlagenforschung. Forschungen zur Logik und zur Grundlegung der exakten Wissenschaften, neue Folge, Heft 4, S. Hirzel, Leipzig1938, S. 1–18; auch: Deutsche Mathematik , Bd. 3 (1938), S. 255–268.	1938	3	4	166-167	review	general mathematical logic	review-of-record entry reached			metadata only; full text not reached
A. Fraenkel	Jean Cavaillés. Remarques sur la formation de la théorie abstraite des ensembles. Étude historique et critique. Hermann & C ie , Paris1938, 156 S.	1938	3	4	167-168	review	unclassified from title metadata	review-of-record entry reached			metadata only; full text not reached
Andrzej Mostowski	Alonzo Church. The constructive second number class. Bulletin of the American Mathematical Society, Bd. 44 (1938), S. 224–232.	1938	3	4	168-169	review	unclassified from title metadata	review-of-record entry reached			metadata only; full text not reached
Barkley Rosser	Mordchaj Wajsberg. Untersuchungen über den Aussagenkalkül von A. Heyting. Wiadomości matematyczne, vol. 46 (1938), pp. 45–101.	1938	3	4	169-169	review	unclassified from title metadata	review-of-record entry reached			metadata only; full text not reached
Ernest Nagel	Rose Rand. Kotarbińskis Philosophie auf Grund seines Hauptwerkes: “Elements der Erkenntnistheorie, der Logik und der Methodologie der Wissenschaften.”Erkenntnis, vol. 7 no. 2 (1938), pp. 92–120.	1938	3	4	169-169	review	philosophy, language, and inductive logic	review-of-record entry reached			metadata only; full text not reached
Ernest Nagel	Gr. C. Moisil. La statistique et la logique du concept. Revista de filosofie (Bucharest), no. 3, 1937.	1938	3	4	169-170	review	general mathematical logic	review-of-record entry reached			metadata only; full text not reached
C. H. Langford	Henry Bradford Smith. A first book in logic. 2nd. edn., F. S. Crofts and Co., New York1938, x + 373 pp. [Cf. 259 10, 13, 17, 24.]	1938	3	4	170-170	review	general mathematical logic	review-of-record entry reached			metadata only; full text not reached
	Related Citations	1938	3	4	170-171	citation-linkage matter	editorial/association apparatus				metadata only; full text not reached
	The Fifth International Congress for the Unity of Science	1938	3	4	171-171	bibliographical notice / unattributed review	philosophy, language, and inductive logic	review-of-record entry reached			metadata only; full text not reached
	Institutional contributing subscribers to the Journal of Symbolic Logic	1938	3	4	172-172	association record	editorial/association apparatus				metadata only; full text not reached
	List of officers and members of the Association for Symbolic Logic	1938	3	4	173-177	association record	editorial/association apparatus				metadata only; full text not reached
Alonzo Church	Additions and corrections to A bibliography of symbolic logic	1938	3	4	178-192	bibliography supplement	editorial/association apparatus				metadata only; full text not reached
	Index of subjects	1938	3	4	193-204	bibliographical notice / unattributed review	unclassified from title metadata	review-of-record entry reached			metadata only; full text not reached
	Index of reviews	1938	3	4	204-206	review index	editorial/association apparatus				metadata only; full text not reached
	Index of authors	1938	3	4	206-212	bibliographical notice / unattributed review	unclassified from title metadata	review-of-record entry reached			metadata only; full text not reached
	JSL volume 3 issue 4 Cover and Back matter	1938	3	4	b1-b2	cover/front/back matter	editorial/association apparatus				metadata only; full text not reached
	JSL volume 4 issue 1 Cover and Front matter	1939	4	1	f1-f4	cover/front/back matter	editorial/association apparatus				metadata only; full text not reached
	Errata	1939	4	1	iv-iv	errata	editorial/association apparatus				metadata only; full text not reached
László Kalmár	On the reduction of the decision problem. First paper. Ackermann prefix, a single binary predicate	1939	4	1	1-9	primary technical publication	computability, recursion, and decidability	in-block contemporaneous review entry immediately identified	technical-depth potentially sufficient		metadata only; full text not reached
K. V. Huntington	Note on a recent set of postulates for the calculus of propositions	1939	4	1	10-14	primary technical publication	propositional, many-valued, and modal logic	in-block contemporaneous review entry immediately identified			metadata only; full text not reached
Barkley Rosser	On the consistency of Quine's New foundations for mathematical logic	1939	4	1	15-24	primary technical publication	proof theory and formal systems	in-block contemporaneous review entry immediately identified			metadata only; full text not reached
Evert Beth	Olaf Helmer. Languages with expressions of infinite length. Erkenntnis, vol. 7 no. 3 (1938), pp. 138–141.	1939	4	1	25-25	review	philosophy, language, and inductive logic	review-of-record entry reached			metadata only; full text not reached
Evert Beth	Martin Strauss. Mathematics as logical syntax—a method to formalize the language of a physical theory. Erkenntnis, vol. 7 no. 3 (1938), pp. 147–153.	1939	4	1	25-26	review	proof theory and formal systems	review-of-record entry reached			metadata only; full text not reached
Evert Beth	C. G. Hempel. On the logical form of probability-statement. Erkenntnis, vol. 7 no. 3 (1938), pp. 154–160.	1939	4	1	26-26	review	philosophy, language, and inductive logic	review-of-record entry reached			metadata only; full text not reached
Saunders Mac Lane	Alfred Tarski. Der Aussagenkalkül und die Topolagie. Fundamenta mathematicae, vol. 31 (1938), pp. 103–134.	1939	4	1	26-27	review	unclassified from title metadata	review-of-record entry reached			metadata only; full text not reached
Charles A. Baylis	Tang Tsao-Chen. Algebraic postulates and a geometric interpretation for the Lewis calculus of strict implication. Bulletin of the American Mathematical Society, vol. 44 (1938), pp. 737–744.	1939	4	1	27-27	review	propositional, many-valued, and modal logic	review-of-record entry reached			metadata only; full text not reached
J. C. C. McKinsey	R. Vaidyanathaswamy. Quasi-boolean algebras and many-valued logics. Proceedings of the Indian Academy of Sciences, vol. 8, no. 3, sec. A, 1938, pp. 165–170.	1939	4	1	27-28	review	propositional, many-valued, and modal logic	review-of-record entry reached			metadata only; full text not reached
DeWitt H. Parker	Annibale Pastore. La logica del potenziamento. With an appendix by Pietro Mosso. Collezione di studi filosofici, Serie teoretica, n. 5. Rondinella Alfredo, Naples1936, 318 pp. [Cf. 1612, 305 1 .]	1939	4	1	28-28	review	general mathematical logic	review-of-record entry reached			metadata only; full text not reached
C. H. Langford	Gr. C. Moisil. Les etapes de la connaissance mathématique. Revista de filosofie (Bucharest), no. 4, 11–Dec. 1937.	1939	4	1	28-28	review	unclassified from title metadata	review-of-record entry reached			metadata only; full text not reached
Ernest Nagel	Harold Jeffreys. The nature of mathematics. Philosophy of science, vol. 5 (1938), pp. 434–451.	1939	4	1	29-29	review	philosophy, language, and inductive logic	review-of-record entry reached			metadata only; full text not reached
Alonzo Church	Rudolf Carnap. Notes for symbolic logic. Mimeographed, unbound. The University of Chicago Bookstore, Chicago1937, 37 pp.	1939	4	1	29-30	review	philosophy, language, and inductive logic	review-of-record entry reached			metadata only; full text not reached
A. A. Fraenkel	Andrzej Mostowski. Über den Begriff einer endlichen Menge. Comptes rendus des séances de la Société des Sciences et des Lettres de Varsovie, Classe III, Bd. 31 (1938), S. 13–20.	1939	4	1	30-30	review	philosophy, language, and inductive logic	review-of-record entry reached			metadata only; full text not reached
A. A. Fraenkel	Adolf Lindenbaum und Andrzej Mostowski. Über die Unabhängigkeit des Auswahlaxioms und einiger seiner Folgerungen. Comptes rendus des séances de la Société des Sciences et des Lettres de Varsovie, Classe III, Bd. 31 (1938), S. 27–32.	1939	4	1	30-31	review	proof theory and formal systems	review-of-record entry reached			metadata only; full text not reached
Rózsa Péter	Gerhard Gentzen. Neue Fassung des Widerspruchsfreiheitsbeweises für die reine Zahlentheorie. Forschungen zur Logik und zur Grundlegung der exakten Wissenschaften, neue Folge, Heft 4, S. 19–44. S. Hirzel, Leipzig1938.	1939	4	1	31-32	review	proof theory and formal systems	review-of-record entry reached			metadata only; full text not reached
Evert Beth	Jean Cavaillès. Méthode axiomatique et formalisme. I. Le problème du fondement des mathématiques. II. Axiomatique et système formel. III. La non-contradiction de l'arithmétique. Actualités scientifiques et industrielles 608-610. Hermann & C ie , Paris1938.	1939	4	1	32-33	review	proof theory and formal systems	review-of-record entry reached			metadata only; full text not reached
Juljan Perkal	Wladyslaw Hetper. Rola schematów niezależnych w budowie systemu semantyki (Le rôle des schémas indépendants dans le système de la sémantique élémentaire). Archiwum Towarzystwa Nauhowego we Lwowie, t. 9 fasc. 5 (1938), p. 253–264.	1939	4	1	33-34	review	unclassified from title metadata	review-of-record entry reached			metadata only; full text not reached
Juljan Perkal	Wladyslaw Hetper. Relacje ancestralne w systemie semantyki (Relations ancestrales dans le système de la sémantique). Archiwum Towarzystwa Nauhowego we Lwowie, t. 9 fasc. 6 (1938), p. 265–281.	1939	4	1	34-34	review	unclassified from title metadata	review-of-record entry reached			metadata only; full text not reached
Barkley Rosser	W. V. Quine. On the theory of types. The journal of symbolic logic, vol. 3 (1938), pp. 125–139.	1939	4	1	34-34	review	proof theory and formal systems	review-of-record entry reached			metadata only; full text not reached
Saunders Mac Lane	Garrett Birkhoff. Lattices and their applications. Bulletin of the American Mathematical Society, vol. 44 (1938), pp. 793–800.	1939	4	1	34-35	review	algebraic logic	review-of-record entry reached			metadata only; full text not reached
Saunders Mac Lane	M. H. Stone. The representation of Boolean algebras. Bulletin of the American Mathematical Society, vol. 44 (1938), pp. 807–816.	1939	4	1	35-35	review	algebraic logic	review-of-record entry reached			metadata only; full text not reached
Ernest Nagel	Friedrich Waismann. Ist die Logik eine deduktive Theorie?Erkenntnis, vol. 7 no. 4 (1938), pp. 274–281.	1939	4	1	35-36	review	general mathematical logic	review-of-record entry reached			metadata only; full text not reached
Susanne K. Langer	Innocenzo M. Bocheński. Nove lezioni di logica simbolica. Angelicum, Rome1938, 184 pp.	1939	4	1	36-36	review	general mathematical logic	review-of-record entry reached			metadata only; full text not reached
Charles A. Baylis	Jörgen Jörgensen. Imperatives and logic. Erkenntnis, vol. 7 no. 4 (1938), pp. 288–296.	1939	4	1	36-36	review	general mathematical logic	review-of-record entry reached			metadata only; full text not reached
Charles A. Baylis	R. B. Braithwaite. Two ways of definition by verification. Erkenntnis, vol. 7 no. 4 (1938), pp. 281–287.	1939	4	1	36-36	review	unclassified from title metadata	review-of-record entry reached			metadata only; full text not reached
	Related Citations	1939	4	1	37-38	citation-linkage matter	editorial/association apparatus				metadata only; full text not reached
Charles A. Baylis	Fourth meeting of the Association for Symbolic Logic	1939	4	1	39-40	meeting report	editorial/association apparatus				metadata only; full text not reached
	Elections	1939	4	1	40-40	bibliographical notice / unattributed review	unclassified from title metadata	review-of-record entry reached			metadata only; full text not reached
	Errata	1939	4	1		errata	editorial/association apparatus				metadata only; full text not reached
	JSL volume 4 issue 1 Cover and Back matter	1939	4	1	b1-b1	cover/front/back matter	editorial/association apparatus				metadata only; full text not reached
	JSL volume 4 issue 2 Cover and Front matter	1939	4	2	f1-f4	cover/front/back matter	editorial/association apparatus				metadata only; full text not reached
	Errata	1939	4	2	iv-iv	errata	editorial/association apparatus				metadata only; full text not reached
C. J. Ducasse	Symbols, signs, and signals	1939	4	2	41-52	primary technical publication	philosophy, language, and inductive logic	in-block contemporaneous review entry immediately identified			metadata only; full text not reached
Barkley Rosser	An informal exposition of proofs of Gödel's theorems and Church's theorem	1939	4	2	53-60	primary technical publication	computability, recursion, and decidability	in-block contemporaneous review entry immediately identified	technical-depth potentially sufficient		metadata only; full text not reached
L. Chwistek	A formal proof of Gödel's theorem	1939	4	2	61-68	primary technical publication	proof theory and formal systems	in-block contemporaneous review entry immediately identified			metadata only; full text not reached
Abraham Robinsohn	On the independence of the axioms of definiteness (Axiome der Bestimmtheit)	1939	4	2	69-72	primary technical publication	proof theory and formal systems	in-block contemporaneous review entry immediately identified			metadata only; full text not reached
P. G. J. Vredenduin	A system of strict implication	1939	4	2	73-76	primary technical publication	propositional, many-valued, and modal logic	in-block contemporaneous review entry immediately identified			metadata only; full text not reached
C. H. Langford	A theorem on deducibility for second-order functions	1939	4	2	77-79	primary technical publication	unclassified from title metadata	in-block contemporaneous review entry immediately identified			metadata only; full text not reached
Barkley Bosser	Definition by induction in quine's new foundations for mathematical logic	1939	4	2	80-81	primary technical publication	philosophy, language, and inductive logic	in-block contemporaneous review entry immediately identified			metadata only; full text not reached
S. C. Kleene	Rudolf Carnap. The logical syntax of language. Harcourt, Brace and Co., New York1937; Kegan Paul, Trench, Trubner and Co., London 1937; xvi + 352 pp. (English edition of 352 12 , with material from 352 14 and 352 15 . Translation by Amethe Smeaton.)	1939	4	2	82-87	review	philosophy, language, and inductive logic	review-of-record entry reached			metadata only; full text not reached
W. V. Quine	Hans Hermes. Semiotik. Eine Theorie der Zeichengestalten als Grundlage für Untersuchungen von formalisierten Sprachen. Forschungen zur Logik und zur Grundlegung der exakten Wissenschaften, new series, no. 5. S. Hirzel, Leipzig1938, 22 pp.	1939	4	2	87-88	review	proof theory and formal systems	review-of-record entry reached			metadata only; full text not reached
Saunders MacLane	M. H. Stone. Applications of the theory of Boolean rings to general topology. Transactions of the American Mathematical Society, vol. 41 (1937). pp. 375–481.	1939	4	2	88-89	review	unclassified from title metadata	review-of-record entry reached			metadata only; full text not reached
Saunders MacLane	Katudi Ono. Logische Untersuchungen über die Grundlagen der Mathematik. Journal of the Faculty of Science, Imperial University of Tokyo, section I, vol. 3 part 7 (1938), pp. 329–389.	1939	4	2	89-90	review	philosophy, language, and inductive logic	review-of-record entry reached			metadata only; full text not reached
Everett J. Nelson	E. V. Huntington. Note on a recent set of postulates for the calculus of propositions. The journal of symbolic logic, vol. 4 (1939), pp. 10–14.	1939	4	2	90-90	review	propositional, many-valued, and modal logic	review-of-record entry reached			metadata only; full text not reached
Everett J. Nelson	Francesco Orestano. A propos de mes “Nouvelles vues logiques.” Revue de métaphysique et de morale, vol. 46 (1939), pp. 41–55.	1939	4	2	90-91	review	general mathematical logic	review-of-record entry reached			metadata only; full text not reached
Robert Feys	E. Hüffer. Logistiek (La logistique). Vraagstukken uit de logica. Verslag van de vijfde algemeene vergadering der Vereeniging voor Thomistische Wijsbegeerte (supplément de Studia Calholica ), Dekker & van de Vegt, Nijmegen1938, p. 63–85. Discussion, p. 85–89.	1939	4	2	91-91	review	general mathematical logic	review-of-record entry reached			metadata only; full text not reached
Robert Feys	M. Barzin. Cours de logique. Polycopié. Desoer, Liége1937, deux tomes, 63 + 117 pages.	1939	4	2	91-91	review	general mathematical logic	review-of-record entry reached			metadata only; full text not reached
M. Wajsberg	Eugen Gh. Mihailescu. Recherches sur les formes normales par rapport à l'équivalence et la disjonction, dans le calcul des propositions. Annales scientifiques de l'Université de Jassy, première partie, t. 25 (1939), p. 73–152.	1939	4	2	91-92	review	propositional, many-valued, and modal logic	review-of-record entry reached			metadata only; full text not reached
H. L. Kaplański	Kazimierz Makarczyk. Technika rachunku logicznego (La technique du calcul logique). Varsovie1938, 35 pages.	1939	4	2	92-92	review	general mathematical logic	review-of-record entry reached			metadata only; full text not reached
Andrzej Mostowski	Józef Pepis. O zagadnieniu rozstrzygalności w zakresie wȩzszego rachunku funkcyjnego (Über das Entscheidungsproblem des engeren logischen Funktionenkalküls). Polnisch mit deutscher Zusammenfassung. Archiwum Towarzystwa Naukowego we Lwowie, Dział III, Bd. 7 H. 8 (1937), S. 1–172.	1939	4	2	93-93	review	computability, recursion, and decidability	review-of-record entry reached			metadata only; full text not reached
Rózsa Péter	S. C. Kleene. On notation for ordinal numbers. The journal of symbolic logic, Bd. 3 (1938), S. 150–155.	1939	4	2	93-94	review	set theory and foundations	review-of-record entry reached			metadata only; full text not reached
Everett J. Nelson	Albert A. Bennett and Charles A. Baylis. Formal logic: a modern introduction. Prentice-Hall, Inc., New York1939, xvii + 407 pp.	1939	4	2	94-96	review	proof theory and formal systems	review-of-record entry reached			metadata only; full text not reached
Jørgen Jørgensen	Harald Nordenson. Kritische Bemerkungen zu den Grundlagen der Logistik. Adolf Phalén in memonam, Philosophical essays, Uppsala and Stockholm1937, pp. 486–545.	1939	4	2	96-97	review	philosophy, language, and inductive logic	review-of-record entry reached			metadata only; full text not reached
Paul Bernays	Frederic B. Fitch. The consistency of the ramified Principia. The journal of symbolic logic, vol. 3 (1938), pp. 140–149.	1939	4	2	97-98	review	proof theory and formal systems	review-of-record entry reached			metadata only; full text not reached
C. H. Langford	Arnold Schmidt. Über deduktive Theorien mit mehreren Sorten von Grunddingen. Mathematische Annalen, vol. 115 no. 4 (1938), pp. 485–506.	1939	4	2	98-98	review	unclassified from title metadata	review-of-record entry reached			metadata only; full text not reached
Alonzo Church	D. A. Bočvar. Ob odnom tréhznačnom isčislénii i égo priménénii k analizu paradoksov klassičéskogo rasširénnogo funkcional'nogo isčisléniá (On a three-valued logical calculus and its application to the analysis of contradictions). Matématičéskij sbornik (Recveil mathématique), n. s. vol. 4 (1939), pp. 287–308.	1939	4	2	98-99	review	proof theory and formal systems	review-of-record entry reached			metadata only; full text not reached
S. C. Kleene	Arnold Reymond. La négation et le principe du tiers exclu. Actes du Congrès International de Philosophie Scientifigue, VI Philosophie des mathématiques, Actualités scientifiques et industrielles 393, Hermann & C ie , Paris1936, pp. 62–68.	1939	4	2	99-100	review	philosophy, language, and inductive logic	review-of-record entry reached			metadata only; full text not reached
Ernest Nagel	Carl G. Hempel. Vagueness and logic. Philosophy of science, vol. 6 (1939), pp. 163–180.	1939	4	2	100-100	review	philosophy, language, and inductive logic	review-of-record entry reached			metadata only; full text not reached
Saunders MacLane	Paul Dienes. Logic of algebra. Actualités scientifiques et industrielles 614, Hermann et C ie , Paris1938, 76 pp.	1939	4	2	100-100	review	general mathematical logic	review-of-record entry reached			metadata only; full text not reached
Ernest Nagel	Irving M. Copilowish. Border-line cases, vagueness, and ambiguity. Philosophy of science, vol. 6 (1939), pp. 181–195.	1939	4	2	101-101	review	philosophy, language, and inductive logic	review-of-record entry reached			metadata only; full text not reached
Carl G. Hempel	V. J. McGill. Concerning the laws of contradiction and excluded middle. Philosophy of science, vol. 6 (1939), pp. 196–211.	1939	4	2	101-101	review	philosophy, language, and inductive logic	review-of-record entry reached			metadata only; full text not reached
Carl G. Hempel	Justus Buchler. Peirce's theory of logic. The journal of philosophy, vol. 36 (1939), pp. 197–215.	1939	4	2	102-102	review	philosophy, language, and inductive logic	review-of-record entry reached			metadata only; full text not reached
Albert A. Bennett	M. Cipolla. Nulla e zero. Esercitazioni matematiche, ser. 2 vol. 10 (1937), pp. 1–10.	1939	4	2	102-102	review	unclassified from title metadata	review-of-record entry reached			metadata only; full text not reached
W. V. Quine	Paul Lévy. Let paradoxes de la théorie des ensembles infinis. Recherches philosophiques, vol. 6 (1936–1937), pp. 204–219.	1939	4	2	102-102	review	philosophy, language, and inductive logic	review-of-record entry reached			metadata only; full text not reached
Susanne K. Langer	Robert Feys. Fondements et méthodes des mathématiques. Notes sur la réunion d'études de Zurich. Revue néoscolastique de philosophie, vol. 42 (1939), pp. 78–88.	1939	4	2	102-102	review	philosophy, language, and inductive logic	review-of-record entry reached			metadata only; full text not reached
Charles A. Baylis	Claude E. Shannon. A symbolic analysis of relay and switching circuits. Transactions of the American Institute of Electrical Engineers, vol. 57 (1938), pp. 713–723.	1939	4	2	103-103	review	philosophy, language, and inductive logic	review-of-record entry reached			metadata only; full text not reached
Ernest Nagel	Oskar Morgenstern. Logistik und Sozialwissenschaften. Zeitschrift für Nationalökonomie (Vienna), vol. 7 (1936), pp. 1–24.	1939	4	2	103-103	review	unclassified from title metadata	review-of-record entry reached			metadata only; full text not reached
W. D. Duthie	S. Pankajam. On finite Boolean algebra. The mathematics student (Madras), vol. 6 (1938) pp. 105–119.	1939	4	2	103-103	review	algebraic logic	review-of-record entry reached			metadata only; full text not reached
	Related Citations	1939	4	2	103-104	citation-linkage matter	editorial/association apparatus				metadata only; full text not reached
	JSL volume 4 issue 2 Cover and Back matter	1939	4	2	b1-b2	cover/front/back matter	editorial/association apparatus				metadata only; full text not reached
	JSL volume 4 issue 3 Cover and Front matter	1939	4	3	f1-f4	cover/front/back matter	editorial/association apparatus				metadata only; full text not reached
	Errata	1939	4	3	iv-iv	errata	editorial/association apparatus				metadata only; full text not reached
Alfred Tarski	On undecidable statements in enlarged systems of logic and the concept of truth	1939	4	3	105-112	primary technical publication	model theory and semantics	in-block contemporaneous review entry immediately identified			metadata only; full text not reached
Andrzej Mostowski	Bemerkungen zum Begriff der inhaltlichen Widerspruchsfreiheit	1939	4	3	113-114	primary technical publication	proof theory and formal systems				metadata only; full text not reached
Frederic B. Fitch	Note on modal functions	1939	4	3	115-116	primary technical publication	propositional, many-valued, and modal logic	in-block contemporaneous review entry immediately identified			metadata only; full text not reached
M. Kokoszyńska	Rudolf Carnap. Foundations of logic and mathematics. International encyclopedia of unified science, vol. 1, no. 3. The University of Chicago Press, Chicago1939, viii + 71 pp.	1939	4	3	117-118	review	philosophy, language, and inductive logic	review-of-record entry reached			metadata only; full text not reached
C. J. Ducasse	Leonard Bloomfield. Linguistic aspects of science. International encyclopedia of unified science, vol. 1, no. 4. The University of Chicago Press, Chicago1939, viii + 59 pp.	1939	4	3	118-119	review	philosophy, language, and inductive logic	review-of-record entry reached			metadata only; full text not reached
C. H. Langford	Ernest Nagel. Principles of the theory of probability. International encyclopedia of unified science, vol. 1, no. 6. The University of Chicago Press, Chicago1939, vii + 80 pp.	1939	4	3	119-120	review	philosophy, language, and inductive logic	review-of-record entry reached			metadata only; full text not reached
Carl G. Hempel	H. P. Evans and S. C. Kleene. A postulational basis for probability. The American mathematical monthly, vol. 46 (1939), pp. 141–148.	1939	4	3	120-121	review	philosophy, language, and inductive logic	review-of-record entry reached			metadata only; full text not reached
Józefa Mehlberg	Jan Herzberg. Sur la notion de collectif. Annates de la Société Polonaise de Mathématique, t. 17 (1939), p. 231–244.	1939	4	3	121-121	review	unclassified from title metadata	review-of-record entry reached			metadata only; full text not reached
C. H. Langford	James Wilkinson Miller. The structure of Aristotelian logic. Kegan Paul, Trench, Trubner & Co., London1938, 97 pp.	1939	4	3	121-122	review	general mathematical logic	review-of-record entry reached			metadata only; full text not reached
C. H. Langford	R. L. Goodstein. Mathematical systems. Mind, n.s. vol. 48 (1939), pp. 58–73.	1939	4	3	122-123	review	unclassified from title metadata	review-of-record entry reached			metadata only; full text not reached
C. H. Langford	Lucius Garvin. Do we ever think in propositions?Analysis, vol. 6 no. 2 (1939), pp. 25–32.	1939	4	3	123-124	review	propositional, many-valued, and modal logic	review-of-record entry reached			metadata only; full text not reached
Saunders MacLane; S. Pankajam	On Symmetric Functions of m Symmetric Functions in a Boolean Algebra.	1939	4	3	124	review	algebraic logic	review-of-record entry reached			metadata only; full text not reached
J. C. C. McKinsey	P. G. J. Vredenduin. A system of strict implication. The journal of symbolic logic, vol. 4 (1939), pp. 73–76.	1939	4	3	124-124	review	propositional, many-valued, and modal logic	review-of-record entry reached			metadata only; full text not reached
Saunders Mac Lane	S. Pankajam. On symmetric functions of m symmetric functions in a Boolean algebra. Proceedings of the Indian Academy of Sciences, section A, vol. 9 (1939), pp. 95–102.	1939	4	3	124-124	review	algebraic logic	review-of-record entry reached			metadata only; full text not reached
Henry Wallman	Andrzej Mostowski and Alfred Tarski. Boolesche Ringe mit geordneter Basis. Fundamenta mathematicae, vol. 32 (1939), pp. 69–86.	1939	4	3	124-125	review	unclassified from title metadata	review-of-record entry reached			metadata only; full text not reached
Alonzo Church	Evert Beth. De paradoxen (The paradoxes). Algemeen Nederlands tijdschrift voor wijsbegeerte en psychologie, vol. 32 (1938–1939), pp. 193–208.	1939	4	3	125-125	review	unclassified from title metadata	review-of-record entry reached			metadata only; full text not reached
Albert A. Bennett	Evert Beth. Getalbegrip en tijdsaanschouwing (Number concept and time intuition). Euclides, vol. 15 (1939), pp. 190–215.	1939	4	3	125-125	review	unclassified from title metadata	review-of-record entry reached			metadata only; full text not reached
Albert A. Bennett	H. Scholz. Natürliche Sprachen und Kunstsprachen. Semesler-Berichte (Münster i.W.), 11. Semester, Winter 1937–1938, pp. 48–85.	1939	4	3	125-125	review	unclassified from title metadata	review-of-record entry reached			metadata only; full text not reached
Albert A. Bennett	H. Scholz. Was ist eine formalisierte Theorie?Semesler-Berichte (Münster i.W.), 13. Semester, Winter 1938–1939, pp. 13–53.	1939	4	3	125-125	review	proof theory and formal systems	review-of-record entry reached			metadata only; full text not reached
W. V. Quine	Jean-Louis Destouches. Sur l'unité de la physique théorique. Bulletin scientifique de l'École Polytéchnique de Timişoara, vol. 8 (1938–1939), pp. 49–71.	1939	4	3	125-125	review	unclassified from title metadata	review-of-record entry reached			metadata only; full text not reached
Alonzo Church	Saunders Mac Lane. Symbolic logic. The American mathematical monthly, vol. 46 (1939), pp. 289–296.	1939	4	3	125-126	review	philosophy, language, and inductive logic	review-of-record entry reached			metadata only; full text not reached
DeWitt H. Parker	Alessandro Padoa. Come si deduce. Periodico di matematiche, ser. 4 vol. 18 (1938), pp. 228–236.	1939	4	3	126-126	review	unclassified from title metadata	review-of-record entry reached			metadata only; full text not reached
Saunders Mac Lane	John C. Cooley. Outline of symbolic logic. Harvard Cooperative Society, Cambridge, Mass., 1938.	1939	4	3	126-126	review	philosophy, language, and inductive logic	review-of-record entry reached			metadata only; full text not reached
Alonzo Church	M. H. A. Newman. The calculus of sets. Elements of the topology of plane sets of points, by M. H. A. Newman, Cambridge University Press1939, pp. 3–12.	1939	4	3	126-126	review	proof theory and formal systems	review-of-record entry reached			metadata only; full text not reached
Alonzo Church	R. Vaidyanathaswami. Inaugural address. The mathematics student, vol. 6 (1938), pp. 33–42.	1939	4	3	126-126	review	unclassified from title metadata	review-of-record entry reached			metadata only; full text not reached
Everett J. Nelson	W. V. Quine. Relations and reason. Technology review, vol. 41 (1939), pp. 299–301, 324–327.	1939	4	3	126-126	review	unclassified from title metadata	review-of-record entry reached			metadata only; full text not reached
H. P. Robertson	Karl Schnell. Eine Topologie der Zeit in logistischer Darstellung. Dissertation Münster i.W. 1937. Lithographed. Max Kramer, Münster i.W. 1938, 99 + iv pp.	1939	4	3	126-127	review	unclassified from title metadata	review-of-record entry reached			metadata only; full text not reached
Th. Skolem	László Kalmár. On the reduction of the decision problem. First paper. Ackermann prefix, a single binary predicate. The journal of symbolic logic, Bd. 4 (1939), S. 1–9.	1939	4	3	127-128	review	computability, recursion, and decidability	review-of-record entry reached			metadata only; full text not reached
Rózsa Péter	H. B. Curry. A note on the reduction of Gentzen's calculus LJ. Bulletin of the American Mathematical Society, Bd. 45 (1939), S. 288–293.	1939	4	3	128-128	review	proof theory and formal systems	review-of-record entry reached			metadata only; full text not reached
Andrzej Mostowski	A. M. Turing. Systems of logic based on ordinals. Proceedings of the London Mathematical Society, 2. Folge, Bd. 45, Heft 3 (1939), S. 161–228.	1939	4	3	128-129	review	set theory and foundations	review-of-record entry reached			metadata only; full text not reached
Albert A. Bennett	Andrzej Mostowski. Über die Unabhängigkeit des Wohlordnungssalzes vom Ordnungsprinzip. Fundamenta mathematicae, vol. 32 (1939), pp. 201–252.	1939	4	3	129-130	review	unclassified from title metadata	review-of-record entry reached			metadata only; full text not reached
S. C. Kleene	A. G. D. Watson. Mathematics and its foundations. Mind, n.s. vol. 47 (1938), pp. 440–451.	1939	4	3	130-131	review	unclassified from title metadata	review-of-record entry reached			metadata only; full text not reached
C. H. Langford	J. D. Mabbott. Two notes on syllogism. Mind, n.s. vol. 48 (1939), pp. 326–337.	1939	4	3	131-132	review	unclassified from title metadata	review-of-record entry reached			metadata only; full text not reached
C. H. Langford	F. Graf Hoensbroech. On Russell's paradox. Mind, n.s. vol. 48 (1939), pp. 355–358.	1939	4	3	132-132	review	unclassified from title metadata	review-of-record entry reached			metadata only; full text not reached
C. H. Langford	Karl Britton. Communication: a philosophical study of language. Kegan Paul, Trench, Trubner & Co., London1939; Harcourt, Brace & Co., New York 1939; 290 pp.	1939	4	3	132-133	review	philosophy, language, and inductive logic	review-of-record entry reached			metadata only; full text not reached
Saunders Mac Lane	Benedykt Bornstein. Geometrical logic. The structures of thought and space. Bibliotheca Universitatis Liberae Polonae, ser. B, no. 8 (31). Wolna Wszechnica Polska, Warsaw1939, 114 pp.	1939	4	3	133-134	review	general mathematical logic	review-of-record entry reached			metadata only; full text not reached
Paul Henle	Gr. C. Moisil. Sur un calcul des théorèmes. Comptes rendus des séances de l'Académie des Sciences de Roumanie, vol. 2 (1937–1938), pp. 221–227.	1939	4	3	134-134	review	philosophy, language, and inductive logic	review-of-record entry reached			metadata only; full text not reached
Saunders Mac Lane	H. M. MacNeille. Extension of a distributive lattice to a Boolean ring. Bulletin of the American Mathematical Society, vol. 45 (1939), pp. 452–455.	1939	4	3	134-134	review	algebraic logic	review-of-record entry reached			metadata only; full text not reached
Paul Henle	K. Reach. The name relation and the logical antinomies. The journal of symbolic logic, vol. 3 (1938), pp. 97–111.	1939	4	3	134-134	review	model theory and semantics	review-of-record entry reached			metadata only; full text not reached
K. Reach; Fridrich Zavarsky	Aristotelian and Theoretical Logic.	1939	4	3	135	review	general mathematical logic	review-of-record entry reached			metadata only; full text not reached
Paul Henle	Alfred Tarski. Einige Bemerkungen zur Axiomatik der Boole'schen Algebra. Comptes rendus des séances de la Société des Sciences et des Lettres de Varsovie, Classe III, vol. 31 (1938), pp. 33–35.	1939	4	3	135-135	review	proof theory and formal systems	review-of-record entry reached			metadata only; full text not reached
K. Reach	Fridrich Zavarský . Aristotelská a teoretická logika(Aristotelian and theoretical logic). Slovakian. Filosofická revue, vol. 9 (1937), pp. 60-65.	1939	4	3	135-135	review	general mathematical logic	review-of-record entry reached			metadata only; full text not reached
	Related Citations	1939	4	3	135-136	citation-linkage matter	editorial/association apparatus				metadata only; full text not reached
	JSL volume 4 issue 3 Cover and Back matter	1939	4	3	b1-b1	cover/front/back matter	editorial/association apparatus				metadata only; full text not reached
	JSL volume 4 issue 4 Cover and Front matter	1939	4	4	f1-f4	cover/front/back matter	editorial/association apparatus				metadata only; full text not reached
	Errata	1939	4	4	iv-iv	errata	editorial/association apparatus				metadata only; full text not reached
William Tuthill Parry	Modalities in the Survey system of strict implication	1939	4	4	137-154	primary technical publication	propositional, many-valued, and modal logic	in-block contemporaneous review entry immediately identified			metadata only; full text not reached
J. C. C. McKinsey	Proof of the independence of the primitive symbols of Heyting's calculus of propositions	1939	4	4	155-158	primary technical publication	propositional, many-valued, and modal logic	in-block contemporaneous review entry immediately identified			metadata only; full text not reached
Frederic B. Fitch	The hypothesis that infinite classes are similar	1939	4	4	159-162	primary technical publication	set theory and foundations	in-block contemporaneous review entry immediately identified			metadata only; full text not reached
Alonzo Church	Abraham Adolf Fraenkel. Diskrete und kontinuierliche Gebilde. Zeitschrift für freie deutsche Forschung (Paris), vol. 2 (1939), pp. 1–14.	1939	4	4	163-163	review	unclassified from title metadata	review-of-record entry reached			metadata only; full text not reached
Alonzo Church	J. Dieudonné. Let méthodes axiomatiques modernes et les fondements des mathématiques. Revue scientifique (Paris), vol. 77 (1939), pp. 224–232.	1939	4	4	163-163	review	proof theory and formal systems	review-of-record entry reached			metadata only; full text not reached
Evert Beth	A. Fraenkel et J. Bar-Hillel. Le problème des antinomies et ses développements récents. Traduit par A. Lautmann. Revue de métaphysique et de morale, t. 46 (1939), p. 225–242.	1939	4	4	163-164	review	unclassified from title metadata	review-of-record entry reached			metadata only; full text not reached
Evert Beth	C. H. van Os. De crisis der logica (The crisis of logic). Synthese (Laren-Gooi), vol. 3 (1938), pp. 314–336.	1939	4	4	164-164	review	general mathematical logic	review-of-record entry reached			metadata only; full text not reached
Henry S. Leonard	J. R. Kantor. The róle of language in logic and science. The journal of philosophy, vol. 35 (1938), pp. 449–463.	1939	4	4	164-165	review	philosophy, language, and inductive logic	review-of-record entry reached			metadata only; full text not reached
Andrzej Mostowski	Abraham Robinsohn. On the independence of the axioms of definiteness (Axiome der Bestimmtheit). The journal of symbolic logic, vol. 4 (1939), pp. 69–72.	1939	4	4	165-165	review	proof theory and formal systems	review-of-record entry reached			metadata only; full text not reached
Evert Beth	Berkley Rosser. An informal exposition of proofs of Gödel's theorems and Church's theorem. The journal of symbolic logic, vol. 4 (1939), pp. 53–60. See errata, Berkley Rosser. An informal exposition of proofs of Gödel's theorems and Church's theorem. The journal of symbolic logic , vol. 4 (1939), p. iv.	1939	4	4	165-165	review	computability, recursion, and decidability	review-of-record entry reached			metadata only; full text not reached
K. Reach	O. V. Zich. Výrokový počet s komplexními hodnotami (Sentential calculus with complex values). Česká mysl, vol. 34 (1938), pp. 189–196.	1939	4	4	165-166	review	proof theory and formal systems	review-of-record entry reached			metadata only; full text not reached
Uuno Saabnio	Eino Kaila. Vähäsen logistiikasta (Einiges über die Logistik). Ajatus, Filosofisen Yhdistyksen vuosikirja, Bd. 9 (1938), S. 17–29.	1939	4	4	166-166	review	unclassified from title metadata	review-of-record entry reached			metadata only; full text not reached
K. Reach	Jan Sýkora. Pojem potence v matematice (The concept of power in mathematics). Filosofická revue, vol. 10 (1938), pp. 19–23.	1939	4	4	166-166	review	unclassified from title metadata	review-of-record entry reached			metadata only; full text not reached
Ernest Nagel	Paulette Février. Sur la causalité. Revue générale des sciences pures et appliqées, vol. 50 (1939), pp. 321–326.	1939	4	4	166-167	review	philosophy, language, and inductive logic	review-of-record entry reached			metadata only; full text not reached
Ernest Nagel	Gr. C. Moisil. Recherches sur le syllogisme. Annales scientifiques de l'Université de Jassy, vol. 25 (1939), pp. 341–384.	1939	4	4	167-167	review	unclassified from title metadata	review-of-record entry reached			metadata only; full text not reached
Charles A. Baylis	Gr. C. Moisil. Sur la structure algébrique du calcul des propositions. Bulletin mathématique de la Société Roumaine des Sciences, vol. 40 (1938), pp. 229–234.	1939	4	4	167-167	review	propositional, many-valued, and modal logic	review-of-record entry reached			metadata only; full text not reached
Charles A. Baylis	Gr. C. Moisil. Sur la théorie classique de la modalité des jugements. Bulletin mathématique de la Société Roumaine des Sciences, vol. 40 (1938), pp. 235–240.	1939	4	4	167-168	review	propositional, many-valued, and modal logic	review-of-record entry reached			metadata only; full text not reached
Charles A. Baylis	Eugen G. Mihailescu. Sur le calcul des propositions. Bulletin mathématique de la Société Roumaine des Sciences, vol. 40 (1938), pp. 241–244.	1939	4	4	168-168	review	propositional, many-valued, and modal logic	review-of-record entry reached			metadata only; full text not reached
Charles A. Baylis	Hugo Bergmann. Maimons logischer Kalkül. Philosophia, vol. 3 (1938), pp. 252–265.	1939	4	4	168-168	review	philosophy, language, and inductive logic	review-of-record entry reached			metadata only; full text not reached
C. H. Langford	K. Reach. What is a language?Analysis, vol. 6 no. 4 (1939), pp. 49–62.	1939	4	4	168-168	review	philosophy, language, and inductive logic	review-of-record entry reached			metadata only; full text not reached
C. H. Langford	Rudolf Metz. Mathematical logic. A hundred years of British philosophy, by Rudolf Metz, New York and London1938, pp. 705–726. Translation of IV 136 (19).	1939	4	4	168-168	review	philosophy, language, and inductive logic	review-of-record entry reached			metadata only; full text not reached
Ernest Nagel	Janina Lindenbaum-Hosiasson. On confirmation. Ditto, 5 pp.	1939	4	4	169-169	review	philosophy, language, and inductive logic	review-of-record entry reached			metadata only; full text not reached
C. J. Ducasse	K. Reach. Some basic features of a universal language. Preprinted for the members of the Fifth International Congress for the Unity of Science, Cambridge, Mass., 1939, 7 pp. Distributed to members of the Congress but not read.	1939	4	4	169-169	review	philosophy, language, and inductive logic	review-of-record entry reached			metadata only; full text not reached
Ernest Nagel	Kurt Grelling. A logical theory of dependence. Ditto, 9 pp.	1939	4	4	169-169	review	general mathematical logic	review-of-record entry reached			metadata only; full text not reached
Ernest Nagel	Kurt Grelling and Paul Oppenheim. Logical analysis of “Gestalt” as “functional whole.”Ditto, 7 pp.	1939	4	4	169-170	review	general mathematical logic	review-of-record entry reached			metadata only; full text not reached
Alonzo Church	Barkley Rosser. The introduction of quantification into a three-valued logic. Ditto, 6 pp.	1939	4	4	170-170	review	general mathematical logic	review-of-record entry reached			metadata only; full text not reached
Alonzo Church	W. V. Quine. A logistical approach to the ontological problem. Preprinted for the members of the Fifth International Congress for the Unity of Science, Cambridge, Mass., 1939, as from The journal of unified science (Erkenntnis), vol. 9; 6 pp.	1939	4	4	170-170	review	philosophy, language, and inductive logic	review-of-record entry reached			metadata only; full text not reached
Anders Wedberg	J. Kraft. Logische oder metaphysische Interpretation der Logistik?, Ditto, 5 pp.	1939	4	4	170-171	review	model theory and semantics	review-of-record entry reached			metadata only; full text not reached
Ernest Nagel	A. C. Benjamin. Some realistic implications of operationalism. Ditto, 4 pp. - Donald C. Williams. Designation and empirical certainty. Ditto, 5 pp. - Ernest Nagel. Charles S. Peirce, pioneer of modern empiricism. Ditto, 3 pp. - Friedrich Waismann. Zu: Ist die Logik eine deduktive Wissenschaft?Erkenntnis, vol. 7 no. 5/6 (1939), pp. 374–375.	1939	4	4	171-171	review	propositional, many-valued, and modal logic	review-of-record entry reached			metadata only; full text not reached
Anders Wedberg	Felix Kaufmann. Truth and logic. Ditto, 6 pp.	1939	4	4	171-171	review	model theory and semantics	review-of-record entry reached			metadata only; full text not reached
Anders Wedberg	Rudolf Carnap. Science and analysis of language. Ditto, 6 pp.	1939	4	4	171-171	review	philosophy, language, and inductive logic	review-of-record entry reached			metadata only; full text not reached
	Related Citations	1939	4	4	172-175	citation-linkage matter	editorial/association apparatus				metadata only; full text not reached
Nelson Goodman	Fifth meeting of the Association for Symbolic Logic	1939	4	4	176-177	meeting report	editorial/association apparatus				metadata only; full text not reached
	Institutional contributing subscribers to the Journal of Symbolic Logic	1939	4	4	178-178	association record	editorial/association apparatus				metadata only; full text not reached
	List of officers and members of the Association for Symbolic Logic	1939	4	4	179-183	association record	editorial/association apparatus				metadata only; full text not reached
	Index of reviews	1939	4	4	184-194	review index	editorial/association apparatus				metadata only; full text not reached
	JSL volume 4 issue 4 Cover and Back matter	1939	4	4	b1-b1	cover/front/back matter	editorial/association apparatus				metadata only; full text not reached
	JSL volume 5 issue 1 Cover and Front matter	1940	5	1	f1-f4	cover/front/back matter	editorial/association apparatus				metadata only; full text not reached
	Errata	1940	5	1	iv-iv	errata	editorial/association apparatus				metadata only; full text not reached
Leopold Löwenheim	Einkleidung der Mathematik in Schröderschen Relativkalkul	1940	5	1	1-15	primary technical publication	unclassified from title metadata				metadata only; full text not reached
S. C. Kleene	D. Hilbert and P. Bernays. Grundlagen der Mathematik. Vol. 2, Julius Springer, Berlin1939, xii + 498 pp.	1940	5	1	16-20	review	unclassified from title metadata	review-of-record entry reached			metadata only; full text not reached
Paul Bernays	Albert Lautman. Essai sur les notions de structure et d'existence en mathématiques. Actualités scientifiques et industrielles 590–591. Hermann & C ie , Paris1938, 159 pp.	1940	5	1	20-22	review	unclassified from title metadata	review-of-record entry reached			metadata only; full text not reached
Paul Bernays	Albert Lautman. Essai sur l'unité des sciences mathématiques dans leur développement actuel. Actualités scientifiques et industrielles 589. Hermann & C ie , Paris1938, 59 pp.	1940	5	1	22-22	review	philosophy, language, and inductive logic	review-of-record entry reached			metadata only; full text not reached
Saunders MacLane	J.-L. Destouches. Essai sur la forme générale des théories physiques. Institutul de Arte Grafice “Ardealul,”Cluj, Roumania, 1938, 131 pp.	1940	5	1	23-23	review	unclassified from title metadata	review-of-record entry reached			metadata only; full text not reached
Ernest Nagel	Max Bense. Geist der Mathematik. Abschnitte aus der Philosophie der Arithmetik und Geometrie. R. Oldenbourg, Munich and Berlin1939, 173 pp.	1940	5	1	23-23	review	philosophy, language, and inductive logic	review-of-record entry reached			metadata only; full text not reached
Albert Wohlstetter	J. H. Woodger. The technique of theory construction. International encyclopedia of unified science, vol. 2, no. 5. The University of Chicago Press, Chicago1939, vii + 81 pp.	1940	5	1	23-24	review	philosophy, language, and inductive logic	review-of-record entry reached			metadata only; full text not reached
Albert Wohlstetter	Maria Kokoszyńska. Bemerkungen über die Einheitswissenschaft. Erkenntnis, vol. 7 no. 5/6 (1939), pp. 325–335. - Otto Neurath. Zu den Vorträgen von Black, Kokoszyńska, Williams. Erkenntnis, pp. 371–374. - Arne Ness. Zum Vortrag von Kokoazyńska über Einheitswissenschaft. Erkenntnis, pp. 382–384.	1940	5	1	24-25	review	unclassified from title metadata	review-of-record entry reached			metadata only; full text not reached
J. C. C. McKinsey; H. B. Curry	Remarks on the Definition and Nature of Mathematics.	1940	5	1	26	review	unclassified from title metadata	review-of-record entry reached			metadata only; full text not reached
J. C. C. McKinsey	H. B. Curry. Remarks on the definition and nature of mathematics. Ditto, 6 pp.	1940	5	1	26-26	review	unclassified from title metadata	review-of-record entry reached			metadata only; full text not reached
J. C. C. McKinsey	Louis Rougier. Les nouvelles logiques de la mécanique quantique el l'empirisme radical. Preprinted for the members of the Fifth International Congress for the Unity of Science, Cambridge, Mass., 1939, as from The Journal of Unified Science , vol. 9; 8 pp.	1940	5	1	26-26	review	philosophy, language, and inductive logic	review-of-record entry reached			metadata only; full text not reached
Albert Wohlstetter	Paul Hertz. Sprache und Logik. Erkenntnis, vol. 7 no. 5/6 (1939), pp. 309–324.	1940	5	1	26-26	review	general mathematical logic	review-of-record entry reached			metadata only; full text not reached
C. H. Langford	Bertrand Russell. On verification. Proceedings of the Aristotelian Society, vol. 38 (1937–1938), pp. 1–20.	1940	5	1	27-27	review	unclassified from title metadata	review-of-record entry reached			metadata only; full text not reached
Charles A. Baylis	Jørgen Jørgensen. Empiricism and Unity of Science. Ditto, 8 pp.	1940	5	1	27-27	review	philosophy, language, and inductive logic	review-of-record entry reached			metadata only; full text not reached
Carl G. Hempel	W. V. Quine. Designation and existence. The journal of philosophy, vol. 36 (1939), pp. 701–709.	1940	5	1	27-27	review	philosophy, language, and inductive logic	review-of-record entry reached			metadata only; full text not reached
C. H. Langford	R. B. Braithwaite, Bertrand Russell, Friedrich Waismann. The relevance of psychology to logic: a symposium. Aristotelian Society, supplementary volume XVII (1938), pp. 19–68.	1940	5	1	27-28	review	general mathematical logic	review-of-record entry reached			metadata only; full text not reached
A. Fraenkel	Johann Jakob Burckhardt. Zur Neubegründung der Mengenlehre. Folge. Jahretbericht der Deutschen Mathematiker-Vereinigung, vol. 49 (1939), pp. 146–155.	1940	5	1	28-28	review	set theory and foundations	review-of-record entry reached			metadata only; full text not reached
Helen Brodie	Leon Chwistek. A formal proof of Gödel's theorem. The journal of symbolic logic, vol. 4 (1939), pp. 61–68.	1940	5	1	28-30	review	proof theory and formal systems	review-of-record entry reached			metadata only; full text not reached
W. V. Quine	C. H. Langford. A theorem on deducibility for second-order functions. The journal of symbolic logic, vol. 4 (1939), pp. 77–79.	1940	5	1	30-30	review	philosophy, language, and inductive logic	review-of-record entry reached			metadata only; full text not reached
Barkley Rosser	Frederic B. Fitch. The hypothesis that infinite classes are similar. The journal of symbolic logic, vol. 4 (1939), pp. 159–162.	1940	5	1	30-30	review	set theory and foundations	review-of-record entry reached			metadata only; full text not reached
S. Tsuru; S. MacLane	Makoto Itô. Kakuritu-ron no kôri-taikei ni tuite (An axiom system for probability theory). Journal of the Mathematical Association of Japan for Secondary Education, vol. 20 (1938), pp. 1–9.	1940	5	1	30-31	review	proof theory and formal systems	review-of-record entry reached			metadata only; full text not reached
J. C. C. McKinsey	Frederic B. Fitch. Note on modal functions. The journal of symbolic logic, vol. 4 (1939), pp. 115–116.	1940	5	1	31-31	review	propositional, many-valued, and modal logic	review-of-record entry reached			metadata only; full text not reached
Alonzo Church	William Wernick. An enumeration of logical functions. Bulletin of the American Mathematical Society, vol. 45 (1939), pp. 885–887.	1940	5	1	31-31	review	general mathematical logic	review-of-record entry reached			metadata only; full text not reached
J. C. C. McKinsey	Mordchaj Wajsberg. Metalogiscke Beiträge II. Wiadomości matematyczne, vol. 47 (offprint 1939), pp. 119–139.	1940	5	1	31-32	review	proof theory and formal systems	review-of-record entry reached			metadata only; full text not reached
Paul Bernays	Barkley Rosser. On the consistency of Quine's New foundations for mathematical logic. The journal of symbolic logic, vol. 4 (1939), pp. 15–24.	1940	5	1	32-33	review	proof theory and formal systems	review-of-record entry reached			metadata only; full text not reached
Paul Bernays	Barkley Rosser. Definition by induction in Quine's New foundations for mathematical logic. The journal of symbolic logic, vol. 4 (1939), pp. 80–81.	1940	5	1	33-33	review	philosophy, language, and inductive logic	review-of-record entry reached			metadata only; full text not reached
Rózsa Péter	P. Lorenzen. Die Definition durch vollständige Induklion. Monatshefte für Mathematik und Physik, Bd. 47 (1938–1939), S. 356–358.	1940	5	1	33-34	review	unclassified from title metadata	review-of-record entry reached			metadata only; full text not reached
Rózsa Péter	Th. Skolem. Eine Bemerkung über die Induktionsschemata in der rekursiven Zahlentheorie. Monatshefte für Mathematik und Physik, Bd. 48 (1939), S. 268–276.	1940	5	1	34-35	review	unclassified from title metadata	review-of-record entry reached			metadata only; full text not reached
Saunders MacLane	Garrett Birkhoff and Morgan Ward. A characterization of Boolean algebras. Annals of mathematics, ser. 2 vol. 40 (1939), pp. 609–610.	1940	5	1	36-36	review	algebraic logic	review-of-record entry reached			metadata only; full text not reached
Saunders MacLane	O. Nikodym. On Boolean fields of subspaces in an arbitrary Hilbert space. I. Annales de la Société Polonaise de Mathématique, vol. 17 no. 2 (1939), pp. 138–165.	1940	5	1	36-36	review	unclassified from title metadata	review-of-record entry reached			metadata only; full text not reached
Saunders MacLane	Shinziro Mori. Prime ideals in Boolean rings. Journal of science of the Hirotima University, series A, vol. 9 (1939), pp. 67–71.	1940	5	1	36-36	review	philosophy, language, and inductive logic	review-of-record entry reached			metadata only; full text not reached
W. D. Duthie	Tôzirô Ogasawara. Relation between intuitionislic logic and lattice. Journal of science of the Hirosima University, series A, vol. 9 (1939), pp. 157–164.	1940	5	1	36-36	review	algebraic logic	review-of-record entry reached			metadata only; full text not reached
Alonzo Church	L. Gutiérrez Novoa. La ley de dualidad de los conjuntos de puntos. Boletín matemático, vol. 12 (1939), pp. 198–201.	1940	5	1	36-37	review	unclassified from title metadata	review-of-record entry reached			metadata only; full text not reached
Paul Henle	William Tuthill Parry. Modalities in the Survey system of strict implication. The journal of symbolic logic, vol. 4 (1939), pp. 137–154.	1940	5	1	37-37	review	propositional, many-valued, and modal logic	review-of-record entry reached			metadata only; full text not reached
Helen Brodie	Władysław Hetper. Rachunek zdań bez aksjomatów (Le calcul des propositions établi sans axiomes). Archiwum Towarzystwa Naukowego we Lwowie, Dzial III, vol. 10 no. 3 (1938), pp. 233–240.	1940	5	1	37-37	review	propositional, many-valued, and modal logic	review-of-record entry reached			metadata only; full text not reached
William Barrett	Angiolo Maros Dell'Oro. Per discutere sulla logica. Sophia, vol. 6 (1938), pp. 565–571.	1940	5	1	38-38	review	general mathematical logic	review-of-record entry reached			metadata only; full text not reached
Paul Henle	J. C. C. McKinsey. Proof of the independence of the primitive symbols of Heyting's calculus of propositions. The journal of symbolic logic, vol. 4 (1939), pp. 155–158.	1940	5	1	38-38	review	propositional, many-valued, and modal logic	review-of-record entry reached			metadata only; full text not reached
Paul Henle	K. R. Srinivasa Iyengar. The notion of dependence. The philosophical review, vol. 48 (1939), pp. 506–524.	1940	5	1	38-38	review	philosophy, language, and inductive logic	review-of-record entry reached			metadata only; full text not reached
Paul Henle	Robert Fets. Principes de logistique, premier volume. Mimeographed. Institut Supérieur de Philosophie, Louvain1939, 129 pp.	1940	5	1	38-38	review	philosophy, language, and inductive logic	review-of-record entry reached			metadata only; full text not reached
K. Reach	O. V. Zich. Definice “smyslu” vêty ve formalisovaných systémech (Definition of the “meaning” of a sentence in formalized systems), Česká mysl, vol. 32 (1936), pp. 38–52.	1940	5	1	38-39	review	proof theory and formal systems	review-of-record entry reached			metadata only; full text not reached
Frederic B. Fitch	K. Reach. Some comments on Grelling's paper “Zur Logik der Sollsaelze.” Unity of science forum, 04, 1939, p. 72.	1940	5	1	39-39	review	philosophy, language, and inductive logic	review-of-record entry reached			metadata only; full text not reached
Frederic B. Fitch	Kurt Grelling. Zur Logik der Sollsaelze. Unity of science forum, 01, 1939, pp. 44–47.	1940	5	1	39-39	review	philosophy, language, and inductive logic	review-of-record entry reached			metadata only; full text not reached
K. Reach	O. V. Zich. O bezespornosti logistických systému. (On the consistency of logistic systems). Česká mysl, vol. 32 (1936), pp. 216–222.	1940	5	1	39-39	review	proof theory and formal systems	review-of-record entry reached			metadata only; full text not reached
Frederic B. Fitch	Karl Mender. A logic of the doubtful. On optative and imperative logic. Reports of a mathematical colloquium (Notre Dame, Ind.), ser. 2 no. 1 (1939), pp. 53–64.	1940	5	1	40-40	review	general mathematical logic	review-of-record entry reached			metadata only; full text not reached
Frederic B. Fitch	K. Grue-Sörensen. Imperativsätze und Logik. Begegnung einer Kritik. Theoria, vol. 5 (1939), pp. 195–202.	1940	5	1	40-41	review	general mathematical logic	review-of-record entry reached			metadata only; full text not reached
Frederic B. Fitch; Rose Rand	Logik der Forderungssatze.	1940	5	1	41	review	general mathematical logic	review-of-record entry reached			metadata only; full text not reached
Frederic B. Fitch	Albert Hofstadter and J. C. C. McKinsey. On the logic of imperative. Philosophy of science, vol. 6 (1939), pp. 446–457.	1940	5	1	41-41	review	philosophy, language, and inductive logic	review-of-record entry reached			metadata only; full text not reached
Frederic B. Fitch	Kalle Sorainen. Der Modus und die Logik. Theoria, vol. 5 (1939), pp. 202–204.	1940	5	1	41-41	review	general mathematical logic	review-of-record entry reached			metadata only; full text not reached
Frederic B. Fitch	Rose Rand. Logik der Forderungssätze. Revue Internationale de la théorie du droit (Zurich), new series, vol. 1 (1939), pp. 308–322.	1940	5	1	41-42	review	general mathematical logic	review-of-record entry reached			metadata only; full text not reached
Ernest Nagel	J. C. C. McKinsey. A note on Reichenbach's axioms for probability implication. Bulletin of the American Mathematical Society, vol. 45 (1939), pp. 799–800.	1940	5	1	42-42	review	propositional, many-valued, and modal logic	review-of-record entry reached			metadata only; full text not reached
Ernest Nagel	Arthur H. Copeland. The rôle of observations in a formal theory of probability. Preprinted for the members of the Fifth International Congress for the Unity of Science, Cambridge, Mass., 1939, as from The journal of unified science, vol. 9; 5 pp.	1940	5	1	42-43	review	proof theory and formal systems	review-of-record entry reached			metadata only; full text not reached
Abraham Adolf Fraenkel	Josef Schächter. , (Brief introduction to logistic). With a preface by H. Bergmann. Victoria, Vienna1936/1937, 48 pp.	1940	5	1	43-43	review	unclassified from title metadata	review-of-record entry reached			metadata only; full text not reached
	Related Citations	1940	5	1	43-44	citation-linkage matter	editorial/association apparatus				metadata only; full text not reached
	The Association for Symbolic Logic	1940	5	1	44-44	bibliographical notice / unattributed review	philosophy, language, and inductive logic	review-of-record entry reached			metadata only; full text not reached
	Errata	1940	5	1		errata	editorial/association apparatus				metadata only; full text not reached
	JSL volume 5 issue 2 Cover and Front matter	1940	5	2	f1-f4	cover/front/back matter	editorial/association apparatus				metadata only; full text not reached
	Errata	1940	5	2	iv-iv	errata	editorial/association apparatus				metadata only; full text not reached
Henry S. Leonard; Nelson Goodman	The calculus of individuals and its uses	1940	5	2	45-55	primary technical publication	proof theory and formal systems	in-block contemporaneous review entry immediately identified			metadata only; full text not reached
Alonzo Church	A formulation of the simple theory of types	1940	5	2	56-68	primary technical publication	proof theory and formal systems	in-block contemporaneous review entry immediately identified	technical-depth potentially sufficient		metadata only; full text not reached
P. Lagerström	I. Žégalkin (I. Gégalkine). K problémé razréšimosti (Sur l'Entscheidungsproblem). Matématičéskij sbornik (Recueil mathématique), n. s. vol. 6 no. 2 (1939), pp. 185–198.	1940	5	2	69-69	review	computability, recursion, and decidability	review-of-record entry reached			metadata only; full text not reached
Alonzo Church	P. Novikoff. Sur quelques théorèmes d'existence. Comptes rendus (Doklady) de l'Académie des Sciences de l'URSS, n. s. vol. 23 (1939), pp. 438–440.	1940	5	2	69-70	review	philosophy, language, and inductive logic	review-of-record entry reached			metadata only; full text not reached
S. C. Kleene	László Kalmár. On the possibility of definition by recursion. Acta litterarum ac scientiarum Regiae Universitatis Hungaricae Francisco-Iosephinae, Sectio scientiarum mathematicarum, vol. 9 no. 4 (1940), pp. 227–232.	1940	5	2	70-70	review	computability, recursion, and decidability	review-of-record entry reached			metadata only; full text not reached
S. C. Kleene	Rózsa Péter. Contribution to recursive number theory. Acta litterarum ac scientiarum Regiae Universitatis Hungaricae Francisco-Iosephinae, Sectio scientiarum mathematicarum, vol. 9 no. 4 (1940), pp. 233–238.	1940	5	2	70-71	review	computability, recursion, and decidability	review-of-record entry reached			metadata only; full text not reached
Albert A. Bennett	Alessandro Padoa. Automatismo deduttivo. Atti del Primo Congresso dell' Unione Matematica Italiana tenuto in Firenze nei giorni 1-2-3 aprile 1937-XV, Nicola Zanichelli, Bologna1938, pp. 503–507.	1940	5	2	71-71	review	unclassified from title metadata	review-of-record entry reached			metadata only; full text not reached
W. V. Quine	Alonzo Church. Schröder's anticipation of the simple theory of types. Preprinted for the members of the Fifth International Congress for the Unity of Science, Cambridge, Mass., 1939, as from The journal of unified science (Erkenntnis), vol. 9; 4 pp.	1940	5	2	71-71	review	proof theory and formal systems	review-of-record entry reached			metadata only; full text not reached
Albert A. Bennett	Alpinolo Natucci. Saggio di una classifica dei metodi usati nell'aritmetica generale. Atti del Primo Congresso dell' Unione Matematica Italiana tenuto in Firenze nei giorni 1-2-3 aprile 1937-XV, Nicola Zanichelli, Bologna1938, pp. 512–520.	1940	5	2	71-71	review	unclassified from title metadata	review-of-record entry reached			metadata only; full text not reached
Arthur H. Copeland	Alonzo Church. On the concept of a random sequence. Bulletin of the American Mathematical Society, vol. 46 (1940), pp. 130–135.	1940	5	2	71-72	review	unclassified from title metadata	review-of-record entry reached			metadata only; full text not reached
Evert Beth	M. Strauss. Formal problems of probability theory in the light of quantum mechanicsUnity of science forum, 121938, pp. 35–40; February 1939, pp. 49–54; April 1939' pp. 85–72.	1940	5	2	72-73	review	proof theory and formal systems	review-of-record entry reached			metadata only; full text not reached
Evert Beth	A. Heyting. Intuïtionistische wiskunde (Intuitionistic mathematics). Mathematica B, vol. 7 (1938–1939), pp. 129–142.	1940	5	2	73-74	review	unclassified from title metadata	review-of-record entry reached			metadata only; full text not reached
A. Wedberg	Bruce Waters. Particulars, universals and verification. Philosophy of science, vol. 7 (1940), pp. 81–91.	1940	5	2	74-74	review	philosophy, language, and inductive logic	review-of-record entry reached			metadata only; full text not reached
A. Wedberg	Hugh J. Tallon. Russell's doctrine of the logical proposition. The new scholasticism, vol. 13 (1939), pp. 31–18.	1940	5	2	74-74	review	propositional, many-valued, and modal logic	review-of-record entry reached			metadata only; full text not reached
Ernest Nagel	Karl H. Niebyl. Modern mathematics and some problems of quantity, quality, and and motion in economic analysis. Philosophy of science, vol. 7 (1940), pp. 103–120.	1940	5	2	74-74	review	philosophy, language, and inductive logic	review-of-record entry reached			metadata only; full text not reached
A. Wedberg	P. W. Bridgman. Science: public or private?Philosophy of science, vol. 7 (1940), pp. 36–48.	1940	5	2	74-74	review	philosophy, language, and inductive logic	review-of-record entry reached			metadata only; full text not reached
C. H. Langford	C. D. Hardie. The necessity of a priori propositions. Proceedings of the Aristotelian Society, vol. 38 (1938), pp. 47–60.	1940	5	2	74-75	review	propositional, many-valued, and modal logic	review-of-record entry reached			metadata only; full text not reached
J. Kraft	J. R. Kantor. Postulates for a logic of specificity. The journal of philosophy, vol. 37 (1940), pp. 29–42.	1940	5	2	75-75	review	proof theory and formal systems	review-of-record entry reached			metadata only; full text not reached
Helen Brodie	Władysław Hetper. Zagadnienie zupelności systemu elementarnej semantyki (Problem of completeness of the system of elementary semantics). Sprawozdania Towarzystwa Naukowego we Lwouwie, vol. 17 (1937), p. 249.	1940	5	2	75-76	review	model theory and semantics	review-of-record entry reached			metadata only; full text not reached
Helen Brodie	Władysław Hetper. Dowód niesprzeczności systemu elementarnej semantyki bez indukeji (Proof of consistency of the system of elementary semantics without induction). Sórawozdania Towarzystwa Naukowego we Lwouwie, vol. 17 (1937), p. 250.	1940	5	2	76-76	review	model theory and semantics	review-of-record entry reached			metadata only; full text not reached
Helen Brodie	Zygmunt Zawirski. Donioslośč badań logicznych i semantycznych dla teorii fizyki wspólczesnej (Importance des recherches logiques et sémantiques pour les théories de la physique contemporaine). Przegląd filozoficzny, vol. 41 (1938), pp. 25–30.	1940	5	2	76-77	review	general mathematical logic	review-of-record entry reached			metadata only; full text not reached
Helen Brodie	Andrzej Krzesiński. Logistyka w stosunku do filozofii (The relation of logistic to philosophy). Sprawozdania Poznańskiego Towarzystwa Przyjaciól Nauk, vol. 12 no. 1 (for 1938, pub. 1939), pp. 20–23.	1940	5	2	77-77	review	philosophy, language, and inductive logic	review-of-record entry reached			metadata only; full text not reached
Saunders MacLane	F. Gonseth. Philosophie mathématique. Actualités scientifiques et industrielles 837. Hermann et C ie , Paris1939, 100 pp.	1940	5	2	77-78	review	philosophy, language, and inductive logic	review-of-record entry reached			metadata only; full text not reached
Saunders MacLane	Alonzo Church. The present situation in the foundation of mathematics. Philosophie mathematique, by F. Gonseth, Actualités scientifiques et induatrielles 837, Hermann et C ie , Paris1939, pp. 67–72.	1940	5	2	78-78	review	philosophy, language, and inductive logic	review-of-record entry reached			metadata only; full text not reached
Saunders MacLane	Arend Heyting. Les fondements des mathématiques du point de vue intuitionniste. Philosophie mathematique, by F. Gonseth, Actualités scientifiques et induatrielles 837, Hermann et C ie , Paris1939, pp. 73–75.	1940	5	2	78-78	review	philosophy, language, and inductive logic	review-of-record entry reached			metadata only; full text not reached
Saunders MacLane	Leon Chwistek. Sur les fondements des sciences exactes. Philosophie mathematique, by F. Gonseth, Actualités scientifiques et induatrielles 837, Hermann et C ie , Paris1939, pp. 88–91.	1940	5	2	78-78	review	philosophy, language, and inductive logic	review-of-record entry reached			metadata only; full text not reached
Saunders MacLane	Paul Bernays. Bemerkungen zur Grundlagenfrage. Philosophie mathematique, by F. Gonseth, Actualités scientifiques et induatrielles 837, Hermann et C ie , Paris1939, pp. 83–87.	1940	5	2	78-78	review	philosophy, language, and inductive logic	review-of-record entry reached			metadata only; full text not reached
Saunders MacLane	Wilhelm Ackermann. Bemerkungen zu den logisch-mathematischen Grundlagen-problemen. Philosophie mathematique, by F. Gonseth, Actualités scientifiques et induatrielles 837, Hermann et C ie , Paris1939, pp. 76–82.	1940	5	2	78-78	review	philosophy, language, and inductive logic	review-of-record entry reached			metadata only; full text not reached
W. V. Quine	Walter Bröcker. Antinomien und Paradoxien in der Logik. Blätter für deutsche Philosophie, vol. 12 (1938–1939), pp. 365–368.	1940	5	2	79-79	review	philosophy, language, and inductive logic	review-of-record entry reached			metadata only; full text not reached
Evert Beth	C. J. Ducasse. Symbols, signs, and signals. The journal of symbolic logic, vol. 4 (1939), pp. 41–52.	1940	5	2	79-80	review	philosophy, language, and inductive logic	review-of-record entry reached			metadata only; full text not reached
Charles A. Baylis	Thomas Greenwood. Les fondements de la logique symbolique. 1 Critique du nominalisme logistique. 2 Justification des calculs logiques. Actualités scientifiques et industrielles 588, 593. Hermann & C ie , Paris1938, 145 pp.	1940	5	2	80-81	review	philosophy, language, and inductive logic	review-of-record entry reached			metadata only; full text not reached
Alonzo Church; M. Lazerowitz	Self-Contradictory Propositions.	1940	5	2	81	review	propositional, many-valued, and modal logic	review-of-record entry reached			metadata only; full text not reached
Alonzo Church	Harry Ruja. Good logics and bad. The philosophical review, vol. 49 (1940), pp. 346–355.	1940	5	2	81-81	review	philosophy, language, and inductive logic	review-of-record entry reached			metadata only; full text not reached
Alonzo Church	Richard Robinson. What is independence?. The philosophical review, vol. 49 (1940), pp. 355–356.	1940	5	2	81-81	review	philosophy, language, and inductive logic	review-of-record entry reached			metadata only; full text not reached
Alonzo Church	Sylvester Hartman. Are there any extra-syllogistic forms of reasoning?Proceedings of The American Catholic Philosophical Association, vol. 15 (pub. 1940), pp. 235–241.	1940	5	2	81-81	review	philosophy, language, and inductive logic	review-of-record entry reached			metadata only; full text not reached
Alonzo Church	M. Lazerowitz. Self-contradictory propositions. Philosophy of science, vol. 7 (1940), pp. 229–240.	1940	5	2	81-82	review	propositional, many-valued, and modal logic	review-of-record entry reached			metadata only; full text not reached
J. Kraft	H. Meyer. Natuurwetenschap en logica (Naturwissenschaft und Logik). Synthese, vol. 4 (1939), pp. 571–600.	1940	5	2	82-82	review	general mathematical logic	review-of-record entry reached			metadata only; full text not reached
C. H. Langford	R. B. Braithwaite. Propositions about material objects. Proceedings of the Aristotelian Society, vol. 38 (1937–1938), pp. 269–290.	1940	5	2	82-82	review	propositional, many-valued, and modal logic	review-of-record entry reached			metadata only; full text not reached
W. V. Quine	G. Ryle. Categories. Proceedings of the Aristotelian Society, vol. 38 (1937–1938), pp. 189–206. - C. R. Morris. The act of judging. Proceedings of the Aristotelian Society, vol. 38 (1937–1938), pp. 241–252. - M. Kneale. Logical and metaphysical necessity. Proceedings of the Aristotelian Society, vol. 38 (1937–1938), pp. 253–268. - Stanisław Leśniewski. Einleitende Bemerkungen zur Fortsetzung meiner Mitteilung u. d. T. “Grundzüge eines neuen Systems der Grundlagen der Mathematik.”Collectanea logica, vol. 1 (offprint 1938), pp. 1–60.	1940	5	2	83-84	review	general mathematical logic	review-of-record entry reached			metadata only; full text not reached
W. V. Quine	Stanisław Leśniewski. Grundzuge eines neiten Systems der Grundlagen der Mathematik §12. Proceedings of the Aristotelian Society, vol. 38 (1937–1938), offprint 1939, pp. 61–144.	1940	5	2	84-84	review	unclassified from title metadata	review-of-record entry reached			metadata only; full text not reached
	JSL volume 5 issue 3 Cover and Front matter	1940	5	3	f1-f4	cover/front/back matter	editorial/association apparatus				metadata only; full text not reached
	Errata	1940	5	3	iv-iv	errata	editorial/association apparatus				metadata only; full text not reached
J. C. C. McKinsey	Postulates for the calculus of binary relations	1940	5	3	85-97	primary technical publication	algebraic logic	in-block contemporaneous review entry immediately identified	technical-depth potentially sufficient		metadata only; full text not reached
G. Pólya	Sur les types des propositions composées	1940	5	3	98-103	primary technical publication	propositional, many-valued, and modal logic	in-block contemporaneous review entry immediately identified			metadata only; full text not reached
W. V. Quine; Nelson Goodman	Elimination of extra-logical postulates	1940	5	3	104-109	primary technical publication	proof theory and formal systems	in-block contemporaneous review entry immediately identified			metadata only; full text not reached
J. C. C. McKinsey	Proof that there are infinitely many modalities in Lewis's system S 2	1940	5	3	110-112	primary technical publication	propositional, many-valued, and modal logic				metadata only; full text not reached
Laurence J. Lafleur	Henry S. Leonard and Nelson Goodman. The calculus of individuals and its uses. The journal of symbolic logic, vol. 5 (1940), pp. 45–55.	1940	5	3	113-114	review	proof theory and formal systems	review-of-record entry reached			metadata only; full text not reached
W. V. Quine	Alonzo Church. A formulation of the simple theory of types. The journal of symbolic logic, vol. 5 (1940), pp. 56–68.	1940	5	3	114-115	review	proof theory and formal systems	review-of-record entry reached			metadata only; full text not reached
Barkley Rosser	Alfred Takski. On undecidable statements in enlarged systems of logic and the concept of truth. The journal of symbolic logic, vol. 4 (1939), pp. 105–112. - Andrzej Mostowski. Bemerkungen turn Begriff der inhaltlichen Widerspruchsfreiheit. The journal of symbolic logic, vol. 4 (1939), pp. 113–114.	1940	5	3	115-116	review	model theory and semantics	review-of-record entry reached			metadata only; full text not reached
Paul Bernays	Kurt Gödel. The consistency of the axiom of choice and of the generalized continuum-hypothesis. Proceedings of the National Academy of Sciences, vol. 24 (1938), pp. 556–557.	1940	5	3	116-117	review	set theory and foundations	review-of-record entry reached		mechanically obvious target-line exclusion from title/metadata	metadata only; full text not reached
Paul Bernays	Kurt Gödel. Consistency-proof for the generalized continuum-hypothesis. Proceedings of the National Academy of Sciences, vol. 25 (1939), pp. 220–224.	1940	5	3	117-118	review	set theory and foundations	review-of-record entry reached		mechanically obvious target-line exclusion from title/metadata	metadata only; full text not reached
Andrew Ushenko	V. N. Molodšij. Zaméčaniá k stat′é L. P. Gokiéli “O ponálii funkcii” (Remarks on the article L. P. Gokiéli “O ponátii funkcii”). Trudy Tbilisskogo Matématičéskogo Instituta (Travaux de l'Institut Mathématique de Tbilissi), vol. 6 (1939), pp. 1–14. - L. P. Gokiéli. O matématiké “vozmožnosti” i matématiké “déjstvitél′nosti” (On the mathematics “of possibility” and the mathematics “of actuality”). Proceedings of the National Academy of Sciences, vol. 24 (1938), pp. 15–96.	1940	5	3	118-119	review	philosophy, language, and inductive logic	review-of-record entry reached			metadata only; full text not reached
Alonzo Church	D. A. Bochvar. Über einen Aussagenkalkül mit abzählbaren logischen Summen und Produkten. Matématičéskij sbornik (Recueil mathématique), n. s. vol. 7 (1940), pp. 65–100.	1940	5	3	119-119	review	unclassified from title metadata	review-of-record entry reached			metadata only; full text not reached
Alonzo Church	A. Errera. Sur les fondements de l'arithmétique. Comptes rendus du Congrès des Sciences Mathématiques de Liége (17–22 juillet 1939), Georges Thone, Liége, pp. 123–127.	1940	5	3	119-120	review	philosophy, language, and inductive logic	review-of-record entry reached			metadata only; full text not reached
C. H. Langford	Abraham Kaplan and Irving M. Copilowish. Must there be propositions?Mind, n. s. vol. 48 (1939), pp. 478–484.	1940	5	3	120-120	review	propositional, many-valued, and modal logic	review-of-record entry reached			metadata only; full text not reached
Albert A. Bennett	D. Mordoukhay-Boltovskoy. Sur les syllogismes en logique et les hypersyllogismes en métalogique. Bulletin de la Société Physico-mathématique de Kazan, ser. 3 vol. 10 (1938), pp. 161–172.	1940	5	3	120-120	review	general mathematical logic	review-of-record entry reached			metadata only; full text not reached
Albert A. Bennett	E. Abita. Nuovi indirritzi della logica formale. Esercitazioni matematiche, vol. 12 (1940), pp. 88–99.	1940	5	3	120-120	review	proof theory and formal systems	review-of-record entry reached			metadata only; full text not reached
C. H. Langford	Max Black. Some problems connected with language. Proceedings of the Aristotelian Society, vol. 39 (1938–1939), pp. 43–68.	1940	5	3	120-121	review	philosophy, language, and inductive logic	review-of-record entry reached			metadata only; full text not reached
Ernest Nagel	M. Black. Comments on a recent version of phenomenalism. Analysis, vol. 7 no. 1 (121939), pp. 1–12.	1940	5	3	121-121	review	unclassified from title metadata	review-of-record entry reached			metadata only; full text not reached
Daniel J. Bronstein	Norman Malcolm. Are necessary propositions really verbal?Mind, n. s. vol. 49 (1940), pp. 189–203.	1940	5	3	121-122	review	propositional, many-valued, and modal logic	review-of-record entry reached			metadata only; full text not reached
Carl G. Hempel	Maurice Fréchet. The diverse definitions of probability. The journal of unified science (Erkenntnis) vol. 8 (1939), pp. 7–23.	1940	5	3	122-123	review	philosophy, language, and inductive logic	review-of-record entry reached			metadata only; full text not reached
Carl G. Hempel	Hans Reichenbach. Über die semantische und die Objekt-Auffassung von Wahrscheinlichkeitsausdrücken. The journal of unified science (Erkenntnis) vol. 8 (1939), pp. 50–68.	1940	5	3	123-123	review	philosophy, language, and inductive logic	review-of-record entry reached			metadata only; full text not reached
Ernest Nagel	Hilda Geiringer. Über die Wahrscheinlichkeit von Hypothesen. The journal of unified science (Erkenntnis) vol. 8 (1939), pp. 151–176.	1940	5	3	123-124	review	philosophy, language, and inductive logic	review-of-record entry reached			metadata only; full text not reached
Ernest Nagel	Hans Reichenbach. Bemerkungen zur Hypothesenwahrscheinlichkeit. The journal of unified science (Erkenntnis) vol. 8 (1939), pp. 256–260.	1940	5	3	124-124	review	philosophy, language, and inductive logic	review-of-record entry reached			metadata only; full text not reached
M. W. Gross	Louis Rougier. La relalivité de la logique. The journal of unified science (Erkenntnis) vol. 8 (1939), pp. 193–217.	1940	5	3	124-124	review	philosophy, language, and inductive logic	review-of-record entry reached			metadata only; full text not reached
M. W. Gross	Jørgen Jørgensen. Reflexions on logic and language. The journal of unified science (Erkenntnis) vol. 8 (1939), pp. 218–228.	1940	5	3	124-125	review	philosophy, language, and inductive logic	review-of-record entry reached			metadata only; full text not reached
J. C. C. McKinsey; H. M. Johnson	Rival Principles of Causal Explanation in Psychology.	1940	5	3	125	review	unclassified from title metadata	review-of-record entry reached			metadata only; full text not reached
Garrett Birkhoff	Eugen Gh. Mihailescu. Recherches sur l'équivalence, la négation et la réciprocité dans le calcul des propositions. Mathematica (Cluj), vol. 15 (1939), pp. 81–118.	1940	5	3	125-125	review	propositional, many-valued, and modal logic	review-of-record entry reached			metadata only; full text not reached
J. C. C. McKinsey	H. M. Johnson. Rival principles of causal explanation in psychology. The psychological review, vol. 46 (1939), pp. 493–516.	1940	5	3	125-125	review	general mathematical logic	review-of-record entry reached			metadata only; full text not reached
J. C. C. McKinsey	Karl Britton. Structure of language and structure of fact. Psyche (London), vol. 17 (1937), pp. 67–91.	1940	5	3	125-125	review	philosophy, language, and inductive logic	review-of-record entry reached			metadata only; full text not reached
Rózsa Péter	Ákos Pauler. Logikai alapelv és mathematikai axióma. (Logisches Grundprinzip und mathematisches Axiom.) Athenaeum, Bd. 22 (1936), S. 18–78.	1940	5	3	125-125	review	proof theory and formal systems	review-of-record entry reached			metadata only; full text not reached
Rózsa Péter	Wilhelm Ackermann. Zur Widerspruchsfreiheit der Zahlentheorie. Mathematische Annalen, Bd. 117 (1940), S. 162–194.	1940	5	3	125-127	review	proof theory and formal systems	review-of-record entry reached			metadata only; full text not reached
Paul Bernays	Leopold Löwenheim. Einkleidung der Mathematik in Schöderschen Relativkalkul. The journal of symbolic logic, vol. 5 (1940), pp. 1–15.	1940	5	3	127-128	review	philosophy, language, and inductive logic	review-of-record entry reached			metadata only; full text not reached
Paul Bernays	T. S. Broderick. On proving certain properties of the primes by means of the methods of pure number theory. Proceedings of the Royal Irish Academy, section A, vol. 46 (1940), pp. 17–24.	1940	5	3	128-130	review	unclassified from title metadata	review-of-record entry reached			metadata only; full text not reached
	Related Citations	1940	5	3	130-132	citation-linkage matter	editorial/association apparatus				metadata only; full text not reached
	Notice of a meeting of the Association	1940	5	3	132-132	meeting/bibliographical notice	editorial/association apparatus				metadata only; full text not reached
	JSL volume 5 issue 4 Cover and Front matter	1940	5	4	f1-f4	cover/front/back matter	editorial/association apparatus				metadata only; full text not reached
	Errata	1940	5	4	iv-iv	errata	editorial/association apparatus				metadata only; full text not reached
Janina Hosiasson-Lindenbaum	On confirmation	1940	5	4	133-148	primary technical publication	philosophy, language, and inductive logic				metadata only; full text not reached
J. C. C. McKinsey	A correction to Lewis and Langford's Symbolic logic	1940	5	4	149-149	primary technical publication	philosophy, language, and inductive logic				metadata only; full text not reached
James Dugundji	Note on a property of matrices for Lewis and Langford's calculi of propositions	1940	5	4	150-151	primary technical publication	propositional, many-valued, and modal logic	in-block contemporaneous review entry immediately identified			metadata only; full text not reached
Alonzo Church	E. T. Bell. The development of mathematics. McGraw-Hill Book Co., New York and London1940, xiii + 583 pp.	1940	5	4	152-153	review	unclassified from title metadata	review-of-record entry reached			metadata only; full text not reached
Ernest Nagel	Jean Cavaillés. Du collectif au pari. A propos de quelqttes théories récentes sur les probabilités. Revue de métaphysique et de morale, vol. 47 (1940), pp. 139–163.	1940	5	4	153-153	review	philosophy, language, and inductive logic	review-of-record entry reached			metadata only; full text not reached
Arhur H. Copeland	B. O. Koopman. The axioms and algebra of intuitive probability. Annals of mathematics, ser. 2 vol. 41 (1940), pp. 269–292.	1940	5	4	153-154	review	algebraic logic	review-of-record entry reached			metadata only; full text not reached
Saunders MacLane	F. Bachmann. Aufbau des Zahlensystems. Enzyklopädie der mathematischen Wissenschaften mit Einschluss ihrer Anwendungen, Band I. Algebra und Zahlentheorie, Teil 1., Heft 2., B. G. Teubner, Leipzig1939—article A3, 28 pp. - K. Knopp. Darstellung der reellen Zahlen durch Grenzprozesse. Enzyklopädie der mathematischen Wissenschaften mit Einschluss ihrer Anwendungen, Band I. Algebra und Zahlentheorie, Teil 1., Heft 2., B. G. Teubner, Leipzig1939—article A4, 30 pp. - E. Kamke. Allgemeine Mengenlehre. Enzyklopädie der mathematischen Wissenschaften mit Einschluss ihrer Anwendungen, Band I. Algebra und Zahlentheorie, Teil 1., Heft 2., B. G. Teubner, Leipzig1939—article A5, 56 pp.	1940	5	4	154-155	review	set theory and foundations	review-of-record entry reached			metadata only; full text not reached
Saunders MacLane	E. Livenson. On the realization of Boolean algebras by algebras of sets. Matématičéskij sbornik (Recueil mathématique), n. s. vol. 7 no 2 (1940), pp. 309–312.	1940	5	4	155-155	review	algebraic logic	review-of-record entry reached			metadata only; full text not reached
Saunders MacLane	H. Hermes and G. Köthe. Die Theorie der Verbände. Enzyklopädie der mathematischen Wissenschaften mit Einschluss ihrer Anwendungen, Band I. Algebra und Zahlentheorie, Band I., Teil 1., Heft 5., article B13, 28 pp.	1940	5	4	155-155	review	unclassified from title metadata	review-of-record entry reached			metadata only; full text not reached
P. Lagerström	R. P. Dilworth. On complemented lattices. The Tôhoku mathematical journal, vol. 47 part 1 (031940), pp. 18–23.	1940	5	4	155-155	review	algebraic logic	review-of-record entry reached			metadata only; full text not reached
H. E. Vaughan	Garrett Birkhoff. Lattice theory. American Mathematical Society Colloquium publications, vol. 25. American Mathematical Society, New York1940, v + 155 pp.	1940	5	4	155-157	review	algebraic logic	review-of-record entry reached			metadata only; full text not reached
Nelson Goodman	Caspar Nink. Die mathematisch-logistische Symbolsprache in philosophischer Sicht. Scholastik, vol. 15 (1940), pp. 57–62.	1940	5	4	157-157	review	philosophy, language, and inductive logic	review-of-record entry reached			metadata only; full text not reached
W. V. Quine	Jean Piaget. Le groupement additif des rélations transitives asymétriques. Revue de théologie et de philosophie, n.s., vol. 28 (1940), pp. 146–152.	1940	5	4	157-157	review	philosophy, language, and inductive logic	review-of-record entry reached			metadata only; full text not reached
W. V. Quine	Jean Piaget. Les groupes de la logistique et la réversibilité de la pensée. Revue de théologie et de philosophie, n.s. vol. 27 (1939), pp. 291–292.	1940	5	4	157-157	review	philosophy, language, and inductive logic	review-of-record entry reached			metadata only; full text not reached
Alonzo Church	L. S. Johnston. Another form of the Russell paradox. The American mathematical monthly, vol. 47 (1940), p. 474.	1940	5	4	157-157	review	unclassified from title metadata	review-of-record entry reached			metadata only; full text not reached
R. Carnap	S. C. Kleene. On the term ‘analytic’ in logical syntax. Preprinted for the members of the Fifth International Congress for the Unity of Science, Cambridge, Mass., 1939, as from The journal of unified science, vol. 9; 4 pp.	1940	5	4	157-158	review	philosophy, language, and inductive logic	review-of-record entry reached			metadata only; full text not reached
Daniel J. Bronstein	Karl Britton. The description of logical properties. Analysis, vol. 7 no. 2 (061940), pp. 40–45.	1940	5	4	158-158	review	general mathematical logic	review-of-record entry reached			metadata only; full text not reached
Daniel J. Bronstein	Margaret MacDonald. Necessary propositions. Analysis, vol. 7 no. 2 (061940), pp. 45–51.	1940	5	4	158-158	review	propositional, many-valued, and modal logic	review-of-record entry reached			metadata only; full text not reached
Ernest Nagel	Brand Blanshard. The nature of thought. Chapter xxviii, Empiricism and necessity; Chapter xxix, Formalism and necessity ; Chapter xxx, Logical positivism and necessity . Vol. 2, The Macmillan Company, New York1940, pp. 335–427.	1940	5	4	159-159	review	proof theory and formal systems	review-of-record entry reached			metadata only; full text not reached
C. G. Hempel	Marjorie S. Harris. Symbolic logic and esthetics. The journal of philosophy, vol. 37 (1940), pp. 533–546.	1940	5	4	159-159	review	philosophy, language, and inductive logic	review-of-record entry reached			metadata only; full text not reached
Ernest Nagel	Manfred Moritz. Zur Logik der Frage. Theoria, vol. 6 (1940), pp. 123–149.	1940	5	4	159-160	review	general mathematical logic	review-of-record entry reached			metadata only; full text not reached
Morton G. White	G. H. von Wright. On probability. Mind, n.s. vol. 49 (1940), pp. 265–283.	1940	5	4	160-160	review	philosophy, language, and inductive logic	review-of-record entry reached			metadata only; full text not reached
Ernest Nagel	William Barrett. The present state of the problem of induction. Theoria, vol. 6 (1940), pp. 150–157.	1940	5	4	160-160	review	philosophy, language, and inductive logic	review-of-record entry reached			metadata only; full text not reached
Frederic B. Fitch	Norman Malcolm. The nature of entailment. Mind, n.s. vol. 49 (1940), pp. 333–347.	1940	5	4	160-161	review	propositional, many-valued, and modal logic	review-of-record entry reached			metadata only; full text not reached
Frederic B. Fitch	E. Toms. Fact and entailment. Mind, n.s. vol. 49 (1940), pp. 451–455.	1940	5	4	161-161	review	propositional, many-valued, and modal logic	review-of-record entry reached			metadata only; full text not reached
Everett J. Nelson	H. D. Oakeley. Epistemology and the logical syntax of language. Mind, n.s. vol. 49 (1940), pp. 427–444.	1940	5	4	161-161	review	philosophy, language, and inductive logic	review-of-record entry reached			metadata only; full text not reached
Everett J. Nelson	C. J. Ducasse. Concerning the status of so-called “pseudo-object” sentences. The journal of philosophy, vol. 37 (1940), pp. 309–324.	1940	5	4	161-162	review	philosophy, language, and inductive logic	review-of-record entry reached			metadata only; full text not reached
Alonzo Church	A. I. Melden. Thought and its objects. Philosophy of science, vol. 7 (1940), pp. 434–441.	1940	5	4	162-163	review	philosophy, language, and inductive logic	review-of-record entry reached			metadata only; full text not reached
Alonzo Church	Willard Van Orman Quine. Mathematical logic. W. W. Norton & Company, New York1940, xiii + 348 pp.	1940	5	4	163-164	review	general mathematical logic	review-of-record entry reached			metadata only; full text not reached
Helen Brodie	Roman Ingarden. Analiza zdania warunkowego (Analysis of the conditional proposition). Sprawozdania Poznańskiego Towarzystwa Przyjaciól Nauk, vol. 10 (1936), pp. 17–27.	1940	5	4	164-165	review	propositional, many-valued, and modal logic	review-of-record entry reached			metadata only; full text not reached
Helen Brodie	Kazimierz Ajdukiewicz. Empiryczny fundament poznania (The empirical basis of knowledge). Sprawozdania Poznańskiego Towarzystwa Przyjaciól Nauk, vol. 10 (1936), pp. 27–31.	1940	5	4	165-165	review	philosophy, language, and inductive logic	review-of-record entry reached			metadata only; full text not reached
Helen Brodie	Leon Chwistek. Podstawy ogólnej teorii klas (Foundations of the general theory of classes). Sprawozdania Towarzystwa Naukowego we Lwowie, vol. 17 (1937), pp. 247–249.	1940	5	4	165-165	review	unclassified from title metadata	review-of-record entry reached			metadata only; full text not reached
Helen Brodie	Leon Chwistek. Krytyka pojęcia zmiennej w systemie semantyki racjonalnej (Remarques critiques concernant la notion de la variable dans le syslème de la simantique rationnelle). Archiwum Towarzystwa Naukowego we Lwowie, Dział III, vol. 9 (1938), pp. 283–334.	1940	5	4	166-166	review	unclassified from title metadata	review-of-record entry reached			metadata only; full text not reached
Helen Brodie	Maria Kokoszyńska. W spraurie walki z metafizyka (La lutte contre la métaphysique). Przegląd filozoficzny, vol. 41 (1938), pp. 9–24.	1940	5	4	166-167	review	unclassified from title metadata	review-of-record entry reached			metadata only; full text not reached
Helen Brodie	Izydora Dąmbska. Z semantyki zdań warunkowych (Problèmes sémantiques concernant les propositions conditionelles). Przegląd filozoficzny, vol. 41 (1938), pp. 241–267.	1940	5	4	167-167	review	propositional, many-valued, and modal logic	review-of-record entry reached			metadata only; full text not reached
Everett J. Nelson	J. C. C. McKinsey. Postulates for the calculus of binary relations. The journal of symbolic logic, vol. 5 (1940), pp. 86–97.	1940	5	4	167-168	review	algebraic logic	review-of-record entry reached			metadata only; full text not reached
C. A. Baylis	Franz Hlucka. Ueber den Erkenntniswert der formalen Logik. Sophia (Naples), vol. 7 (1939), pp. 1–20. See Errata , ibid., p. 254.	1940	5	4	168-168	review	proof theory and formal systems	review-of-record entry reached			metadata only; full text not reached
J. C. C. McKinsey	G. Pólya. Sur les types des propositions composées. The journal of symbolic logic, vol. 5 (1940), pp. 98–103.	1940	5	4	168-168	review	propositional, many-valued, and modal logic	review-of-record entry reached			metadata only; full text not reached
W. V. Quine	Claro C. Dassen. Vida y obra de Luis Couturat. Anales de la Academia National de Ciencias Exactas, Físicas y Naturales de Buenos Aires, vol. 4 (1939), pp. 73–204.	1940	5	4	168-169	review	unclassified from title metadata	review-of-record entry reached			metadata only; full text not reached
	Related Citations	1940	5	4	169-170	citation-linkage matter	editorial/association apparatus				metadata only; full text not reached
	Institutional contributing subscribers to the Journal of Symbolic Logic	1940	5	4	171-171	association record	editorial/association apparatus				metadata only; full text not reached
	List of officers and members of the Association for Symbolic Logic	1940	5	4	172-176	association record	editorial/association apparatus				metadata only; full text not reached
	Index of reviews by subjects	1940	5	4	177-186	review index	editorial/association apparatus				metadata only; full text not reached
	JSL volume 5 issue 4 Cover and Back matter	1940	5	4	b1-b2	cover/front/back matter	editorial/association apparatus				metadata only; full text not reached
	JSL volume 6 issue 1 Cover and Front matter	1941	6	1	f1-f4	cover/front/back matter	editorial/association apparatus				metadata only; full text not reached
	Errata	1941	6	1	iv-iv	errata	editorial/association apparatus				metadata only; full text not reached
Paul Bernays	A system of axiomatic set theory—Part II	1941	6	1	1-17	primary technical publication	set theory and foundations		technical-depth potentially sufficient		metadata only; full text not reached
Frederic B. Fitch	Closure and Quine's *101	1941	6	1	18-22	primary technical publication	unclassified from title metadata	in-block contemporaneous review entry immediately identified			metadata only; full text not reached
George D. W. Berry	On Quine's axioms of quantification	1941	6	1	23-27	primary technical publication	proof theory and formal systems	in-block contemporaneous review entry immediately identified			metadata only; full text not reached
Paul Henle	James MacKaye. The logic of language. Edited by Albert William Levi; foreword by William Pepperell Montague. Dartmouth College Publications, Hanover, N. H., 1939, 303 pp.	1941	6	1	28-29	review	philosophy, language, and inductive logic	review-of-record entry reached			metadata only; full text not reached
W. V. Quine	Bertrand Russell. An inquiry into meaning & truth. W. W. Norton & Company, New York1940; George Allen & Unwin, London 1940; 445 pp.	1941	6	1	29-30	review	model theory and semantics	review-of-record entry reached			metadata only; full text not reached
Alonzo Church	Alfred Tarski. Introduction to logic and to the methodology of deductive sciences. Enlarged and revised edition, translated by Olaf Helmer. Oxford University Press, New York1941, xviii + 239 pp.	1941	6	1	30-32	review	proof theory and formal systems	review-of-record entry reached			metadata only; full text not reached
Paul Bernays	Heinrich Scholz. Was ist Philosophie? Der erste und der letzte Schritt auf dem Wege zu ihrer Selbstbestimmung. Frege-Studien, Schriften zur Grundlagenforschung und zur Geschichte der Logik, no. 1. Limbach, Berlin1940, 55 pp.	1941	6	1	32-34	review	philosophy, language, and inductive logic	review-of-record entry reached			metadata only; full text not reached
Ernest Nagel	F. Creedy. Human nature writ large. University of North Carolina Press, Chapel Hill, N. C., 1939, ii + 484 pp.	1941	6	1	34-34	review	unclassified from title metadata	review-of-record entry reached			metadata only; full text not reached
Ernest Nagel	B. O. Koopman. The bases of probability. Bulletin of the American Mathematical Society, vol. 46 (1940), pp. 763–774.	1941	6	1	34-35	review	philosophy, language, and inductive logic	review-of-record entry reached			metadata only; full text not reached
Albert A. Bennett	D. Morduhai-Boltovskoi. Insolubiles in Scholastica et paradoxos de infinito de nostro tempore. Wiadomości matematyczne, vol. 47 (1939), pp. 111–117.	1941	6	1	35-35	review	unclassified from title metadata	review-of-record entry reached			metadata only; full text not reached
Alonzo Church	Eric Toms. The law of excluded middle. Philosophy of science, vol. 8 (1941), pp. 33–38.	1941	6	1	35-35	review	philosophy, language, and inductive logic	review-of-record entry reached			metadata only; full text not reached
Albert A. Bennett	Ernst Foradori. Teiltheorie und Verbände. Deutsche Mathematik, vol. 5 (1940) pp. 37–43.	1941	6	1	35-35	review	unclassified from title metadata	review-of-record entry reached			metadata only; full text not reached
Albert A. Bennett	Hans Hermes. Definite Begriffe und berechenbare Zahlen. Semester-Berichte (Münster i. W.), 10. Semester, Sommer1937, pp. 110–123.	1941	6	1	35-35	review	unclassified from title metadata	review-of-record entry reached			metadata only; full text not reached
Paul Henle	Casimir Lewy. Logical necessity. The philosophical review, vol. 49 (1940), pp. 62–68.	1941	6	1	36-36	review	philosophy, language, and inductive logic	review-of-record entry reached			metadata only; full text not reached
C. A. Baylis	Felix Kaupmann. Truth and logic. Philosophy and phenomenological research, vol. 1 no. 1 (1940), pp. 59–69.	1941	6	1	36-36	review	model theory and semantics	review-of-record entry reached			metadata only; full text not reached
Alonzo Church	Katsumi Nakamura. Zum logischen Funktionsbegriffe des Wiener Kreises. Kachi to shikô (Value and thinking), by Katsumi Nakamura, Tokyo1939, pp. 157–183. Reprint of Logikdes “ Wiener Kreises” und Logikder Gestalttheorie , The Japanese journal of psychology , n. s. vol. 10 no. 1 (1935).	1941	6	1	36-36	review	general mathematical logic	review-of-record entry reached			metadata only; full text not reached
Clark L. Hull; Carl I. Hovland; Robert T. Ross; Marshall Hall; Donald T. Perkins; Frederic B. Fitch	Mathematico-Deductive Theory of Rote Learning.	1941	6	1	37	review	proof theory and formal systems	review-of-record entry reached			metadata only; full text not reached
W. T. Parry	James Dugundji. Note on a property of matrices for Lewis and Langford's calculi of propositions. The journal of symbolic logic, vol. 5 (1940), pp. 150–151.	1941	6	1	37-37	review	propositional, many-valued, and modal logic	review-of-record entry reached			metadata only; full text not reached
S. C. Kleene	William Wernick. Functional dependence in the calculus of propositions. The American mathematical monthly, vol. 47 (1940), pp. 602–605.	1941	6	1	37-37	review	propositional, many-valued, and modal logic	review-of-record entry reached			metadata only; full text not reached
Barkley Rosser	W. V. Quine and Nelson Goodman. Elimination of extra-logical postulates. The journal of symbolic logic, vol. 5 (1940), pp. 104–109.	1941	6	1	37-37	review	proof theory and formal systems	review-of-record entry reached			metadata only; full text not reached
	Related Citations	1941	6	1	37-38	citation-linkage matter	editorial/association apparatus				metadata only; full text not reached
Charles A. Baylis	Sixth meeting of the Association for Symbolic Logic	1941	6	1	39-39	meeting report	editorial/association apparatus				metadata only; full text not reached
	Abstracts of papers	1941	6	1	39-40	meeting abstracts	editorial/association apparatus				metadata only; full text not reached
	Errata	1941	6	1		errata	editorial/association apparatus				metadata only; full text not reached
	JSL volume 6 issue 2 Cover and Front matter	1941	6	2	f1-f4	cover/front/back matter	editorial/association apparatus				metadata only; full text not reached
	Errata	1941	6	2	iv-iv	errata	editorial/association apparatus				metadata only; full text not reached
Haskell B. Curry	A revision of the fundamental rules of combinatory logic	1941	6	2	41-53	primary technical publication	general mathematical logic	in-block contemporaneous review entry immediately identified			metadata only; full text not reached
Haskell B. Curry	Consistency and completeness of the theory of combinators	1941	6	2	54-61	primary technical publication	proof theory and formal systems	in-block contemporaneous review entry immediately identified			metadata only; full text not reached
W. V. Quine	Charles Serrus. Essai sur la signification de la logique. Nouvelle encyclopédie philosophique. Félix Alcan, Paris1939, 155 pp.	1941	6	2	62-63	review	philosophy, language, and inductive logic	review-of-record entry reached			metadata only; full text not reached
Saunders MacLane	Janina Hosiasson-Lindenbaum. On confirmation. The journal of symbolic logic, vol. 5 (1940), pp. 133–148.	1941	6	2	63-63	review	philosophy, language, and inductive logic	review-of-record entry reached			metadata only; full text not reached
Carl G. Hempel	E. W. Beth. De logistiek als voortzetting van de traditionele formele logica (Logistic as a continuation of traditional formal logic). Algemeen Nederlands tijdschrift voor wijsbegeerte en psychologie, vol. 34 (1940–1941), pp. 53–68; also Annalen van het Genootschap voor Wetenschappelijke Philosophie , vol. 11 (1941), pp. 1–16.	1941	6	2	63-64	review	proof theory and formal systems	review-of-record entry reached			metadata only; full text not reached
Carl G. Hempel	Sigmund Koch. The logical character of the motivation concept. Psychological review, vol. 48 (1941), pp. 15–38, 127–154.	1941	6	2	64-64	review	general mathematical logic	review-of-record entry reached			metadata only; full text not reached
Frederic B. Fitch	W. F. Floyd. Heterogony in cell hierarchies. Growth, vol. 4 (1940), pp. 241–244.	1941	6	2	64-64	review	unclassified from title metadata	review-of-record entry reached			metadata only; full text not reached
Carl G. Hempel	Gustav Bergmann and Kenneth W. Spence. Operationism and theory in psychology. Psychological review, vol. 48 (1941), pp. 1–14.	1941	6	2	64-65	review	general mathematical logic	review-of-record entry reached			metadata only; full text not reached
Evert Beth	Albert Görland. “Reine Logik”?Algemeen Nederlands tijdschrift voor wijsbegeerte en psychologie, Bd. 34 (1940–1941), S. 97–124; auch: Annalen van het Genootschap voor Wetenschappelijke Philosophie , Bd. 11 (1941), S. 17–44.	1941	6	2	65-65	review	philosophy, language, and inductive logic	review-of-record entry reached			metadata only; full text not reached
Shizuo Kakutani	Katsumi Nakamura. Kindai-kikagaku ni yoru hitotu no teigi no sikata (On a mode of definition in geometry—on implicit definition). Kagahu-hyooron (The scientific review), vol. 2 (1937), pp. 36–41.	1941	6	2	65-65	review	unclassified from title metadata	review-of-record entry reached			metadata only; full text not reached
Shizuo Kakutani	Katsumi Nakamura. Sûgakuteki ronrigaku ni okeru “isomorphy” ni tuite (On the concept of isomorphism in mathematical logic). Kagahu-hyooron (The scientific review), vol. 1 (1936), pp. 11–17.	1941	6	2	65-65	review	general mathematical logic	review-of-record entry reached			metadata only; full text not reached
Rózsa Péter	Oswald Teichmüller. Braucht der Algebraiker das Auswahlaxiom?Deutsche Mathematik, Bd. 4 (1939), S. 567–577.	1941	6	2	65-66	review	proof theory and formal systems	review-of-record entry reached			metadata only; full text not reached
Carl G. Hempel	Everett H. Larguier. Brouwerian philosophy of mathematics. Scripta mathematica, vol. 7 (for 1940, pub. 1941), pp. 69–78.	1941	6	2	66-66	review	philosophy, language, and inductive logic	review-of-record entry reached			metadata only; full text not reached
Ernest Nagel	Hans Reichenbach. Note on probability implication. Bulletin of the American Mathematical Society, vol. 47 (1941), pp. 265–267.	1941	6	2	66-66	review	propositional, many-valued, and modal logic	review-of-record entry reached			metadata only; full text not reached
Morton G. White	D. A. T. Gasking. Mathematics and the world. The Australasian journal of psychology and philosophy, vol. 18 (1940), pp. 97–116.	1941	6	2	66-67	review	philosophy, language, and inductive logic	review-of-record entry reached			metadata only; full text not reached
Ernest Nagel	Leonard J. Eslick. Grammatical and logical form. The new scholasticism, vol. 13 (1939), pp. 233–244.	1941	6	2	67-67	review	general mathematical logic	review-of-record entry reached			metadata only; full text not reached
C. H. Langford	W. B. Gallie. An interpretation of causal laws. Mind, n.s. vol. 48 (1939), pp. 409–426.	1941	6	2	67-68	review	model theory and semantics	review-of-record entry reached			metadata only; full text not reached
C. H. Langford	Reginald Jackson. Are there analytic propositions?Proceedings of the Aristotelian Society, vol. 39 (1938–1939), pp. 185–206.	1941	6	2	68-68	review	propositional, many-valued, and modal logic	review-of-record entry reached			metadata only; full text not reached
Julius Kraft	C. J. Ducasse. Propositions, opinions, sentences, and facts. The journal of philosophy, vol. 37 (1940), pp. 701–711.	1941	6	2	68-69	review	propositional, many-valued, and modal logic	review-of-record entry reached			metadata only; full text not reached
DeWitt H. Parker	Basilio Manià. Il pensiero scientifico di fronte al problema dell' infinito. Aiti della Società Italiana per il Progresso delle Scienze, riunione XXIV, vol. 5 (1936), pp. 352–361. Discussion by Giuseppe Ciampa and Pasquale Barreca, ibid., pp. 361–362. - Beppo Levi. A proposito dell' infinito e delle sue antinomie. Aiti della Società Italiana per il Progresso delle Scienze, riunione XXIV, vol. 5 (1936), pp. 363–367. - Giulio Andreoli. Le anlinomie: loro formazione in matematica, in logica formale, nel ragionamento. Aiti della Società Italiana per il Progresso delle Scienze, riunione XXIV, vol. 5 (1936), pp. 368–373. - Francesco Albèrgamo. La tesi finitista contro l'infinito attuale e potenziale. Aiti della Società Italiana per il Progresso delle Scienze, riunione XXIV, vol. 5 (1936), pp. 374–386.	1941	6	2	69-69	review	proof theory and formal systems	review-of-record entry reached			metadata only; full text not reached
C. H. Langford	Thomas Greenwood. A classical approach to mathematical logic. The Australasian journal of psychology and philosophy, vol. 17 (1939), pp. 1–10.	1941	6	2	69-70	review	philosophy, language, and inductive logic	review-of-record entry reached			metadata only; full text not reached
C. H. Langford	A. P. Ushenko. The calculus of propositions and self-contradiction. The philosophical review, vol. 48 (1939), pp. 322–325.	1941	6	2	70-70	review	propositional, many-valued, and modal logic	review-of-record entry reached			metadata only; full text not reached
C. C. Dassen	Hans A. Lindemann. Introductión al empirismo radical a base de la lógica moderna. (De Cursos y conferencias , año 7, nos. 5–8.) Colegio Libre de Estudios Superiores [Editorial “Radio Revista”], Buenos Aires1939, 108 pages.	1941	6	2	70-70	review	unclassified from title metadata	review-of-record entry reached			metadata only; full text not reached
Frederic B. Fitch	Oliver L. Reiser. The promise of scientific humanism. Toward a unification of scientific, religious, social and economic thought. Oskar Piest, New York1940, xviii + 364 pp.	1941	6	2	70-71	review	unclassified from title metadata	review-of-record entry reached			metadata only; full text not reached
	Related Citations	1941	6	2	71-72	citation-linkage matter	editorial/association apparatus				metadata only; full text not reached
	JSL volume 6 issue 3 Cover and Front matter	1941	6	3	f1-f4	cover/front/back matter	editorial/association apparatus				metadata only; full text not reached
	Errata	1941	6	3	iv-iv	errata	editorial/association apparatus				metadata only; full text not reached
Alfred Tarski	On the calculus of relations	1941	6	3	73-89	primary technical publication	algebraic logic	in-block contemporaneous review entry immediately identified			metadata only; full text not reached
Ray H. Dotterer	A generalization of the antilogism	1941	6	3	90-95	primary technical publication	unclassified from title metadata	in-block contemporaneous review entry immediately identified			metadata only; full text not reached
Barkley Rosser	The independence of Quine's axioms *200 and *201	1941	6	3	96-97	primary technical publication	proof theory and formal systems	in-block contemporaneous review entry immediately identified			metadata only; full text not reached
Evert W. Beth	Wilhelm Burkamp. Wirklichkeit und Sinn. Junker und Dünnhaupt, Berlin1938, zwei Bände, 327, 538 S.	1941	6	3	98-99	review	unclassified from title metadata	review-of-record entry reached			metadata only; full text not reached
William Barrett	Annibale Pastore. Logica sperimentale. Nuovi saggi di logica del potenziamento. Calcolo psico-fisico a tre variabile. With an appendix by Pietro Mosso. Alfredo Rondinella, Naples1939, xvi + 344 pp.	1941	6	3	99-100	review	general mathematical logic	review-of-record entry reached			metadata only; full text not reached
Charles A. Baylis	Willard van Orman Quine. Elementary logic. Ginn and Company, Boston1941, vi + 170 pp.	1941	6	3	99-99	review	general mathematical logic	review-of-record entry reached			metadata only; full text not reached
S. C. Kleene	Haskell B. Curry. Some aspects of the problem of mathematical rigor. Bulletin of the American Mathematical Society, vol. 47 (1941), pp. 221–241.	1941	6	3	100-102	review	unclassified from title metadata	review-of-record entry reached			metadata only; full text not reached
Barkley Rosser	E. R. Stabler. Sets of postulates for Boolean rings. The American mathematical monthly, vol. 48 (1941), pp. 20–28.	1941	6	3	102-102	review	proof theory and formal systems	review-of-record entry reached			metadata only; full text not reached
J. C. C. McKinsey	Frederic B. Fitch. Closure and Quine's *101. The journal of symbolic logic, vol. 6 (1941), pp. 18–22.	1941	6	3	102-102	review	philosophy, language, and inductive logic	review-of-record entry reached			metadata only; full text not reached
J. C. C. McKinsey	George D. W. Berry. On Quine's axioms of quantification. The journal of symbolic logic, vol. 6 (1941), pp. 23–27.	1941	6	3	102-102	review	proof theory and formal systems	review-of-record entry reached			metadata only; full text not reached
Shizuo Kakutani	Jiro Hirano. Kansû, gainen ni tuite (On the concept of a function). Journal of the Mathematical Association of Japan for Secondary Education, vol. 23 (1941), pp. 1–8.	1941	6	3	102-103	review	unclassified from title metadata	review-of-record entry reached			metadata only; full text not reached
Charles A. Baylis	Harold R. Smart. The unit of discourse. The philosophical review, vol. 50 (1941), pp. 268–288.	1941	6	3	103-103	review	philosophy, language, and inductive logic	review-of-record entry reached			metadata only; full text not reached
Charles A. Baylis	Julius R. Weinberg. On ‘This is white.’ A rejoinder. The philosophical review, vol. 50 (1941), pp. 317–320.	1941	6	3	103-103	review	philosophy, language, and inductive logic	review-of-record entry reached			metadata only; full text not reached
Charles A. Baylis	O. K. Bouwsma. On ‘This is white.’The philosophical review, vol. 48 (1939), pp. 71–73.	1941	6	3	103-103	review	philosophy, language, and inductive logic	review-of-record entry reached			metadata only; full text not reached
Carl G. Hempel	William Barrett. On Dewey's logic. The philosophical review, vol. 50 (1941), pp. 305–315.	1941	6	3	103-103	review	philosophy, language, and inductive logic	review-of-record entry reached			metadata only; full text not reached
C. H. Langford	A. M. MacIver. More about some old logical puzzles. Analysis, vol. 6 (1938–1939), pp. 63–68.	1941	6	3	104-104	review	general mathematical logic	review-of-record entry reached			metadata only; full text not reached
C. H. Langford	C. H. Whiteley. On meaning and verifiability. Analysis, vol. 6 (1938–1939) pp. 79–86.	1941	6	3	104-104	review	philosophy, language, and inductive logic	review-of-record entry reached			metadata only; full text not reached
Alonzo Church	Karl Dürr. Die mathemalische Logik des Arnold Geulincx. The journal of unified science (Erkenntnis), vol. 8 (1939–1940), pp. 361–368.	1941	6	3	104-104	review	philosophy, language, and inductive logic	review-of-record entry reached			metadata only; full text not reached
J. Kraft	E. W. Beth. Wijsbegeerte der wiskunde (Philosophy of mathematics). Euclides, vol. 17 (1940–1941), pp. 141–158.	1941	6	3	104-105	review	philosophy, language, and inductive logic	review-of-record entry reached			metadata only; full text not reached
Carl G. Hempel	Alf Ross. Imperatives and logic. Theoria, vol. 7 (1941), pp. 53–71.	1941	6	3	105-106	review	general mathematical logic	review-of-record entry reached			metadata only; full text not reached
Alonzo Church	Claro C. Dassen. Sobre una objeción a la Lógica Brouweriana. Anales de la Academia Nacional de Ciencias Exactas, Físicas y Naturales de Buenos Aires, vol. 4 (1939) pp. 7–20.	1941	6	3	106-107	review	unclassified from title metadata	review-of-record entry reached			metadata only; full text not reached
Ernest Nagel	Hilda Geiringer. Zu “Bemerkungen zur Hypothesenwahrscheinlickheit.” The journal of unified science (Erkenntnis), vol. 8 (1939–1940), pp. 352–353.	1941	6	3	107-107	review	philosophy, language, and inductive logic	review-of-record entry reached			metadata only; full text not reached
Ernest Nagel	Bela Juhos. Empirische Sätze und und logische Konstanten. The journal of unified science (Erkenntnis), vol. 8 (1939–1940), pp. 354–360.	1941	6	3	107-108	review	philosophy, language, and inductive logic	review-of-record entry reached			metadata only; full text not reached
Alonzo Church	Alfred J. Ayer. The foundations of empirical knowledge. Macmillan & Co., London1940; The Macmillan Company, New York 1940; x + 276 pp.	1941	6	3	108-108	review	philosophy, language, and inductive logic	review-of-record entry reached			metadata only; full text not reached
Alonzo Church	C. J. Ducasse. Some observations concerning the nature of probability. The journal of philosophy, vol. 38 (1941), pp. 393–403.	1941	6	3	108-109	review	philosophy, language, and inductive logic	review-of-record entry reached			metadata only; full text not reached
Alonzo Church	Barkley Rosser. On the many-valued logics. American journal of physics, vol. 9 (1941), pp. 207–212.	1941	6	3	109-109	review	propositional, many-valued, and modal logic	review-of-record entry reached			metadata only; full text not reached
Charles A. Baylis	Roderick M. Chisholm. Sextus Empiricus and modern empiricism. Philosophy of science, vol. 8 (1941), pp. 371–384.	1941	6	3	109-109	review	philosophy, language, and inductive logic	review-of-record entry reached			metadata only; full text not reached
W. V. Quine	Vicente F. da Silva. Elementos de logica matematica. São Paulo, Brazil, 1940, 116 pp.	1941	6	3	109-110	review	general mathematical logic	review-of-record entry reached			metadata only; full text not reached
Rózsa Péter	László Kalmár. A Hilbert-féle bizonyításelmélet célkitüzései, módszerei és eredményei (Zielsetzungen, Methoden und Ergebnisse der Hilbertschen Beweistheorie). Ungarisch mit deutschem Auszug. Matematikai és fizihai lapok, Bd. 48 (1941), S. 65–119.	1941	6	3	110-111	review	unclassified from title metadata	review-of-record entry reached			metadata only; full text not reached
László Kalmár	Rózsa Péter. Az axiomatikus módszer korlátai (The bounds of the axiomatic method). Hungarian with German abstract. Matematikai és fizihai lapok, Bd. 48 (1941), pp. 120–143.	1941	6	3	111-111	review	proof theory and formal systems	review-of-record entry reached			metadata only; full text not reached
Paul Bernays	Kurt Gödel. The consistency of the axiom of choice and of the generalized continuum-hypothesis with the axioms of set theory. (Lectures delivered at the Institute for Advanced Study 1938–1939; notes by George W. Brown.) Annals of Mathematics studies, no. 3. Lithoprinted. Princeton University Press, Princeton1940, 66 pp.	1941	6	3	112-114	review	set theory and foundations	review-of-record entry reached		mechanically obvious target-line exclusion from title/metadata	metadata only; full text not reached
H. E. Vaughan	Emil L. Post. The two-valued iterative systems of mathematical logic. Annals of Mathematics studies, no. 5. Lithoprinted. Princeton University Press, Princeton1941, 122 pp.	1941	6	3	114-115	review	general mathematical logic	review-of-record entry reached			metadata only; full text not reached
	Related Citations	1941	6	3	115-116	citation-linkage matter	editorial/association apparatus				metadata only; full text not reached
	JSL volume 6 issue 4 Cover and Front matter	1941	6	4	f1-f4	cover/front/back matter	editorial/association apparatus				metadata only; full text not reached
	Errata	1941	6	4	iv-iv	errata	editorial/association apparatus				metadata only; full text not reached
J. C. C. McKinsey	A solution of the decision problem for the Lewis systems S2 and S4, with an application to topology	1941	6	4	117-134	primary technical publication	computability, recursion, and decidability	in-block contemporaneous review entry immediately identified			metadata only; full text not reached
W.V. Quine	Element and number	1941	6	4	135-149	primary technical publication	unclassified from title metadata	in-block contemporaneous review entry immediately identified			metadata only; full text not reached
Nelson Goodman	Sequences	1941	6	4	150-153	primary technical publication	unclassified from title metadata				metadata only; full text not reached
C.H. Langford	Note on a device of Quine and Goodman	1941	6	4	154-155	primary technical publication	unclassified from title metadata	in-block contemporaneous review entry immediately identified			metadata only; full text not reached
Paul Bernays; Heinrich Scholz	Metaphysik als Strenge Wissenschaft.	1941	6	4	156	review	unclassified from title metadata	review-of-record entry reached			metadata only; full text not reached
Carl G. Hempel	Georg Henrik von Wright. The logical problem of induction. Acta philosophica fennica, vol. 3. Societas Philosophica, Helsinki. Distributed by Akateeminen Kirjakauppa, Helsinki (Helsingfors) 1941, 258 pp.	1941	6	4	156-159	review	philosophy, language, and inductive logic	review-of-record entry reached			metadata only; full text not reached
Carl G. Hempel	C. J. Ducasse, Philosophy as a science, its matter and its method. Oskar Piest, New York 1941, xx + 242 pp.	1941	6	4	159-160	review	philosophy, language, and inductive logic	review-of-record entry reached			metadata only; full text not reached
Ernest Nagel	C. J. Ducasse. Truth, verifiability, and propositions about the future. Philosophy of science, vol. 8 (1941), pp. 329–337.	1941	6	4	160-160	review	propositional, many-valued, and modal logic	review-of-record entry reached			metadata only; full text not reached
Ernest Nagel	A. P. Ushenko. Class and number. Philosophy of science, vol. 8 (1941) pp. 338–351.	1941	6	4	160-161	review	philosophy, language, and inductive logic	review-of-record entry reached			metadata only; full text not reached
Alonzo Church	Cassius Jackson Keyser. Charles Sanders Peirce as a pioneer. Galois lectures (The Scripta Mathematica library, no. 5), Scripta Mathematica, Yeshiva College, New York 1941, pp. 87–112.	1941	6	4	161-162	review	unclassified from title metadata	review-of-record entry reached			metadata only; full text not reached
Evert Beth	Friedrich Waismann. Was ist logische Analyse? The journal of unified science (Erkenntnis), Bd. 8 (1939–1940), S. 265–289.	1941	6	4	162-162	review	philosophy, language, and inductive logic	review-of-record entry reached			metadata only; full text not reached
Evert Beth	P. G. J. Vredenduin. Logistiek (Logistic). Christiaan Huygens, vol. 18 no. 4–5 (1940), pp. 170–211.	1941	6	4	162-163	review	unclassified from title metadata	review-of-record entry reached			metadata only; full text not reached
W. V. Quine	Barkley Rosser. The independence of Quine's axioms *200 and *201. The journal of symbolic logic, vol. 6 (1941), pp. 96–97.	1941	6	4	163-163	review	proof theory and formal systems	review-of-record entry reached			metadata only; full text not reached
Arthur H. Copeland	B. O. Koopman. Intuitive probabilities and sequences. Annals of mathematics, ser. 2 vol. 42 (1941), pp. 169–187.	1941	6	4	163-165	review	philosophy, language, and inductive logic	review-of-record entry reached			metadata only; full text not reached
Alonzo Church	Garrett Birkhoff and Saunders MacLane. Algebra of classes. A survey of modern algebra, by Garrett Birkhoff and Saunders MacLane, The Macmillan Company, New York 1941, pp. 311–332.	1941	6	4	165-165	review	algebraic logic	review-of-record entry reached			metadata only; full text not reached
Charles A. Baylis	Gustav Bergmann. The logic of probability. American journal of physics, vol. 9 (1941), pp. 263–272.	1941	6	4	165-165	review	philosophy, language, and inductive logic	review-of-record entry reached			metadata only; full text not reached
Ernest Nagel	Laurence J. Lafleur. A functionalistic interpretation of mathematics. Scripta mathematica, vol. 8 (1941), pp. 27–33.	1941	6	4	165-166	review	model theory and semantics	review-of-record entry reached			metadata only; full text not reached
Everett J. Nelson	Andrew Paul Ushenko. The problems of logic. George Allen and Unwin, London 1941; Princeton University Press, Princeton 1941; 225 pp.	1941	6	4	166-168	review	general mathematical logic	review-of-record entry reached			metadata only; full text not reached
Helen Brodie	Joachim Metallmann. Wprowadzenie do zagadnień filozoficznych, Czȩść I (Introduction to philosophical problems, Part I). D. E. Friedlein, Kraków 1939, viii + 152 pp.	1941	6	4	168-169	review	philosophy, language, and inductive logic	review-of-record entry reached			metadata only; full text not reached
J. C. C. McKinsey	C. West Churchman. Elements of logic and formal science. J. B. Lippincott Company, Chicago, Philadelphia, New York, 1940, ix + 337 pp.	1941	6	4	169-170	review	proof theory and formal systems	review-of-record entry reached			metadata only; full text not reached
Barkley Rosser	Haskell B. Curry. A revision of the fundamental rules of combinatory logic. The journal of symbolic logic, vol. 6 (1941), pp. 41–53. - Haskell B. Curry. Consistency and completeness of the theory of combinators. The journal of symbolic logic, vol. 6 pp. 54–61.	1941	6	4	170-170	review	proof theory and formal systems	review-of-record entry reached			metadata only; full text not reached
Barkley Rosser	Alonzo Church. The calculi of lambda-conversion. Annals of Mathematics studies, no. 6. Lithoprinted. Princeton University Press, Princeton 1941, 77 pp.	1941	6	4	171-172	review	computability, recursion, and decidability	review-of-record entry reached			metadata only; full text not reached
	Related Citations	1941	6	4	171-172	citation-linkage matter	editorial/association apparatus				metadata only; full text not reached
	Institutional contributing subscribers to the Journal of Symbolic Logic	1941	6	4	173-173	association record	editorial/association apparatus				metadata only; full text not reached
	List of officers and members of the Association for Symbolic Logic	1941	6	4	174-178	association record	editorial/association apparatus				metadata only; full text not reached
	Index of Reviews	1941	6	4	179-188	review index	editorial/association apparatus				metadata only; full text not reached
	JSL volume 7 issue 1 Cover and Front matter	1942	7	1	f1-f4	cover/front/back matter	editorial/association apparatus				metadata only; full text not reached
	Errata	1942	7	1	iv-iv	errata	editorial/association apparatus				metadata only; full text not reached
Barkley Rosser	The Burali-Forti paradox	1942	7	1	1-17	primary technical publication	unclassified from title metadata	in-block contemporaneous review entry immediately identified			metadata only; full text not reached
Barkley Rosser	New sets of postulates for combinatory logics	1942	7	1	18-27	primary technical publication	proof theory and formal systems	in-block contemporaneous review entry immediately identified			metadata only; full text not reached
M. H. A. Newman; A. M. Turing	A formal theorem in Church's theory of types	1942	7	1	28-33	primary technical publication	proof theory and formal systems	in-block contemporaneous review entry immediately identified			metadata only; full text not reached
Daniel J. Bronstein	A correction to the sentential calculus of Tarski's Introduction To Logic .	1942	7	1	34-34	primary technical publication	proof theory and formal systems				metadata only; full text not reached
Saunders MacLane	Les Entretiens de Zurich sur les fondements et la méthode des sciences mathématiques, 6–9 decembre 1938. Exposés et discussions publiés par le Président des débats, F. Gonseth, professeur a 1'École Polytechnique Fédérale. S. A. Leemann frères & Cie., Zurich1941, 209 pp.	1942	7	1	35-37	review	philosophy, language, and inductive logic	review-of-record entry reached			metadata only; full text not reached
W. D. Duthie	Alfred Tarski. On the calculus of relations. The journal of symbolic logic, vol. 6 (1941), pp. 73–89.	1942	7	1	38-38	review	algebraic logic	review-of-record entry reached			metadata only; full text not reached
J. C. C. McKinsey	Ray H. Dotterer. A generalization of the antilogism . The journal of symbolic logic, vol. 6 (1941), pp. 90–95.	1942	7	1	38-39	review	philosophy, language, and inductive logic	review-of-record entry reached			metadata only; full text not reached
Saunders MacLane	Okrin FrinkJr. Representations of Boolean algebras. Bulletin of the American Mathematical Society, vol. 47 (1941), pp. 755–756.	1942	7	1	39-39	review	algebraic logic	review-of-record entry reached			metadata only; full text not reached
H. E. Vaughan	S. Pankajam. On the formal structure of the propositional calculus I. The journal of the Indian Mathematical Society, n. s. vol. 5 (1941), pp. 49–61.	1942	7	1	39-39	review	propositional, many-valued, and modal logic	review-of-record entry reached			metadata only; full text not reached
Alonzo Church	John J. Wellmuth. Some comments on the nature of mathematical logic. The new scholasticism, vol. 16 (1942), pp. 9–15.	1942	7	1	39-40	review	general mathematical logic	review-of-record entry reached			metadata only; full text not reached
Cabl G. Hempel	Janina Lindenbaum Hosiasson. Induction et analogie: Comparaison de leur fondement. Mind, n. s. vol. 50 (1941), pp. 351–365.	1942	7	1	40-41	review	philosophy, language, and inductive logic	review-of-record entry reached			metadata only; full text not reached
S. C. Kleene	Arthur H. Copeland. Postulates for the theory of probability. American journal of mathematics, vol. 63 (1941), pp. 741–762.	1942	7	1	41-41	review	proof theory and formal systems	review-of-record entry reached			metadata only; full text not reached
Barkley Rosser	Haskell B. Curry. A formalization of recursive arithmetic. American journal of mathematics, vol. 63 (1941), pp. 263–282.	1942	7	1	42-42	review	computability, recursion, and decidability	review-of-record entry reached			metadata only; full text not reached
G. H. v. Wright	K. V. Laurikainen. Matematiikan analyyttisyydestä (The analytical nature of mathematics). Ajatus (Porvoo), vol. 10 (1941), pp. 105–121.	1942	7	1	42-42	review	unclassified from title metadata	review-of-record entry reached			metadata only; full text not reached
G. H. v. Wright	Udno Saarnio. Intention merkityksestä käsitteiden konstituutiossa (Intention and the logical constitution of concepts). Ajatus (Porvoo), vol. 10 (1941), pp. 201–218.	1942	7	1	42-42	review	general mathematical logic	review-of-record entry reached			metadata only; full text not reached
G. H. v. Wright	Klaus V. Vartiovaara. Logiikka ja etiikka (Logic and ethics). Ajatus (Porvoo), vol. 10 (1941), pp. 285–300.	1942	7	1	43-43	review	general mathematical logic	review-of-record entry reached			metadata only; full text not reached
Anders Wedberg	Eino Kaila. Inhimillinen tieto, mitä se on ja mitä se ei ole (Human knowledge, what it is and what it is not). Otava, Helsingfors1939, 271 pp. - Eino Kaila. Den mänskliga kunskapen, vad den är och vad den icke är. Swedish translation of the preceding by G. H. von Wright. Söderström & Co., Helsingfors1939, 312 pp. [Previously listed as V 131 (4).]	1942	7	1	43-44	review	philosophy, language, and inductive logic	review-of-record entry reached			metadata only; full text not reached
C. A. Baylis	W. V. Quine. Russell's paradox and others. Technology review, vol. 44 (1941–1942), pp. 16–17.	1942	7	1	44-44	review	unclassified from title metadata	review-of-record entry reached			metadata only; full text not reached
W. V. Quine	Beppo Levi. La noción de “dominio deductivo” como elemento de orientación en las cuestiones de fundamentos de las teorias matemálicas. Publicaciones del Instituto de Matemática (Rosario, Argentina), vol. 2 (1940), no. 9, pp. 177–208.	1942	7	1	44-45	review	proof theory and formal systems	review-of-record entry reached			metadata only; full text not reached
Alonzo Church	Andrew UshenkoDr. Quine's theory of truth-functions. The journal of philosophy, vol. 39 (1942), pp. 64–67. - Willard V. Quine. Reply to Professor Ushenko. The journal of philosophy, vol. 39 (1942), pp. 68–71.	1942	7	1	45-45	review	model theory and semantics	review-of-record entry reached			metadata only; full text not reached
Ernest Nagel	Andrew Ushenko. Logical form and sensory structure. The philosophical review, vol. 50 (1941), pp. 615–622.	1942	7	1	45-45	review	philosophy, language, and inductive logic	review-of-record entry reached			metadata only; full text not reached
Alonzo Church	James W. Stakelum. Galen and the logic of propositions. Logicalia, no.2. Angelicum, Rome 1940, XIV + 97 pp.	1942	7	1	46-46	review	propositional, many-valued, and modal logic	review-of-record entry reached			metadata only; full text not reached
	Related Citations	1942	7	1	46-46	citation-linkage matter	editorial/association apparatus				metadata only; full text not reached
J. C. C. Mckinsey	Seventh Meeting of the association for Symbolic Logic	1942	7	1	47-47	meeting report	editorial/association apparatus				metadata only; full text not reached
	Abstracts of papers	1942	7	1	47-48	meeting abstracts	editorial/association apparatus				metadata only; full text not reached
	Elections	1942	7	1	48-48	bibliographical notice / unattributed review	unclassified from title metadata	review-of-record entry reached			metadata only; full text not reached
	JSL volume 7 issue 2 Cover and Front matter	1942	7	2	f1-f4	cover/front/back matter	editorial/association apparatus				metadata only; full text not reached
	Errata	1942	7	2	iv-iv	errata	editorial/association apparatus				metadata only; full text not reached
Haskell B. Curry	The combinatory foundations of mathematical logic	1942	7	2	49-64	primary technical publication	general mathematical logic	in-block contemporaneous review entry immediately identified			metadata only; full text not reached
Paul Bernays	A system of axiomatic set theory. Part III. Infinity and enumerability. Analysis	1942	7	2	65-89	primary technical publication	set theory and foundations		technical-depth potentially sufficient		metadata only; full text not reached
Ernest Nagel	Reviews - Dagobert D. Runes, editor. The dictionary of philosophy. Philosophical Library and Alliance Book Corporation, New York, 1942, viii + 343 pp.	1942	7	2	90-91	review	philosophy, language, and inductive logic	review-of-record entry reached			metadata only; full text not reached
Morton G. White	Alonzo Church. Elementary topics in mathematical logic. Lectures given at the Galois Institute of Mathematics at Long Island University. Mimeographed. The Galois Institute of Mathematics, Brooklyn, N. Y., 1940-1941, 102 pp.	1942	7	2	91-92	review	general mathematical logic	review-of-record entry reached			metadata only; full text not reached
Paul Bernays	Max Steck. Ein unbekannter Brief von Gottlob Frege über Hilberts erste Vorlesung über die Grundlagen der Geometrie. Sitzungsberichte der Heidelberger Akademie der Wissenschaften, Math.-naturw. Klasse 1940, no. 6 (1940), 8 pp.	1942	7	2	92-93	review	unclassified from title metadata	review-of-record entry reached			metadata only; full text not reached
Paul Bernays	Wilhelm Ackermann. Ein System der typenfreien Logik I. Forschungen zur Logik und zur Grundlegung der exakten Wissenschaften, new series, no. 7. Leipzig1941, 29 pp.	1942	7	2	93-95	review	general mathematical logic	review-of-record entry reached			metadata only; full text not reached
Everett J. Nelson	Morris T. Keeton. On defining the term “fact.”The journal of philosophy, vol. 39 (1942), pp. 123–132. - C. J. Ducasse. Is a fact a true proposition?—A reply. The journal of philosophy, vol. 39 (1942), pp. 132–136.	1942	7	2	95-96	review	propositional, many-valued, and modal logic	review-of-record entry reached			metadata only; full text not reached
Everett J. Nelson	Thomas Greenwood. The metaphysical ground of logical operations. The new scholasticism, vol. 16 (1942), pp. 150–166.	1942	7	2	96-96	review	general mathematical logic	review-of-record entry reached			metadata only; full text not reached
Carl G. Hempel	Paul Weiss. The logic of semantics. The journal of philosophy, vol. 39 (1942), pp. 169–177. - Ernest Nagel. Operational analysis as an instrument for the critique of linguistic signs. The journal of philosophy, vol. 39 (1942), pp. 177–189. - Andrew Ushenko. The problem of semantics. Operational analysis as an instrument for the critique of linguistic signs. The journal of philosophy, vol. 39 (1942), pp. 197–205.	1942	7	2	96-98	review	model theory and semantics	review-of-record entry reached			metadata only; full text not reached
Carl G. Hempel	C. H. Langford. Note on a device of Quine and Goodman. The journal of symbolic logic, vol. 6 (1941), pp. 154–155.	1942	7	2	98-98	review	philosophy, language, and inductive logic	review-of-record entry reached			metadata only; full text not reached
C. H. Langford	Manley H. ThompsonJr. Reduction sentences and metaphysics. The philosophical review, vol. 50 (1941), pp. 610–615.	1942	7	2	99-99	review	philosophy, language, and inductive logic	review-of-record entry reached			metadata only; full text not reached
Carl G. Hempel	Marvin Farber. Logical systems and the principles of logic. Philosophy of science, vol. 9 (1942), pp. 40–54.	1942	7	2	99-99	review	philosophy, language, and inductive logic	review-of-record entry reached			metadata only; full text not reached
H. E. Vaughan	William Wernick. Complete sets of logical functions. Transactions of the American Mathematical Society, vol. 51 (1942), pp. 117–132.	1942	7	2	99-99	review	general mathematical logic	review-of-record entry reached			metadata only; full text not reached
Alonzo Church	Everett W. Hall. Some dangers in the use of symbolic logic in psychology. Psychological review, vol. 49 (1942), pp. 142–169.	1942	7	2	100-100	review	philosophy, language, and inductive logic	review-of-record entry reached			metadata only; full text not reached
Alonzo Church	Willard V. Quine. Whitehead and the rise of modern logic. The philosophy of Alfred North Whitehead, edited by Paul Arthur Schilpp, Northwestern University, Evanston and Chicago1941, pp. 127–163.	1942	7	2	100-101	review	philosophy, language, and inductive logic	review-of-record entry reached			metadata only; full text not reached
Ernest Nagel	Alfred North Whitehead. Mathematics and the good. The philosophy of Alfred North Whitehead, edited by Paul Arthur Schilpp, Northwestern University, Evanston and Chicago1941, pp. 666–681.	1942	7	2	101-101	review	philosophy, language, and inductive logic	review-of-record entry reached			metadata only; full text not reached
	Related Citations	1942	7	2	101-104	citation-linkage matter	editorial/association apparatus				metadata only; full text not reached
	JSL volume 7 issue 3 Cover and Front matter	1942	7	3	f1-f4	cover/front/back matter	editorial/association apparatus				metadata only; full text not reached
	Errata	1942	7	3	iv-iv	errata	editorial/association apparatus				metadata only; full text not reached
Frederic B. Fitch	A basic logic	1942	7	3	105-114	primary technical publication	general mathematical logic				metadata only; full text not reached
Haskell B. Curry	The inconsistency of certain formal logics	1942	7	3	115-117	primary technical publication	proof theory and formal systems	in-block contemporaneous review entry immediately identified			metadata only; full text not reached
W. T. Parry	J. C. C. McKinsey. A solution of the decision problem for the Lewis systems S2 and S4, with an application to topology. The journal of symbolic logic, vol. 6 (1941), pp. 117–134.	1942	7	3	118-119	review	computability, recursion, and decidability	review-of-record entry reached			metadata only; full text not reached
J. C. C. McKinsey	Nelson Goodman. Sequences. The journal of symbolic logic, vol. 6 (1941), pp. 150–153.	1942	7	3	120-120	review	philosophy, language, and inductive logic	review-of-record entry reached			metadata only; full text not reached
Frederic B. Fitch	Barkley Rosser. The Burali-Forti paradox. The journal of symbolic logic, vol. 7 (1942), pp. 1–17.	1942	7	3	120-121	review	philosophy, language, and inductive logic	review-of-record entry reached			metadata only; full text not reached
Frederic B. Fitch	W. V. Quine. Element and number. The journal of symbolic logic, vol. 6 (1941), pp. 135–149.	1942	7	3	121-122	review	philosophy, language, and inductive logic	review-of-record entry reached			metadata only; full text not reached
Leon Henkin	M. H. A. Newman and A. M. Turing. A formal theorem in Church's theory of types. The journal of symbolic logic, vol. 7 (1942), pp. 28–33.	1942	7	3	122-122	review	computability, recursion, and decidability	review-of-record entry reached			metadata only; full text not reached
H. E. Vaughan	Barkley Rosser. New sets of postulates for combinatory logics. The journal of symbolic logic, vol. 7 (1942), pp. 18–27.	1942	7	3	122-123	review	proof theory and formal systems	review-of-record entry reached			metadata only; full text not reached
H. E. Vaughan	M. H. A. Newman. On theories with a combinatorial definition of “equivalence.”Annals of mathematics, ser. 2 vol. 43 (1942), pp. 223–243.	1942	7	3	123-123	review	unclassified from title metadata	review-of-record entry reached			metadata only; full text not reached
Saunders MacLane	M. H. A. Newman. A characterisation of Boolean lattices and rings. The journal of the London Mathematical Society, vol. 16 (1941), pp. 256–272.	1942	7	3	123-124	review	algebraic logic	review-of-record entry reached			metadata only; full text not reached
Saunders MacLane	- M. H. A. Newman. Relatively complemented algebras. The journal of the London Mathematical Society, vol. 17 (1942), pp. 34–47.	1942	7	3	124-124	review	unclassified from title metadata	review-of-record entry reached			metadata only; full text not reached
Saunders MacLane	Paul C. Rosenbloom. Post algebras. I. Postulates and general theory. American journal of mathematics, vol. 64 (1942), pp. 167–188.	1942	7	3	124-125	review	proof theory and formal systems	review-of-record entry reached			metadata only; full text not reached
E. R. Lorch	S. Pankajam. Ideal theory in Boolean algebra and its application to deductive systems. Proceedings of the Indian Academy of Sciences, Section A, vol. 14 (1941), pp. 670–684.	1942	7	3	125-125	review	algebraic logic	review-of-record entry reached			metadata only; full text not reached
Alonzo Church	Garrett Birkhoff. An extended arithmetic. Duke mathematical journal, vol. 3 (1937), pp. 311–316. - Garrett Birkhoff. Generalized arithmetic. Duke mathematical journal, vol. 9 (1942), pp. 283–302.	1942	7	3	125-126	review	unclassified from title metadata	review-of-record entry reached			metadata only; full text not reached
Alonzo Church	Hans Robert Müller. Algebraischer Aussagenkalkül. Akademie der Wissenschaften in Wien, Mathematisch-naturwissenschaftliche Klasse, Sitzungsberichte, Abteilung II a, vol. 149 (1940), pp. 77–115.	1942	7	3	126-126	review	unclassified from title metadata	review-of-record entry reached			metadata only; full text not reached
G. H. Von Wright	Oiva Ketonen. Predikaattikalkyylin täydellisyydestä (Über die Vollständigkeit des Prädikatenkalküls). Ajalus (Porvoo), Bd. 10 (1941), S. 77–92.	1942	7	3	126-126	review	unclassified from title metadata	review-of-record entry reached			metadata only; full text not reached
William Barrett	Giovanni Giorgi. Riflessioni sui fondamenti primi della teoria degli insiemi. Pontificia Accidentia Scientiarum, Acta, vol. 5 no. 6 (1941), pp. 35–40.	1942	7	3	127-127	review	unclassified from title metadata	review-of-record entry reached			metadata only; full text not reached
G. H. Von Wright	P. Siro. Lauseoppi uuden logiikan valossa (Die Syntax im Lichte der neuen Logik)Virittäjä (Helsinki), 1941, S. 192–205.	1942	7	3	127-127	review	general mathematical logic	review-of-record entry reached			metadata only; full text not reached
J. Kraft	Louis Rougier. The relativity of logic. Philosophy and phenomenological research, vol. 2 no. 2 (1941), pp. 137–158.	1942	7	3	127-128	review	philosophy, language, and inductive logic	review-of-record entry reached			metadata only; full text not reached
C. H. Langford	A. C. Ewing. The linguistic theory of a priori propositions. Proceedings of the Aristotelian Society, pp. 207–244.	1942	7	3	128-128	review	propositional, many-valued, and modal logic	review-of-record entry reached			metadata only; full text not reached
C. H. Langford	W. D. Ross. Some thoughts on Aristotle's logic. Proceedings of the Aristotelian Society, vol. 40 (1939–1940), pp. i-xviii.	1942	7	3	128-128	review	general mathematical logic	review-of-record entry reached			metadata only; full text not reached
Alonzo Church	Stuart Carter Dodd. Dimensions of society. A quantitative systematics for the social sciences. The Macmillan Company, New York1942, ix + 944 pp.	1942	7	3	128-129	review	philosophy, language, and inductive logic	review-of-record entry reached			metadata only; full text not reached
Alonzo Church	J. Findlay. Goedelian sentences: a non-numerical approach. Mind, n.s. vol. 51 (1942), pp. 259–265.	1942	7	3	129-130	review	unclassified from title metadata	review-of-record entry reached			metadata only; full text not reached
Carl G. Hempel	Gustav Bergmann. Remarks concerning the epistemology of scientific empiricism. Philosophy of science, vol. 9 (1942), pp. 283–293.	1942	7	3	130-130	review	philosophy, language, and inductive logic	review-of-record entry reached			metadata only; full text not reached
Charles A. Baylis	William Hester. The logical destiny of data. Philosophy of science, vol. 9 (1942), pp. 233–238.	1942	7	3	130-131	review	philosophy, language, and inductive logic	review-of-record entry reached			metadata only; full text not reached
Mark Kac; Barkley Rosser	L. P. Gokiéli. O tak nazyvaémyh “sodéržatél'nyh aksiomah” matématiĉéskoj logiki (On the so-called “content-having axioms” of mathematical logic). Soobŝĉéniá Gruzinskogo Filiala Akadémii Nauk SSSR (Mitteilungen der Georgischen Abteilung der Akademie der Wissenschaften der USSR), vol. 1 (1940), pp. 421–428, 665–672, 731–738, and Soobŝĉéniá Akadémii Nauk Gruzinskoj SSR (Mitteilungen der Akademie der Wissenschaften der Georgischen SSR) , vol. 2 (1941), pp. 51–58.	1942	7	3	131-131	review	proof theory and formal systems	review-of-record entry reached			metadata only; full text not reached
Charles A. Baylis	SirAlmroth E. Wright. Prolegomena to the logic which searches for truth. William Heinemann Ltd., London1941, xliv + 69 pp	1942	7	3	131-131	review	model theory and semantics	review-of-record entry reached			metadata only; full text not reached
	Related Citations	1942	7	3	131-132	citation-linkage matter	editorial/association apparatus				metadata only; full text not reached
	JSL volume 7 issue 4 Cover and Front matter	1942	7	4	f1-f4	cover/front/back matter	editorial/association apparatus				metadata only; full text not reached
	Errata	1942	7	4	iv-iv	errata	editorial/association apparatus				metadata only; full text not reached
Paul Bernays	A system of axiomatic set theory. Part IV. General set theory	1942	7	4	133-145	primary technical publication	set theory and foundations		technical-depth potentially sufficient		metadata only; full text not reached
A. M. Turing	The use of dots as brackets in Church's system	1942	7	4	146-156	primary technical publication	unclassified from title metadata	in-block contemporaneous review entry immediately identified			metadata only; full text not reached
W. V. Quine	On existence conditions for elements and classes	1942	7	4	157-159	primary technical publication	unclassified from title metadata	in-block contemporaneous review entry immediately identified			metadata only; full text not reached
Edmund C. Berkeley	Conditions affecting the application of symbolic logic	1942	7	4	160-168	primary technical publication	philosophy, language, and inductive logic	in-block contemporaneous review entry immediately identified			metadata only; full text not reached
Carl G. Hempel	Reviews - Paul Henle. The status of emergence. The journal of philosophy, vol. 39 (1942), pp. pp. 486–493.	1942	7	4	169-170	review	philosophy, language, and inductive logic	review-of-record entry reached			metadata only; full text not reached
Alonzo Church; Haskell B. Curry	The Inconsistency of Certain Formal Logics.	1942	7	4	170	review	proof theory and formal systems	review-of-record entry reached			metadata only; full text not reached
Everett J. Nelson	Gustav Bergmann. Syntactical analysis of the class calculus. Philosophy of Science, vol. 9 (1942), pp. 227–232.	1942	7	4	170-170	review	proof theory and formal systems	review-of-record entry reached			metadata only; full text not reached
Charles A. Baylis	Warner Arms Wick. On the identification of philosophy with logical analysis. The philosophical review, vol. 51 (1942), pp. 508–513.	1942	7	4	170-170	review	philosophy, language, and inductive logic	review-of-record entry reached			metadata only; full text not reached
Alonzo Church	J. W. LasleyJr. The revolt against Aristotle. American scientist, vol. 30 (1942), pp. 275–287.	1942	7	4	171-171	review	unclassified from title metadata	review-of-record entry reached			metadata only; full text not reached
Alonzo Church	K. Chandrasekharan. The logic of intuitionistic mathematics. The mathematics student (Madras), vol. 9 no. 4 (for 1941, pub. 1942), pp. 143–154.	1942	7	4	171-171	review	general mathematical logic	review-of-record entry reached			metadata only; full text not reached
P. Lagerström	N. H. McCoy. Remarks on divisors of zero. The American mathematical monthly, vol. 49 (1942), pp. 286–295.	1942	7	4	171-171	review	unclassified from title metadata	review-of-record entry reached			metadata only; full text not reached
Ernest Nagel	L. O. Kattsoff and J. Thibaut. Semiotic and psychological concepts. Psychological review, vol. 49 (1942), pp. 475–485.	1942	7	4	171-172	review	general mathematical logic	review-of-record entry reached			metadata only; full text not reached
Max Black	Arnulf Molitor. Zur neupositivistischen Philosophie der Mathematik. Philosophisches Jahrbuch der Görres-Gesellschaft, vol. 53 (1940), pp. 427–436, and vol. 54 (1941), pp. 54-70, 214-228.	1942	7	4	172-172	review	philosophy, language, and inductive logic	review-of-record entry reached			metadata only; full text not reached
Ernest Nagel	James A. ChristensonJr. The if-then relation and scientific inference. Psychological review, pp. 486–493.	1942	7	4	172-172	review	general mathematical logic	review-of-record entry reached			metadata only; full text not reached
Frederic B. Fitch	Everett H. Larguier. Concerning some views on the structure of mathematics. The Thomist, vol. 4 (1942), pp. 431–444.	1942	7	4	172-173	review	unclassified from title metadata	review-of-record entry reached			metadata only; full text not reached
Frederic B. Fitch	Edwin W. Patterson. Logic in the law. University of Pennsylvania law review, vol. 90 (1941–1942), pp. 875–909.	1942	7	4	173-173	review	general mathematical logic	review-of-record entry reached			metadata only; full text not reached
R. Vázquez; R. M. Martin	Elías A. De Cesare. Lógica y matemática. Revista de ciencias económicas (Buenos Aires), October 1938. Offprint, pp. 1–42.	1942	7	4	173-173	review	unclassified from title metadata	review-of-record entry reached			metadata only; full text not reached
Saunders MacLane	Annibale Pastore. Sullo sviluppo delle operazioni logiche dipendenti solo dal numero degli enti. Atti delta Reale Accademia delle Scienze di Torino, Classe di scienze morali, storiche e filologiche, vol. 75 no. 1 (1940), pp. 3–11.	1942	7	4	174-174	review	general mathematical logic	review-of-record entry reached			metadata only; full text not reached
Alonzo Church	Elías A. De Cesare. Evolución de la lógica. Revista de ciencias económicas, December 1941. Offprint, pp. 1–8.	1942	7	4	174-174	review	unclassified from title metadata	review-of-record entry reached			metadata only; full text not reached
R. Vázquez; R. M. Martin	Elías A. De Cesare. La lógica moderna y la crisis de la matemática (Resumen de una conferencia). Revista del Centra Estudiantes de Ingenieria (La Plata), vol. 16 no. 65 (1939), pp. 239–243.	1942	7	4	174-174	review	unclassified from title metadata	review-of-record entry reached			metadata only; full text not reached
Alonzo Church	Teodoro Sánchez De Bustamante. El infinito. Conferencia dedicada a los estudiantes del Colegio Nacional de Buenos Aires y pronunciada por su autor en ese Colegio el 25 de septiembre de 1941. Buenos Aires, Imprenta de la Universidad, 1941, 31 pp.	1942	7	4	174-174	review	unclassified from title metadata	review-of-record entry reached			metadata only; full text not reached
	Related Citations	1942	7	4	174-175	citation-linkage matter	editorial/association apparatus				metadata only; full text not reached
	Institutional Contributing subscribers to the Journal of Symbolic Logic	1942	7	4	176-176	association record	editorial/association apparatus				metadata only; full text not reached
	List of officers and members of the Association for Symbolic Logic	1942	7	4	177-180	association record	editorial/association apparatus				metadata only; full text not reached
	JSL volume 8 issue 1 Cover and Front matter and Errata	1943	8	1	f1-f6	cover/front/back matter	editorial/association apparatus				metadata only; full text not reached
R. M. Martin	A homogeneous system for formal logic	1943	8	1	1-23	primary technical publication	proof theory and formal systems	in-block contemporaneous review entry immediately identified			metadata only; full text not reached
Ray H. Dotterer	A supplementary note on the rules of the antilogism	1943	8	1	24-24	primary technical publication	unclassified from title metadata				metadata only; full text not reached
M. J. Alban	Independence of the primitive symbols of Lewis's calculi of propositions	1943	8	1	25-26	primary technical publication	propositional, many-valued, and modal logic	in-block contemporaneous review entry immediately identified			metadata only; full text not reached
Ernest Nagel	Reviews - Max Black. Conventionalism in geometry and the interpretation of necessary statements. Philosophy of science, vol. 9 (1942), pp. 335–349.	1943	8	1	27-28	review	model theory and semantics	review-of-record entry reached			metadata only; full text not reached
Alonzo Church	Thomas Greenwood. Les principes de la logique mathématique. Revue de l'Université d'Ottawa, vol. 11 (1941), section speciale, pp. 47*–78*. Also separately published by Editions de l'Université d'Ottawa, Ottawa, Ontario, 1941, 32 pp. Also reprinted in Études sur la connaissance mathématique, by Thomas Greenwood, Editions de l'Université d'Ottawa, Ottawa, Ontario, 1942.	1943	8	1	28-29	review	general mathematical logic	review-of-record entry reached			metadata only; full text not reached
Carl G. Hempel	Warner Arms Wick. Metaphysics and the new logic. The University of Chicago Press, Chicago1942, xiii + 202 pp.	1943	8	1	29-30	review	general mathematical logic	review-of-record entry reached			metadata only; full text not reached
George D. W. Berry	Frederic B. Fitch. A basic logic. The journal of symbolic logic, vol. 7 (1942), pp. 105–114. See erratum, ibid., p. iv.	1943	8	1	30-30	review	philosophy, language, and inductive logic	review-of-record entry reached			metadata only; full text not reached
Barkley Rosser	Haskell B. Curry. The combinatory foundations of mathematical logic. The journal of symbolic logic, vol. 7 (1942), pp. 49–64.	1943	8	1	31-31	review	philosophy, language, and inductive logic	review-of-record entry reached			metadata only; full text not reached
Charles A. Baylis	Hermann Weyl. The ghost of modality. Philosophical essays in memory of Edmund Husserl, edited by Marvin Farber, Harvard University Press, Cambridge, Mass., 1940, pp. 278–303.	1943	8	1	31-31	review	propositional, many-valued, and modal logic	review-of-record entry reached			metadata only; full text not reached
Alonzo Church	W. V. Quine. On existence conditions for elements and classes. The journal of symbolic logic, vol. 7 (1942), pp. 157–159.	1943	8	1	31-32	review	philosophy, language, and inductive logic	review-of-record entry reached			metadata only; full text not reached
Alonzo Church	S. C. Kleene. Recursive predicates and quantifiers. Transactions of the American Mathematical Society, vol. 53 (1943), pp. 41–73.	1943	8	1	32-34	review	computability, recursion, and decidability	review-of-record entry reached			metadata only; full text not reached
B. O. Koopman	Harold Jeffreys. Theory of probability. Oxford University Press, Oxford1939, vii + 380 pp.	1943	8	1	34-35	review	philosophy, language, and inductive logic	review-of-record entry reached			metadata only; full text not reached
Alonzo Church	Peter A. Carmichael. The null class nullified. The philosophical review, vol. 52 (1943), pp. 61–68.	1943	8	1	35-35	review	philosophy, language, and inductive logic	review-of-record entry reached			metadata only; full text not reached
C. H. Langford	Rudolf Carnap. Introduction to semantics. Harvard University Press, Cambridge, Mass., 1942, xii + 263 pp.	1943	8	1	36-37	review	model theory and semantics	review-of-record entry reached			metadata only; full text not reached
	Related Citations	1943	8	1	37-37	citation-linkage matter	editorial/association apparatus				metadata only; full text not reached
	Abstracts of Papers	1943	8	1	38	meeting abstracts	editorial/association apparatus				metadata only; full text not reached
	Elections. Abstracts of Papers	1943	8	1	38-40	meeting abstracts	editorial/association apparatus				metadata only; full text not reached
	JSL volume 8 issue 1 Cover and Back matter	1943	8	1	b1-b1	cover/front/back matter	editorial/association apparatus				metadata only; full text not reached
	JSL volume 8 issue 2 Cover and Front matter and Errata	1943	8	2	f1-f6	cover/front/back matter	editorial/association apparatus				metadata only; full text not reached
Shianghaw Wang	A system of completely independent axioms for the sequence of natural numbers	1943	8	2	41-44	primary technical publication	proof theory and formal systems	in-block contemporaneous review entry immediately identified			metadata only; full text not reached
Alonzo Church	Reviews - Willard V. Quine. Notes on existence and necessity. The journal of philosophy, vol. 40 (1943), pp. 113–127.	1943	8	2	45-47	review	model theory and semantics	review-of-record entry reached			metadata only; full text not reached
Alonzo Church	Gerard Esser. Logica, in usum scholarum. The Mission Press, Techny, Ill., 1942, xv + 247 pp.	1943	8	2	47-48	review	general mathematical logic	review-of-record entry reached			metadata only; full text not reached
Alonzo Church	Bernard Lonergan. The form of inference. Thought, vol. 18 (1943), pp. 277–292.	1943	8	2	48-48	review	unclassified from title metadata	review-of-record entry reached			metadata only; full text not reached
Alonzo Church	Peter A. Carmichael. Animadversion on the null class. Philosophy of science, vol. 10 (1943), pp. 90–94.	1943	8	2	48-48	review	philosophy, language, and inductive logic	review-of-record entry reached			metadata only; full text not reached
Ernest Nagel	K. R. Popper. Are contradictions embracing?Mind, n.s. vol. 52 (1943), pp. 47–50.	1943	8	2	48-49	review	unclassified from title metadata	review-of-record entry reached			metadata only; full text not reached
G. H. von Wright; Hilppa Kinos	David Hilbert and the Principle of Invariance.	1943	8	2	49	review	unclassified from title metadata	review-of-record entry reached			metadata only; full text not reached
Ernest Nagel	Arthur W. Burks. Peirce's conception of logic as a normative science. The philosophical review, vol. 52 (1943), pp. 187–193.	1943	8	2	49-49	review	philosophy, language, and inductive logic	review-of-record entry reached			metadata only; full text not reached
G. H. Von Wright	Hilppa Kinos. Invarianssin periaatteesta David Hilbertillä (David Hilbert and the principle of invariance). Ajatus (Helsinki), vol. 11 (1942), pp. 90–113.	1943	8	2	49-49	review	unclassified from title metadata	review-of-record entry reached			metadata only; full text not reached
Ernest Nagel	John R. Reid. Definitional rules: their nature, status, and normative function. The journal of philosophy, vol. 40 (1943), pp. 188–192.	1943	8	2	49-49	review	philosophy, language, and inductive logic	review-of-record entry reached			metadata only; full text not reached
G. H. Von Wright	Uuno Saarnio. Mitä on filosofia? (What is philosophy?)Ajatus (Helsinki), vol. 11 (1942), pp. 171–219.	1943	8	2	49-50	review	philosophy, language, and inductive logic	review-of-record entry reached			metadata only; full text not reached
G. H. von Wright	Some Remarks Concerning Necessary and Sufficient Conditions.	1943	8	2	50	review	unclassified from title metadata	review-of-record entry reached			metadata only; full text not reached
Author abstract	G. H. Von Wright. Några anmärkningar om nödvändiga och tillräckliga betingelser (Some remarks concerning necessary and sufficient conditions). Ajatus (Helsinki), vol. 11 (1942), pp. 220–239.	1943	8	2	50-50	review	unclassified from title metadata	review-of-record entry reached			metadata only; full text not reached
Alonzo Church	José Encinas del Pando. La lógica de Bertrand Russell. Universidad de Antioquia, no. 37 (1940), pp. 85–104.	1943	8	2	50-50	review	unclassified from title metadata	review-of-record entry reached			metadata only; full text not reached
Alonzo Church	Emil L. Post. Formal reductions of the general combinatorial decision problem. American journal of mathematics, vol. 65 (1943), pp. 197–215.	1943	8	2	50-52	review	computability, recursion, and decidability	review-of-record entry reached			metadata only; full text not reached
Alonzo Church	Haskell B. Curry. Some advances in the combinatory theory of quantification. Proceedings of the National Academy of Sciences of the United States of America, vol. 28 (1942), pp. 564–569.	1943	8	2	52-52	review	philosophy, language, and inductive logic	review-of-record entry reached			metadata only; full text not reached
Alonzo Church	C. West Churchman. Towards a general logic of propositions. Philosophical essays in honor of Edgar Arthur Singer, Jr., edited by F. P. Clarke and M. C. Nahm, University of Pennsylvania Press, Philadelphia1942, pp. 46–68. Also reprinted separately as dissertation, University of Pennsylvania 1942.	1943	8	2	53-54	review	propositional, many-valued, and modal logic	review-of-record entry reached			metadata only; full text not reached
J. C. C. McKinsey	R. M. Martin. A homogeneous system for formal logic. The journal of symbolic logic, vol. 8 (1943), pp. 1–23.	1943	8	2	54-54	review	proof theory and formal systems	review-of-record entry reached			metadata only; full text not reached
Carl G. Hempel	Glenn Edward Dexter. The calculus of non-contradiction. American journal of mathematics, vol. 65 (1943), pp. 171–178.	1943	8	2	54-55	review	proof theory and formal systems	review-of-record entry reached			metadata only; full text not reached
J. C. C. McKinsey	Oystein Ore. Theory of equivalence relations. Duke mathematical journal, vol. 9 (1942), pp. 573–627.	1943	8	2	55-56	review	unclassified from title metadata	review-of-record entry reached			metadata only; full text not reached
J. C. C. McKinsey	E. R. Stabler. Boolean algebra as an introduction to postulational methods. The American mathematical monthly, vol. 50 (1943), pp. 106–110.	1943	8	2	56-56	review	algebraic logic	review-of-record entry reached			metadata only; full text not reached
Frederic B. Fitch	M. J. Alban. Independence of the primitive symbols of Lewis's calculi of propositions. The journal of symbolic logic, vol. 8 (1943), pp. 25–26.	1943	8	2	56-56	review	propositional, many-valued, and modal logic	review-of-record entry reached			metadata only; full text not reached
Charles A. Baylis	Virgil G. HinshawJr. The epistemological relevance of Mannheim's sociology of knowledge. The journal of philosophy, vol. 40 (1943), pp. 57–72.	1943	8	2	56-56	review	philosophy, language, and inductive logic	review-of-record entry reached			metadata only; full text not reached
Frederic B. Fitch	Tseng Ting-Ho. La philosophie mathématique et la théorie des ensembles. Dissertation Paris1938. Vigot fr., Paris 1938, 166 pp.	1943	8	2	56-57	review	philosophy, language, and inductive logic	review-of-record entry reached			metadata only; full text not reached
Frederic B. Fitch	C. J. Ducasse. Some comments on C. W. Morris's “Foundations of the theory of signs.”Philosophy and phenomenological research, vol. 3 no. 1 (1942), pp. 43–52.	1943	8	2	57-57	review	philosophy, language, and inductive logic	review-of-record entry reached			metadata only; full text not reached
J. C. C. McKinsey	Willis Moore. The indexical and the presentative functions of signs. Philosophy of science, vol. 9 (1942), pp. 367–371. - Gustave Bergmann. Discussion. Philosophy of science, vol. 9 (1942), pp. 372–374. - Jean Piaget. Le rôle de la tautologie dans la composition additive des classes et des ensembles. Compte rendu des séances de la Société de Physique et d'Histoire Naturelle de Genève (supplément aux Archives des sciences physiques et naturelles ), vol. 58 (1941), pp. 102–107. - Jean Piaget. Le groupement additif des classes. Compte rendu des séances de la Société de Physique et d'Histoire Naturelle de Genève (supplément aux Archives des sciences physiques et naturelles ), vol. 58 (1941), pp. 107–112. - Jean Piaget. Le groupement additif des relations asymétriques (sériation qualitative) et ses rapports avec le groupement additif des classes. Compte rendu des séances de la Société de Physique et d'Histoire Naturelle de Genève (supplément aux Archives des sciences physiques et naturelles ), vol. 58 (1941), pp. 117–122. - Jean Piaget. Sur les rapports entre les groupements additifs des classes et des relations asymétriques et le groupe additif des nombres entiers. Compte rendu des séances de la Société de Physique et d'Histoire Naturelle de Genève (supplément aux Archives des sciences physiques et naturelles ), vol. 58 (1941), pp. 122–126. - Jean Piaget. Les groupements de la classification complète et de l'addition des relations symétriques. Compte rendu des séances de la Société de Physique et d'Histoire Naturelle de Genève (supplément aux Archives des sciences physiques et naturelles ), vol. 58 (1941), 149–154. - Jean Piaget. Les groupements de la multiplication biunivoque des classes et de celle des relations. Compte rendu des séances de la Société de Physique et d'Histoire Naturelle de Genève (supplément aux Archives des sciences physiques et naturelles ), vol. 58 (1941), pp. 154–159. - Jean Piaget. Les groupements de la multiplication co-univoque des classes et des relations. Compte rendu des séances de la Société de Physique et d'Histoire Naturelle de Genève (supplément aux Archives des sciences physiques et naturelles ), vol. 58 (1941), pp. 192–197. - Jean Piaget. La fonction régulatrice du groupement dans le développement mental: esquisse d'une théorie opératoire de l'intelligence. Compte rendu des séances de la Société de Physique et d'Histoire Naturelle de Genève (supplément aux Archives des sciences physiques et naturelles ), vol. 58 (1941), pp. 198–203.	1943	8	2	57-58	review	philosophy, language, and inductive logic	review-of-record entry reached			metadata only; full text not reached
	Related Citations	1943	8	2	58-60	citation-linkage matter	editorial/association apparatus				metadata only; full text not reached
	JSL volume 8 issue 3 Cover and Front matter and Errata	1943	8	3	f1-f6	cover/front/back matter	editorial/association apparatus				metadata only; full text not reached
J. C. C. McKinsey	The decision problem for some classes of sentences without quantifiers	1943	8	3	61-76	primary technical publication	computability, recursion, and decidability				metadata only; full text not reached
Paul Bernays	Reviews - Karl Schröter. Ein allgemeiner Kalkülbegriff. Forschungen zur Logik und zur Grundlegung der exakten Wissenschaften, new series, no. 6. Leipzig1941, 43 pp.	1943	8	3	77-79	review	general mathematical logic	review-of-record entry reached			metadata only; full text not reached
Enrique Bustamante	Beppo Levi. Correría en la lógica. Universidad National de Tucumán, Revista, Serie A, Matemáticas y física teórica, vol. 3 no. 1 (1942), pp. 13–78.	1943	8	3	79-80	review	unclassified from title metadata	review-of-record entry reached			metadata only; full text not reached
George D. W. Berry	John C. Cooley. A primer of formal logic. The Macmillan Company, New York1942, xi + 378 pp.	1943	8	3	80-81	review	proof theory and formal systems	review-of-record entry reached			metadata only; full text not reached
Carl G. Hempel	Rudolf Carnap. Formalization of logic. Harvard University Press, Cambridge, Mass., 1943, xviii + 159 pp.	1943	8	3	81-83	review	proof theory and formal systems	review-of-record entry reached			metadata only; full text not reached
Max Black	Harold R. Smart. Cassirer versus Russell. Philosophy of science, vol. 10 (1943), pp. 167–175.	1943	8	3	83-84	review	philosophy, language, and inductive logic	review-of-record entry reached			metadata only; full text not reached
C. H. Langford	C. D. Broad. Kant's theory of mathematical and philosophical reasoning. Proceedings of the Aristotelian Society, vol. 42 (1941-1942), pp. 1–24.	1943	8	3	84-84	review	philosophy, language, and inductive logic	review-of-record entry reached			metadata only; full text not reached
J. C. C. McKinsey	Shianghaw Wang. A system of completely independent axioms for the sequence of natural numbers. The journal of symbolic logic, vol. 8 (1943), pp. 41–44.	1943	8	3	84-84	review	proof theory and formal systems	review-of-record entry reached			metadata only; full text not reached
H. E. Vaughan	S. Pankajam. On the formal structure of the proposilional calculus II. The journal of the Indian Mathematical Society, n.s. vol. 6 (1942), pp. 51–62. - S. Pankajam. Postscript. The journal of the Indian Mathematical Society, n.s. vol. 6 (1942), p. 102.	1943	8	3	84-84	review	proof theory and formal systems	review-of-record entry reached			metadata only; full text not reached
H. E. Vaughan	A. M. Tubing. The use of dots as brackets in Church's system. The journal of symbolic logic, vol. 7 (1942) pp. 146–156.	1943	8	3	85-85	review	philosophy, language, and inductive logic	review-of-record entry reached			metadata only; full text not reached
H. E. Vaughan	Edmund C. Berkeley. Conditions affecting the application of symbolic logic. The journal of symbolic logic, vol. 7 (1942) pp. 160–168.	1943	8	3	85-85	review	philosophy, language, and inductive logic	review-of-record entry reached			metadata only; full text not reached
Charles A. Baylis	H. R. Smart. The classification of the elements of discourse. The philosophical review, vol. 52 (1943), pp. 233–251.	1943	8	3	85-85	review	philosophy, language, and inductive logic	review-of-record entry reached			metadata only; full text not reached
C. H. Langford	Stuart Hampshire. Ideas, propositions and signs. Proceedings of the Aristotelian Society, vol 40 (1939–1940), pp. 1–26.	1943	8	3	85-85	review	propositional, many-valued, and modal logic	review-of-record entry reached			metadata only; full text not reached
Max Black	Elizabeth Lane Beardsley. The semantical aspect of sentences. The journal of philosophy, vol. 40 (1943), pp. 393–403.	1943	8	3	85-86	review	model theory and semantics	review-of-record entry reached			metadata only; full text not reached
Alonzo Church	Gustav Bergmann. Notes on identity. Philosophy of science, vol. 10 (1943), pp. 163–166.	1943	8	3	86-86	review	philosophy, language, and inductive logic	review-of-record entry reached			metadata only; full text not reached
Ernest Nagel	Arthur O. Lovejoy. On the criteria and limits of meaning. Philosophical essays in honor of Edgar Arthur Singer, Jr., edited by F. P. Clarke and M. C. Nahm, University of Pennsylvania Press, Philadelphia1942, pp. 3–23.	1943	8	3	87-87	review	philosophy, language, and inductive logic	review-of-record entry reached			metadata only; full text not reached
Frederic B. Fitch	Charles E. Gauss. The interpretation of implication. Philosophy of science, vol. 10 (1943), pp. 95–103.	1943	8	3	87-87	review	propositional, many-valued, and modal logic	review-of-record entry reached			metadata only; full text not reached
	Related Citations	1943	8	3	87-88	citation-linkage matter	editorial/association apparatus				metadata only; full text not reached
	JSL volume 8 issue 4 Cover and Front matter and Errata	1943	8	4	f1-f6	cover/front/back matter	editorial/association apparatus				metadata only; full text not reached
Paul Bernays	A system of axiomatic set theory. Part V. General set theory (continued)	1943	8	4	89-106	primary technical publication	set theory and foundations		technical-depth potentially sufficient		metadata only; full text not reached
Nelson Goodman	On the simplicity of ideas	1943	8	4	107-121	primary technical publication	philosophy, language, and inductive logic				metadata only; full text not reached
Carl G. Hempel	A purely syntactical definition of confirmation	1943	8	4	122-143	primary technical publication	philosophy, language, and inductive logic				metadata only; full text not reached
Paul Bernays	Reviews - Evert W. Beth. Inleiding tot de wijsbegeerte der wiskunde (Introduction to the philosophy of mathematics). Philosophische bibliotheek. Standaard Boekhandel, Antwerp and Brussels; Dekker & van de Vegt, Nijmegen and Utrecht: 1st edn., 1940, 270 pp.; 2nd edn., 1942, 270 pp.	1943	8	4	144-146	review	philosophy, language, and inductive logic	review-of-record entry reached			metadata only; full text not reached
Paul Bernays	E. W. Beth. Summulae logicales. Supplement der formele logica. Bibliotheek voor de didactiek van de exacte vakken. P. Noordhoff, Groningen1942, 55 pp.	1943	8	4	146-147	review	general mathematical logic	review-of-record entry reached			metadata only; full text not reached
C. H. Langford	Ruth L. Saw, William of Ockham on terms, propositions, meanings. Proceedings of the Aristotelian Society, vol. 42 (1941-1942), pp. 45–64.	1943	8	4	147-147	review	propositional, many-valued, and modal logic	review-of-record entry reached			metadata only; full text not reached
Carl G. Hempel	Thomas A. Goudge. Science and symbolic logic. Scripta mathematica, vol. 9 no. 2 (1943), pp. 69–80.	1943	8	4	147-147	review	philosophy, language, and inductive logic	review-of-record entry reached			metadata only; full text not reached
Ebnest Nagel	E. Toms. The principles of implication. Supplement to Philosophy, vol. 18 (1943). Macmillan & Co., London, 23 pp.	1943	8	4	147-148	review	propositional, many-valued, and modal logic	review-of-record entry reached			metadata only; full text not reached
Nelson Goodman	Herbert Feigl. Logical empiricism. Twentieth Century philosophy, edited by Dagobert D. Runes, Philosophical Library, New York1943, pp. 371–416.	1943	8	4	148-148	review	philosophy, language, and inductive logic	review-of-record entry reached			metadata only; full text not reached
Max Black	Abraham Kaplan. Content analysis and the theory of signs. Philosophy of Science, vol. 10 (1943), pp. 230–247.	1943	8	4	149-149	review	philosophy, language, and inductive logic	review-of-record entry reached			metadata only; full text not reached
Morton G. White	C. H. Langford. The notion of analysis in Moore's philosophy. The philosophy of G. E. Moore, edited by Paul Arthur Schilpp, Northwestern University, Evanston and Chicago1942, pp. 319–342. - G. E. Moore. A reply to my critics. The philosophy of G. E. Moore, edited by Paul Arthur Schilpp, Northwestern University, Evanston and Chicago1942, pp. 533–677 (especially pp. 660-667).	1943	8	4	149-151	review	philosophy, language, and inductive logic	review-of-record entry reached			metadata only; full text not reached
	Related Citations	1943	8	4	151-151	citation-linkage matter	editorial/association apparatus				metadata only; full text not reached
	List of officers and members of the Association for Symbolic Logic	1943	8	4	152-156	association record	editorial/association apparatus				metadata only; full text not reached
	Index of reviews	1943	8	4	157-164	review index	editorial/association apparatus				metadata only; full text not reached
