date,source,source_id,domain,original_verdict,sourcecard,patch,hook,hook_integration_status,landing_targets,owner_landing,compact_or_fast_layer,router_or_deep_map_route,active_theory_node,open_tension,current_disposition,next_action,notes
2026-03-07,Quanta: *How Much Energy Does It Take to Think?*（用户粘贴解析）,legacy:2026-03_Part01:001,AI,A,,,,none,Core/SRT_Core_22_Equations.md,claimed_in_log:Core/SRT_Core_22_Equations.md,,,,,legacy_provenance_only,No mass rewrite; inspect only when the current owner is substantively edited.,log=2026-03_Part01.md:18 | official_declared_scope=yes | original_status=已融入 | historical_target_exists=yes | exact_landing_label_survives=no_or_unverified
2026-03-07,"Quanta: *New Strides Made on Deceptively Simple ""Lonely Runner"" Problem*（用户粘贴解析）",legacy:2026-03_Part01:002,core,A,,,,none,Core/SRT_Core_13b_Operator_Advanced.md,claimed_in_log:Core/SRT_Core_13b_Operator_Advanced.md,,,,,owner_landed_not_active,Route only in the relevant active-layer workline; no automatic theory claim.,log=2026-03_Part01.md:19 | official_declared_scope=yes | original_status=已融入 | historical_target_exists=yes | exact_landing_label_survives=yes
2026-03-07,Essentia: *Consciousness without counterpart: Identity beyond representation*（用户粘贴解析）,legacy:2026-03_Part01:003,neuroscience,A,,,,none,Philosophy/SRT_Social_Cognition.md,claimed_in_log:Philosophy/SRT_Social_Cognition.md,,,NODE-CONSCIOUSNESS,,owner_landed_not_active,Route only in the relevant active-layer workline; no automatic theory claim.,log=2026-03_Part01.md:20 | official_declared_scope=yes | original_status=已融入 | historical_target_exists=yes | exact_landing_label_survives=yes
2026-03-07,"New Scientist: *Alzheimer's may start with inflammation in the skin, lungs or gut*（用户粘贴解析）",legacy:2026-03_Part01:004,neuroscience,A,,,,none,Neuroscience/SRT_Neuro_08_Immune_Dist.md,claimed_in_log:Neuroscience/SRT_Neuro_08_Immune_Dist.md,,,NODE-NEURAL-DECODABILITY,,owner_landed_not_active,Route only in the relevant active-layer workline; no automatic theory claim.,log=2026-03_Part01.md:21 | official_declared_scope=yes | original_status=已融入 | historical_target_exists=yes | exact_landing_label_survives=yes
2026-03-07,Nature News: *These brain cells clear proteins that contribute to Alzheimer’s*（doi:10.1038/d41586-026-00747-x，用户粘贴）,legacy:2026-03_Part01:005,neuroscience,A,,,,none,Neuroscience/SRT_Neuro_08_Immune_Dist.md,claimed_in_log:Neuroscience/SRT_Neuro_08_Immune_Dist.md,,,NODE-NEURAL-DECODABILITY,,owner_landed_not_active,Route only in the relevant active-layer workline; no automatic theory claim.,log=2026-03_Part01.md:22 | official_declared_scope=yes | original_status=已融入 | historical_target_exists=yes | exact_landing_label_survives=yes
2026-03-07,Dan Zahavi 访谈：*Being We*（用户粘贴解析）,legacy:2026-03_Part01:006,philosophy,A,,,,none,Philosophy/_SRT_Soc_Bridge.md,claimed_in_log:Philosophy/_SRT_Soc_Bridge.md,,,,,owner_landed_not_active,Route only in the relevant active-layer workline; no automatic theory claim.,log=2026-03_Part01.md:23 | official_declared_scope=yes | original_status=已融入 | historical_target_exists=yes | exact_landing_label_survives=yes
2026-03-07,Popular Mechanics: *Scientists Are Tracking Down the Exact Location of Human Consciousness*（用户粘贴解析）,legacy:2026-03_Part01:007,neuroscience,A,,,,none,Neuroscience/SRT_Clin_00_IIT_PCI.md,claimed_in_log:Neuroscience/SRT_Clin_00_IIT_PCI.md,,,NODE-CONSCIOUSNESS;NODE-NEURAL-DECODABILITY,,owner_landed_not_active,Route only in the relevant active-layer workline; no automatic theory claim.,log=2026-03_Part01.md:24 | official_declared_scope=yes | original_status=已融入 | historical_target_exists=yes | exact_landing_label_survives=yes
2026-03-07,"The Splintered Mind: *Philosophy Should Be Among the Most Diverse Disciplines, Not the Least*（用户粘贴解析）",legacy:2026-03_Part01:008,philosophy,A,,,,none,Philosophy/SRT_Social_MacroDynamics.md,claimed_in_log:Philosophy/SRT_Social_MacroDynamics.md,,,,,owner_landed_not_active,Route only in the relevant active-layer workline; no automatic theory claim.,log=2026-03_Part01.md:25 | official_declared_scope=yes | original_status=已融入 | historical_target_exists=yes | exact_landing_label_survives=yes
2026-03-07,"The Splintered Mind: *Philosophy Should Be Among the Most Diverse Disciplines, Not the Least*（二次深化，用户粘贴解析）",legacy:2026-03_Part01:009,physics,A,,,,none,Philosophy/SRT_Philosophy_Ethics.md,claimed_in_log:Philosophy/SRT_Philosophy_Ethics.md,,,,,owner_landed_not_active,Route only in the relevant active-layer workline; no automatic theory claim.,log=2026-03_Part01.md:26 | official_declared_scope=yes | original_status=已融入 | historical_target_exists=yes | exact_landing_label_survives=yes
2026-03-07,"*Quantum field theories with many fields*（Ludo Fraser-Taliente, 2026，用户摘要）",legacy:2026-03_Part01:010,physics,A,,,,none,Physics/SRT_Phys_09_Formalism_Ext.md,claimed_in_log:Physics/SRT_Phys_09_Formalism_Ext.md,,,NODE-PHYSICS-MEASUREMENT,,owner_landed_not_active,Route only in the relevant active-layer workline; no automatic theory claim.,log=2026-03_Part01.md:27 | official_declared_scope=yes | original_status=已融入 | historical_target_exists=yes | exact_landing_label_survives=yes
2026-03-07,《用迄今最清晰的引力波信号测试爱因斯坦相对论》（用户摘要）,legacy:2026-03_Part01:011,physics,A,,,,none,Physics/SRT_Physics_Cosmology.md;Core/SRT_Experimental_Core.md,claimed_in_log:Physics/SRT_Physics_Cosmology.md;claimed_in_log:Core/SRT_Experimental_Core.md,,,NODE-PHYSICS-MEASUREMENT,,owner_landed_not_active,Route only in the relevant active-layer workline; no automatic theory claim.,log=2026-03_Part01.md:28 | official_declared_scope=yes | original_status=已融入 | historical_target_exists=yes | exact_landing_label_survives=yes
2026-03-07,"*The Lexical Typology of Sensory Perception*（Annual Review of Linguistics, 2026，用户摘要）",legacy:2026-03_Part01:012,philosophy,A,,,,none,Philosophy/SRT_SocTheory_05_Language_Eco.md;SRT_EXP_MEASURE_MAP.md,claimed_in_log:Philosophy/SRT_SocTheory_05_Language_Eco.md;claimed_in_log:SRT_EXP_MEASURE_MAP.md,,,,,owner_landed_not_active,Route only in the relevant active-layer workline; no automatic theory claim.,log=2026-03_Part01.md:29 | official_declared_scope=yes | original_status=已融入 | historical_target_exists=yes | exact_landing_label_survives=yes
2026-03-07,*Ask Ethan: Do signals degrade as they travel through space?*（用户摘要）,legacy:2026-03_Part01:013,physics,A,,,,none,Core/SRT_Core_13a_Operator_Basics.md;Physics/SRT_Phys_10_Integration.md;Physics/SRT_Quant_02_Cosmology.md,claimed_in_log:Core/SRT_Core_13a_Operator_Basics.md;claimed_in_log:Physics/SRT_Phys_10_Integration.md;claimed_in_log:Physics/SRT_Quant_02_Cosmology.md,,,NODE-PHYSICS-MEASUREMENT,,owner_landed_not_active,Route only in the relevant active-layer workline; no automatic theory claim.,log=2026-03_Part01.md:30 | official_declared_scope=yes | original_status=已融入 | historical_target_exists=yes | exact_landing_label_survives=yes
2026-03-07,社会认同（Social Identity，用户摘要）,legacy:2026-03_Part01:014,philosophy,A,,,,none,Philosophy/SRT_SocTheory_06_L2_Dynamics.md;Philosophy/_SRT_Soc_Bridge.md;_SRT_VERTICAL_INTEGRATION.md,claimed_in_log:Philosophy/SRT_SocTheory_06_L2_Dynamics.md;claimed_in_log:Philosophy/_SRT_Soc_Bridge.md;claimed_in_log:_SRT_VERTICAL_INTEGRATION.md,,,,,owner_landed_not_active,Route only in the relevant active-layer workline; no automatic theory claim.,log=2026-03_Part01.md:31 | official_declared_scope=yes | original_status=已融入 | historical_target_exists=yes | exact_landing_label_survives=yes
2026-03-07,社会认同（Social Identity，本次重复提交）,legacy:2026-03_Part01:015,cross_domain_or_writing,C,,,,none,,,,,,,superseded_or_duplicate,No action; retain provenance only.,log=2026-03_Part01.md:32 | official_declared_scope=yes | original_status=不融入
2026-03-07,The Rigor of Angels（https://www.themarginalian.org/2023/10/15/the-rigor-of-angels/，含原文引句）,legacy:2026-03_Part01:016,philosophy,A,,,,none,Philosophy/SRT_Philosophy_Foundations.md,claimed_in_log:Philosophy/SRT_Philosophy_Foundations.md,,,,,legacy_provenance_only,No mass rewrite; inspect only when the current owner is substantively edited.,log=2026-03_Part01.md:33 | official_declared_scope=yes | original_status=已融入 | historical_target_exists=yes | exact_landing_label_survives=no_or_unverified
2026-03-07,Affordances by Anthony Chemero（用户粘贴全文）,legacy:2026-03_Part01:017,philosophy,A,,,,none,Philosophy/SRT_Social_Cognition.md,claimed_in_log:Philosophy/SRT_Social_Cognition.md,,,,,legacy_provenance_only,No mass rewrite; inspect only when the current owner is substantively edited.,log=2026-03_Part01.md:34 | official_declared_scope=yes | original_status=已融入 | historical_target_exists=yes | exact_landing_label_survives=no_or_unverified
2026-03-07,Theory of Mind by Henry M. Wellman（用户粘贴全文）,legacy:2026-03_Part01:018,AI,A,,,,none,Philosophy/SRT_Social_Cognition.md,claimed_in_log:Philosophy/SRT_Social_Cognition.md,,,,,legacy_provenance_only,No mass rewrite; inspect only when the current owner is substantively edited.,log=2026-03_Part01.md:35 | official_declared_scope=yes | original_status=已融入 | historical_target_exists=yes | exact_landing_label_survives=no_or_unverified
2026-03-07,Cognitive Ontology by Colin Klein（用户粘贴全文）,legacy:2026-03_Part01:019,philosophy,A,,,,none,Philosophy/SRT_Philosophy_Foundations.md,claimed_in_log:Philosophy/SRT_Philosophy_Foundations.md,,,,,legacy_provenance_only,No mass rewrite; inspect only when the current owner is substantively edited.,log=2026-03_Part01.md:36 | official_declared_scope=yes | original_status=已融入 | historical_target_exists=yes | exact_landing_label_survives=no_or_unverified
2026-03-07,Markov Chain Monte Carlo by Adam N. Sanborn（用户粘贴全文）,legacy:2026-03_Part01:020,philosophy,A,,,,none,Philosophy/SRT_Social_Cognition.md,claimed_in_log:Philosophy/SRT_Social_Cognition.md,,,,,legacy_provenance_only,No mass rewrite; inspect only when the current owner is substantively edited.,log=2026-03_Part01.md:37 | official_declared_scope=yes | original_status=已融入 | historical_target_exists=yes | exact_landing_label_survives=no_or_unverified
2026-03-07,Spatial Cognition（https://oecs.mit.edu/pub/or750iar/release/1）,legacy:2026-03_Part01:021,neuroscience,A,,,,none,Neuroscience/SRT_Neuro_10_Advanced_Models.md,claimed_in_log:Neuroscience/SRT_Neuro_10_Advanced_Models.md,,,NODE-NEURAL-DECODABILITY,,legacy_provenance_only,No mass rewrite; inspect only when the current owner is substantively edited.,log=2026-03_Part01.md:38 | official_declared_scope=yes | original_status=已融入 | historical_target_exists=yes | exact_landing_label_survives=no_or_unverified
2026-03-07,Attention by Wayne Wu（用户粘贴全文）,legacy:2026-03_Part01:022,philosophy,A,,,,none,Philosophy/SRT_Social_Cognition.md,claimed_in_log:Philosophy/SRT_Social_Cognition.md,,,,,legacy_provenance_only,No mass rewrite; inspect only when the current owner is substantively edited.,log=2026-03_Part01.md:39 | official_declared_scope=yes | original_status=已融入 | historical_target_exists=yes | exact_landing_label_survives=no_or_unverified
2026-03-08,The Language of Thought Hypothesis（Nicolas Porot & Eric Mandelbaum，用户粘贴全文）,legacy:2026-03_Part01:023,philosophy,A,,,,none,Philosophy/SRT_Social_Cognition.md,claimed_in_log:Philosophy/SRT_Social_Cognition.md,,,,,legacy_provenance_only,No mass rewrite; inspect only when the current owner is substantively edited.,log=2026-03_Part01.md:40 | official_declared_scope=yes | original_status=已融入 | historical_target_exists=yes | exact_landing_label_survives=no_or_unverified
2026-03-08,Bayesian Models of Cognition（Thomas L. Griffiths，用户粘贴全文）,legacy:2026-03_Part01:024,philosophy,A,,,,none,Philosophy/SRT_Social_Cognition.md,claimed_in_log:Philosophy/SRT_Social_Cognition.md,,,,,legacy_provenance_only,No mass rewrite; inspect only when the current owner is substantively edited.,log=2026-03_Part01.md:41 | official_declared_scope=yes | original_status=已融入 | historical_target_exists=yes | exact_landing_label_survives=no_or_unverified
2026-03-08,Niche Construction（Laurel Fogarty，用户粘贴全文）,legacy:2026-03_Part01:025,philosophy,A,,,,none,Philosophy/SRT_SocTheory_05_Language_Eco.md,claimed_in_log:Philosophy/SRT_SocTheory_05_Language_Eco.md,,,,,owner_landed_not_active,Route only in the relevant active-layer workline; no automatic theory claim.,log=2026-03_Part01.md:42 | official_declared_scope=yes | original_status=已融入 | historical_target_exists=yes | exact_landing_label_survives=yes
2026-03-08,Cultural Attractors（Nicolas Claidière & Dan Sperber，用户粘贴全文）,legacy:2026-03_Part01:026,philosophy,A,,,,none,Philosophy/SRT_SocTheory_06_L2_Dynamics.md,claimed_in_log:Philosophy/SRT_SocTheory_06_L2_Dynamics.md,,,,,owner_landed_not_active,Route only in the relevant active-layer workline; no automatic theory claim.,log=2026-03_Part01.md:43 | official_declared_scope=yes | original_status=已融入 | historical_target_exists=yes | exact_landing_label_survives=yes
2026-03-08,Working Memory（Graham J. Hitch & Alan D. Baddeley，用户粘贴全文）,legacy:2026-03_Part01:027,neuroscience,A,,,,none,Neuroscience/SRT_Neural_Mechanisms.md,claimed_in_log:Neuroscience/SRT_Neural_Mechanisms.md,,,NODE-NEURAL-DECODABILITY,,legacy_provenance_only,No mass rewrite; inspect only when the current owner is substantively edited.,log=2026-03_Part01.md:44 | official_declared_scope=yes | original_status=已融入 | historical_target_exists=yes | exact_landing_label_survives=no_or_unverified
2026-03-08,Mental Representation（Manolo Martínez，用户粘贴全文）,legacy:2026-03_Part01:028,philosophy,A,,,,none,Philosophy/SRT_Philosophy_Foundations.md,claimed_in_log:Philosophy/SRT_Philosophy_Foundations.md,,,,,legacy_provenance_only,No mass rewrite; inspect only when the current owner is substantively edited.,log=2026-03_Part01.md:45 | official_declared_scope=yes | original_status=已融入 | historical_target_exists=yes | exact_landing_label_survives=no_or_unverified
2026-03-08,The Language of Thought Hypothesis（Nicolas Porot & Eric Mandelbaum，用户重复粘贴）,legacy:2026-03_Part01:029,cross_domain_or_writing,C,,,,none,,,,,,,superseded_or_duplicate,No action; retain provenance only.,log=2026-03_Part01.md:46 | official_declared_scope=yes | original_status=不融入
2026-03-08,Ritual（Richard Sosis，用户粘贴全文）,legacy:2026-03_Part01:030,philosophy,A,,,,none,Philosophy/SRT_SocTheory_06_L2_Dynamics.md,claimed_in_log:Philosophy/SRT_SocTheory_06_L2_Dynamics.md,,,,,owner_landed_not_active,Route only in the relevant active-layer workline; no automatic theory claim.,log=2026-03_Part01.md:47 | official_declared_scope=yes | original_status=已融入 | historical_target_exists=yes | exact_landing_label_survives=yes
2026-03-08,Ritual（Richard Sosis，用户重复粘贴）,legacy:2026-03_Part01:031,cross_domain_or_writing,C,,,,none,,,,,,,superseded_or_duplicate,No action; retain provenance only.,log=2026-03_Part01.md:48 | official_declared_scope=yes | original_status=不融入
2026-03-08,Concepts（Nicholas Shea，用户粘贴全文）,legacy:2026-03_Part01:032,philosophy,A,,,,none,Philosophy/SRT_Philosophy_Foundations.md,claimed_in_log:Philosophy/SRT_Philosophy_Foundations.md,,,,,legacy_provenance_only,No mass rewrite; inspect only when the current owner is substantively edited.,log=2026-03_Part01.md:49 | official_declared_scope=yes | original_status=已融入 | historical_target_exists=yes | exact_landing_label_survives=no_or_unverified
2026-03-08,Self-Consciousness（José Luis Bermúdez，用户粘贴全文）,legacy:2026-03_Part01:033,neuroscience,A,,,,none,Philosophy/SRT_Philosophy_Foundations.md,claimed_in_log:Philosophy/SRT_Philosophy_Foundations.md,,,NODE-CONSCIOUSNESS,,legacy_provenance_only,No mass rewrite; inspect only when the current owner is substantively edited.,log=2026-03_Part01.md:50 | official_declared_scope=yes | original_status=已融入 | historical_target_exists=yes | exact_landing_label_survives=no_or_unverified
2026-03-08,The Mind-Body Problem（Tim Crane，用户粘贴全文）,legacy:2026-03_Part01:034,philosophy,A,,,,none,Philosophy/SRT_Philosophy_Foundations.md,claimed_in_log:Philosophy/SRT_Philosophy_Foundations.md,,,,,legacy_provenance_only,No mass rewrite; inspect only when the current owner is substantively edited.,log=2026-03_Part01.md:51 | official_declared_scope=yes | original_status=已融入 | historical_target_exists=yes | exact_landing_label_survives=no_or_unverified
2026-03-08,Cognitive Ontology（Colin Klein，用户重复粘贴）,legacy:2026-03_Part01:035,cross_domain_or_writing,C,,,,none,,,,,,,superseded_or_duplicate,No action; retain provenance only.,log=2026-03_Part01.md:52 | official_declared_scope=yes | original_status=不融入
2026-03-08,Theory of Mind（Henry M. Wellman，用户重复粘贴）,legacy:2026-03_Part01:036,AI,C,,,,none,,,,,,,superseded_or_duplicate,No action; retain provenance only.,log=2026-03_Part01.md:53 | official_declared_scope=yes | original_status=不融入
2026-03-08,Information and Misinformation（Andrew Perfors，用户粘贴全文）,legacy:2026-03_Part01:037,philosophy,A,,,,none,Philosophy/SRT_Social_MacroDynamics.md,claimed_in_log:Philosophy/SRT_Social_MacroDynamics.md,,,,,owner_landed_not_active,Route only in the relevant active-layer workline; no automatic theory claim.,log=2026-03_Part01.md:54 | official_declared_scope=yes | original_status=已融入 | historical_target_exists=yes | exact_landing_label_survives=yes
2026-03-08,https://t.co/Kr2BxCHvMK（重定向至 Quanta: *Can the Most Abstract Math Make the World a Better Place?*）,legacy:2026-03_Part01:038,physics,A,,,,none,Physics/SRT_Phys_09_Formalism_Ext.md,claimed_in_log:Physics/SRT_Phys_09_Formalism_Ext.md,,,NODE-PHYSICS-MEASUREMENT,,legacy_provenance_only,No mass rewrite; inspect only when the current owner is substantively edited.,log=2026-03_Part01.md:55 | official_declared_scope=yes | original_status=已融入 | historical_target_exists=yes | exact_landing_label_survives=no_or_unverified
2026-03-08,f48bbacc-297d-4b29-9c84-79bbf858ad99.pdf（Scott McFarnell: *Affective Control under Uncertainty* v2）,legacy:2026-03_Part01:039,neuroscience,A,,,,none,Neuroscience/SRT_Consciousness_Mechanisms.md,claimed_in_log:Neuroscience/SRT_Consciousness_Mechanisms.md,,,NODE-CONSCIOUSNESS;NODE-NEURAL-DECODABILITY,,legacy_provenance_only,No mass rewrite; inspect only when the current owner is substantively edited.,log=2026-03_Part01.md:56 | official_declared_scope=yes | original_status=已融入 | historical_target_exists=yes | exact_landing_label_survives=no_or_unverified
2026-03-08,Consciousness 方法学访谈转录（COGITATE/多范式NCC，用户粘贴）,legacy:2026-03_Part01:040,neuroscience,A,,,,none,Neuroscience/SRT_Consciousness_Mechanisms.md,claimed_in_log:Neuroscience/SRT_Consciousness_Mechanisms.md,,,NODE-CONSCIOUSNESS;NODE-NEURAL-DECODABILITY,,owner_landed_not_active,Route only in the relevant active-layer workline; no automatic theory claim.,log=2026-03_Part01.md:57 | official_declared_scope=yes | original_status=已融入 | historical_target_exists=yes | exact_landing_label_survives=yes
2026-03-10,Quanta: *Is Gravity Just Entropy Rising? Long-Shot Idea Gets Another Look.*（https://www.quantamagazine.org/is-gravity-just-entropy-rising-long-shot-idea-gets-another-look-20250613/）,legacy:2026-03_Part01:041,physics,A,,,,none,Physics/SRT_Physics_Cosmology.md,claimed_in_log:Physics/SRT_Physics_Cosmology.md,,,NODE-PHYSICS-MEASUREMENT,,legacy_provenance_only,No mass rewrite; inspect only when the current owner is substantively edited.,log=2026-03_Part01.md:58 | official_declared_scope=yes | original_status=已融入 | historical_target_exists=yes | exact_landing_label_survives=no_or_unverified
2026-03-10,IAI: *Reality is not a controlled hallucination*（https://iai.tv/articles/reality-is-not-a-controlled-hallucination-auid-3517）+ 用户结构化摘要,legacy:2026-03_Part01:042,neuroscience,A,,,,none,SRT_PP_ALIGNMENT_GUIDE.md;Neuroscience/_SRT_Neuro_Axioms.md,claimed_in_log:SRT_PP_ALIGNMENT_GUIDE.md;claimed_in_log:Neuroscience/_SRT_Neuro_Axioms.md,,,NODE-NEURAL-DECODABILITY,,legacy_provenance_only,No mass rewrite; inspect only when the current owner is substantively edited.,log=2026-03_Part01.md:59 | official_declared_scope=yes | original_status=已融入 | historical_target_exists=yes | exact_landing_label_survives=no_or_unverified
2026-03-10,Hartl & Levin (2024): *What does evolution make? Learning in living lineages and machines*（用户摘要 + PDF）,legacy:2026-03_Part01:043,neuroscience,A,,,,none,Neuroscience/SRT_Neuro_07_Evo_Devo.md;Core_Law/SRT_Reference_Scaling.md,claimed_in_log:Neuroscience/SRT_Neuro_07_Evo_Devo.md;claimed_in_log:Core_Law/SRT_Reference_Scaling.md,,,NODE-NEURAL-DECODABILITY,,owner_landed_not_active,Route only in the relevant active-layer workline; no automatic theory claim.,log=2026-03_Part01.md:60 | official_declared_scope=yes | original_status=已融入 | historical_target_exists=yes | exact_landing_label_survives=yes
2026-03-10,Optimally Irrational: *The game theory of cooperation*（https://www.optimallyirrational.com/p/the-game-theory-of-cooperation）,legacy:2026-03_Part01:044,philosophy,A,,,,none,Philosophy/SRT_Social_Economics.md,claimed_in_log:Philosophy/SRT_Social_Economics.md,,,,,legacy_provenance_only,No mass rewrite; inspect only when the current owner is substantively edited.,log=2026-03_Part01.md:61 | official_declared_scope=yes | original_status=已融入 | historical_target_exists=yes | exact_landing_label_survives=no_or_unverified
2026-03-10,Closer To Truth 访谈转录（Borjigin 团队：濒死期 EEG/递质风暴，用户粘贴）,legacy:2026-03_Part01:045,neuroscience,A,,,,none,Neuroscience/SRT_Clin_01_Pathology.md,claimed_in_log:Neuroscience/SRT_Clin_01_Pathology.md,,,NODE-NEURAL-DECODABILITY,,legacy_provenance_only,No mass rewrite; inspect only when the current owner is substantively edited.,log=2026-03_Part01.md:62 | official_declared_scope=yes | original_status=已融入 | historical_target_exists=yes | exact_landing_label_survives=no_or_unverified
2026-03-10,Alex O’Connor × Matthew Cobb 脑科学史访谈转录（用户粘贴）,legacy:2026-03_Part01:046,neuroscience,A,,,,none,Neuroscience/_SRT_Neuro_Axioms.md,claimed_in_log:Neuroscience/_SRT_Neuro_Axioms.md,,,NODE-NEURAL-DECODABILITY,,legacy_provenance_only,No mass rewrite; inspect only when the current owner is substantively edited.,log=2026-03_Part01.md:63 | official_declared_scope=yes | original_status=已融入 | historical_target_exists=yes | exact_landing_label_survives=no_or_unverified
2026-03-10,Closer To Truth 访谈转录（Avshalom Elitzur 团队：量子本体与可检验基础模型，用户粘贴）,legacy:2026-03_Part01:047,physics,A,,,,none,Physics/SRT_Phys_10_Integration.md,claimed_in_log:Physics/SRT_Phys_10_Integration.md,,,NODE-PHYSICS-MEASUREMENT,,legacy_provenance_only,No mass rewrite; inspect only when the current owner is substantively edited.,log=2026-03_Part01.md:64 | official_declared_scope=yes | original_status=已融入 | historical_target_exists=yes | exact_landing_label_survives=no_or_unverified
2026-03-10,中微子观测叙事文本（SNOLAB / Super-K / IceCube，用户粘贴）,legacy:2026-03_Part01:048,physics,A,,,,none,Physics/SRT_Physics_Cosmology.md,claimed_in_log:Physics/SRT_Physics_Cosmology.md,,,NODE-PHYSICS-MEASUREMENT,,legacy_provenance_only,No mass rewrite; inspect only when the current owner is substantively edited.,log=2026-03_Part01.md:65 | official_declared_scope=yes | original_status=已融入 | historical_target_exists=yes | exact_landing_label_survives=no_or_unverified
2026-03-12,Quanta: *Disorder Drives One of Nature's Most Complex Machines*（https://www.quantamagazine.org/disorder-drives-one-of-natures-most-complex-machines-20260309/）,legacy:2026-03_Part01:049,core,A,,,,none,Core/SRT_Core_13a_Operator_Basics.md,claimed_in_log:Core/SRT_Core_13a_Operator_Basics.md,,,,,owner_landed_not_active,Route only in the relevant active-layer workline; no automatic theory claim.,log=2026-03_Part01.md:66 | official_declared_scope=yes | original_status=已融入 | historical_target_exists=yes | exact_landing_label_survives=yes
2026-03-12,APS / Phys. Rev. Research: *Emergent quantization from a dynamic vacuum*（https://journals.aps.org/prresearch/abstract/10.1103/l8y7-r3rm）,legacy:2026-03_Part01:050,physics,A,,,,none,Physics/SRT_Quant_02_Cosmology.md,claimed_in_log:Physics/SRT_Quant_02_Cosmology.md,,,NODE-PHYSICS-MEASUREMENT,,owner_landed_not_active,Route only in the relevant active-layer workline; no automatic theory claim.,log=2026-03_Part01.md:67 | official_declared_scope=yes | original_status=已融入 | historical_target_exists=yes | exact_landing_label_survives=yes
2026-03-12,Aeon: *Who am I when I care? Emotion through the lens of Franz Boas*（https://aeon.co/essays/who-am-i-when-i-care-emotion-through-the-lens-of-franz-boas）,legacy:2026-03_Part01:051,philosophy,A,,,,none,Philosophy/SRT_Social_Cognition.md,claimed_in_log:Philosophy/SRT_Social_Cognition.md,,,,,owner_landed_not_active,Route only in the relevant active-layer workline; no automatic theory claim.,log=2026-03_Part01.md:68 | official_declared_scope=yes | original_status=已融入 | historical_target_exists=yes | exact_landing_label_survives=yes
2026-03-12,The Transmitter: *Hippocampus builds reputation as ‘general-purpose statistical learning machine’*（https://www.thetransmitter.org/memory/hippocampus-builds-reputation-as-general-purpose-statistical-learning-machine/）,legacy:2026-03_Part01:052,neuroscience,A,,,,none,Neuroscience/SRT_Neural_Mechanisms.md,claimed_in_log:Neuroscience/SRT_Neural_Mechanisms.md,,,NODE-NEURAL-DECODABILITY,,owner_landed_not_active,Route only in the relevant active-layer workline; no automatic theory claim.,log=2026-03_Part01.md:69 | official_declared_scope=yes | original_status=已融入 | historical_target_exists=yes | exact_landing_label_survives=yes
2026-03-12,Frontiers in Computational Neuroscience: *Shifts in brain dynamics and drivers of consciousness state transitions*（https://www.frontiersin.org/journals/computational-neuroscience/articles/10.3389/fncom.2026.1623878/full）,legacy:2026-03_Part01:053,neuroscience,A,,,,none,Neuroscience/SRT_Consciousness_Mechanisms.md,claimed_in_log:Neuroscience/SRT_Consciousness_Mechanisms.md,,,NODE-CONSCIOUSNESS;NODE-NEURAL-DECODABILITY,,legacy_provenance_only,No mass rewrite; inspect only when the current owner is substantively edited.,log=2026-03_Part01.md:70 | official_declared_scope=yes | original_status=已融入 | historical_target_exists=yes | exact_landing_label_survives=no_or_unverified
2026-03-13,Popular Mechanics: *A Scientist Thinks Our Reality Emerged from a Primordial Quantum Multiverse. He’s Not Crazy.*（https://www.popularmechanics.com/space/deep-space/a70683280/quantum-universe-spacetime/）,legacy:2026-03_Part01:054,physics,B,,,,none,,,,,,,unclear,Do not revive; repair trigger/provenance metadata only when this item is next touched.,log=2026-03_Part01.md:71 | official_declared_scope=yes | original_status=观察中 | named_revival_trigger=no
2026-03-13,"Popular Mechanics: *Gravity Might Be the Ruler of Time, and That Could Change Physics*（https://www.popularmechanics.com/science/a70723162/gravity-time-shape-dynamics/）",legacy:2026-03_Part01:055,physics,A,,,,none,Physics/SRT_Physics_Cosmology.md,claimed_in_log:Physics/SRT_Physics_Cosmology.md,,,NODE-PHYSICS-MEASUREMENT,,legacy_provenance_only,No mass rewrite; inspect only when the current owner is substantively edited.,log=2026-03_Part01.md:72 | official_declared_scope=yes | original_status=已融入 | historical_target_exists=yes | exact_landing_label_survives=no_or_unverified
2026-03-13,New Scientist: *Why cosmology seems to be caught in a vibe shift*（https://www.newscientist.com/article/mg26935851-300-why-cosmology-seems-to-be-caught-in-a-vibe-shift/）,legacy:2026-03_Part01:056,physics,B,,,,none,,,,,NODE-PHYSICS-MEASUREMENT,,unclear,Do not revive; repair trigger/provenance metadata only when this item is next touched.,log=2026-03_Part01.md:73 | official_declared_scope=yes | original_status=观察中 | named_revival_trigger=no
2026-03-13,arXiv: *Why Is Anything Conscious?*（https://arxiv.org/abs/2409.14545）,legacy:2026-03_Part01:057,neuroscience,A,,,,none,AI/SRT_AI_03_Consciousness_Framework.md,claimed_in_log:AI/SRT_AI_03_Consciousness_Framework.md,,,NODE-CONSCIOUSNESS;NODE-AI-REASONING,,owner_landed_not_active,Route only in the relevant active-layer workline; no automatic theory claim.,log=2026-03_Part01.md:74 | official_declared_scope=yes | original_status=已融入 | historical_target_exists=yes | exact_landing_label_survives=yes
2026-03-13,*Cognitive Systems Research*: *(Mis)perceiving others: toward a second-person science of schizophrenia*（https://www.sciencedirect.com/science/article/pii/S1389041726000252）,legacy:2026-03_Part01:058,philosophy,A,,,,none,Philosophy/SRT_Social_Cognition.md,claimed_in_log:Philosophy/SRT_Social_Cognition.md,,,,,owner_landed_not_active,Route only in the relevant active-layer workline; no automatic theory claim.,log=2026-03_Part01.md:75 | official_declared_scope=yes | original_status=已融入 | historical_target_exists=yes | exact_landing_label_survives=yes
2026-03-13,用户粘贴材料：`How Your Brain Predicts Itself`,legacy:2026-03_Part01:059,neuroscience,A,,,,none,Philosophy/SRT_Philosophy_Foundations.md,claimed_in_log:Philosophy/SRT_Philosophy_Foundations.md,,,,,legacy_provenance_only,No mass rewrite; inspect only when the current owner is substantively edited.,log=2026-03_Part01.md:76 | official_declared_scope=yes | original_status=已融入 | historical_target_exists=yes | exact_landing_label_survives=no_or_unverified
2026-03-14,Medium / Intuition Machine: *The Cognitive Horizon: Why Human Understanding Peaks at Triadic Thinking*（https://medium.com/intuitionmachine/the-cognitive-horizon-why-human-understanding-peaks-at-triadic-thinking-3c7259df0e60）,legacy:2026-03_Part01:060,core,A,,,,none,Core/SRT_Core_13a_Operator_Basics.md;Core/SRT_Core_12b_Ontology_L2.md,claimed_in_log:Core/SRT_Core_13a_Operator_Basics.md;claimed_in_log:Core/SRT_Core_12b_Ontology_L2.md,,,,,legacy_provenance_only,No mass rewrite; inspect only when the current owner is substantively edited.,log=2026-03_Part01.md:77 | official_declared_scope=yes | original_status=已融入 | historical_target_exists=yes | exact_landing_label_survives=no_or_unverified
2026-03-14,Popular Mechanics: *Scientists Say Consciousness May Extend Beyond Humans*（https://www.popularmechanics.com/science/a70702319/consciousness-beyond-humans/）,legacy:2026-03_Part01:061,neuroscience,A,,,,none,AI/SRT_AI_03_Consciousness_Framework.md,claimed_in_log:AI/SRT_AI_03_Consciousness_Framework.md,,,NODE-CONSCIOUSNESS;NODE-AI-REASONING,,owner_landed_not_active,Route only in the relevant active-layer workline; no automatic theory claim.,log=2026-03_Part01.md:78 | official_declared_scope=yes | original_status=已融入 | historical_target_exists=yes | exact_landing_label_survives=yes
2026-03-14,bioRxiv: *Cell-type specific astrocyte activation is driven by cortical top-down modulation*（https://www.biorxiv.org/content/10.64898/2026.03.08.710364v1）,legacy:2026-03_Part01:062,neuroscience,A,,,,none,Neuroscience/SRT_Neural_Mechanisms.md,claimed_in_log:Neuroscience/SRT_Neural_Mechanisms.md,,,NODE-NEURAL-DECODABILITY,,owner_landed_not_active,Route only in the relevant active-layer workline; no automatic theory claim.,log=2026-03_Part01.md:79 | official_declared_scope=yes | original_status=已融入 | historical_target_exists=yes | exact_landing_label_survives=yes
2026-03-15,Zenodo: *The Natural Criticality Hypothesis of Subjective Time — A Neurodynamic Formalization via Action Readiness Density r(t) —*（https://zenodo.org/records/19020476）,legacy:2026-03_Part01:063,cross_domain_or_writing,B,,,,none,,,,,,,unclear,Do not revive; repair trigger/provenance metadata only when this item is next touched.,log=2026-03_Part01.md:80 | official_declared_scope=yes | original_status=观察中 | named_revival_trigger=no
2026-03-15,"Quanta: *Fed on Reams of Cell Data, AI Maps New Neighborhoods in the Brain*（https://www.quantamagazine.org/fed-on-reams-of-cell-data-ai-maps-new-neighborhoods-in-the-brain-20260209/）",legacy:2026-03_Part01:064,neuroscience,A,,,,none,Neuroscience/SRT_Neural_Mechanisms.md,claimed_in_log:Neuroscience/SRT_Neural_Mechanisms.md,,,NODE-NEURAL-DECODABILITY,,owner_landed_not_active,Route only in the relevant active-layer workline; no automatic theory claim.,log=2026-03_Part01.md:81 | official_declared_scope=yes | original_status=已融入 | historical_target_exists=yes | exact_landing_label_survives=yes
2026-03-15,New Scientist: *The secret to guessing more accurately with maths*（https://www.newscientist.com/article/2518198-the-secret-to-guessing-more-accurately-with-maths/）,legacy:2026-03_Part01:065,AI,C,,,,none,,,,,,,rejected,No action; original C verdict remains authoritative.,log=2026-03_Part01.md:82 | official_declared_scope=yes | original_status=不融入
2026-03-15,Nature News: *Cell simulator predicts life's molecular choreography from DNA*（https://www.nature.com/articles/d41586-026-00786-4）,legacy:2026-03_Part01:066,core,A,,,,none,Core/SRT_Core_14_Dynamics_Scaling.md,claimed_in_log:Core/SRT_Core_14_Dynamics_Scaling.md,,,,,owner_landed_not_active,Route only in the relevant active-layer workline; no automatic theory claim.,log=2026-03_Part01.md:83 | official_declared_scope=yes | original_status=已融入 | historical_target_exists=yes | exact_landing_label_survives=yes
2026-03-15,用户粘贴访谈节选（Rovelli / Žižek 对话，含 `Why do you use the term freedom? What does this mean for a stone?` 段）,legacy:2026-03_Part01:067,neuroscience,C,,,,none,,,,,NODE-CONSCIOUSNESS;NODE-PHYSICS-MEASUREMENT,,superseded_or_duplicate,No action; retain provenance only.,log=2026-03_Part01.md:84 | official_declared_scope=yes | original_status=不融入
2026-03-15,"用户粘贴长篇视频文案：`A virus is not alive, yet it evolves...`（Omni 风格生命边界讲解稿）",legacy:2026-03_Part01:068,neuroscience,C,,,,none,,,,,NODE-CONSCIOUSNESS;NODE-NEURAL-DECODABILITY;NODE-AI-REASONING,,rejected,No action; original C verdict remains authoritative.,log=2026-03_Part01.md:85 | official_declared_scope=yes | original_status=不融入
2026-03-16,用户粘贴讲座转录：Fröhlich condensation / long-range electrodynamic biomolecular interactions（已追溯 *Phys. Rev. X* 2018、*Science Advances* 2022、*Frontiers of Physics* 2025）,legacy:2026-03_Part01:069,physics,A,,,,none,Core/SRT_Core_13a_Operator_Basics.md,claimed_in_log:Core/SRT_Core_13a_Operator_Basics.md,,,,,owner_landed_not_active,Route only in the relevant active-layer workline; no automatic theory claim.,log=2026-03_Part01.md:86 | official_declared_scope=yes | original_status=已融入 | historical_target_exists=yes | exact_landing_label_survives=yes
2026-03-16,用户粘贴讲解稿：Wigner / unreasonable effectiveness / complex numbers / Hilbert space / symmetry（`Here's a question that sounds simple...`）,legacy:2026-03_Part01:070,physics,C,,,,none,,,,,NODE-PHYSICS-MEASUREMENT,,rejected,No action; original C verdict remains authoritative.,log=2026-03_Part01.md:87 | official_declared_scope=yes | original_status=不融入
2026-03-16,用户粘贴讲解稿：space / spacetime quasicrystal（`What is space? That's one of the biggest questions...`，已追溯 arXiv:2601.07769）,legacy:2026-03_Part01:071,cross_domain_or_writing,B,,,,none,,,,,,,unclear,Do not revive; repair trigger/provenance metadata only when this item is next touched.,log=2026-03_Part01.md:88 | official_declared_scope=yes | original_status=观察中 | named_revival_trigger=no
2026-03-16,用户粘贴讲座转录：cell mechanics / ultrasound / microtubules / cancer / Fibonacci acoustic signals（已追溯 *Eur. Biophys. J.* 2005、2011，*Bioengineering & Translational Medicine* 2021，*Biosystems* 2026）,legacy:2026-03_Part01:072,neuroscience,A,,,,none,Neuroscience/SRT_Neuro_07_Evo_Devo.md,claimed_in_log:Neuroscience/SRT_Neuro_07_Evo_Devo.md,,,NODE-NEURAL-DECODABILITY,,legacy_provenance_only,No mass rewrite; inspect only when the current owner is substantively edited.,log=2026-03_Part01.md:89 | official_declared_scope=yes | original_status=已融入 | historical_target_exists=yes | exact_landing_label_survives=no_or_unverified
2026-03-16,"Quanta: *Where Some See Strings, She Sees a Space-Time Made of Fractals*（https://www.quantamagazine.org/where-some-see-strings-she-sees-a-space-time-made-of-fractals-20260311/）",legacy:2026-03_Part01:073,physics,A,,,,none,Physics/SRT_Physics_Cosmology.md,claimed_in_log:Physics/SRT_Physics_Cosmology.md,,,NODE-PHYSICS-MEASUREMENT,,owner_landed_not_active,Route only in the relevant active-layer workline; no automatic theory claim.,log=2026-03_Part01.md:90 | official_declared_scope=yes | original_status=已融入 | historical_target_exists=yes | exact_landing_label_survives=yes
2026-03-16,Quanta: *How Our Longest Nerve Orchestrates the Mind-Body Connection*（https://www.quantamagazine.org/how-our-longest-nerve-orchestrates-the-mind-body-connection-20240826/）,legacy:2026-03_Part01:074,neuroscience,A,,,,none,Neuroscience/SRT_Neuro_08_Immune_Dist.md,claimed_in_log:Neuroscience/SRT_Neuro_08_Immune_Dist.md,,,NODE-NEURAL-DECODABILITY,,owner_landed_not_active,Route only in the relevant active-layer workline; no automatic theory claim.,log=2026-03_Part01.md:91 | official_declared_scope=yes | original_status=已融入 | historical_target_exists=yes | exact_landing_label_survives=yes
2026-03-16,Quanta: *Finding Beauty and Truth in Mundane Occurrences*（https://www.quantamagazine.org/finding-beauty-and-truth-in-mundane-occurrences-20250509/）,legacy:2026-03_Part01:075,physics,C,,,,none,,,,,NODE-PHYSICS-MEASUREMENT,,rejected,No action; original C verdict remains authoritative.,log=2026-03_Part01.md:92 | official_declared_scope=yes | original_status=不融入
2026-03-16,Quanta: *Why Do Humanoid Robots Still Struggle With the Small Stuff?*（https://www.quantamagazine.org/why-do-humanoid-robots-still-struggle-with-the-small-stuff-20260313/）,legacy:2026-03_Part01:076,AI,A,,,,none,AI/SRT_AI_01_Ontology.md,claimed_in_log:AI/SRT_AI_01_Ontology.md,,,NODE-AI-REASONING,,legacy_provenance_only,No mass rewrite; inspect only when the current owner is substantively edited.,log=2026-03_Part01.md:93 | official_declared_scope=yes | original_status=已融入 | historical_target_exists=yes | exact_landing_label_survives=no_or_unverified
2026-03-16,"Preprints.org: *The Subquantum Void as RON_NMSI Memory Network, or How Wasserstein Geometry Annulled the Big Bang and Universe Expansion*（https://www.preprints.org/manuscript/202601.0354）",legacy:2026-03_Part01:077,neuroscience,C,,,,none,,,,,NODE-PHYSICS-MEASUREMENT,,rejected,No action; original C verdict remains authoritative.,log=2026-03_Part01.md:94 | official_declared_scope=yes | original_status=不融入
2026-03-16,microvalence literature batch（Lebrecht et al. 2012; Bar & Neta 2007; Cleeremans & Tallon-Baudry 2022; Mentec et al. 2026）,legacy:2026-03_Part01:078,neuroscience,A,,,,none,AI/SRT_AI_03_Consciousness_Framework.md,claimed_in_log:AI/SRT_AI_03_Consciousness_Framework.md,,,NODE-CONSCIOUSNESS;NODE-AI-REASONING,,legacy_provenance_only,No mass rewrite; inspect only when the current owner is substantively edited.,log=2026-03_Part01.md:95 | official_declared_scope=yes | original_status=已融入 | historical_target_exists=yes | exact_landing_label_survives=no_or_unverified
2026-03-16,Eq-Select-Thermo literature batch（Casali et al. 2013; Schartner et al. 2015; Peng et al. 2014; Stender et al. 2016; Weninger et al. 2022）,legacy:2026-03_Part01:079,cross_domain_or_writing,A,,,,none,_SRT_EQ_HYP_MAP.md;SRT_EXP_MEASURE_MAP.md,claimed_in_log:_SRT_EQ_HYP_MAP.md;claimed_in_log:SRT_EXP_MEASURE_MAP.md,,,,,legacy_provenance_only,No mass rewrite; inspect only when the current owner is substantively edited.,log=2026-03_Part01.md:96 | official_declared_scope=yes | original_status=已融入 | historical_target_exists=yes | exact_landing_label_survives=no_or_unverified
2026-03-16,Eq-LDP group-scale bridge batch（Toner & Tu 1998; Bain & Bartolo 2019; Bertini et al. 2001/2005/2015; Agranov et al. 2023; Gu et al. 2025）,legacy:2026-03_Part01:080,cross_domain_or_writing,A,,,,none,_SRT_EQ_HYP_MAP.md;SRT_EXP_MEASURE_MAP.md,claimed_in_log:_SRT_EQ_HYP_MAP.md;claimed_in_log:SRT_EXP_MEASURE_MAP.md,,,,,legacy_provenance_only,No mass rewrite; inspect only when the current owner is substantively edited.,log=2026-03_Part01.md:97 | official_declared_scope=yes | original_status=已融入 | historical_target_exists=yes | exact_landing_label_survives=no_or_unverified
2026-03-17,"Quanta: *Where Some See Strings, She Sees a Space-Time Made of Fractals*（https://www.quantamagazine.org/where-some-see-strings-she-sees-a-space-time-made-of-fractals-20260311/，用户再次提交）",legacy:2026-03_Part01:081,physics,C,,,,none,,,,,NODE-PHYSICS-MEASUREMENT,,superseded_or_duplicate,No action; retain provenance only.,log=2026-03_Part01.md:98 | official_declared_scope=yes | original_status=不融入
2026-03-18,Frontiers Editorial: *Quantum electromagnetic photon-mediated communication in neuronal networks*（https://www.frontiersin.org/journals/systems-neuroscience/articles/10.3389/fnsys.2026.1804343/full）,legacy:2026-03_Part02:001,neuroscience,A,,,,none,Neuroscience/SRT_Neuro_06_Field_Effects.md,claimed_in_log:Neuroscience/SRT_Neuro_06_Field_Effects.md,,,NODE-NEURAL-DECODABILITY,,legacy_provenance_only,No mass rewrite; inspect only when the current owner is substantively edited.,log=2026-03_Part02.md:18 | official_declared_scope=yes | original_status=已融入 | historical_target_exists=yes | exact_landing_label_survives=no_or_unverified
2026-03-18,Quanta: *How Smell Guides Our Inner World*（https://www.quantamagazine.org/how-smell-guides-our-inner-world-20250703/）,legacy:2026-03_Part02:002,neuroscience,A,,,,none,Neuroscience/SRT_Neural_Mechanisms.md,claimed_in_log:Neuroscience/SRT_Neural_Mechanisms.md,,,NODE-NEURAL-DECODABILITY,,owner_landed_not_active,Route only in the relevant active-layer workline; no automatic theory claim.,log=2026-03_Part02.md:19 | official_declared_scope=yes | original_status=已融入 | historical_target_exists=yes | exact_landing_label_survives=yes
2026-03-18,Frontiers Editorial: *Quantum electromagnetic photon-mediated communication in neuronal networks*（https://www.frontiersin.org/journals/systems-neuroscience/articles/10.3389/fnsys.2026.1804343/full，用户再次提交）,legacy:2026-03_Part02:003,neuroscience,C,,,,none,,,,,NODE-NEURAL-DECODABILITY,,superseded_or_duplicate,No action; retain provenance only.,log=2026-03_Part02.md:20 | official_declared_scope=yes | original_status=不融入
2026-03-18,IAI News: *Language creates an altered state of consciousness*（https://iai.tv/articles/language-creates-an-altered-state-of-consciousness-auid-3118）,legacy:2026-03_Part02:004,neuroscience,A,,,,none,Philosophy/SRT_SocTheory_05_Language_Eco.md,claimed_in_log:Philosophy/SRT_SocTheory_05_Language_Eco.md,,,NODE-CONSCIOUSNESS,,owner_landed_not_active,Route only in the relevant active-layer workline; no automatic theory claim.,log=2026-03_Part02.md:21 | official_declared_scope=yes | original_status=已融入 | historical_target_exists=yes | exact_landing_label_survives=yes
2026-03-21,"Veritas / *New Scientist*: *A single-celled organism without a brain is capable of Pavlovian learning*（https://repo.enc.edu/2026/03/13/a-single-celled-organism-without-a-brain-is-capable-of-pavlovian-learning/；主锚点：*bioRxiv* `Associative learning in the protozoan Stentor coeruleus`, doi:`10.1101/2026.02.27.640732`）",legacy:2026-03_Part02:005,neuroscience,A,,,,none,Neuroscience/SRT_Neuro_07_Evo_Devo.md,claimed_in_log:Neuroscience/SRT_Neuro_07_Evo_Devo.md,,,NODE-NEURAL-DECODABILITY,,owner_landed_not_active,Route only in the relevant active-layer workline; no automatic theory claim.,log=2026-03_Part02.md:22 | official_declared_scope=yes | original_status=已融入 | historical_target_exists=yes | exact_landing_label_survives=yes
2026-03-21,*Trends in Cognitive Sciences*: *Beyond binding: from modular to natural vision*（https://www.cell.com/trends/cognitive-sciences/fulltext/S1364-6613(25)00074-9；PMCID:`PMC12135946`；doi:`10.1016/j.tics.2025.03.002`）,legacy:2026-03_Part02:006,neuroscience,A,,,,none,Neuroscience/SRT_Neuro_06_Field_Effects.md,claimed_in_log:Neuroscience/SRT_Neuro_06_Field_Effects.md,,,NODE-NEURAL-DECODABILITY,,owner_landed_not_active,Route only in the relevant active-layer workline; no automatic theory claim.,log=2026-03_Part02.md:23 | official_declared_scope=yes | original_status=已融入 | historical_target_exists=yes | exact_landing_label_survives=yes
2026-03-21,*Communications Psychology*: *Interoceptive ability is uncorrelated across respiratory and cardiac axes in a large scale psychophysical study*（https://www.nature.com/articles/s44271-026-00404-z；doi:`10.1038/s44271-026-00404-z`）,legacy:2026-03_Part02:007,neuroscience,A,,,,none,Neuroscience/SRT_Neuro_08_Immune_Dist.md,claimed_in_log:Neuroscience/SRT_Neuro_08_Immune_Dist.md,,,NODE-NEURAL-DECODABILITY,,owner_landed_not_active,Route only in the relevant active-layer workline; no automatic theory claim.,log=2026-03_Part02.md:24 | official_declared_scope=yes | original_status=已融入 | historical_target_exists=yes | exact_landing_label_survives=yes
2026-03-21,"Popular Mechanics: *You Owe Your Intelligence to These Tiny Life Forms, Research Suggests—And They’re Still Shaping Our Brains*（https://www.popularmechanics.com/science/a70792658/gut-microbes-shape-brains/；主锚点：PNAS `Primate gut microbiota induce evolutionarily salient changes in mouse neurodevelopment`, doi:`10.1073/pnas.2426232122`）",legacy:2026-03_Part02:008,neuroscience,A,,,,none,Neuroscience/SRT_Neuro_08_Immune_Dist.md,claimed_in_log:Neuroscience/SRT_Neuro_08_Immune_Dist.md,,,NODE-NEURAL-DECODABILITY,,owner_landed_not_active,Route only in the relevant active-layer workline; no automatic theory claim.,log=2026-03_Part02.md:25 | official_declared_scope=yes | original_status=已融入 | historical_target_exists=yes | exact_landing_label_survives=yes
2026-03-22,"Quanta: *Once Thought to Support Neurons, Astrocytes Turn Out to Be in Charge*（https://www.quantamagazine.org/once-thought-to-support-neurons-astrocytes-turn-out-to-be-in-charge-20260130/；主锚点：*Science* 2025 `Norepinephrine signals through astrocytes to modulate synapses`, doi:`10.1126/science.adq5480`；`Adrenergic receptor signaling gates astrocyte responsiveness to neurotransmitters and control of neuronal activity`, doi:`10.1126/science.adq5729`；`Astroglial norepinephrine signaling mediates effort transition via a delayed inhibitory circuit`, doi:`10.1126/science.adq5233`）",legacy:2026-03_Part02:009,neuroscience,A,,,,none,Neuroscience/SRT_Neural_Mechanisms.md,claimed_in_log:Neuroscience/SRT_Neural_Mechanisms.md,,,NODE-NEURAL-DECODABILITY,,owner_landed_not_active,Route only in the relevant active-layer workline; no automatic theory claim.,log=2026-03_Part02.md:26 | official_declared_scope=yes | original_status=已融入 | historical_target_exists=yes | exact_landing_label_survives=yes
2026-03-22,*Nature Reviews Neuroscience*: *Clarifying the conceptual dimensions of representation in neuroscience*（https://www.nature.com/articles/s41583-026-01030-8；doi:`10.1038/s41583-026-01030-8`）,legacy:2026-03_Part02:010,philosophy,A,,,,none,Philosophy/SRT_Philosophy_Foundations.md,claimed_in_log:Philosophy/SRT_Philosophy_Foundations.md,,,,,legacy_provenance_only,No mass rewrite; inspect only when the current owner is substantively edited.,log=2026-03_Part02.md:27 | official_declared_scope=yes | original_status=已融入 | historical_target_exists=yes | exact_landing_label_survives=no_or_unverified
2026-03-22,*Mind and Matter*: *Cases of Unconventional Multiscale Information Flow Across the Mind-Body Interface*（用户提交 Ingenta 链接：https://www.ingentaconnect.com/content/imp/mm/2025/00000023/00000001/art00003；期刊目录与摘要页：https://www.mindmatter.de/journal/issues/mmissue23_1.html / https://www.mindmatter.de/journal/abstracts/mmabstracts23_1.html#lev；doi:`10.5376/mm2025.13`）,legacy:2026-03_Part02:011,neuroscience,A,,,,none,Neuroscience/SRT_Clin_01_Pathology.md,claimed_in_log:Neuroscience/SRT_Clin_01_Pathology.md,,,NODE-NEURAL-DECODABILITY,,owner_landed_not_active,Route only in the relevant active-layer workline; no automatic theory claim.,log=2026-03_Part02.md:28 | official_declared_scope=yes | original_status=已融入 | historical_target_exists=yes | exact_landing_label_survives=yes
2026-03-23,"PsyPost: *Neuroscientists just upended our understanding of Pavlovian learning*（https://www.psypost.org/neuroscientists-just-upended-our-understanding-of-pavlovian-learning/；主锚点：*Nature Neuroscience* `Duration between rewards controls the rate of behavioral and dopaminergic learning`, doi:`10.1038/s41593-026-02206-2`）",legacy:2026-03_Part02:012,neuroscience,A,,,,none,Neuroscience/SRT_Neural_Mechanisms.md,claimed_in_log:Neuroscience/SRT_Neural_Mechanisms.md,,,NODE-NEURAL-DECODABILITY,,owner_landed_not_active,Route only in the relevant active-layer workline; no automatic theory claim.,log=2026-03_Part02.md:29 | official_declared_scope=yes | original_status=已融入 | historical_target_exists=yes | exact_landing_label_survives=yes
2026-03-23,bioRxiv: *Hierarchical Flows of Human Cortical Activity*（https://doi.org/10.64898/2026.03.19.712872；用户原始链接：https://www.biorxiv.org/content/10.64898/2026.03.19.712872v1；摘要/元数据核对：Crossref `10.64898/2026.03.19.712872`、OpenAlex `W7139131641`）,legacy:2026-03_Part02:013,neuroscience,A,,,,none,Neuroscience/SRT_Neural_Mechanisms.md,claimed_in_log:Neuroscience/SRT_Neural_Mechanisms.md,,,NODE-NEURAL-DECODABILITY,,owner_landed_not_active,Route only in the relevant active-layer workline; no automatic theory claim.,log=2026-03_Part02.md:30 | official_declared_scope=yes | original_status=已融入 | historical_target_exists=yes | exact_landing_label_survives=yes
2026-03-23,Popular Mechanics: *Is Consciousness Real? Or Is It an Illusion?*（https://www.popularmechanics.com/science/a70806483/is-consciousness-real-or-illusion/；文中主要串联来源含 Christof Koch 的 *Scientific American* 观点文 `Is Consciousness Universal?`、Keith Frankish 关于 illusionism 的论文索引页、以及 Rupert Sheldrake 的个人站点/JCS 文章）,legacy:2026-03_Part02:014,neuroscience,C,,,,none,,,,,NODE-CONSCIOUSNESS;NODE-NEURAL-DECODABILITY,,rejected,No action; original C verdict remains authoritative.,log=2026-03_Part02.md:31 | official_declared_scope=yes | original_status=不融入
2026-03-23,Psychology Today: *The Ontology of LLMs: A New Framework for Knowledge*（https://www.psychologytoday.com/us/blog/the-digital-self/202409/the-ontology-of-llms-a-new-framework-for-knowledge）,legacy:2026-03_Part02:015,AI,C,,,,none,,,,,NODE-AI-REASONING,,rejected,No action; original C verdict remains authoritative.,log=2026-03_Part02.md:32 | official_declared_scope=yes | original_status=不融入
2026-03-23,IAI News: *Memory is not stored in the brain*（https://iai.tv/articles/memory-is-not-stored-in-the-brain-auid-3420）,legacy:2026-03_Part02:016,neuroscience,C,,,,none,,,,,NODE-NEURAL-DECODABILITY,,rejected,No action; original C verdict remains authoritative.,log=2026-03_Part02.md:33 | official_declared_scope=yes | original_status=不融入
2026-03-23,PhilPapers / PhilArchive: *What Is It Like To Be a Conscious AI: The New Hard Problem of... Existing*（https://philpapers.org/rec/PRIWII-2；全文镜像：https://philarchive.org/archive/PRIWII-2）,legacy:2026-03_Part02:017,neuroscience,C,,,,none,,,,,NODE-CONSCIOUSNESS;NODE-AI-REASONING,,rejected,No action; original C verdict remains authoritative.,log=2026-03_Part02.md:34 | official_declared_scope=yes | original_status=不融入
2026-03-23,IAI News: *Consciousness breaks from the physical world by keeping the past alive*（https://iai.tv/articles/consciousness-breaks-from-the-physical-world-by-keeping-the-past-alive-auid-3447）,legacy:2026-03_Part02:018,neuroscience,C,,,,none,,,,,NODE-CONSCIOUSNESS;NODE-NEURAL-DECODABILITY;NODE-AI-REASONING,,rejected,No action; original C verdict remains authoritative.,log=2026-03_Part02.md:35 | official_declared_scope=yes | original_status=不融入
2026-03-23,New Scientist: *What does it mean if the universe has extra dimensions?*（https://www.newscientist.com/article/2519272-what-does-it-mean-if-the-universe-has-extra-dimensions/）,legacy:2026-03_Part02:019,physics,C,,,,none,,,,,NODE-PHYSICS-MEASUREMENT,,rejected,No action; original C verdict remains authoritative.,log=2026-03_Part02.md:36 | official_declared_scope=yes | original_status=不融入
2026-03-24,本地文件：`papers/ALIFE2026_SelectiveRealityConstruction_v15_zh_archive.md`,legacy:2026-03_Part02:020,cross_domain_or_writing,C,,,,none,,,,,,,superseded_or_duplicate,No action; retain provenance only.,log=2026-03_Part02.md:37 | official_declared_scope=yes | original_status=不融入
2026-03-24,"Quanta: *Are Strings Still Our Best Hope for a Theory of Everything?*（https://www.quantamagazine.org/are-strings-still-our-best-hope-for-a-theory-of-everything-20260323/；主锚点：arXiv `Strings from Almost Nothing`, arXiv:`2508.09246`, doi:`10.48550/arXiv.2508.09246`；arXiv `String Theory from Maximal Supersymmetry`, arXiv:`2601.11705`, doi:`10.48550/arXiv.2601.11705`）",legacy:2026-03_Part02:021,physics,A,,,,none,Physics/SRT_Phys_10_Integration.md,claimed_in_log:Physics/SRT_Phys_10_Integration.md,,,NODE-PHYSICS-MEASUREMENT,,owner_landed_not_active,Route only in the relevant active-layer workline; no automatic theory claim.,log=2026-03_Part02.md:38 | official_declared_scope=yes | original_status=已融入 | historical_target_exists=yes | exact_landing_label_survives=yes
2026-03-24,"New Atlas: *Ghost in the machine: The race toward conscious, sentient AI*（https://newatlas.com/ai-humanoids/ai-consciousness-sentience-nirvanic-gildert/；源头为 Nirvanic / North of Patient 访谈转述）",legacy:2026-03_Part02:022,neuroscience,C,,,,none,,,,,NODE-CONSCIOUSNESS;NODE-PHYSICS-MEASUREMENT;NODE-AI-REASONING,,rejected,No action; original C verdict remains authoritative.,log=2026-03_Part02.md:39 | official_declared_scope=yes | original_status=不融入
2026-03-24,用户粘贴讲稿：*Human brain specializations related to language and theory of mind*,legacy:2026-03_Part02:023,neuroscience,A,,,,none,Philosophy/SRT_Social_Cognition.md,claimed_in_log:Philosophy/SRT_Social_Cognition.md,,,,,owner_landed_not_active,Route only in the relevant active-layer workline; no automatic theory claim.,log=2026-03_Part02.md:40 | official_declared_scope=yes | original_status=已融入 | historical_target_exists=yes | exact_landing_label_survives=yes
2026-03-25,"ISF: *Cognition Without Brains: How Memory Emerges in Polymers, Cells, and Spacetime*（https://spacefed.com/biology/cognition-without-brains-how-memory-emerges-in-polymers-cells-and-spacetime/；主锚点：Strong, Holderbaum & Hayashi, *Cell Reports Physical Science* 2024 `Electro-active polymer hydrogels exhibit emergent memory when embodied in a simulated game environment`, doi:`10.1016/j.xcrp.2024.102151`）",legacy:2026-03_Part02:024,neuroscience,A,,,,none,Core/SRT_Core_14_Dynamics_Scaling.md,claimed_in_log:Core/SRT_Core_14_Dynamics_Scaling.md,,,,,legacy_provenance_only,No mass rewrite; inspect only when the current owner is substantively edited.,log=2026-03_Part02.md:41 | official_declared_scope=yes | original_status=已融入 | historical_target_exists=yes | exact_landing_label_survives=no_or_unverified
2026-03-25,Big Think / Starts With A Bang: *The problem between gravity and quantum physics*（https://bigthink.com/starts-with-a-bang/problem-gravity-quantum-physics/）,legacy:2026-03_Part02:025,physics,C,,,,none,,,,,NODE-PHYSICS-MEASUREMENT,,rejected,No action; original C verdict remains authoritative.,log=2026-03_Part02.md:42 | official_declared_scope=yes | original_status=不融入
2026-03-25,"New Scientist: *Forget the multiverse. In the pluriverse, we create reality together*（https://www.newscientist.com/article/2518470-forget-the-multiverse-in-the-pluriverse-we-create-reality-together/）",legacy:2026-03_Part02:026,physics,C,,,,none,,,,,NODE-PHYSICS-MEASUREMENT,,rejected,No action; original C verdict remains authoritative.,log=2026-03_Part02.md:43 | official_declared_scope=yes | original_status=不融入
2026-03-25,"The Transmitter: *Trading places: What happens when neuroscience turns into machine learning, and machine learning turns into neuroscience?*（https://www.thetransmitter.org/the-big-picture/trading-places-what-happens-when-neuroscience-turns-into-machine-learning-and-machine-learning-turns-into-neuroscience/）",legacy:2026-03_Part02:027,neuroscience,C,,,,none,,,,,NODE-AI-REASONING,,rejected,No action; original C verdict remains authoritative.,log=2026-03_Part02.md:44 | official_declared_scope=yes | original_status=不融入
2026-03-26,"Quanta: *In Math, Rigor Is Vital. But Are Digitized Proofs Taking It Too Far?*（https://www.quantamagazine.org/in-math-rigor-is-vital-but-are-digitized-proofs-taking-it-too-far-20260325/）",legacy:2026-03_Part02:028,AI,C,,,,none,,,,,,,superseded_or_duplicate,No action; retain provenance only.,log=2026-03_Part02.md:45 | official_declared_scope=yes | original_status=不融入
2026-03-26,Neuron: *The neuroscience of advanced meditation: The promise of third wave meditation research*（https://www.cell.com/neuron/abstract/S0896-6273(26)00092-9；doi:`10.1016/j.neuron.2026.02.009`）,legacy:2026-03_Part02:029,neuroscience,C,,,,none,,,,,NODE-CONSCIOUSNESS,,superseded_or_duplicate,No action; retain provenance only.,log=2026-03_Part02.md:46 | official_declared_scope=yes | original_status=不融入
2026-03-26,"The Brighter Side of News: *MIT study suggests astrocytes play key role in brain memory storage*（https://www.thebrighterside.news/post/mit-study-suggests-astrocytes-play-key-role-in-brain-memory-storage/；主锚点：Kozachkov, Slotine & Krotov, *PNAS* 2025, doi:`10.1073/pnas.2417788122`）",legacy:2026-03_Part02:030,neuroscience,A,,,,none,Neuroscience/SRT_Neural_Mechanisms.md,claimed_in_log:Neuroscience/SRT_Neural_Mechanisms.md,,,NODE-NEURAL-DECODABILITY,,owner_landed_not_active,Route only in the relevant active-layer workline; no automatic theory claim.,log=2026-03_Part02.md:47 | official_declared_scope=yes | original_status=已融入 | historical_target_exists=yes | exact_landing_label_survives=yes
2026-03-26,"Popular Mechanics: *The Universe Got Its Shape From This Elusive Particle’s Gravity*（https://www.popularmechanics.com/space/deep-space/a70847569/neutrino-gravity-universe/；主锚点：DESI 2024 VII, doi:`10.1088/1475-7516/2025/07/028`；Vagnozzi et al., *Neutrino cosmology after DESI*, doi:`10.1088/1475-7516/2025/01/153`；SPT-3G D1, arXiv:`2506.20707`, doi:`10.48550/arXiv.2506.20707`）",legacy:2026-03_Part02:031,physics,B,,,,none,,,,,NODE-PHYSICS-MEASUREMENT,,unclear,Do not revive; repair trigger/provenance metadata only when this item is next touched.,log=2026-03_Part02.md:48 | official_declared_scope=yes | original_status=观察中 | named_revival_trigger=no
2026-03-30,"Quanta: *Are Strings Still Our Best Hope for a Theory of Everything?*（https://www.quantamagazine.org/are-strings-still-our-best-hope-for-a-theory-of-everything-20260323/，用户再次提交；主锚点：Cheung et al. `Strings from Almost Nothing`, arXiv:`2508.09246`；Elvang et al. `String Theory from Maximal Supersymmetry`, arXiv:`2601.11705`）",legacy:2026-03_Part02:032,physics,C,,,,none,,,,,NODE-PHYSICS-MEASUREMENT,,superseded_or_duplicate,No action; retain provenance only.,log=2026-03_Part02.md:49 | official_declared_scope=yes | original_status=不融入
2026-03-30,Science and Culture: *The Objective Probability of the Fine-Tuning Evidence*（https://scienceandculture.com/2026/03/the-objective-probability-of-the-fine-tuning-evidence/）,legacy:2026-03_Part02:033,physics,C,,,,none,,,,,NODE-PHYSICS-MEASUREMENT,,rejected,No action; original C verdict remains authoritative.,log=2026-03_Part02.md:50 | official_declared_scope=yes | original_status=不融入
2026-03-30,Popular Mechanics: *Is Consciousness Real? Or Is It an Illusion?*（https://www.popularmechanics.com/science/a70806483/is-consciousness-real-or-illusion/，用户再次提交；文中主要串联来源含 Christof Koch 的 *Scientific American* 观点文 `Is Consciousness Universal?`、Keith Frankish 关于 illusionism 的论文索引页、以及 Rupert Sheldrake 的个人站点/JCS 文章）,legacy:2026-03_Part02:034,neuroscience,C,,,,none,,,,,NODE-CONSCIOUSNESS;NODE-NEURAL-DECODABILITY,,superseded_or_duplicate,No action; retain provenance only.,log=2026-03_Part02.md:51 | official_declared_scope=yes | original_status=不融入
2026-03-30,"Quanta: *Once Thought to Support Neurons, Astrocytes Turn Out to Be in Charge*（https://www.quantamagazine.org/once-thought-to-support-neurons-astrocytes-turn-out-to-be-in-charge-20260130/，用户再次提交；主锚点：*Science* 2025 `Norepinephrine signals through astrocytes to modulate synapses`, doi:`10.1126/science.adq5480`；`Adrenergic receptor signaling gates astrocyte responsiveness to neurotransmitters and control of neuronal activity`, doi:`10.1126/science.adq5729`；`Astroglial norepinephrine signaling mediates effort transition via a delayed inhibitory circuit`, doi:`10.1126/science.adq5233`）",legacy:2026-03_Part02:035,neuroscience,C,,,,none,,,,,NODE-NEURAL-DECODABILITY,,superseded_or_duplicate,No action; retain provenance only.,log=2026-03_Part02.md:52 | official_declared_scope=yes | original_status=不融入
2026-03-30,用户粘贴访谈实录：Carl Friston on Markov blankets / active inference / selfhood / idealism / IIT / psychedelics（Essentia/Asencia Foundation 长访谈节录）,legacy:2026-03_Part03:001,neuroscience,C,,,,none,,,,,NODE-CONSCIOUSNESS;NODE-NEURAL-DECODABILITY,,rejected,No action; original C verdict remains authoritative.,log=2026-03_Part03.md:18 | official_declared_scope=yes | original_status=不融入
2026-03-30,用户粘贴访谈实录：Jenny Wagner on dark matter / gravitational lensing / inverse problems / cosmological principle（Curt Jaimungal / TOE 长访谈节录）,legacy:2026-03_Part03:002,physics,C,,,,none,,,,,NODE-PHYSICS-MEASUREMENT,,rejected,No action; original C verdict remains authoritative.,log=2026-03_Part03.md:19 | official_declared_scope=yes | original_status=不融入
2026-04-01,*Consciousness and Cognition*: *The phenomenal binding problem for neural networks*（https://www.sciencedirect.com/science/article/pii/S1053810026000115；doi:`10.1016/j.concog.2026.104003`）,legacy:2026-04_Part01:001,neuroscience,A,,,,none,AI/SRT_AI_03_Consciousness_Framework.md,claimed_in_log:AI/SRT_AI_03_Consciousness_Framework.md,,,NODE-CONSCIOUSNESS;NODE-AI-REASONING,,owner_landed_not_active,Route only in the relevant active-layer workline; no automatic theory claim.,log=2026-04_Part01.md:18 | official_declared_scope=yes | original_status=已融入 | historical_target_exists=yes | exact_landing_label_survives=yes
2026-04-01,IAI News: *Studies on animal minds suggest consciousness is not computation*（https://iai.tv/articles/studies-on-animal-minds-suggest-consciousness-is-not-computation-auid-3535）,legacy:2026-04_Part01:002,neuroscience,C,,,,none,,,,,NODE-CONSCIOUSNESS,,rejected,No action; original C verdict remains authoritative.,log=2026-04_Part01.md:19 | official_declared_scope=yes | original_status=不融入
2026-04-01,"Psychology Today: *Meditation ‘Works’ Faster Than Previously Thought*（https://www.psychologytoday.com/us/blog/a-subtle-impact/202603/meditation-works-faster-than-previously-thought；主锚点：*Mindfulness* `Temporal EEG Signatures of Meditation Experience: Peak Brainwave Changes at 7 Minutes During Isha Yoga Breath Watching`, doi:`10.1007/s12671-026-02790-1`）",legacy:2026-04_Part01:003,neuroscience,A,,,,none,Spirituality/SRT_Spirit_07_Meditation_Neuro.md,claimed_in_log:Spirituality/SRT_Spirit_07_Meditation_Neuro.md,,,,,owner_landed_not_active,Route only in the relevant active-layer workline; no automatic theory claim.,log=2026-04_Part01.md:20 | official_declared_scope=yes | original_status=已融入 | historical_target_exists=yes | exact_landing_label_survives=yes
2026-04-02,"用户粘贴中文译文 + Phys.org 链接：`临界边缘：人脑如何在稳定与混乱之间平衡？`（https://phys.org/news/2026-03-human-brain-critical.html；主锚点：Calvo et al., *Physical Review Letters* 136, 068402 (2026) / arXiv:`2506.03640`）",legacy:2026-04_Part01:004,neuroscience,A,,,,none,Physics/SRT_Phys_07_Complex_Systems.md;Physics/SRT_Phys_07_Complex_Systems_CompactCore.md,claimed_in_log:Physics/SRT_Phys_07_Complex_Systems.md;claimed_in_log:Physics/SRT_Phys_07_Complex_Systems_CompactCore.md,claimed_in_log:Physics/SRT_Phys_07_Complex_Systems_CompactCore.md;claimed_in_log:Physics/SRT_Phys_07_Complex_Systems_CompactCore.md,,NODE-PHYSICS-MEASUREMENT,,legacy_provenance_only,No mass rewrite; inspect only when the current owner is substantively edited.,log=2026-04_Part01.md:21 | official_declared_scope=yes | original_status=已融入 | historical_target_exists=yes | exact_landing_label_survives=no_or_unverified
2026-04-02,"Quanta: *In Expanding de Sitter Space, Quantum Mechanics Gets Even More Elusive*（https://www.quantamagazine.org/in-expanding-de-sitter-space-quantum-mechanics-gets-even-more-elusive-20260330/；用户提供 Gemini / NotebookLM 第一轮扩建输出；辅助锚点：*JHEP* `An algebra of observables for de Sitter space`, doi:`10.1007/JHEP02(2023)082`；*JHEP* `What is a photon in de Sitter spacetime?`, doi:`10.1007/JHEP02(2026)220`）",legacy:2026-04_Part01:005,physics,B,,,,none,,,,,NODE-PHYSICS-MEASUREMENT,,unclear,Do not revive; repair trigger/provenance metadata only when this item is next touched.,log=2026-04_Part01.md:22 | official_declared_scope=yes | original_status=观察中 | named_revival_trigger=no
2026-04-05,IAI News: *Studies on animal minds suggest consciousness is not computation*（https://iai.tv/articles/studies-on-animal-minds-suggest-consciousness-is-not-computation-auid-3535?_auid=2020，用户再次提交）,legacy:2026-04_Part01:006,neuroscience,C,,,,none,,,,,NODE-CONSCIOUSNESS,,superseded_or_duplicate,No action; retain provenance only.,log=2026-04_Part01.md:23 | official_declared_scope=yes | original_status=不融入
2026-04-05,"Quanta: *In Expanding de Sitter Space, Quantum Mechanics Gets Even More Elusive*（https://www.quantamagazine.org/in-expanding-de-sitter-space-quantum-mechanics-gets-even-more-elusive-20260330/，用户再次提交）",legacy:2026-04_Part01:007,physics,C,,,,none,,,,,,,superseded_or_duplicate,No action; retain provenance only.,log=2026-04_Part01.md:24 | official_declared_scope=yes | original_status=不融入
2026-04-10,Preprints.org: *From Cancer to AI Alignment: Tackling Externalities Through Homeostatic Principles*（https://www.preprints.org/manuscript/202604.0056；页面显示 latest version 仍为 `v1`，doi:`10.20944/preprints202604.0056.v1`）,legacy:2026-04_Part01:008,AI,C,,,,none,,,,,,,superseded_or_duplicate,No action; retain provenance only.,log=2026-04_Part01.md:25 | official_declared_scope=yes | original_status=不融入
2026-04-08,Frontiers in Quantum Science and Technology: *On the quantum separability of qubit registers*（https://www.frontiersin.org/journals/quantum-science-and-technology/articles/10.3389/frqst.2026.1754112/full；doi:`10.3389/frqst.2026.1754112`）,legacy:2026-04_Part01:009,physics,A,,,,none,Physics/SRT_Quant_01_Selection.md,claimed_in_log:Physics/SRT_Quant_01_Selection.md,,,NODE-PHYSICS-MEASUREMENT,,owner_landed_not_active,Route only in the relevant active-layer workline; no automatic theory claim.,log=2026-04_Part01.md:26 | official_declared_scope=yes | original_status=已融入 | historical_target_exists=yes | exact_landing_label_survives=yes
2026-04-08,Frontiers in Psychology: *Bridging interoception and time perspective: toward an embodied model of consciousness*（https://www.frontiersin.org/journals/psychology/articles/10.3389/fpsyg.2026.1725236/full；doi:`10.3389/fpsyg.2026.1725236`）,legacy:2026-04_Part01:010,neuroscience,A,,,,none,Neuroscience/SRT_Consciousness_Mechanisms.md,claimed_in_log:Neuroscience/SRT_Consciousness_Mechanisms.md,,,NODE-CONSCIOUSNESS;NODE-NEURAL-DECODABILITY,,legacy_provenance_only,No mass rewrite; inspect only when the current owner is substantively edited.,log=2026-04_Part01.md:27 | official_declared_scope=yes | original_status=已融入 | historical_target_exists=yes | exact_landing_label_survives=no_or_unverified
2026-04-08,Preprints.org: *From Cancer to AI Alignment: Tackling Externalities Through Homeostatic Principles*（用户提供 PDF：`preprints202604.0056.v1.pdf`；doi:`10.20944/preprints202604.0056.v1`）,legacy:2026-04_Part01:011,AI,A,,,,none,Philosophy/SRT_Social_Economics.md,claimed_in_log:Philosophy/SRT_Social_Economics.md,,,,,owner_landed_not_active,Route only in the relevant active-layer workline; no automatic theory claim.,log=2026-04_Part01.md:28 | official_declared_scope=yes | original_status=已融入 | historical_target_exists=yes | exact_landing_label_survives=yes
2026-04-08,bioRxiv: *Hierarchical Flows of Human Cortical Activity*（https://www.biorxiv.org/content/10.64898/2026.03.19.712872v1，用户再次提交；主锚点元数据核对：bioRxiv API `10.64898/2026.03.19.712872`）,legacy:2026-04_Part01:012,neuroscience,C,,,,none,,,,,NODE-NEURAL-DECODABILITY,,superseded_or_duplicate,No action; retain provenance only.,log=2026-04_Part01.md:29 | official_declared_scope=yes | original_status=不融入
2026-04-08,"TIME: *What Anesthesia Does to the Brain, According to a New Study*（https://time.com/article/2026/03/23/anesthesia-drugs-surgery-affect-brain/；主锚点：Eisen et al., *Cell Reports* `Similar destabilization of neural dynamics under different general anesthetics`, doi:`10.1016/j.celrep.2026.117048`）",legacy:2026-04_Part01:013,neuroscience,A,,,,none,Neuroscience/SRT_Consciousness_Mechanisms.md,claimed_in_log:Neuroscience/SRT_Consciousness_Mechanisms.md,,,NODE-CONSCIOUSNESS;NODE-NEURAL-DECODABILITY,,owner_landed_not_active,Route only in the relevant active-layer workline; no automatic theory claim.,log=2026-04_Part01.md:30 | official_declared_scope=yes | original_status=已融入 | historical_target_exists=yes | exact_landing_label_survives=yes
2026-04-08,"Popular Mechanics: *Scientists Just Witnessed Superposition In Atoms For the Very First Time*（https://www.popularmechanics.com/science/a70899360/atom-entaglement-momentum/；主锚点：Athreya et al., *Nature Communications* `Bell correlations between momentum-entangled pairs of ^4He* atoms`, doi:`10.1038/s41467-026-69070-3`）",legacy:2026-04_Part01:014,physics,A,,,,none,Physics/SRT_Quant_01_Selection.md,claimed_in_log:Physics/SRT_Quant_01_Selection.md,,,NODE-PHYSICS-MEASUREMENT,,owner_landed_not_active,Route only in the relevant active-layer workline; no automatic theory claim.,log=2026-04_Part01.md:31 | official_declared_scope=yes | original_status=已融入 | historical_target_exists=yes | exact_landing_label_survives=yes
2026-04-08,Sacha Altay: *How Effective Are Interventions Against Misinformation?*（用户提供 PDF；PsyArXiv / OSF Preprints，doi:`10.31234/osf.io/sm3vk`）,legacy:2026-04_Part01:015,philosophy,A,,,,none,Philosophy/SRT_Social_MacroDynamics.md,claimed_in_log:Philosophy/SRT_Social_MacroDynamics.md,,,,,legacy_provenance_only,No mass rewrite; inspect only when the current owner is substantively edited.,log=2026-04_Part01.md:32 | official_declared_scope=yes | original_status=已融入 | historical_target_exists=yes | exact_landing_label_survives=no_or_unverified
2026-04-10,ScienceDirect / *Mitochondrial Communications*: *Powering forward: A year of discovery in mitochondrial science*（https://www.sciencedirect.com/science/article/pii/S2590279225000161；doi:`10.1016/j.mitoco.2025.12.003`）,legacy:2026-04_Part01:016,cross_domain_or_writing,C,,,,none,,,,,,,rejected,No action; original C verdict remains authoritative.,log=2026-04_Part01.md:33 | official_declared_scope=yes | original_status=不融入
2026-04-10,"The Conversation: *How psychedelics push your brain to dream while awake - new study*（https://theconversation.com/how-psychedelics-push-your-brain-to-dream-while-awake-new-study-276708；主锚点：White et al., *Communications Biology* `Psychedelic 5-HT2A agonist increases spontaneous and evoked 5-Hz oscillations in visual and retrosplenial cortex`, doi:`10.1038/s42003-025-09492-9`）",legacy:2026-04_Part01:017,neuroscience,A,,,,none,Neuroscience/SRT_Clin_03_DMN_Networks.md,claimed_in_log:Neuroscience/SRT_Clin_03_DMN_Networks.md,,,NODE-NEURAL-DECODABILITY,,legacy_provenance_only,No mass rewrite; inspect only when the current owner is substantively edited.,log=2026-04_Part01.md:34 | official_declared_scope=yes | original_status=已融入 | historical_target_exists=yes | exact_landing_label_survives=no_or_unverified
2026-04-10,"*New Scientist*: *How a century-long argument over light's true nature came to an end*（https://www.newscientist.com/article/2522105-how-a-century-long-argument-over-lights-true-nature-came-to-an-end/；主锚点：Fedoseev et al., *Physical Review Letters* `Coherent and Incoherent Light Scattering by Single-Atom Wave Packets`, doi:`10.1103/PhysRevLett.135.043601`；补充理论锚点：Lin et al., arXiv:`2507.19801` `Fringe visibility and which-way information in Young's double slit experiments with light scattered from single atoms`）",legacy:2026-04_Part01:018,physics,A,,,,none,Physics/SRT_Quant_00_Intro.md,claimed_in_log:Physics/SRT_Quant_00_Intro.md,,,NODE-PHYSICS-MEASUREMENT,,owner_landed_not_active,Route only in the relevant active-layer workline; no automatic theory claim.,log=2026-04_Part01.md:35 | official_declared_scope=yes | original_status=已融入 | historical_target_exists=yes | exact_landing_label_survives=yes
2026-04-10,"*Quanta*: *Experiments Ring the ‘Death Knell’ for Sterile Neutrinos*（https://www.quantamagazine.org/experiments-ring-the-death-knell-for-sterile-neutrinos-20260408/；主锚点：MicroBooNE *Nature* `Search for light sterile neutrinos with two neutrino beams at MicroBooNE`, doi:`10.1038/s41586-025-09757-7`；KATRIN *Nature* `Sterile-neutrino search based on 259 days of KATRIN data`, doi:`10.1038/s41586-025-09739-9`；辅锚点：Huber 2025 *Nature* News & Views `Still no sign of hypothetical sterile-neutrino particle`, doi:`10.1038/d41586-025-03726-w`）",legacy:2026-04_Part01:019,physics,A,,,,none,Physics/SRT_Physics_Cosmology.md,claimed_in_log:Physics/SRT_Physics_Cosmology.md,,,NODE-PHYSICS-MEASUREMENT,,legacy_provenance_only,No mass rewrite; inspect only when the current owner is substantively edited.,log=2026-04_Part01.md:36 | official_declared_scope=yes | original_status=已融入 | historical_target_exists=yes | exact_landing_label_survives=no_or_unverified
2026-04-10,用户粘贴圆桌对话节录（围绕 forgetting / sleep / agency / REM / generalization；含 Mark Solms、Carl Friston 等发言）,legacy:2026-04_Part01:020,neuroscience,A,,,,none,Neuroscience/SRT_Consciousness_Mechanisms.md,claimed_in_log:Neuroscience/SRT_Consciousness_Mechanisms.md,,,NODE-CONSCIOUSNESS;NODE-NEURAL-DECODABILITY,,owner_landed_not_active,Route only in the relevant active-layer workline; no automatic theory claim.,log=2026-04_Part01.md:37 | official_declared_scope=yes | original_status=已融入 | historical_target_exists=yes | exact_landing_label_survives=yes
2026-04-10,*Cell Reports*: `Dream-like mental states can occur during wakefulness`（https://www.cell.com/cell-reports/fulltext/S2211-1247%2826%2900315-3；doi:`10.1016/j.celrep.2026.117237`）,legacy:2026-04_Part01:021,neuroscience,A,,,,none,Neuroscience/SRT_Consciousness_Mechanisms.md,claimed_in_log:Neuroscience/SRT_Consciousness_Mechanisms.md,,,NODE-CONSCIOUSNESS;NODE-NEURAL-DECODABILITY,,legacy_provenance_only,No mass rewrite; inspect only when the current owner is substantively edited.,log=2026-04_Part01.md:38 | official_declared_scope=yes | original_status=已融入 | historical_target_exists=yes | exact_landing_label_survives=no_or_unverified
2026-04-12,"Neuroscience News: *The AI Brain That Gets Smarter by Shrinking*（https://neurosciencenews.com/brain-inspired-pruning-continual-learning-30497/；主锚点：Han et al., arXiv:`2504.05621` `Continual Learning of Multiple Cognitive Functions with Brain-inspired Temporal Development Mechanism`；新闻页并标注 `National Science Review` DOI:`10.1093/nsr/nwag066`，已于 `2026-04-13` 通过 OUP 官方期刊页独立补证）",legacy:2026-04_Part01:022,neuroscience,A,,,,none,AI/SRT_AI_Architecture.md,claimed_in_log:AI/SRT_AI_Architecture.md,,,NODE-AI-REASONING,,owner_landed_not_active,Route only in the relevant active-layer workline; no automatic theory claim.,log=2026-04_Part01.md:39 | official_declared_scope=yes | original_status=已融入 | historical_target_exists=yes | exact_landing_label_survives=yes
2026-04-13,National Science Review / Oxford Academic: *Continual Learning of Multiple Cognitive Functions with Brain-inspired Temporal Development Mechanism*（https://academic.oup.com/nsr/advance-article/doi/10.1093/nsr/nwag066/8450195；doi:`10.1093/nsr/nwag066`）,legacy:2026-04_Part01:023,neuroscience,C,,,,none,,,,,,,rejected,No action; original C verdict remains authoritative.,log=2026-04_Part01.md:40 | official_declared_scope=yes | original_status=不融入
2026-04-13,"eLife: `Functional connectivity-based attractor dynamics of the human brain in rest, task, and disease`（https://elifesciences.org/articles/98725；doi:`10.7554/eLife.98725.3`）",legacy:2026-04_Part01:024,neuroscience,A,,,,none,Neuroscience/SRT_Neural_Mechanisms.md,claimed_in_log:Neuroscience/SRT_Neural_Mechanisms.md,,,NODE-NEURAL-DECODABILITY,,owner_landed_not_active,Route only in the relevant active-layer workline; no automatic theory claim.,log=2026-04_Part01.md:41 | official_declared_scope=yes | original_status=已融入 | historical_target_exists=yes | exact_landing_label_survives=yes
2026-04-13,*Cortex*: `The tenacious brain: How the anterior mid-cingulate contributes to achieving goals`（https://www.sciencedirect.com/science/article/abs/pii/S0010945219303326；doi:`10.1016/j.cortex.2019.09.011`）,legacy:2026-04_Part01:025,neuroscience,C,,,,none,,,,,,,rejected,No action; original C verdict remains authoritative.,log=2026-04_Part01.md:42 | official_declared_scope=yes | original_status=不融入
2026-04-13,Essentia Foundation: *Can AI be conscious?*（https://www.essentiafoundation.org/can-ai-be-conscious/reading/；Christof Koch，2026-04-03）,legacy:2026-04_Part01:026,neuroscience,C,,,,none,,,,,NODE-CONSCIOUSNESS;NODE-NEURAL-DECODABILITY;NODE-AI-REASONING,,rejected,No action; original C verdict remains authoritative.,log=2026-04_Part01.md:43 | official_declared_scope=yes | original_status=不融入
2026-04-13,*Science*: `A shared code for perceiving and imagining objects in human ventral temporal cortex`（用户提交短链 `https://t.co/8Q68aoIUm7`，解析到 DOI:`10.1126/science.adt8343`）,legacy:2026-04_Part01:027,neuroscience,A,,,,none,Neuroscience/SRT_Neural_Mechanisms.md,claimed_in_log:Neuroscience/SRT_Neural_Mechanisms.md,,,NODE-NEURAL-DECODABILITY,,owner_landed_not_active,Route only in the relevant active-layer workline; no automatic theory claim.,log=2026-04_Part01.md:44 | official_declared_scope=yes | original_status=已融入 | historical_target_exists=yes | exact_landing_label_survives=yes
2026-04-13,"New Scientist: *The simple questions cracking the hard problem of consciousness*（https://www.newscientist.com/article/2519288-the-simple-questions-cracking-the-hard-problem-of-consciousness/；主锚点：Fleming & Shea 2024 *Trends in Cognitive Sciences* `Quality space computations for consciousness`, doi:`10.1016/j.tics.2024.06.007`；辅锚点：Hirao et al. 2025 *Scientific Data* `A neuroimaging dataset during sequential color qualia similarity judgments with and without reports`, doi:`10.1038/s41597-025-04511-0`；对照评论：Ellia & Tsuchiya 2025 *Neuroscience of Consciousness*, doi:`10.1093/nc/niaf014`）",legacy:2026-04_Part01:028,neuroscience,A,,,,none,Philosophy/SRT_Philosophy_Foundations.md,claimed_in_log:Philosophy/SRT_Philosophy_Foundations.md,,,NODE-CONSCIOUSNESS,,legacy_provenance_only,No mass rewrite; inspect only when the current owner is substantively edited.,log=2026-04_Part01.md:45 | official_declared_scope=yes | original_status=已融入 | historical_target_exists=yes | exact_landing_label_survives=no_or_unverified
2026-04-14,"eLife: `The dominance of large-scale phase dynamics in human cortex, from delta to gamma`（https://elifesciences.org/articles/100674；doi:`10.7554/eLife.100674.4`）",legacy:2026-04_Part01:029,neuroscience,A,,,,none,Neuroscience/SRT_Neural_Mechanisms.md,claimed_in_log:Neuroscience/SRT_Neural_Mechanisms.md,,,NODE-NEURAL-DECODABILITY,,owner_landed_not_active,Route only in the relevant active-layer workline; no automatic theory claim.,log=2026-04_Part01.md:46 | official_declared_scope=yes | original_status=已融入 | historical_target_exists=yes | exact_landing_label_survives=yes
2026-04-14,"Frontiers in Systems Neuroscience: *The Body Does Not Keep the Score: Trauma, Predictive Coding, and the Restoration of Metastability*（https://www.frontiersin.org/journals/systems-neuroscience/articles/10.3389/fnsys.2026.1812957/abstract；doi:`10.3389/fnsys.2026.1812957`）",legacy:2026-04_Part01:030,neuroscience,C,,,,none,,,,,NODE-NEURAL-DECODABILITY,,rejected,No action; original C verdict remains authoritative.,log=2026-04_Part01.md:47 | official_declared_scope=yes | original_status=不融入
2026-04-14,Nature Reviews Neuroscience: *Categorization is ‘baked’ into the brain*（https://www.nature.com/articles/s41583-026-01036-2；doi:`10.1038/s41583-026-01036-2`；published `2026-04-13`）,legacy:2026-04_Part01:031,neuroscience,C,,,,none,,,,,NODE-NEURAL-DECODABILITY,,rejected,No action; original C verdict remains authoritative.,log=2026-04_Part01.md:48 | official_declared_scope=yes | original_status=不融入
2026-04-14,Frontiers in Psychology: *Bridging interoception and time perspective: toward an embodied model of consciousness*（https://www.frontiersin.org/journals/psychology/articles/10.3389/fpsyg.2026.1725236/full；doi:`10.3389/fpsyg.2026.1725236`；用户再次提交）,legacy:2026-04_Part01:032,neuroscience,C,,,,none,,,,,NODE-CONSCIOUSNESS;NODE-NEURAL-DECODABILITY,,superseded_or_duplicate,No action; retain provenance only.,log=2026-04_Part01.md:49 | official_declared_scope=yes | original_status=不融入
2026-04-14,"*Neurocomputing*: `Pure awareness, entropy, and the foundation of perception`（https://www.sciencedirect.com/science/article/pii/S0925231226008404；doi:`10.1016/j.neucom.2026.133443`）",legacy:2026-04_Part01:033,philosophy,C,,,,none,,,,,,,rejected,No action; original C verdict remains authoritative.,log=2026-04_Part01.md:50 | official_declared_scope=yes | original_status=不融入
2026-04-14,arXiv: *All elementary functions from a single operator*（https://arxiv.org/html/2603.21852v2；arXiv:`2603.21852v2`）,legacy:2026-04_Part02:001,AI,B,,,,none,,,,,,,unclear,Do not revive; repair trigger/provenance metadata only when this item is next touched.,log=2026-04_Part02.md:18 | official_declared_scope=yes | original_status=观察中 | named_revival_trigger=no
2026-04-20,Neuroscience News / Cedars-Sinai: *How the Brain Replays Sight to Create Mental Images*（https://neurosciencenews.com/imagination-neural-code-visual-perception-30490/；对应 *Science* DOI:`10.1126/science.adt8343`）,legacy:2026-04_Part02:002,neuroscience,A,,,,none,Neuroscience/SRT_Neural_Mechanisms.md,claimed_in_log:Neuroscience/SRT_Neural_Mechanisms.md,,,NODE-NEURAL-DECODABILITY,,legacy_provenance_only,No mass rewrite; inspect only when the current owner is substantively edited.,log=2026-04_Part02.md:19 | official_declared_scope=yes | original_status=已融入 | historical_target_exists=yes | exact_landing_label_survives=no_or_unverified
2026-04-20,ML Chen Substack: *The Unbearable Lightness of a Premature Requiem for Philosophy*（https://mlchen.substack.com/p/the-unbearable-lightness-of-a-premature）,legacy:2026-04_Part02:003,philosophy,C,,,,none,,,,,,,rejected,No action; original C verdict remains authoritative.,log=2026-04_Part02.md:20 | official_declared_scope=yes | original_status=不融入
2026-04-20,"Journal of Consciousness Studies: Crowther & Hassel Mørch, *The Emergence of Space-time and the Emergence of Consciousness: Could They Be One and the Same?*（https://www.ingentaconnect.com/contentone/imp/jcs/2026/00000033/f0020001/art00008；doi:`10.53765/20512201.33.1.127`）",legacy:2026-04_Part02:004,neuroscience,A,,,,none,Core/SRT_Core_21c_Bridge_Hypotheses.md,claimed_in_log:Core/SRT_Core_21c_Bridge_Hypotheses.md,,,NODE-CONSCIOUSNESS,,legacy_provenance_only,No mass rewrite; inspect only when the current owner is substantively edited.,log=2026-04_Part02.md:21 | official_declared_scope=yes | original_status=已融入 | historical_target_exists=yes | exact_landing_label_survives=no_or_unverified
2026-04-20,Science and Culture: *The Story of Everything: Why This Documentary Matters*（https://scienceandculture.com/2026/04/the-story-of-everything-why-this-documentary-matters/）,legacy:2026-04_Part02:005,cross_domain_or_writing,C,,,,none,,,,,,,superseded_or_duplicate,No action; retain provenance only.,log=2026-04_Part02.md:22 | official_declared_scope=yes | original_status=不融入
2026-04-21,The Epoch Times / Makai Allbert: *The Mystery of Intuition: Where Gut Feelings Really Come From*（https://www.theepochtimes.com/health/the-mystery-of-intuition-where-gut-feelings-really-come-from-5944925；可访问转载：https://udumbara.net/the-mystery-of-intuition-where-gut-feelings-really-come-from）,legacy:2026-04_Part02:006,core,A,,,,none,Spirituality/SRT_Spirituality_Selection_Pathology_and_Return.md,claimed_in_log:Spirituality/SRT_Spirituality_Selection_Pathology_and_Return.md,,,,,legacy_provenance_only,No mass rewrite; inspect only when the current owner is substantively edited.,log=2026-04_Part02.md:23 | official_declared_scope=yes | original_status=已融入 | historical_target_exists=yes | exact_landing_label_survives=no_or_unverified
2026-04-22,Dialectical Systems / Sébastien Ibanez: *The Dialectics of Multi-Level Selection in Evolutionary Biology*（https://www.dialecticalsystems.eu/contributions/the-dialectics-of-multi-level-selection-in-evolutionary-biology/）,legacy:2026-04_Part02:007,neuroscience,A,,,,none,Neuroscience/SRT_Neuro_07_Evo_Devo.md;Core/SRT_Core_21c_Bridge_Hypotheses.md,claimed_in_log:Neuroscience/SRT_Neuro_07_Evo_Devo.md;claimed_in_log:Core/SRT_Core_21c_Bridge_Hypotheses.md,,,NODE-NEURAL-DECODABILITY,,owner_landed_not_active,Route only in the relevant active-layer workline; no automatic theory claim.,log=2026-04_Part02.md:24 | official_declared_scope=yes | original_status=已融入 | historical_target_exists=yes | exact_landing_label_survives=yes
2026-04-24,"MIT News: *New study bridges the worlds of classical and quantum physics*（https://news.mit.edu/2026/new-study-bridges-classical-and-quantum-physics-0421；对应 Lohmiller & Slotine, *On computing quantum waves exactly from classical action*, RSPA 2026, doi:`10.1098/rspa.2025.0413`, arXiv:`2405.06328`）",legacy:2026-04_Part02:008,physics,A,,,,none,Physics/SRT_Quant_00_Intro.md;Bridge/SRT_Adjacent_Theory_Interface_Index.md,claimed_in_log:Physics/SRT_Quant_00_Intro.md;claimed_in_log:Bridge/SRT_Adjacent_Theory_Interface_Index.md,,,NODE-PHYSICS-MEASUREMENT,,owner_landed_not_active,Route only in the relevant active-layer workline; no automatic theory claim.,log=2026-04_Part02.md:25 | official_declared_scope=yes | original_status=已融入 | historical_target_exists=yes | exact_landing_label_survives=yes
2026-04-24,New Scientist: *How autoimmune conditions can unexpectedly drive mental illness*（https://www.newscientist.com/article/2521774-how-autoimmune-conditions-can-unexpectedly-drive-mental-illness/；RSS 摘要指向 brain-directed antibodies 与 schizophrenia / dementia / OCD；一手锚点包括 BMJ Mental Health `Affective disorders and chronic inflammatory conditions` 与 autoimmune psychosis / autoimmune encephalitis 文献）,legacy:2026-04_Part02:009,neuroscience,A,,,,none,Neuroscience/SRT_Neuro_08_Immune_Dist.md,claimed_in_log:Neuroscience/SRT_Neuro_08_Immune_Dist.md,,,NODE-NEURAL-DECODABILITY,,owner_landed_not_active,Route only in the relevant active-layer workline; no automatic theory claim.,log=2026-04_Part02.md:26 | official_declared_scope=yes | original_status=已融入 | historical_target_exists=yes | exact_landing_label_survives=yes
2026-04-24,"ScienceAlert: *Scientists Found Human Speech-Like Patterns in Sperm Whale Clicks*（https://www.sciencealert.com/scientists-found-human-speech-like-patterns-in-sperm-whale-clicks；主锚点：Project CETI 2024 *Nature Communications* `Contextual and combinatorial structure in sperm whale vocalisations`, doi:`10.1038/s41467-024-47221-8`；Beguš et al. 2026 *Proceedings of the Royal Society B* `The phonology of sperm whale coda vowels`, doi:`10.1098/rspb.2025.2994`）",legacy:2026-04_Part02:010,philosophy,A,,,,none,Philosophy/SRT_SocTheory_05_Language_Eco.md,claimed_in_log:Philosophy/SRT_SocTheory_05_Language_Eco.md,,,,,owner_landed_not_active,Route only in the relevant active-layer workline; no automatic theory claim.,log=2026-04_Part02.md:27 | official_declared_scope=yes | original_status=已融入 | historical_target_exists=yes | exact_landing_label_survives=yes
2026-05-08,New Scientist: *An unorthodox version of quantum theory could reveal what reality is*（https://www.newscientist.com/article/2524665-an-unorthodox-version-of-quantum-theory-could-reveal-what-reality-is/；页面元数据显示为 Karmela Padavic-Callaghan 的 `Comment`，2026-05-01，subscriber article）,legacy:2026-05_Part01:001,physics,C,,,,none,,,,,NODE-PHYSICS-MEASUREMENT,,rejected,No action; original C verdict remains authoritative.,log=2026-05_Part01.md:18 | official_declared_scope=yes | original_status=不融入
2026-05-08,New Scientist: *Is consciousness more fundamental to reality than quantum physics?*（https://www.newscientist.com/article/2523209-is-consciousness-more-fundamental-to-reality-than-quantum-physics/；用户粘贴全文；官方页面元数据显示 Karmela Padavic-Callaghan，2026-04-28，`Features`，subscriber article）,legacy:2026-05_Part01:002,neuroscience,C,,,,none,,,,,NODE-CONSCIOUSNESS,,rejected,No action; original C verdict remains authoritative.,log=2026-05_Part01.md:19 | official_declared_scope=yes | original_status=不融入
2026-05-08,"Peter Godfrey-Smith: *Biology, Brain Rhythms, and Consciousness*（preprint PDF: https://petergodfreysmith.com/wp-content/uploads/2026/05/IAI-Bio-Naturalism-preprint-version-PGS-2026.pdf；PDF 标注为 IAI News 2026-03 文章 *Studies on animal minds suggest consciousness is not computation: Mapping the rhythms of mind and matter* 的 preprint version）",legacy:2026-05_Part01:003,neuroscience,C,,,,none,,,,,NODE-CONSCIOUSNESS;NODE-NEURAL-DECODABILITY;NODE-AI-REASONING,,rejected,No action; original C verdict remains authoritative.,log=2026-05_Part01.md:20 | official_declared_scope=yes | original_status=不融入
2026-05-08,"ScienceDirect / *BioSystems*: Manrique, Friston & Walker, *An active inference explanation of discriminatory cognition with regard to social attitudes and harmful behaviour*（https://www.sciencedirect.com/science/article/pii/S0303264726001036；doi:`10.1016/j.biosystems.2026.105793`；PII:`S0303-2647(26)00103-6`；OSF matching preprint full text used for close reading）",SRC-2026-05-08-PHIL-SOC-ACTIVE-INFERENCE-DISCRIMINATORY-COGNITION,philosophy_social_cognition,A,Materials/2026/SRC_2026_05_08_Philosophy_ActiveInference_DiscriminatoryCognition_BioSystems.md,Philosophy/patches/SRT_Philosophy_SOC_COG01_ZBS_Discriminatory_Cognition_v0_1.md,Philosophy/hooks/SOC_COG01_ZBS_Discriminatory_Cognition_Integration_Hook.md,landed,Philosophy/SRT_Social_Cognition.md,Philosophy/SRT_Social_Cognition.md,,,NODE-SOCIAL-L2,,owner_landed_not_active,Route only in the relevant active-layer workline; no automatic theory claim.,log=2026-05_Part01.md:21 | official_declared_scope=yes | original_status=已融入
2026-05-08,"bioRxiv: Zarr et al., *Propofol-induced loss of responsiveness reorganizes cortical traveling waves in the human brain*（https://www.biorxiv.org/content/10.64898/2026.04.30.721975v1；doi:`10.64898/2026.04.30.721975`；official API metadata and abstract used）",SRC-2026-05-08-NEURO-PROPOFOL-TRAVELING-WAVES-BIORXIV,neuroscience_consciousness,A,Materials/2026/SRC_2026_05_08_Neuro_Propofol_Traveling_Waves_bioRxiv.md,Neuroscience/patches/SRT_Neuro_CONSC14_Propofol_Traveling_Wave_Reorganization_v0_1.md,Neuroscience/hooks/CONSC14_Propofol_Traveling_Wave_Reorganization_Integration_Hook.md,landed,Neuroscience/SRT_Consciousness_Mechanisms.md,Neuroscience/SRT_Consciousness_Mechanisms.md,,,NODE-CONSCIOUSNESS;NODE-NEURAL-DECODABILITY,,owner_landed_not_active,Route only in the relevant active-layer workline; no automatic theory claim.,log=2026-05_Part01.md:22 | official_declared_scope=yes | original_status=已融入
2026-05-09,"Nature Communications: Coronel-Oliveros et al., *Creative experiences and brain clocks*（https://www.nature.com/articles/s41467-025-64173-9；doi:`10.1038/s41467-025-64173-9`；open-access full text）",SRC-2025-10-03-NEURO-CREATIVE-EXPERIENCE-BRAIN-CLOCKS-NATCOMM,neuroscience_plasticity,A,Materials/2026/SRC_2025_10_03_Neuro_Creative_Experience_Brain_Clocks_NatCommun.md,Neuroscience/patches/SRT_Neuro_NEURAL15_Creative_Experience_Brain_Clock_v0_1.md,Neuroscience/hooks/NEURAL15_Creative_Experience_Brain_Clock_Integration_Hook.md,landed,Neuroscience/SRT_Neural_Mechanisms.md,Neuroscience/SRT_Neural_Mechanisms.md,,,NODE-NEURAL-DECODABILITY,,owner_landed_not_active,Route only in the relevant active-layer workline; no automatic theory claim.,log=2026-05_Part01.md:23 | official_declared_scope=yes | original_status=已融入
2026-05-11,"bioRxiv: Goltermann, Huth & Büchel, *Opposing BOLD signals and oxygen metabolism largely arise from statistical uncertainty in metabolic estimates*（本地 PDF `/Users/zhangyuxin/Downloads/2026.04.21.719913v1.full.pdf`；doi:`10.64898/2026.04.21.719913`；version posted 2026-04-26）",SRC-2026-04-26-NEURO-BOLD-CMRO2-UNCERTAINTY-BIORXIV,neuroscience_measurement,A,Materials/2026/SRC_2026_04_26_Neuro_BOLD_CMRO2_Uncertainty_bioRxiv.md,Neuroscience/patches/SRT_Neuro_NEURAL16_BOLD_CMRO2_Uncertainty_Gate_v0_1.md,Neuroscience/hooks/NEURAL16_BOLD_CMRO2_Uncertainty_Gate_Integration_Hook.md,landed,SRT_EXP_MEASURE_MAP.md;Neuroscience/SRT_Neural_Mechanisms.md,SRT_EXP_MEASURE_MAP.md;Neuroscience/SRT_Neural_Mechanisms.md,,,NODE-NEURAL-DECODABILITY,,guardrail_only,Retain as boundary/measurement hygiene; no positive synthesis burden.,log=2026-05_Part01.md:24 | official_declared_scope=yes | original_status=已融入
2026-05-11,"Oxford Academic / *Aristotelian Society Supplementary Volume*: Keith Frankish, *Panpsychism and the Depsychologization of Consciousness*（本地 PDF `/Users/zhangyuxin/Downloads/akab012.pdf`；doi:`10.1093/arisup/akab012`；published 2021-07-02）",SRC-2021-07-02-PHIL-FRANKISH-DEPSYCHOLOGIZATION-PANPSYCHISM,philosophy_of_mind,A,Materials/2026/SRC_2021_07_02_Philosophy_Frankish_Depsychologization_Panpsychism_OUP.md,Philosophy/patches/SRT_Philosophy_PH_CONSC01_Depsychologization_Trap_v0_1.md,Philosophy/hooks/PH_CONSC01_Depsychologization_Trap_Integration_Hook.md,landed,Philosophy/SRT_Subjecthood_Threshold_Interface.md,Philosophy/SRT_Subjecthood_Threshold_Interface.md,,,NODE-CONSCIOUSNESS;NODE-AI-REASONING,,owner_landed_not_active,Route only in the relevant active-layer workline; no automatic theory claim.,log=2026-05_Part01.md:25 | official_declared_scope=yes | original_status=已融入
2026-05-11,"Local PDF preprint: Lisette de Jonge-Hoekstra & Ralf F. A. Cox, *Embodied and Embedded Cognitive Development*（本地 PDF `/Users/zhangyuxin/Downloads/DeJongeHoekstra_Cox_2026_PREPRINT_Embodied and Embedded Cognitive Development_010526.pdf`；preprint date 2026-05-01；未识别到正式 DOI/URL）",SRC-2026-05-01-PHIL-EMBODIED-EMBEDDED-COGNITIVE-DEVELOPMENT,developmental_cognitive_science;philosophy_social_cognition,A,Materials/2026/SRC_2026_05_01_Philosophy_Embodied_Embedded_Cognitive_Development_Preprint.md,Philosophy/patches/SRT_Philosophy_SOC_COG02_Developmental_Coordination_Scaffold_v0_1.md,Philosophy/hooks/SOC_COG02_Developmental_Coordination_Scaffold_Integration_Hook.md,landed,Philosophy/SRT_Social_Cognition.md,Philosophy/SRT_Social_Cognition.md,,,NODE-SOCIAL-L2,,owner_landed_not_active,Route only in the relevant active-layer workline; no automatic theory claim.,log=2026-05_Part01.md:26 | official_declared_scope=yes | original_status=已融入
2026-05-11,"Institute of Art and Ideas / John Heil, *Emergence explains nothing and is bad science*（https://iai.tv/articles/emergence-explains-nothing-and-is-bad-science-auid-3385；published 2025-10-13；用户粘贴全文，官方页面元数据核验）",SRC-2025-10-13-PHIL-HEIL-EMERGENCE-BAD-SCIENCE-IAI,philosophy_of_science,A,Materials/2026/SRC_2025_10_13_Philosophy_Heil_Emergence_Bad_Science_IAI.md,Philosophy/patches/SRT_Philosophy_PH_METH01_Emergence_Hygiene_v0_1.md,Philosophy/hooks/PH_METH01_Emergence_Hygiene_Integration_Hook.md,landed,Core/SRT_Core_21c_Bridge_Hypotheses.md,Core/SRT_Core_21c_Bridge_Hypotheses.md,,,,,owner_landed_not_active,Route only in the relevant active-layer workline; no automatic theory claim.,log=2026-05_Part01.md:27 | official_declared_scope=yes | original_status=已融入
2026-05-11,"Noema Magazine / Carlo Rovelli, *There Is No 'Hard Problem Of Consciousness'*（https://www.noemamag.com/there-is-no-hard-problem-of-consciousness/；published 2026-05-07；official Noema full text and metadata read）",SRC-2026-05-07-PHIL-ROVELLI-NO-HARD-PROBLEM-NOEMA,philosophy_of_mind,A,Materials/2026/SRC_2026_05_07_Philosophy_Rovelli_No_Hard_Problem_Noema.md,Philosophy/patches/SRT_Philosophy_PH_CONSC02_Perspectival_Gap_Gate_v0_1.md;Philosophy/patches/SRT_Philosophy_PH_CONSC03_Subjectivity_Decomposition_Bearer_Concern_v0_1.md,Philosophy/hooks/PH_CONSC02_Perspectival_Gap_Gate_Integration_Hook.md;Philosophy/hooks/PH_CONSC03_Subjectivity_Decomposition_Integration_Hook.md,landed;pending,Philosophy/SRT_HardProblem_Epistemology.md;Philosophy/SRT_Subjecthood_Threshold_Interface.md;Philosophy/SRT_Consciousness_Conditions.md,Philosophy/SRT_HardProblem_Epistemology.md,,,NODE-CONSCIOUSNESS;NODE-AI-REASONING,,synthesis_candidate,Adjudicate inside the bounded synthesis cluster; do not copy patch prose.,log=2026-05_Part01.md:28 | official_declared_scope=yes | original_status=已融入
2026-05-11,"MDPI / *Entropy*: Takashi Ikegami, Hiroki Kojima & Akiko Kashiwagi, *Community First Theory: How Collective Organization Generates Individual Diversity*（本地 PDF `/Users/zhangyuxin/Downloads/entropy-28-00523.pdf`；doi:`10.3390/e28050523`；published 2026-05-05；official MDPI/Entropy listing checked）",SRC-2026-05-05-CORELAW-NTIC-COMMUNITY-FIRST-ENTROPY,core_law_collective_selection,A,Materials/2026/SRC_2026_05_05_CoreLaw_NTIC_CommunityFirst_Entropy.md,Core_Law/patches/SRT_CoreLaw_COLL08_NTIC_Situated_Individuation_v0_1.md,Core_Law/hooks/COLL08_NTIC_Situated_Individuation_Integration_Hook.md,landed,Core_Law/SRT_Collective_Selection.md;Core_Law/SRT_Reference_Scaling.md,Core_Law/SRT_Collective_Selection.md;Core_Law/SRT_Reference_Scaling.md,,,NODE-SOCIAL-L2,,owner_landed_not_active,Route only in the relevant active-layer workline; no automatic theory claim.,log=2026-05_Part01.md:29 | official_declared_scope=yes | original_status=已融入
2026-05-12,"Nature: Lei, Scheid, Flint, Glaser & Slutzky, *Active dissociation of intracortical spiking and high gamma activity*（https://www.nature.com/articles/s41586-026-10331-y；doi:`10.1038/s41586-026-10331-y`；published 2026-04-01；official Nature full text read）",SRC-2026-04-01-NEURO-HGA-SPIKE-DISSOCIATION-NATURE,neuroscience_measurement,A,Materials/2026/SRC_2026_04_01_Neuro_HGA_Spike_Dissociation_Nature.md,Neuroscience/patches/SRT_Neuro_NEURAL17_HGA_Spike_Dissociation_Gate_v0_1.md,Neuroscience/hooks/NEURAL17_HGA_Spike_Dissociation_Gate_Integration_Hook.md,landed,SRT_EXP_MEASURE_MAP.md;Neuroscience/SRT_Neural_Mechanisms.md,SRT_EXP_MEASURE_MAP.md;Neuroscience/SRT_Neural_Mechanisms.md,,,NODE-NEURAL-DECODABILITY,,guardrail_only,Retain as boundary/measurement hygiene; no positive synthesis burden.,log=2026-05_Part01.md:30 | official_declared_scope=yes | original_status=已融入
2026-05-17,Royal Society / *Philosophical Transactions A* theme issue: *World models in natural and artificial intelligence*（https://royalsocietypublishing.org/rsta/issue/384/2320；issue DOI:`10.1098/rsta/384/2320`；volume 384 issue 2320；published 2026-05-14；Crossref metadata + abstracts read，Royal Society 页面被 Cloudflare 阻断）,SRC-2026-05-14-AI-WORLDMODELS-RSTA-ISSUE,AI / Philosophy / Cognitive Science / Collective Intelligence / Consciousness,B,Materials/2026/SRC_2026_05_14_AI_WorldModels_RSTA_Issue.md,,,none,AI/AI_POSITIONING_NOTE.md;AI/SRT_AI_Claim_Status.md;Core_Law/SRT_Collective_Selection.md;Philosophy/SRT_Subjecthood_Threshold_Interface.md;Core/SRT_Core_21c_Bridge_Hypotheses.md,,,,NODE-SOCIAL-L2;NODE-AI-REASONING,,unclear,Do not revive; repair trigger/provenance metadata only when this item is next touched.,log=2026-05_Part01.md:31 | official_declared_scope=yes | original_status=延后观察 / 拆分候选 | named_revival_trigger=no
2026-05-19,"Quanta Magazine / Natalie Wolchover, *What Do Gödel’s Incompleteness Theorems Truly Mean?*（https://www.quantamagazine.org/what-do-godels-incompleteness-theorems-truly-mean-20260518/；published 2026-05-18；official Quanta full text read）",SRC-2026-05-18-PHILOSOPHY-GODEL-INCOMPLETENESS-QUANTA,Philosophy / Mathematics / Foundations / Physics-interface,B,Materials/2026/SRC_2026_05_18_Philosophy_Godel_Incompleteness_Quanta.md,,,none,Philosophy/SRT_Philosophy_Foundations_CompactCore.md;Governance/SRT_CLAIM_LADDER.md;Core/SRT_OPEN_TENSIONS.md,,unverified_target:Philosophy/SRT_Philosophy_Foundations_CompactCore.md,,,,unclear,Do not revive; repair trigger/provenance metadata only when this item is next touched.,log=2026-05_Part01.md:32 | official_declared_scope=yes | original_status=延后观察 / formal-closure guardrail 候选 | named_revival_trigger=no
2026-05-20,"Institute of Art and Ideas / Elan Barenholtz, *LLMs show language does not describe reality*（https://iai.tv/articles/llms-show-language-does-not-describe-reality-auid-3578；published 2026-05-19；official IAI page read）",SRC-2026-05-19-AI-LANGUAGE-AUTOGENERATION-IAI,AI / Philosophy / Language,B,Materials/2026/SRC_2026_05_19_AI_Language_Autogeneration_IAI.md,,,none,Philosophy/SRT_SocTheory_05_Language_Eco.md;Bridge/SRT_Context_Coherence_Intelligence_Interface.md;AI/SRT_AI_Claim_Status.md,,,,NODE-AI-REASONING,,unclear,Do not revive; repair trigger/provenance metadata only when this item is next touched.,log=2026-05_Part01.md:33 | official_declared_scope=yes | original_status=延后观察 / language-as-L2-constraint guardrail 候选 | named_revival_trigger=no
2026-05-22,"IAI News / Tim Palmer, *New theory argues quantum physics must abandon irrational numbers and the continuum*（https://iai.tv/articles/new-theory-argues-quantum-physics-must-abandon-irrational-numbers-and-the-continuum-auid-3580?_auid=2020；published 2026-05-20；official IAI page read；primary anchor: PNAS `Rational quantum mechanics: Testing quantum theory with quantum computers`, doi:`10.1073/pnas.2523350123`；Crossref metadata + abstract read）",SRC-2026-05-20-PHYSICS-RAQM-DISCRETE-HILBERT-PALMER-IAI-PNAS,Physics / Quantum foundations / Mathematical foundations / Quantum computing,B,Materials/2026/SRC_2026_05_20_Physics_RaQM_Discrete_Hilbert_Palmer_IAI_PNAS.md,Physics/patches/SRT_Phys_P06_Accessible_Counterfactual_Closure_v0_1.md,,none,Physics/Extensions/SRT_Phys_E05_Falsifiability_Program.md;Physics/SRT_Physics_Claim_Status.md,,,,NODE-PHYSICS-MEASUREMENT,,unclear,Do not revive; repair trigger/provenance metadata only when this item is next touched.,log=2026-05_Part01.md:34 | official_declared_scope=yes | original_status=延后观察 / finite-accessible-Hilbert-space guardrail 候选 | named_revival_trigger=no
2026-05-23,"IAI News / Ragner Fjelland, *The disunity of science is a feature, not a bug*（https://iai.tv/articles/the-disunity-of-science-is-a-feature-not-a-bug-auid-3451；published 2025-12-23；用户粘贴全文，official IAI page metadata/full text checked）",SRC-2025-12-23-PHILOSOPHY-DISUNITY-OF-SCIENCE-IAI,Philosophy / Philosophy of science / Scientific method / Reductionism,B,Materials/2026/SRC_2025_12_23_Philosophy_Disunity_of_Science_IAI.md,,,none,Philosophy/SRT_Philosophy_Claim_Status.md;Governance/SRT_CLAIM_LADDER.md,,,,,,unclear,Do not revive; repair trigger/provenance metadata only when this item is next touched.,log=2026-05_Part01.md:35 | official_declared_scope=yes | original_status=延后观察 / anti-ToE domain-plurality guardrail 候选 | named_revival_trigger=no
2026-05-23,"arXiv / Erik J. Bekkers & Anna Ciaunica, *Unplugging a Seemingly Sentient Machine Is the Rational Choice -- A Metaphysical Perspective*（https://arxiv.org/abs/2601.21016；arXiv:`2601.21016v1`；submitted 2026-01-28；abstract page + arXiv HTML full text read）",SRC-2026-01-28-AI-UNPLUGGING-PARADOX-BIOLOGICAL-IDEALISM-ARXIV,AI / Consciousness / Philosophy of Mind / AI Ethics / Biological Idealism,B,Materials/2026/SRC_2026_01_28_AI_Unplugging_Paradox_Biological_Idealism_arXiv.md,,,none,AI/SRT_AI_Claim_Status.md;AI/AI_POSITIONING_NOTE.md;Core_Law/SRT_Collective_Selection.md;Philosophy/SRT_Philosophy_Claim_Status.md,,,,NODE-SOCIAL-L2;NODE-AI-REASONING,,unclear,Do not revive; repair trigger/provenance metadata only when this item is next touched.,log=2026-05_Part01.md:36 | official_declared_scope=yes | original_status=延后观察 / AI subjecthood-boundary and social-mimic-risk guardrail 候选 | named_revival_trigger=no
2026-05-23,"Essentia Foundation / Stephen Jarosek, *Association as causation: The fabric of meaning and existence itself*（https://www.essentiafoundation.org/association-as-causation-the-fabric-of-meaning-and-existence-itself/reading/；published 2026-05-22；official article page read）",SRC-2026-05-22-PHILOSOPHY-ASSOCIATION-AS-CAUSATION-ESSENTIA,Philosophy / Systems Theory / Meaning / Causation / Idealism,B,Materials/2026/SRC_2026_05_22_PHILOSOPHY_Association_As_Causation_Essentia.md,,,none,Philosophy/SRT_Philosophy_Claim_Status.md;Philosophy/SRT_Philosophy_Foundations_CompactCore.md,,unverified_target:Philosophy/SRT_Philosophy_Foundations_CompactCore.md,,,,unclear,Do not revive; repair trigger/provenance metadata only when this item is next touched.,log=2026-05_Part01.md:37 | official_declared_scope=yes | original_status=延后观察 / association-vs-selection guardrail 候选 | named_revival_trigger=no
2026-05-23,"Neuroscience News / Newcastle University, *Using Physics Equations to Map Memory Distortions* / `Quantum Emotions`（https://neurosciencenews.com/quantum-emotions-physics-memory-30741/；Newcastle primary press page `https://www.ncl.ac.uk/press/articles/latest/2026/05/quantumemotions/`；published 2026-05-20；official article + university press page read）",SRC-2026-05-20-NEUROSCIENCE-QUANTUM-EMOTIONS-MEMORY-NEWCASTLE-NEUROSCIENCENEWS,Neuroscience / Psychology / Memory / Emotion / Quantum Cognition,B,Materials/2026/SRC_2026_05_20_NEUROSCIENCE_Quantum_Emotions_Memory_Newcastle_NeuroscienceNews.md,,,none,Neuroscience/SRT_Neural_Mechanisms_CompactCore.md;Neuroscience/SRT_Consciousness_Mechanisms_CompactCore.md,,unverified_target:Neuroscience/SRT_Neural_Mechanisms_CompactCore.md;unverified_target:Neuroscience/SRT_Consciousness_Mechanisms_CompactCore.md,,NODE-CONSCIOUSNESS;NODE-NEURAL-DECODABILITY,,unclear,Do not revive; repair trigger/provenance metadata only when this item is next touched.,log=2026-05_Part01.md:38 | official_declared_scope=yes | original_status=延后观察 / order-sensitive emotional-memory modeling 候选 | named_revival_trigger=no
2026-06-16,"Quanta Magazine / Philip Ball, *The New Math of How Large-Scale Order Emerges*（https://www.quantamagazine.org/the-new-math-of-how-large-scale-order-emerges-20240610/；published 2024-06-10；primary anchor: Rosas et al., *Software in the natural world: A computational approach to hierarchical emergence*, arXiv:`2402.09090v2`, doi:`10.48550/arXiv.2402.09090`）",SRC-2024-06-10-PHILOSOPHY-COMPLEXSYSTEMS-HIERARCHICAL-EMERGENCE-QUANTA-ARXIV,Philosophy / Complex Systems / Physics / AI / Neuroscience-interface,B,Materials/2026/SRC_2024_06_10_Philosophy_ComplexSystems_Hierarchical_Emergence_Quanta_arXiv.md,,,none,Core/SRT_Core_21c_Bridge_Hypotheses.md;Core/SRT_OPEN_TENSIONS.md;Bridge/SRT_Adjacent_Theory_Interface_Index.md;Physics/SRT_Phys_07_Complex_Systems.md,,,,NODE-PHYSICS-MEASUREMENT,,unclear,Do not revive; repair trigger/provenance metadata only when this item is next touched.,log=2026-06_Part01.md:18 | official_declared_scope=yes | original_status=延后观察 / B1 close-read candidate + B2 emergence-hygiene guardrail | named_revival_trigger=no
2026-07-16,"Kristina Šekrst, *To Train a Mockingbird*（https://philpapers.org/rec/EKRTTA?ref=mail）",SRC-2026-07-16-AI-SEKRST-TRAIN-MOCKINGBIRD,AI / Philosophy of Mind / AI Ethics / Consciousness;AI / Consciousness / Evidence Governance,A,Materials/2026/SRC_2026_07_16_AI_Sekrst_Train_Mockingbird.md,AI/patches/SRT_AI_AIEVID01_Evidence_Provenance_Stake_Gate_v0_1.md,,none,AI/AI_POSITIONING_NOTE.md,claimed_in_log:AI/AI_POSITIONING_NOTE.md,AI/SRT_AI_Architecture_CompactCore.md,_SRT_CONTEXT_ROUTER.md#12a,NODE-AI-REASONING,,verified_active,No action; preserve existing Axis B evidence without upgrade.,log=2026-07_Part01.md:18 | official_declared_scope=yes | original_status=已融入 AI 证据治理层；不修改 canonical 定义
2026-07-16,"Wayne Wu, *Being Biased and Knowing How to Reason*（https://doi.org/10.1111/nous.70055）",SRC-2026-07-16-PHILOSOPHY-WU-BIASED-REASONING,Philosophy of Mind / Epistemology / Philosophy of Action / Cognitive Science;Philosophy of Action / Epistemology / Cognitive Agency,A,Materials/2026/SRC_2026_07_16_Philosophy_Wu_Biased_Reasoning.md,Philosophy/patches/SRT_Philosophy_PH_AG02_Knowledge_Biased_Selection_v0_1.md,Philosophy/hooks/PH_AG02_Reasoning_Bias_Integration_Hook.md,partial,Philosophy/SRT_Philosophy_Agency_Subjecthood_v0_2.md;_SRT_T_DIR_CANONICAL.md;90_Backstage/Incubation/_SRT_DIRECTION3_CHOICEMAP_PROTOTYPE_SEED.md,Philosophy/SRT_Philosophy_Agency_Subjecthood_v0_2.md,,,NODE-SUBJECTHOOD,,owner_landed_not_active,Route only in the relevant active-layer workline; no automatic theory claim.,log=2026-07_Part01.md:19 | official_declared_scope=yes | original_status=已融入 philosophy / agency bridge；暂不改 `T_dir` canonical 定义
2026-07-16,"Amir Sulic, *Logical Time, (Un)Certainty, and the Structure of the Subject*（https://doi.org/10.1037/teo0000377）",SRC-2026-07-16-PHILOSOPHY-SULIC-LOGICAL-TIME-SUBJECT,Continental Philosophy / Philosophy of Action / Subjectivity / Epistemology;Philosophy of Action / Subject Formation / Epistemology,A,Materials/2026/SRC_2026_07_16_Philosophy_Sulic_Logical_Time_Subject.md,Philosophy/patches/SRT_Philosophy_PH_AG03_Constitutive_Commitment_Retroactive_Certainty_v0_1.md,Philosophy/hooks/PH_AG03_Constitutive_Commitment_Integration_Hook.md,partial,Philosophy/SRT_Philosophy_Agency_Subjecthood_v0_2.md;_SRT_T_DIR_CANONICAL.md;90_Backstage/Incubation/_SRT_DIRECTION3_CHOICEMAP_PROTOTYPE_SEED.md,Philosophy/SRT_Philosophy_Agency_Subjecthood_v0_2.md,,,NODE-SUBJECTHOOD,,owner_landed_not_active,Route only in the relevant active-layer workline; no automatic theory claim.,log=2026-07_Part01.md:20 | official_declared_scope=yes | original_status=已融入 agency / responsibility bridge；不改 canonical 定义
2026-07-16,"Konstantinos Georgatos, *Conditional Logics of Nondeterministic Change*（https://philpapers.org/rec/GEOCLO?ref=mail）",SRC-2026-07-16-LOGIC-GEORGATOS-NONDETERMINISTIC-CHANGE,Formal Logic / Reasoning Under Uncertainty / Dynamic Semantics,B1,Materials/2026/SRC_2026_07_16_Logic_Georgatos_Nondeterministic_Change.md,,,none,Core/SRT_Core_22_Equations.md,,,,,,unclear,Do not revive; repair trigger/provenance metadata only when this item is next touched.,log=2026-07_Part01.md:21 | official_declared_scope=yes | original_status=延后观察；formal close-read top priority | named_revival_trigger=no
2026-07-16,"Ryan Simonelli, *Implication Space Semantics as Bilateral Incompatibility Semantics*（https://philpapers.org/rec/SIMISS?ref=mail）",SRC-2026-07-16-SEMANTICS-SIMONELLI-IMPLICATION-SPACE,Philosophy of Language / Inferentialism / Formal Semantics / Substructural Logic;Philosophy of Language / Formal Semantics / Decision Scaffolding,A,Materials/2026/SRC_2026_07_16_Semantics_Simonelli_Implication_Space.md,Philosophy/patches/SRT_Philosophy_PH_SEM01_Bilateral_Incompatibility_Context_Repair_v0_1.md,Philosophy/hooks/PH_SEM01_Bilateral_Incompatibility_Integration_Hook.md,partial,Philosophy/SRT_Philosophy_Agency_Subjecthood_v0_2.md;Core_Law/SRT_Occlusion_Dynamics.md;90_Backstage/Incubation/_SRT_DIRECTION3_CHOICEMAP_PROTOTYPE_SEED.md;90_Backstage/Incubation/_SRT_OBJECTHOOD_AS_RESELECTABILITY_META_STANDARD.md,Philosophy/SRT_Philosophy_Agency_Subjecthood_v0_2.md,,,,,owner_landed_not_active,Route only in the relevant active-layer workline; no automatic theory claim.,log=2026-07_Part01.md:22 | official_declared_scope=yes | original_status=已融入 formal-semantics / ChoiceMap bridge；不改 canonical 选择或对象定义
2026-07-16,"Raja Rosenhagen, *Explanatory Articulation and Metaphysical Identity*（https://philpapers.org/rec/ROSEAA-8?ref=mail）",SRC-2026-07-16-PHILOSOPHY-ROSENHAGEN-EXPLANATORY-IDENTITY,Metaphysics / Philosophy of Mind / Methodology,B2/B1,Materials/2026/SRC_2026_07_16_Philosophy_Rosenhagen_Explanatory_Identity.md,,,none,Governance/SRT_CLAIM_LADDER.md;Core/SRT_OPEN_TENSIONS.md,,,,,,unclear,Do not revive; repair trigger/provenance metadata only when this item is next touched.,log=2026-07_Part01.md:23 | official_declared_scope=yes | original_status=延后观察；claim-hygiene guardrail | named_revival_trigger=no
2026-07-16,"Chris Sawyer, *Subtraction*（https://doi.org/10.6084/m9.figshare.32963558）",SRC-2026-07-16-METHOD-SAWYER-SUBTRACTION,Philosophical Method / Metaphysics / Systems Theory / Speculative Natural Philosophy,A（方法治理层）/ C quarantine（替代自然哲学、超常机制与宇宙论）,Materials/2026/SRC_2026_07_16_Method_Sawyer_Subtraction.md,,,none,Governance/SRT_GOV_SUB01_Subtractive_Audit_Protocol_v0_1.md;Governance/README.md,claimed_in_log:Governance/SRT_GOV_SUB01_Subtractive_Audit_Protocol_v0_1.md;claimed_in_log:Governance/README.md,,,,,owner_landed_not_active,Route only in the relevant active-layer workline; no automatic theory claim.,log=2026-07_Part01.md:24 | official_declared_scope=yes | original_status=减法审计已融入 Governance；不修改 canonical ontology / Physics / Neuroscience
2026-07-16,"Shu Imaizumi, Giuseppe Lai, Anil K. Seth & Keisuke Suzuki, *Sensorimotor Coupling Modulates Perceived Time and Agency Across Visual Perspectives*（https://doi.org/10.1525/collabra.164266）",SRC-2026-07-16-COGNITIVE-IMAIZUMI-SENSORIMOTOR-TIME-AGENCY,Cognitive Psychology / Sensorimotor Control / Time Perception / Agency;Philosophy of Mind / Cognitive Agency / Embodied Cognition / Subjective Time,A（bounded agency / neuroscience bridge）,Materials/2026/SRC_2026_07_16_Cognitive_Imaizumi_Sensorimotor_Time_Agency.md,Philosophy/patches/SRT_Philosophy_PH_AG04_Sensorimotor_Time_Agency_v0_1.md,Philosophy/hooks/PH_AG04_Sensorimotor_Time_Agency_Integration_Hook.md,landed,Philosophy/SRT_Philosophy_Agency_Subjecthood_v0_2.md;Philosophy/patches/SRT_Philosophy_PH_AG01_Agency_Ladder_v0_1.md;Neuroscience/SRT_Neural_Mechanisms.md;Neuroscience/SRT_Consciousness_Mechanisms.md;future subjective-time bridge document,Philosophy/SRT_Philosophy_Agency_Subjecthood_v0_2.md;Philosophy/patches/SRT_Philosophy_PH_AG01_Agency_Ladder_v0_1.md;Neuroscience/SRT_Neural_Mechanisms.md;Neuroscience/SRT_Consciousness_Mechanisms.md,,,NODE-SUBJECTHOOD,,owner_landed_not_active,Route only in the relevant active-layer workline; no automatic theory claim.,log=2026-07_Part01.md:25 | official_declared_scope=yes | original_status=已融入 agency / embodied-control / subjective-time bridge；不修改 canonical time、`d-value`、`Psi_f` 或 `G_hat_theta` 定义
2026-07-17,"Tim Ventura, *What If David Chalmers's “Hard Problem” of Consciousness Isn't Real?*（用户提供 Medium 全文快照；URL 未提供）",SRC-2026-07-17-CONSCIOUSNESS-VENTURA-HARD-PROBLEM-NOT-REAL,Philosophy of Mind / Consciousness Science / Artificial Consciousness / Mind Uploading / AI Welfare,A（意识定位 / claim governance / machine-consciousness design）/ C（直接证据）,Materials/2026/SRC_2026_07_17_Consciousness_Ventura_Hard_Problem_Not_Real.md,,,none,Philosophy/SRT_HardProblem_Epistemology.md,,,,NODE-CONSCIOUSNESS,,engineered_pending,Review normal owner landing when the named workline opens.,log=2026-07_Part01.md:26 | official_declared_scope=yes | original_status=已登记材料卡；本轮不修改 canonical 或理论正文
2026-07-21,"Elise Cutts, *The Enduring Mystery of How Water Freezes*（https://www.quantamagazine.org/the-enduring-mystery-of-how-water-freezes-20240617/）+ Dhabal, Kumar & Molinero, PNAS（doi:`10.1073/pnas.2322853121`）",SRC-2024-06-17-PHYSICS-CUTTS-WATER-FREEZING-QUANTA,physics,B1/B2,Materials/2026/SRC_2024_06_17_Physics_Cutts_Water_Freezing_Quanta.md,,,none,,,,,,,parked_with_trigger,Wait for the named revival trigger; B is not backlog.,log=2026-07_Part01.md:27 | official_declared_scope=yes | original_status=停驻；未修改 canonical、Physics 正文或论文正文 | named_revival_trigger=yes
2026-07-21,"Philip Ball, *Thermodynamic Computers Go With the (Energy) Flow*（https://www.quantamagazine.org/thermodynamic-computers-go-with-the-energy-flow-20260715/）+ Melanson et al.、Whitelam & Casert、Whitelam、Jelinčič et al. 四组同行评审锚点",SRC-2026-07-15-COMPUTING-BALL-THERMODYNAMIC-COMPUTERS-QUANTA,Thermodynamic Computing / Stochastic Dynamics / Probabilistic Hardware / AI,B1/B2（高优先级）,Materials/2026/SRC_2026_07_15_Computing_Ball_Thermodynamic_Computers_Quanta.md,,,none,,,,,NODE-PHYSICS-MEASUREMENT,,parked_with_trigger,Wait for the named revival trigger; B is not backlog.,log=2026-07_Part01.md:28 | official_declared_scope=yes | original_status=停驻；未修改 canonical、Physics/AI 正文、source trace 或论文正文 | named_revival_trigger=yes
2026-07-22,"Yanbo Zhang & Michael Levin, *Intelligence from Learnable Novelty*（https://arxiv.org/abs/2607.18433）",SRC-2026-07-20-AI-ZHANG-LEVIN-LEARNABLE-NOVELTY,AI / Machine Learning / Complex Systems / Intrinsic Motivation / Information Theory,B1（高优先级）,Materials/2026/SRC_2026_07_20_AI_Zhang_Levin_Learnable_Novelty.md,,,none,,,,,NODE-AI-REASONING,,parked_with_trigger,Wait for the named revival trigger; B is not backlog.,log=2026-07_Part01.md:29 | official_declared_scope=yes | original_status=停驻；未修改 canonical、论文正文或正式 PatchNote | named_revival_trigger=yes
2026-07-23,"Tai-Danae Bradley, *Entropy as a Topological Operad Derivation*（https://doi.org/10.3390/e23091195；arXiv:`2107.09581v2`）",SRC-2021-09-09-MATH-BRADLEY-ENTROPY-TOPOLOGICAL-OPERAD-DERIVATION,Information Theory / Operads / Algebraic Topology / Probability,B1/B2,Materials/2026/SRC_2021_09_09_Math_Bradley_Entropy_Topological_Operad_Derivation.md,,,none,Core/SRT_OPEN_TENSIONS.md,,,,,,parked_with_trigger,Wait for the named revival trigger; B is not backlog.,log=2026-07_Part01.md:30 | official_declared_scope=yes | original_status=停驻；新增 SourceCard 与台账，不修改 canonical、Physics 正文或论文正文 | named_revival_trigger=yes
2026-07-27,"Lorenzo Posani et al., *Rarely categorical, highly separable representations along the cortical hierarchy*（doi:`10.1038/s41586-026-10668-4`）",SRC-2026-07-27-NEURO-POSANI-RARELY-CATEGORICAL-HIGHLY-SEPARABLE-NATURE,neuroscience_population_coding,A（bounded neuroscience population-coding bridge / guardrail）,Materials/2026/SRC_2026_07_27_Neuro_Posani_Rarely_Categorical_Highly_Separable_Nature.md,Neuroscience/patches/SRT_Neuro_NEURAL18_Selection_Ready_Geometry_Decodability_Anchoring_Gate_v0_1.md,,none,Neuroscience/_SRT_Neuroscience_Hardening_Index.md,,,,NODE-NEURAL-DECODABILITY,,engineered_pending,Review normal owner landing when the named workline opens.,log=2026-07_Part02.md:19 | official_declared_scope=yes | original_status=SourceCard、NEURAL18 patch 与 neuroscience hardening index 已回写；不修改 canonical ontology；compact core、prediction table 与 claim-status 的正文合并留待下一轮 synthesis
2026-07-30,"Joseph C. Schmid, *The Problem of Psychonomic Harmony*（forthcoming, *Philosophy and Phenomenological Research*；PhilArchive:`SCHTPO-392`）",SRC-2026-07-30-PHILOSOPHY-SCHMID-PSYCHONOMIC-HARMONY,Philosophy of Mind / Metaphysics / Philosophy of Religion,A（bounded philosophical bridge）,Materials/2026/SRC_2026_07_30_Philosophy_Schmid_Psychonomic_Harmony.md,,,none,Philosophy/SRT_Psychonomic_Harmony_Selectional_Costabilization_Bridge.md,,,,NODE-CONSCIOUSNESS,§16 Gate B,engineered_pending,Review normal owner landing when the named workline opens.,log=2026-07_Part02.md:20 | official_declared_scope=yes | original_status=SourceCard 与台账已回写；保留 `selectional co-stabilization` 为 P3 bridge / P4 formalization target；待 official journal version 后更新引用；当前不改 canonical ontology、consciousness、`d-value`、`Psi_f` 或 `G_hat_theta`
2026-08-03,"Takehiro Tottori & Tetsuya J. Kobayashi, *Theoretical analysis of resource-induced phase transitions in estimation strategies*（doi:`10.1103/5ynb-7k4v`；arXiv:`2511.10184`）",SRC-2026-08-03-NEURO-TOTTORI-RESOURCE-INDUCED-MEMORY-PHASE-TRANSITIONS,theoretical_neuroscience_resource_rational_memory,A（bounded resource-gated history-admission bridge）,Materials/2026/SRC_2026_08_03_Neuro_Tottori_Resource_Induced_Memory_Phase_Transitions.md,Neuroscience/patches/SRT_Neuro_NEURAL19_Resource_Gated_Memory_Admission_v0_1.md,Neuroscience/hooks/NEURAL19_Resource_Gated_Memory_Admission_Integration_Hook.md,pending,Neuroscience/SRT_Neural_Mechanisms_CompactCore.md;Neuroscience/SRT_Neuro_Predictions_Table.md;Core/SRT_Core_14_Dynamics_Scaling.md;Neuroscience/_SRT_Neuroscience_Hardening_Index.md,,pending_target:Neuroscience/SRT_Neural_Mechanisms_CompactCore.md,,NODE-NEURAL-DECODABILITY,,engineered_pending,Review normal owner landing when the named workline opens.,log=2026-07_Part02.md:21 | official_declared_scope=yes | original_status=SourceCard、NEURAL19 bridge patch、pending integration hook 与领域索引已回写；不修改 canonical `L2/Psi_f/d` 或 core 正文；未来合并绑定 neuroscience synthesis 与 author-approved Core14 edit review
2026-08-03,"Jennifer J. Bussell et al., *Representations of the intrinsic value of information in mouse orbitofrontal cortex*（doi:`10.1038/s41593-026-02377-y`）",SRC-2026-08-03-NEURO-BUSSELL-INTRINSIC-INFORMATION-VALUE-OFC,neuroscience_information_seeking_value_representation,B1（narrow reward–information dissociation candidate；retain as reverse pressure）,Materials/2026/SRC_2026_08_03_Neuro_Bussell_Intrinsic_Information_Value_OFC.md,,,none,Neuroscience/_SRT_Neuroscience_Hardening_Index.md,,,,NODE-CONSCIOUSNESS;NODE-NEURAL-DECODABILITY,,parked_with_trigger,Wait for the named revival trigger; B is not backlog.,log=2026-07_Part02.md:22 | official_declared_scope=no | original_status=SourceCard 与领域停驻索引已回写；本轮不创建 PatchNote 或 hook；不改 `d-value`、`T_dir`、reward 或 consciousness 正文 | declared_count_lag: row exists physically beyond Part02 declared row count | named_revival_trigger=yes
2026-08-03,"Nozomi Asaoka, Diane Pagano & Yasunori Hayashi, *Dissociable roles of prefrontal plasticity in decision-making strategy and execution of habitual behavior*（doi:`10.1038/s41467-026-75706-1`）",SRC-2026-08-03-NEURO-ASAOKA-HABIT-STRATEGY-EXECUTION-DISSOCIATION,neuroscience_habit_plasticity_action_control,A（bounded habit strategy–execution bridge）,Materials/2026/SRC_2026_08_03_Neuro_Asaoka_Habit_Strategy_Execution_Dissociation.md,Neuroscience/patches/SRT_Neuro_NEURAL20_Habit_Strategy_Execution_Dissociation_v0_1.md,Neuroscience/hooks/NEURAL20_Habit_Strategy_Execution_Dissociation_Integration_Hook.md,pending,Neuroscience/SRT_Neural_Mechanisms_CompactCore.md;Neuroscience/SRT_Neuro_Predictions_Table.md;Neuroscience/_SRT_Neuroscience_Hardening_Index.md,,pending_target:Neuroscience/SRT_Neural_Mechanisms_CompactCore.md,,NODE-NEURAL-DECODABILITY,,engineered_pending,Review normal owner landing when the named workline opens.,log=2026-07_Part02.md:23 | official_declared_scope=no | original_status=SourceCard、NEURAL20 bridge patch、pending hook 与领域索引已回写；不修改 canonical `L2` 或 real-choice files；细粒度 pathway、统计与临床表述待 full-method close-read | declared_count_lag: row exists physically beyond Part02 declared row count
2026-08-03,"Ryuta Misawa et al., *Awake cortex stabilizes traveling waves for global and reliable information routing*（doi:`10.1016/j.isci.2026.116728`）",SRC-2026-08-03-NEURO-MISAWA-INFORMATIONAL-TUNING-TRAVELING-WAVES,neuroscience_consciousness_traveling_waves_information_routing,B1 for experimental proxy；B2 for consciousness / T_dir claim,Materials/2026/SRC_2026_08_03_Neuro_Misawa_Informational_Tuning_Traveling_Waves.md,,,none,Neuroscience/_SRT_Neuroscience_Hardening_Index.md,,,,NODE-CONSCIOUSNESS;NODE-NEURAL-DECODABILITY,,parked_with_trigger,Wait for the named revival trigger; B is not backlog.,log=2026-07_Part02.md:24 | official_declared_scope=no | original_status=SourceCard 与领域停驻索引已回写；本轮不创建 PatchNote 或 hook；不修改 `T_dir`、consciousness mechanisms 或 selective-resynchronization paper | declared_count_lag: row exists physically beyond Part02 declared row count | named_revival_trigger=yes
2026-08-03,"Quanta Magazine / Daniel Garisto, *Physicists Take the Imaginary Numbers Out of Quantum Mechanics*；Barrios Hita et al., *Quantum mechanics based on real numbers: A consistent description*（*Physical Review Letters* 136, 240202；arXiv:`2503.17307v2`）；Hoffreumon & Woods, *Quantum theory does not need complex numbers*（arXiv:`2504.02808v2`）；2021 *Nature* no-go comparator DOI:`10.1038/s41586-021-04160-4`；2022 experimental tests DOI:`10.1103/PhysRevLett.128.040402`, `10.1103/PhysRevLett.129.140401`",SRC-2026-08-03-PHYSICS-REAL-QUANTUM-REPRESENTATION-COMPOSITION,Physics / Quantum foundations / Mathematical representation / Composite systems,A（bounded non-canonical representation-covariance / composition-rule bridge）,Materials/2026/SRC_2025_11_07_Physics_Real_Quantum_Representation_Composition_Quanta.md,Physics/patches/SRT_Phys_REP01_Representation_Covariance_and_Composition_Guard_v0_1.md,,none,Physics/_SRT_Physics_Hardening_Index.md;_SRT_Recent_Material_Patches_Index.md,,,,NODE-PHYSICS-MEASUREMENT,,guardrail_only,Retain as boundary/measurement hygiene; no positive synthesis burden.,log=2026-08_Part01.md:19 | official_declared_scope=yes | original_status=SourceCard、REP01 P3 patch、Physics hardening index 与 recent-material index 已回写；不修改 canonical、Quant owner files、symbol table 或 claim-status；未来仅在 `Physics/SRT_Physics_Bridge_v0_2.md` synthesis 时吸收表示协变护栏
2026-08-04,"Yusuke Takahashi, Yoko Ikoma & Ko Matsui, *Energy paradox in REM sleep: balancing supply and consumption in brain metabolism*（Communications Biology；DOI: 10.1038/s42003-026-10646-6）；Kristen French, *How Dreaming Drains Your Energy*（Nautilus，二手 framing）",legacy:2026-08_Part01:002,neuroscience,A（bounded non-canonical state-dependent metabolic / embodied-selection bridge）,,,,none,,,,,NODE-NEURAL-DECODABILITY,,legacy_provenance_only,No mass rewrite; inspect only when the current owner is substantively edited.,log=2026-08_Part01.md:20 | official_declared_scope=yes | original_status=SourceCard、NEURAL21 patch、pending hook、两份 registry 与索引已回写；不修改 canonical、Core 25、Psi_f、d-value 或意识定义
2026-08-05,"Gaia Molinaro, Dave August, Danielle Perszyk & Anne G. E. Collins, *Language Model Goal Selection Differs from Humans’ in a Self-Directed Learning Task*（arXiv:`2603.03295v2`）",SRC-2026-05-13-AI-MOLINARO-LLM-GOAL-SELECTION,AI_goal_selection_intrinsic_motivation_human_model_comparison;AI_goal_selection_self_directed_learning,A（bounded non-canonical capability–propensity / goal-selection bridge）,Materials/2026/SRC_2026_05_13_AI_Molinaro_LLM_Goal_Selection.md,AI/patches/SRT_AI_AIGOAL01_Goal_Selection_Completion_Separation_v0_1.md,AI/hooks/AIGOAL01_Goal_Selection_Completion_Integration_Hook.md,pending,AI/SRT_AI_Architecture_CompactCore.md;AI/SRT_AI_Claim_Status.md;Bridge/SRT_Context_Coherence_Intelligence_Interface.md;03_Bridges/SRT_Choice_Generation_Conditions_2026-08-04.md;_SRT_Recent_Material_Patches_Index.md,,pending_target:AI/SRT_AI_Architecture_CompactCore.md,,NODE-AI-REASONING,,synthesis_candidate,Adjudicate inside the bounded synthesis cluster; do not copy patch prose.,log=2026-08_Part01.md:21 | official_declared_scope=yes | original_status=SourceCard、AIGOAL01 P3/P4 patch、pending hook、两份 registry 与 recent-material index 已回写；不修改 canonical、AI dormant owners、claim-status、architecture compact core、`T_dir`、`d-value`、`Psi_f` 或主体性定义 | landing_collision_risk: AI Architecture CompactCore must be scoped through AI Claim Status before absorption
2026-08-05,"Lancelot Da Costa et al., *A Rosetta Stone hypothesis for neurophenomenology: mathematical predictions from predictive processing*（DOI:`10.1093/nc/niag026`）",SRC-2026-07-21-CONSCIOUSNESS-DACOSTA-ROSETTA-STONE-NEUROPHENOMENOLOGY,Consciousness Science / Neurophenomenology / Predictive Processing / Philosophy of Mind,B1 for Q17 cross-level bridge；B2 for phenomenology-belief identity,Materials/2026/SRC_2026_07_21_Consciousness_DaCosta_Rosetta_Stone_Neurophenomenology.md,,,none,,,,,NODE-CONSCIOUSNESS,,parked_with_trigger,Wait for the named revival trigger; B is not backlog.,log=2026-08_Part01.md:22 | official_declared_scope=yes | original_status=SourceCard 与 packet index 已回写；不创建 PatchNote、hook 或正文补丁；不修改 hard-problem、`Psi_f`、主体或意识定义 | named_revival_trigger=yes
2026-08-05,"Valerie van Mulukom, *The experiential self state as affective salience: a dual-self states framework for consciousness and self-transcendence*（DOI:`10.1093/nc/niag033`）",SRC-2026-07-15-CONSCIOUSNESS-VANMULUKOM-DUAL-SELF-STATES,Consciousness Science / Selfhood / Interoception / Predictive Processing / Contemplative Science,B1 for dynamic self-state book revision；B2 for neural identity / d-value claims,Materials/2026/SRC_2026_07_15_Consciousness_VanMulukom_Dual_Self_States.md,,,none,,,,,NODE-CONSCIOUSNESS,,parked_with_trigger,Wait for the named revival trigger; B is not backlog.,log=2026-08_Part01.md:23 | official_declared_scope=yes | original_status=SourceCard 与 packet index 已回写；不创建 PatchNote 或正文补丁 | named_revival_trigger=yes
2026-08-05,"Eleonore Houdoyer, Solene Le Bars & Valerian Chambon, *Automation Disrupts, Explanations Restore: The Neural Signatures of Agency Loss and Recovery in Human-AI Interaction*（bioRxiv DOI:`10.64898/2026.07.22.740020`）",SRC-2026-07-27-HAI-HOUDOYER-AUTOMATION-AGENCY-EXPLANATIONS,Human-AI Interaction / Sense of Agency / Explainable AI / Cognitive Neuroscience,B1 for Q19 felt-vs-effective agency；B2 for real-control / T_dir claims,Materials/2026/SRC_2026_07_27_HAI_Houdoyer_Automation_Agency_Explanations.md,,,none,,,,,NODE-CONSCIOUSNESS,,parked_with_trigger,Wait for the named revival trigger; B is not backlog.,log=2026-08_Part01.md:24 | official_declared_scope=yes | original_status=SourceCard 与 packet index 已回写；不创建实验 PatchNote；完整方法、样本、效应量和预注册待核验 | named_revival_trigger=yes
2026-08-05,"Andrea I. Luppi et al., *Unlocking spontaneous cognition in the age of data science*（DOI:`10.1038/s41583-026-01065-x`）",SRC-2026-07-15-NEURO-LUPPI-SPONTANEOUS-COGNITION-DATA-SCIENCE,Cognitive Neuroscience / Spontaneous Cognition / Consciousness / Data Science,B1 for book methodology and experiment design；B3 for expression resource,Materials/2026/SRC_2026_07_15_Neuro_Luppi_Spontaneous_Cognition_Data_Science.md,,,none,,,,,NODE-CONSCIOUSNESS,,writing_only,Keep in public/book writing lane; no theory promotion.,log=2026-08_Part01.md:25 | official_declared_scope=yes | original_status=SourceCard 与 packet index 已回写；具体经验命题须回到被引用的一手论文；不改正文 | named_revival_trigger=yes
2026-08-05,"Annie G. Bryant & Christopher J. Whyte, *A data-driven approach to identifying and evaluating connectivity-based neural correlates of conscious visual perception*（DOI:`10.1093/nc/niag029`）",SRC-2026-07-07-CONSCIOUSNESS-BRYANT-CONNECTIVITY-NCC-THEORY-ADJUDICATION,Consciousness Science / Neural Correlates / Theory Adjudication / Complex Systems,B1 for Q17/Q26-Q28 theory-underdetermination method；B2 for IIT/GNWT support claims,Materials/2026/SRC_2026_07_07_Consciousness_Bryant_Connectivity_NCC_Theory_Adjudication.md,,,none,,,,,NODE-CONSCIOUSNESS,,parked_with_trigger,Wait for the named revival trigger; B is not backlog.,log=2026-08_Part01.md:26 | official_declared_scope=yes | original_status=SourceCard 与 packet index 已回写；不创建 consciousness mechanism patch；完整指标和模型选择审计留待触发 | named_revival_trigger=yes
2026-08-04,"Pérez, Schummers & López-Hidalgo, *Astrocyte heterogeneity and hierarchical information flow: reframing glial computation*（*Frontiers in Cellular Neuroscience* 20:1843853；DOI:`10.3389/fncel.2026.1843853`）",SRC-2026-08-04-NEURO-PEREZ-ASTROCYTE-HIERARCHICAL-INFORMATION-FLOW,neuroscience_astrocyte_glial_computation_calcium_networks,A（bounded non-canonical P3 implementation bridge + P4 experimental window）,Materials/2026/SRC_2026_08_04_Neuro_Perez_Astrocyte_Hierarchical_Information_Flow.md,Neuroscience/patches/SRT_Neuro_NEURAL22_Astrocyte_Hierarchical_Information_Flow_v0_1.md,Neuroscience/hooks/NEURAL22_Astrocyte_Hierarchical_Information_Flow_Integration_Hook.md,pending,Neuroscience/SRT_Neuroscience_Hardening_N12_Astrocyte_Plastic_Networks_v0_1.md;Neuroscience/SRT_Neural_Mechanisms_CompactCore.md;Neuroscience/SRT_Neuro_Predictions_Table.md;Neuroscience/_SRT_Neuroscience_Hardening_Index.md;_SRT_Recent_Material_Patches_Index.md,,pending_target:Neuroscience/SRT_Neural_Mechanisms_CompactCore.md,,NODE-NEURAL-DECODABILITY,,engineered_pending,Review normal owner landing when the named workline opens.,log=2026-08_Part01.md:27 | official_declared_scope=yes | original_status=SourceCard、NEURAL22 bridge patch、landing-ledger hook 与两级索引回写；不修改 canonical、`d`/`Psi_f`/`T_dir` anchors 或 N12 owner；未来在 N12 revision 或 `N1_N13_v0_2` synthesis 中去材料化吸收
2026-08-07,"Asa Young, Marissa Ericson & Jonathan W. Schooler, *I sync, therefore I am: brain-body synchrony in typical and disordered consciousness*（*Neuroscience of Consciousness* 2026(1):niag028；DOI:`10.1093/nc/niag028`）",SRC-2026-06-27-NEURO-YOUNG-BRAIN-BODY-SYNCHRONY-CONSCIOUSNESS,neuroscience_consciousness_interoception_brain_body_rhythms,A（bounded non-canonical P3 embodied-selection implementation bridge + P4 differential-prediction window）,Materials/2026/SRC_2026_06_27_Neuro_Young_Brain_Body_Synchrony_Consciousness.md,Neuroscience/patches/SRT_Neuro_NEURAL23_Embodied_Rhythmic_Eligibility_v0_1.md,Neuroscience/hooks/NEURAL23_Embodied_Rhythmic_Eligibility_Integration_Hook.md,pending,Neuroscience/SRT_Neural_Mechanisms_CompactCore.md;Neuroscience/SRT_Neuro_Predictions_Table.md;Neuroscience/SRT_Neuroscience_Hardening_N1_N13_v0_2.md;Neuroscience/_SRT_Neuroscience_Hardening_Index.md;_SRT_Recent_Material_Patches_Index.md,,pending_target:Neuroscience/SRT_Neural_Mechanisms_CompactCore.md,,NODE-NEURAL-DECODABILITY;NODE-CONSCIOUSNESS,,synthesis_candidate,Adjudicate inside the bounded synthesis cluster; do not copy patch prose.,log=2026-08_Part01.md:28 | official_declared_scope=yes | original_status=SourceCard、NEURAL23 P3/P4 patch、landing-ledger hook 与 registry 已回写；不修改 canonical、`d`/`Psi_f`/`T_dir` anchors、Core axioms 或休眠 owner 正文；未来在 neuroscience synthesis 时去材料化吸收
2026-08-06,"Mark Solms et al., *Inferring Affective Consciousness in an Artificial Agent: A Case Study*（*Journal of Consciousness Studies* 33(7-8), 14-34；DOI:`10.53765/20512201.33.7.014`）",SRC-2026-08-06-AI-SOLMS-AFFECTIVE-CONSCIOUSNESS,AI_consciousness_affect_active_inference_markov_blanket_agency;AI_affective_consciousness_active_inference_subjecthood,A（bounded non-canonical affective-architecture / same-bearer stake bridge）,Materials/2026/SRC_2026_08_06_AI_Solms_Affective_Consciousness.md,AI/patches/SRT_AI_AICONSC01_Affective_Uncertainty_Stake_Gate_v0_1.md,AI/hooks/AICONSC01_Affective_Uncertainty_Stake_Gate_Integration_Hook.md,pending,AI/SRT_AI_Architecture_CompactCore.md;AI/SRT_AI_Claim_Status.md;papers/markov_blanket/paper_markov_blanket_d_value.md;Philosophy/SRT_HardProblem_Epistemology.md;03_Bridges/SRT_Choice_Generation_Conditions_2026-08-04.md;05_Public_Release/Drafts/2026-08-06_Solms_Affective_AI_SRT_Share_CN.md,,pending_target:AI/SRT_AI_Architecture_CompactCore.md,,NODE-AI-REASONING;NODE-CONSCIOUSNESS,,synthesis_candidate,Adjudicate inside the bounded synthesis cluster; do not copy patch prose.,log=2026-08_Part02.md:19 | official_declared_scope=yes | original_status=SourceCard、AICONSC01 P3/P4 patch、pending hook、packet index、public share draft 与两份 registry 已回写；不修改 canonical、AI claim-status、`d-value`、`Psi_f`、`T_dir`、Stable ISP、Real Choice Moment 或意识定义 | landing_collision_risk: AI Architecture CompactCore must be scoped through AI Claim Status before absorption
2026-08-07,"Antonio Damasio, *Natural Intelligence and the Logic of Consciousness*（Pantheon Books, New York, 2026）；用户提供法文全书 *L'intelligence naturelle et l'éveil de la conscience*（Odile Jacob, January 2026；ISBN `978-2-4150-1150-5`）",SRC-2026-08-07-NEURO-DAMASIO-NATURAL-INTELLIGENCE-CONSCIOUSNESS,neuroscience_consciousness_interoception_affect_ai_subjecthood,A（bounded non-canonical P3 biological-realization / pressure bridge + P4 differential-test window）,Materials/2026/SRC_2026_08_07_Neuro_Damasio_Natural_Intelligence_Consciousness.md,Neuroscience/patches/SRT_Neuro_NEURAL24_Bearer_Indexed_Affective_Readout_Gate_v0_1.md,Neuroscience/hooks/NEURAL24_Bearer_Indexed_Affective_Readout_Integration_Hook.md,pending,Neuroscience/SRT_Consciousness_Mechanisms.md;Philosophy/SRT_HardProblem_Epistemology.md;Philosophy/SRT_Subjecthood_Threshold_Interface.md;AI/SRT_AI_Architecture_CompactCore.md;Neuroscience/_SRT_Neuroscience_Hardening_Index.md;_SRT_Recent_Material_Patches_Index.md,,pending_target:AI/SRT_AI_Architecture_CompactCore.md,,NODE-NEURAL-DECODABILITY;NODE-CONSCIOUSNESS,,synthesis_candidate,Adjudicate inside the bounded synthesis cluster; do not copy patch prose.,log=2026-08_Part02.md:20 | official_declared_scope=yes | original_status=SourceCard、NEURAL24 P3/P4 pressure/implementation patch、pending landing-ledger hook、两份 registry 与两级索引已回写；本轮不修改 canonical、`d`/`Psi_f`/`T_dir` anchors、意识 owner 方程、hard-problem owner、AI owner 或书稿正文；未来在意识／hard-problem／subjecthood／AI synthesis 时去材料化吸收
2026-08-08,"Matteo Ippoliti & David M. Long, *Infinite Temperature at Zero Energy*（*Physical Review X* 16, 031030；DOI:`10.1103/tvny-gtzp`；arXiv:`2509.04410`）",SRC-2026-08-08-PHYSICS-IPPOLITI-LONG-INFINITE-TEMPERATURE-ZERO-ENERGY,physics_quantum_manybody_floquet_eth_entanglement_computation,A（bounded non-canonical P3 state-coordinate / access-algebra / history-sedimentation hardening bridge）,Materials/2026/SRC_2026_08_08_Physics_Ippoliti_Long_Infinite_Temperature_Zero_Energy.md,Physics/patches/SRT_Phys_THERM01_State_Coordinate_Access_Algebra_History_Guard_v0_1.md,Physics/hooks/THERM01_State_Coordinate_Access_Algebra_History_Integration_Hook.md,pending,Physics/_SRT_Phys_Bridge.md;Physics/patches/SRT_Phys_P08_Closure_Dynamics_and_Physical_Law_v0_1.md,,,,NODE-PHYSICS-MEASUREMENT,,guardrail_only,Retain as boundary/measurement hygiene; no positive synthesis burden.,log=2026-08_Part02.md:21 | official_declared_scope=yes | original_status=SourceCard、THERM01 P3 patch、pending hook、packet index 与两份 registry 回写；本轮不修改 canonical 或 dormant Physics body；未来 Physics synthesis 时去材料化吸收
2026-08-08,"Ralph Lewis, *The View From Inside: How Mind Emerged From Mindless Matter*（*Skeptic*, 2026-08-07；https://www.skeptic.com/article/how-consciousness-evolved-from-mindless-matter/）",SRC-2026-08-08-PHIL-LEWIS-MIND-FROM-MINDLESS-MATTER,philosophy_of_mind_consciousness_subjecthood,A（bounded non-canonical P3/P4 evolutionary-scaffolding / phenomenal-necessity pressure bridge）,Materials/2026/SRC_2026_08_08_Philosophy_Lewis_Mind_From_Mindless_Matter.md,Philosophy/patches/SRT_Philosophy_PH_CONSC04_Phenomenal_Necessity_Zombie_Deletion_Test_v0_1.md,Philosophy/hooks/PH_CONSC04_Phenomenal_Necessity_Zombie_Deletion_Integration_Hook.md,pending,Philosophy/SRT_HardProblem_Epistemology.md;Philosophy/SRT_Subjecthood_Threshold_Interface.md;Core/SRT_OPEN_TENSIONS.md;Core_Law/SRT_Individuation.md;AI/AI_POSITIONING_NOTE.md,,,,NODE-CONSCIOUSNESS,,synthesis_candidate,Adjudicate inside the bounded synthesis cluster; do not copy patch prose.,log=2026-08_Part02.md:22 | official_declared_scope=yes | original_status=SourceCard、PH-CONSC04 P3/P4 hardening patch、pending hook 与 packet index 已回写；不把二手文章当成意识证据，不修改 canonical、HardProblem owner、Stable ISP、Real Choice Moment、`d`/`Psi_f`/`T_dir` 定义；后续只在 hard-problem / subjecthood synthesis 时去材料化吸收
2026-08-08,"Melissa M. Kibbe & Alan M. Leslie, *Minimal object representations in the infant mind: Structure, format, and inceptual role*（*Evolution and Human Behavior* 47, 106950；DOI:`10.1016/j.evolhumbehav.2026.106950`）",SRC-2026-08-08-COGNITION-KIBBE-LESLIE-MINIMAL-OBJECT-REPRESENTATIONS-REBUILT,cognition_infant_object_representation_individuation_identity;philosophy_of_mind_cognition_individuation_subjecthood,A（bounded cognitive-development evidence + P3 object/subject individuation guard and analogy）,Materials/2026/SRC_2026_08_08_Cognition_Kibbe_Leslie_Minimal_Object_Representations_Rebuilt.md,Philosophy/patches/SRT_Philosophy_PH_IND01_Object_Subject_Individuation_Before_Identification_v0_1.md,Philosophy/hooks/PH_IND01_Object_Subject_Individuation_Integration_Hook.md,pending,Core_Law/SRT_Individuation.md;Philosophy/SRT_Subjecthood_Threshold_Interface.md;Philosophy/SRT_Philosophy_Agency_Subjecthood_v0_2.md,,,,NODE-CONSCIOUSNESS;NODE-SUBJECTHOOD,,synthesis_candidate,Adjudicate inside the bounded synthesis cluster; do not copy patch prose.,log=2026-08_Part02.md:23 | official_declared_scope=yes | original_status=基于旧 PR #686 的全文精读记录重新建卡并完成证据层级纠错；新增 PH-IND01 P3 patch、pending hook 与 packet index；不修改 canonical、`SRT_Individuation` owner、HardProblem owner 或书稿正文
2026-08-09,"Leila Sloman / Quanta Magazine, *What Are Lie Groups?*（2025-12-03）；技术背景另核 Sussmann & Jurdjevic (1972), *Controllability of nonlinear systems*, DOI:`10.1016/0022-0396(72)90007-1`",SRC-2026-08-09-MATH-QUANTA-LIE-GROUPS-REACHABILITY,mathematics_control_theory_selection_dynamics,A（bounded non-canonical P3/P4 method bridge；HCLR01）,Materials/2026/SRC_2026_08_09_Math_Quanta_Lie_Groups_Reachability.md,03_Bridges/SRT_History_Conditioned_Lie_Reachability_Bridge_v0_1.md,03_Bridges/hooks/HCLR01_History_Conditioned_Lie_Reachability_Integration_Hook.md,pending,03_Bridges/SRT_Choice_Generation_Conditions_2026-08-04.md;03_Bridges/SRT_Selection_Event_CompactCore.md;Core/SRT_Core_24_Discriminating_Predictions.md;03_Bridges/SRT_History_Conditioned_Lie_Reachability_Bridge_v0_1.md;03_Bridges/BRIDGE_INDEX.md,,pending_target:03_Bridges/SRT_Selection_Event_CompactCore.md,,NODE-NEURAL-DECODABILITY,,synthesis_candidate,Adjudicate inside the bounded synthesis cluster; do not copy patch prose.,log=2026-08_Part02.md:24 | official_declared_scope=yes | original_status=SourceCard、HCLR01 P3/P4 bridge、pending hook、Bridge Index 与两份 registry 回写；本轮**不修改** canonical、frozen history-dependent-reachability manuscript、Selection Event CompactCore 或 Physics body；实验执行停驻至 novelty audit
2026-08-09,"Robert DiSalle, *Understanding Space-Time: The Philosophical Development of Physics from Newton to Einstein*（Cambridge University Press, 2006；ISBN:`978-0-521-85790-1`；用户提供全书）",SRC-2026-08-09-PHIL-DISALLE-UNDERSTANDING-SPACETIME,philosophy_of_physics_spacetime_measurement_conceptual_change;philosophy_of_science_measurement_conceptual_change,A（bounded non-canonical P3 philosophy-of-science / measurement-method bridge；PH-METH02）,Materials/2026/SRC_2026_08_09_Philosophy_DiSalle_Understanding_Space_Time.md,Philosophy/patches/SRT_Philosophy_PH_METH02_Constitutive_Measurement_Revisability_v0_1.md,Philosophy/hooks/PH_METH02_Constitutive_Measurement_Integration_Hook.md,pending,Philosophy/Papers/Selection_Event_Audit_Method_Paper_Strategy.md;Physics/_SRT_Phys_Bridge.md;01_Source_Intuition/BOOK/Drafts_26Q/Q02_对象化.md;01_Source_Intuition/BOOK/Drafts_26Q/Q03_前对象场.md;01_Source_Intuition/BOOK/Drafts_26Q/Q05_选择不是挑选.md;01_Source_Intuition/BOOK/Drafts_26Q/Q26_理论如何失败.md;01_Source_Intuition/BOOK/Drafts_26Q/Q27_理论如何成为牢笼.md;01_Source_Intuition/BOOK/External_Theory_Notes/DISALLE_SRT_ALIGNMENT_AND_INSERTION_MAP_2026-08-09.md,,,,,,guardrail_only,Retain as boundary/measurement hygiene; no positive synthesis burden.,log=2026-08_Part02.md:25 | official_declared_scope=yes | original_status=SourceCard、PH-METH02 P3 patch、pending landing-ledger hook、书稿插入地图、packet index、Philosophy index 与两份 registry 回写；本轮不修改 canonical、dormant Physics body、SEA strategy body 或当前书稿正文；未来相关 workline 重开时去材料化吸收
2026-08-09,"Charan Ranganath talk excerpt on reconstructive/prospective memory + verified Reagh et al. 2020, Barnett et al. 2023/2024, Schmidig et al. 2025, Gruber et al. 2014 / 2019",SRC-2026-08-09-NEURO-RANGANATH-PROSPECTIVE-MEMORY-EVENT-BOUNDARIES,neuroscience_memory_event_segmentation_anticipation_historical_efficacy,A（bounded non-canonical P3/P4 prospective-memory / historical-efficacy bridge；NEURAL27）,Materials/2026/SRC_2026_08_09_Neuro_Ranganath_Prospective_Memory_Event_Boundaries.md,Neuroscience/patches/SRT_Neuro_NEURAL27_Prospective_Memory_Event_Boundary_Historical_Efficacy_v0_1.md,Neuroscience/hooks/NEURAL27_Prospective_Memory_Event_Boundary_Historical_Efficacy_Integration_Hook.md,pending,Neuroscience/SRT_Neural_Mechanisms_CompactCore.md;Neuroscience/SRT_NEURAL25_EXPERIMENT_PROTOCOL_v0_1.md;Operations/SRT_HISTORICAL_EFFICACY_OPERATIONAL_TEST_2026-08-04.md;Neuroscience/_SRT_Neuroscience_Hardening_Index.md,,pending_target:Neuroscience/SRT_Neural_Mechanisms_CompactCore.md,,NODE-NEURAL-DECODABILITY,,synthesis_candidate,Adjudicate inside the bounded synthesis cluster; do not copy patch prose.,log=2026-08_Part02.md:26 | official_declared_scope=yes | original_status=SourceCard、NEURAL27 P3/P4 patch、pending landing-ledger hook、两份 registry 与 Neuroscience index 回写；本轮不修改 canonical、Neural CompactCore、HEF protocol、NEURAL25 protocol 或未来 N1-N13 synthesis body
2026-08-09,"Kai Lu et al., *Instinct to insight: Neural correlates of ethological strategy learning*（bioRxiv 2023；DOI:`10.1101/2023.09.11.557240`；PMID:`37745495`；PMCID:`PMC10515821`）+ COSYNE 2025 update *Instinct vs Insight: Neural Competition Between Prefrontal and Auditory Cortex Constrains Sound Strategy Learning*",legacy:2026-08_Part03:001,Neuroscience,A（bounded non-canonical P3 memory-control / L2-history bridge + P4 differential-test window）,Materials/2026/SRC_2026_08_09_Neuro_Lu_Strategy_Competition_Memory_Control.md,Neuroscience/patches/SRT_Neuro_NEURAL25_Memory_as_Historical_Selection_Bias_v0_1.md,Neuroscience/hooks/NEURAL25_Memory_Historical_Selection_Bias_Integration_Hook.md,pending,Neuroscience/SRT_Neural_Mechanisms_CompactCore.md;Core/SRT_Core_24_Discriminating_Predictions.md;03_Bridges/SRT_Selection_Event_CompactCore.md,,pending_target:Neuroscience/SRT_Neural_Mechanisms_CompactCore.md;pending_target:03_Bridges/SRT_Selection_Event_CompactCore.md,,NODE-NEURAL-DECODABILITY,,synthesis_candidate,Adjudicate inside the bounded synthesis cluster; do not copy patch prose.,log=2026-08_Part03.md:19 | official_declared_scope=yes | original_status=SourceCard、NEURAL25 P3/P4 patch 与 pending hook 已回写；本轮不修改 canonical、L2 owner、Real Choice Moment、Neural CompactCore 或 Core24 正文；circulated *Science Advances* final-version bibliographic record 未独立核验，终稿独有数字不承担证据负荷
2026-08-09,"Qin X, Chen X, Yao L, et al., *Esketamine Preserves Network Connectivity and Promotes Recovery in Consciousness Disorders*（*CNS Neuroscience & Therapeutics* 2026；DOI:`10.1002/cns.70890`；PMID:`42126345`；PMCID:`PMC13170474`）",SRC-2026-08-09-NEURO-QIN-ESKETAMINE-DOC-NETWORK-RECOVERY,Neuroscience,A（bounded P3 dynamical-capacity / accessibility / authority layering + P4 proxy and differential-test window）,Materials/2026/SRC_2026_08_09_Neuro_Qin_Esketamine_DoC_Network_Recovery.md,Neuroscience/patches/SRT_Neuro_NEURAL26_Selection_Capacity_Accessibility_Authority_Stack_v0_1.md,Neuroscience/hooks/NEURAL26_Selection_Capacity_Accessibility_Authority_Integration_Hook.md,pending,Neuroscience/SRT_Neural_Mechanisms_CompactCore.md;Neuroscience/SRT_Neuro_Predictions_Table.md;Core/SRT_Core_24_Discriminating_Predictions.md;Neuroscience/SRT_NEURAL25_EXPERIMENT_PROTOCOL_v0_1.md,,pending_target:Neuroscience/SRT_Neural_Mechanisms_CompactCore.md,,NODE-NEURAL-DECODABILITY;NODE-CONSCIOUSNESS,,synthesis_candidate,Adjudicate inside the bounded synthesis cluster; do not copy patch prose.,log=2026-08_Part03.md:20 | official_declared_scope=yes | original_status=SourceCard、NEURAL26 P3/P4 patch 与 pending hook 已回写；不修改 canonical、consciousness owner、Neural CompactCore 或 Core24 正文
2026-08-10,"Yasemin Saplakoglu, Quanta Magazine, *Concept Cells Help Your Brain Abstract Information and Build Memories*（2025-01-21）+ verified primary packet: Quian Quiroga et al. *Nature* 2005 DOI:`10.1038/nature03687`; Bausch et al. *Nature Communications* 2021 DOI:`10.1038/s41467-021-26386-6`; Dijksterhuis et al. *Science* 2024 DOI:`10.1126/science.adr2813`; Mackay et al. *Nature Communications* 2024 DOI:`10.1038/s41467-024-52295-5`; Daume et al. *Neuron* 2024 DOI:`10.1016/j.neuron.2024.09.013`",SRC-2026-08-10-NEURO-CONCEPT-CELLS-REIDENTIFIABLE-OBJECT-IDENTITY,neuroscience_object_identity_concept_memory_relational_reactivation,A（bounded non-canonical P3 re-identification / object-stability / memory-entry bridge + P4 differential-test window）,Materials/2026/SRC_2026_08_10_Neuro_Concept_Cells_Reidentifiable_Object_Identity.md,Neuroscience/patches/SRT_Neuro_NEURAL28_Reidentifiable_Object_Identity_Dynamic_Concept_Index_v0_1.md,Neuroscience/hooks/NEURAL28_Reidentifiable_Object_Identity_Integration_Hook.md,pending,Neuroscience/SRT_Neural_Mechanisms_CompactCore.md;01_Source_Intuition/BOOK/Drafts_26Q/Q02_对象化.md,,pending_target:Neuroscience/SRT_Neural_Mechanisms_CompactCore.md,,NODE-NEURAL-DECODABILITY,,synthesis_candidate,Adjudicate inside the bounded synthesis cluster; do not copy patch prose.,log=2026-08_Part04.md:19 | official_declared_scope=yes | original_status=SourceCard、NEURAL28 P3/P4 patch 与 pending hook 已回写；本轮不修改 canonical、Neural CompactCore 或书稿 Q02 正文；未来仅在 neuroscience synthesis / material-backflow phase 开启后去材料化吸收
2026-08-10（补录 2026-06-11 SourceCard；本轮全书 close-read 扩展）,"Gilbert Simondon, *Individuation in Light of Notions of Form and Information*, trans. Taylor Adkins, University of Minnesota Press, 2020",SRC-2026-06-11-PHIL-SIMONDON-INDIVIDUATION-UMINNESOTA,philosophy_of_individuation_selection_operator_problem_restructuring,A（bounded non-canonical P3 philosophy / individuation / selection-operator hardening；纠正旧卡低估）,Materials/2026/SRC_2026_06_11_Philosophy_Simondon_Individuation_UMinnesota.md,Philosophy/patches/SRT_Philosophy_PH_IND03_Simondon_Transduction_Operator_Structure_Second_Order_Selection_v0_1.md,Philosophy/hooks/PH_IND03_Simondon_Transduction_Operator_Structure_Integration_Hook.md,pending,03_Bridges/SRT_Choice_Generation_Conditions_2026-08-04.md;Core_Law/SRT_Individuation.md;Core/SRT_Core_13a_Operator_Basics.md;Core/SRT_OPEN_TENSIONS.md;Philosophy/SRT_Philosophy_Agency_Subjecthood_v0_2.md;01_Source_Intuition/SRT_SIMONDON_OPERATOR_YINYANG_SECOND_ORDER_SELECTION_CROSSWALK_2026-08-10.md,,,,NODE-SUBJECTHOOD;NODE-CONSCIOUSNESS,P0-04 remains open,synthesis_candidate,Adjudicate inside the bounded synthesis cluster; do not copy patch prose.,log=2026-08_Part04.md:20 | official_declared_scope=yes | original_status=旧 SourceCard 已 reopen 并扩成全书 close-read；PH-IND03、pending hook 与 source-intuition crosswalk 已加入；本轮不修改 canonical / Core owner / 当前 26Q 正文 | external_philosophical_convergence_not_SRT_identity
2026-08-10,"Leda Berio & Kristina Musholt, *Seeing What To Do: Norms, Scripts, and Social Affordances*（user-supplied preprint；forthcoming in *Philosophers' Imprint*）",SRC-2026-08-10-PHIL-BERIO-MUSHOLT-NORMS-SCRIPTS-AFFORDANCES,philosophy_social_cognition_norms_scripts_affordances;philosophy_social_cognition,A（bounded non-canonical P3 social-cognition hardening；P4 differential-test window）,Materials/2026/SRC_2026_08_10_Phil_Berio_Musholt_Norms_Scripts_Social_Affordances.md,Philosophy/patches/SRT_Philosophy_SOC_COG03_Norm_Script_Affordance_Meta_Selectability_v0_1.md,Philosophy/hooks/SOC_COG03_Norm_Script_Affordance_Meta_Selectability_Integration_Hook.md,pending,Philosophy/SRT_Social_Cognition.md,,,,NODE-SOCIAL-L2,,synthesis_candidate,Adjudicate inside the bounded synthesis cluster; do not copy patch prose.,log=2026-08_Part04.md:21 | official_declared_scope=yes | original_status=SourceCard、SOC-COG03 P3 patch 与 pending hook 已回写；本轮不修改 canonical 或 `Philosophy/SRT_Social_Cognition.md` owner；与 H3/I5/J5 建显式 crosswalk 后再进入未来 social-cognition synthesis
2026-08-11,"Jocelyn Yuxing Wang, *Memory as a Generative Source of Understanding*（user-supplied full penultimate draft；本轮未独立定位 published version / DOI）",SRC-2026-08-11-PHIL-WANG-MEMORY-GENERATIVE-UNDERSTANDING,philosophy_of_memory_cognitive_science_neuroscience;neuroscience_memory_consolidation_historical_transformation;philosophy_memory_objectification_subjecthood,A（bounded non-canonical P3/P4 memory-transformation / objectification / bearer hardening）,Materials/2026/SRC_2026_08_11_Philosophy_Wang_Memory_Generative_Understanding.md,Neuroscience/patches/SRT_Neuro_NEURAL29_Memory_Consolidation_Historical_Transformation_v0_1.md;Philosophy/patches/SRT_Philosophy_PH_MEM01_Objectification_History_Bearer_Understanding_v0_1.md,Neuroscience/hooks/NEURAL29_Memory_Consolidation_Historical_Transformation_Integration_Hook.md;Philosophy/hooks/PH_MEM01_Objectification_History_Bearer_Understanding_Integration_Hook.md,pending,Neuroscience/SRT_Neural_Mechanisms_CompactCore.md;Neuroscience/SRT_NEURAL25_EXPERIMENT_PROTOCOL_v0_1.md;Neuroscience/SRT_Neuroscience_Hardening_N1_N13_v0_2.md;01_Source_Intuition/BOOK/Drafts_26Q/Q02_对象化.md;Core_Law/SRT_Individuation.md;Philosophy/SRT_Subjecthood_Threshold_Interface.md,,pending_target:Neuroscience/SRT_Neural_Mechanisms_CompactCore.md,,NODE-NEURAL-DECODABILITY;NODE-SUBJECTHOOD;NODE-CONSCIOUSNESS,,synthesis_candidate,Adjudicate inside the bounded synthesis cluster; do not copy patch prose.,log=2026-08_Part04.md:22 | official_declared_scope=yes | original_status=SourceCard、NEURAL29 P3/P4 patch、PH-MEM01 P3 patch 与两个 pending hook 已回写；本轮不修改 canonical、Neural CompactCore、Individuation owner、Subjecthood interface 或书稿 Q02 正文；publication metadata 待未来核验
2026-08-11,"Maëlan Q. Menétrey, Michael H. Herzog, David Pascucci, *Sequential neural dynamics underlie unconscious integration and conscious perception of visual stimuli*, *PLOS Biology* 24(7): e3003894, DOI:`10.1371/journal.pbio.3003894`",SRC-2026-08-11-NEURO-MENETREY-SEQUENTIAL-DYNAMICS-INTEGRATED-PERCEPT,neuroscience_visual_consciousness_temporal_integration_postdiction,A（bounded non-canonical P3 temporal-integration / object-formation / consciousness-stage bridge + P4 embodied-rhythm differential-test window）,Materials/2026/SRC_2026_08_11_Neuro_Menetrey_Sequential_Neural_Dynamics_Integrated_Percept.md,Neuroscience/patches/SRT_Neuro_NEURAL30_Temporal_Integration_Closure_Object_Formation_v0_1.md,Neuroscience/hooks/NEURAL30_Temporal_Integration_Closure_Object_Formation_Integration_Hook.md,pending,Neuroscience/SRT_Consciousness_Mechanisms_CompactCore.md;Neuroscience/SRT_Neural_Mechanisms_CompactCore.md;Neuroscience/SRT_Neuro_Predictions_Table.md;01_Source_Intuition/BOOK/Drafts_26Q/Q02_对象化.md,,pending_target:Neuroscience/SRT_Consciousness_Mechanisms_CompactCore.md;pending_target:Neuroscience/SRT_Neural_Mechanisms_CompactCore.md,,NODE-NEURAL-DECODABILITY;NODE-CONSCIOUSNESS,,synthesis_candidate,Adjudicate inside the bounded synthesis cluster; do not copy patch prose.,log=2026-08_Part04.md:23 | official_declared_scope=yes | original_status=SourceCard、NEURAL30 P3/P4 patch 与 pending landing-ledger hook 已回写；本轮不修改 canonical、Neural/Consciousness CompactCore、prediction table 或 Q02 正文；未来仅在 neuroscience / consciousness synthesis 或 book material-backflow 开启后去材料化吸收
2026-08-11,"Peter Schulte, *Toward a Radical Gradualism About Representation*, *Erkenntnis* (2026), DOI:`10.1007/s10670-026-01145-5`",SRC-2026-08-11-PHIL-SCHULTE-RADICAL-GRADUALISM-REPRESENTATION,philosophy_of_mind_representation_cognition_demarcation,A（bounded non-canonical P3 mental-representation / threshold-audit hardening）,Materials/2026/SRC_2026_08_11_Phil_Schulte_Radical_Gradualism_Representation.md,Philosophy/patches/SRT_Philosophy_PH_MR01_Representational_Gradualism_Adjacent_Case_Audit_v0_1.md,Philosophy/hooks/PH_MR01_Representational_Gradualism_Integration_Hook.md,pending,Philosophy/Foundations_Annex/10_MentalRepresentation_Interface_Batch.md;Philosophy/SRT_Subjecthood_Threshold_Interface.md;Core/SRT_OPEN_TENSIONS.md,,,,NODE-SUBJECTHOOD;NODE-CONSCIOUSNESS,,synthesis_candidate,Adjudicate inside the bounded synthesis cluster; do not copy patch prose.,log=2026-08_Part04.md:24 | official_declared_scope=yes | original_status=SourceCard、PH-MR01 P3 patch、pending hook 与 registries 已写入；不修改 canonical Core；Stable ISP 的自然边界问题作为 hook 中 `Core/SRT_OPEN_TENSIONS.md` 的 pending target 保留，等待单独的 Core/context-bundle hardening pass
2026-08-11,"Gilles Deleuze, *Difference and Repetition*, trans. Paul Patton, Columbia University Press / English translation copyright 1994 The Athlone Press Limited; French original *Différence et répétition* © 1968 Presses Universitaires de France（user-supplied complete PDF）",SRC-2026-08-11-PHIL-DELEUZE-DIFFERENCE-REPETITION,philosophy_metaphysics_difference_repetition_individuation,A（bounded non-canonical P3 philosophy / pre-objectification / actualisation / individuation hardening）,Materials/2026/SRC_2026_08_11_Philosophy_Deleuze_Difference_Repetition.md,Philosophy/patches/SRT_Philosophy_PH_DIFF01_Difference_Individuation_Generative_Selectability_v0_1.md,Philosophy/hooks/PH_DIFF01_Difference_Individuation_Generative_Selectability_Integration_Hook.md,pending,Philosophy/SRT_Philosophy_Foundations.md;Core/SRT_OPEN_TENSIONS.md;Core_Law/SRT_Individuation.md;03_Bridges/SRT_Selection_Event_CompactCore.md;01_Source_Intuition/BOOK/Drafts_26Q/Q03_前对象场.md;01_Source_Intuition/BOOK/Drafts_26Q/Q05_选择不是挑选.md,,pending_target:03_Bridges/SRT_Selection_Event_CompactCore.md,,NODE-SUBJECTHOOD;NODE-CONSCIOUSNESS,P0-04 remains open,synthesis_candidate,Adjudicate inside the bounded synthesis cluster; do not copy patch prose.,log=2026-08_Part04.md:25 | official_declared_scope=yes | original_status=SourceCard、PH-DIFF01 P3 patch 与 pending hook 已回写；本轮不修改 canonical、Core owner 或当前书稿正文；未来仅在 philosophy / open-tension / individuation / selection-event / book material-backflow synthesis 中去材料化吸收 | external_philosophical_convergence_not_SRT_identity
